# This file uses centimeters as units for non-parametric coordinates.

mtllib dresser.mtl
g default
v -2.292793 3.882057 -2.112076
v -2.292793 4.311897 -2.112076
v -2.292793 4.096977 -2.484328
v -2.292793 4.096977 -1.987992
v -2.292793 4.311897 -2.360244
v -2.292793 3.882057 -2.360244
v -2.375396 4.096977 -2.236160
v -2.292793 3.848809 -2.236160
v -2.292793 3.972893 -2.021240
v -2.353949 4.096977 -2.112076
v -2.353949 3.989517 -2.298202
v -2.353949 3.989517 -2.174118
v -2.292793 4.221061 -2.021240
v -2.292793 4.345145 -2.236160
v -2.361200 4.204437 -2.298202
v -2.353949 4.204437 -2.174118
v -2.292793 4.221061 -2.451080
v -2.292793 3.972893 -2.451080
v -2.353949 4.096977 -2.360244
v -2.328627 3.935787 -2.329223
v -2.292793 3.857265 -2.300390
v -2.328627 3.919163 -2.205139
v -2.353949 3.989517 -2.236160
v -2.328627 3.927475 -2.267181
v -2.292793 3.857265 -2.171929
v -2.292793 3.921496 -2.060679
v -2.328627 3.981205 -2.097679
v -2.328627 3.923319 -2.135899
v -2.292793 4.032746 -1.996448
v -2.328627 4.096977 -2.050034
v -2.353949 4.043247 -2.143097
v -2.328627 4.039091 -2.073857
v -2.367866 4.096977 -2.174118
v -2.367866 4.043247 -2.267181
v -2.367866 4.043247 -2.205139
v -2.292793 4.161208 -1.996448
v -2.328627 4.212749 -2.097679
v -2.353949 4.150707 -2.143097
v -2.328627 4.154863 -2.073857
v -2.292793 4.272459 -2.060679
v -2.292793 4.336689 -2.171929
v -2.328627 4.274792 -2.205139
v -2.328627 4.270635 -2.135899
v -2.292793 4.336689 -2.300391
v -2.328627 4.258167 -2.329223
v -2.359328 4.204437 -2.236160
v -2.328627 4.266479 -2.267181
v -2.372472 4.150707 -2.267181
v -2.367866 4.150707 -2.205139
v -2.292793 4.272458 -2.411641
v -2.328627 4.159019 -2.405662
v -2.360512 4.150707 -2.329223
v -2.328627 4.208593 -2.367442
v -2.292793 4.161208 -2.475872
v -2.292793 4.032746 -2.475872
v -2.328627 4.034935 -2.405662
v -2.328627 4.096977 -2.436683
v -2.292793 3.921496 -2.411641
v -2.353949 4.043247 -2.329223
v -2.328627 3.985361 -2.367442
v -2.367866 4.096977 -2.298202
v -2.256959 3.898088 -2.350989
v -2.256698 3.874629 -2.295667
v -2.256935 3.867243 -2.236286
v -2.258918 3.878117 -2.177827
v -2.260401 3.902796 -2.124049
v -2.258918 3.937029 -2.075788
v -2.256935 3.982219 -2.037141
v -2.256698 4.037338 -2.013847
v -2.256959 4.096977 -2.006502
v -2.256698 4.156616 -2.013847
v -2.256935 4.211736 -2.037142
v -2.258918 4.256925 -2.075788
v -2.260401 4.291158 -2.124049
v -2.258918 4.315837 -2.177827
v -2.256935 4.326712 -2.236286
v -2.256698 4.319325 -2.295668
v -2.256959 4.295867 -2.350989
v -2.256698 4.259686 -2.398965
v -2.256935 4.211953 -2.435053
v -2.258918 4.155890 -2.454865
v -2.260401 4.096977 -2.460381
v -2.258918 4.038064 -2.454865
v -2.256935 3.982001 -2.435053
v -2.256698 3.934268 -2.398965
v -2.257082 3.934745 -2.298275
v -2.258570 3.936597 -2.181086
v -2.257082 4.259209 -2.300806
v -2.258570 4.257357 -2.175306
v -2.258918 4.032057 -2.075788
v -2.258918 4.153393 -2.075788
v -2.256698 4.151631 -2.398965
v -2.256698 4.041975 -2.398965
v -2.256698 4.101108 -2.398965
v -2.257815 3.935658 -2.239841
v -2.258918 4.097042 -2.075788
v -2.257815 4.258296 -2.238277
v -2.258918 3.937029 -2.075788
v -2.256698 3.934268 -2.398965
v -2.258918 4.256925 -2.075788
v -2.256698 4.259686 -2.398965
v -2.257082 4.047884 -2.286568
v -2.258570 4.051106 -2.193372
v -2.257082 4.149877 -2.287626
v -2.258570 4.146425 -2.191256
v -2.257082 4.098211 -2.310734
v -2.258570 4.098197 -2.164872
v -2.257815 4.172314 -2.236279
v -2.257815 4.026518 -2.236279
v -2.196474 4.048029 -2.285831
v -2.197208 4.026490 -2.235489
v -2.196474 4.098217 -2.309999
v -2.196474 4.149743 -2.286896
v -2.197208 4.172336 -2.235501
v -2.197963 4.098185 -2.164038
v -2.197963 4.146603 -2.190430
v -2.197964 4.050903 -2.192528
v -2.292793 5.785541 2.286497
v -2.292793 6.215380 2.286497
v -2.292793 6.000460 1.914245
v -2.292793 6.000460 2.410581
v -2.292793 6.215380 2.038329
v -2.292793 5.785541 2.038329
v -2.375396 6.000460 2.162413
v -2.292793 5.752292 2.162413
v -2.292793 5.876376 2.377333
v -2.353949 6.000460 2.286497
v -2.353949 5.893001 2.100371
v -2.353949 5.893001 2.224455
v -2.292793 6.124545 2.377333
v -2.292793 6.248628 2.162413
v -2.361200 6.107920 2.100371
v -2.353949 6.107920 2.224455
v -2.292793 6.124545 1.947493
v -2.292793 5.876376 1.947493
v -2.353949 6.000460 2.038329
v -2.328627 5.839271 2.069350
v -2.292793 5.760748 2.098182
v -2.328627 5.822646 2.193434
v -2.353949 5.893001 2.162413
v -2.328627 5.830958 2.131392
v -2.292793 5.760748 2.226644
v -2.292793 5.824979 2.337894
v -2.328627 5.884688 2.300894
v -2.328627 5.826802 2.262674
v -2.292793 5.936230 2.402125
v -2.328627 6.000460 2.348539
v -2.353949 5.946730 2.255476
v -2.328627 5.942575 2.324716
v -2.367866 6.000460 2.224455
v -2.367866 5.946730 2.131392
v -2.367866 5.946730 2.193434
v -2.292793 6.064691 2.402125
v -2.328627 6.116232 2.300894
v -2.353949 6.054190 2.255476
v -2.328627 6.058346 2.324716
v -2.292793 6.175942 2.337894
v -2.292793 6.240172 2.226644
v -2.328627 6.178275 2.193434
v -2.328627 6.174118 2.262674
v -2.292793 6.240172 2.098182
v -2.328627 6.161650 2.069350
v -2.359328 6.107920 2.162413
v -2.328627 6.169962 2.131392
v -2.372472 6.054190 2.131392
v -2.367866 6.054190 2.193434
v -2.292793 6.175941 1.986932
v -2.328627 6.062502 1.992911
v -2.360512 6.054190 2.069350
v -2.328627 6.112076 2.031131
v -2.292793 6.064691 1.922701
v -2.292793 5.936230 1.922701
v -2.328627 5.938418 1.992911
v -2.328627 6.000460 1.961890
v -2.292793 5.824979 1.986932
v -2.353949 5.946730 2.069350
v -2.328627 5.888844 2.031131
v -2.367866 6.000460 2.100371
v -2.256959 5.801570 2.047584
v -2.256698 5.778112 2.102906
v -2.256935 5.770726 2.162287
v -2.258918 5.781600 2.220746
v -2.260401 5.806279 2.274523
v -2.258918 5.840512 2.322785
v -2.256935 5.885702 2.361432
v -2.256698 5.940822 2.384726
v -2.256959 6.000460 2.392071
v -2.256698 6.060099 2.384726
v -2.256935 6.115219 2.361431
v -2.258918 6.160408 2.322785
v -2.260401 6.194641 2.274523
v -2.258918 6.219320 2.220746
v -2.256935 6.230195 2.162287
v -2.256698 6.222808 2.102905
v -2.256959 6.199350 2.047584
v -2.256698 6.163169 1.999608
v -2.256935 6.115437 1.963520
v -2.258918 6.059373 1.943708
v -2.260401 6.000460 1.938192
v -2.258918 5.941548 1.943708
v -2.256935 5.885484 1.963520
v -2.256698 5.837751 1.999608
v -2.257082 5.838229 2.100298
v -2.258570 5.840080 2.217487
v -2.257082 6.162692 2.097767
v -2.258570 6.160841 2.223267
v -2.258918 5.935540 2.322785
v -2.258918 6.056876 2.322785
v -2.256698 6.055115 1.999608
v -2.256698 5.945458 1.999608
v -2.256698 6.004591 1.999608
v -2.257815 5.839141 2.158731
v -2.258918 6.000525 2.322785
v -2.257815 6.161779 2.160296
v -2.258918 5.840512 2.322785
v -2.256698 5.837751 1.999608
v -2.258918 6.160408 2.322785
v -2.256698 6.163169 1.999608
v -2.257082 5.951366 2.112005
v -2.258570 5.954589 2.205200
v -2.257082 6.053360 2.110947
v -2.258570 6.049908 2.207317
v -2.257082 6.001695 2.087839
v -2.258570 6.001680 2.233701
v -2.257815 6.075797 2.162294
v -2.257815 5.930001 2.162294
v -2.196474 5.951512 2.112742
v -2.197208 5.929973 2.163084
v -2.196474 6.001700 2.088574
v -2.196474 6.053226 2.111677
v -2.197208 6.075819 2.163072
v -2.197963 6.001668 2.234535
v -2.197963 6.050086 2.208143
v -2.197964 5.954387 2.206044
v -2.292793 7.740163 -2.112076
v -2.292793 8.170003 -2.112076
v -2.292793 7.955083 -2.484328
v -2.292793 7.955083 -1.987992
v -2.292793 8.170003 -2.360244
v -2.292793 7.740163 -2.360244
v -2.375396 7.955083 -2.236160
v -2.292793 7.706915 -2.236160
v -2.292793 7.830999 -2.021240
v -2.353949 7.955083 -2.112076
v -2.353949 7.847623 -2.298202
v -2.353949 7.847623 -2.174118
v -2.292793 8.079167 -2.021240
v -2.292793 8.203251 -2.236160
v -2.361200 8.062543 -2.298202
v -2.353949 8.062543 -2.174118
v -2.292793 8.079167 -2.451080
v -2.292793 7.830999 -2.451080
v -2.353949 7.955083 -2.360244
v -2.328627 7.793893 -2.329223
v -2.292793 7.715371 -2.300390
v -2.328627 7.777269 -2.205139
v -2.353949 7.847623 -2.236160
v -2.328627 7.785581 -2.267181
v -2.292793 7.715371 -2.171929
v -2.292793 7.779602 -2.060679
v -2.328627 7.839311 -2.097679
v -2.328627 7.781425 -2.135899
v -2.292793 7.890852 -1.996448
v -2.328627 7.955083 -2.050034
v -2.353949 7.901353 -2.143097
v -2.328627 7.897197 -2.073857
v -2.367866 7.955083 -2.174118
v -2.367866 7.901353 -2.267181
v -2.367866 7.901353 -2.205139
v -2.292793 8.019314 -1.996448
v -2.328627 8.070855 -2.097679
v -2.353949 8.008813 -2.143097
v -2.328627 8.012969 -2.073857
v -2.292793 8.130565 -2.060679
v -2.292793 8.194795 -2.171929
v -2.328627 8.132897 -2.205139
v -2.328627 8.128741 -2.135899
v -2.292793 8.194795 -2.300391
v -2.328627 8.116273 -2.329223
v -2.359328 8.062543 -2.236160
v -2.328627 8.124585 -2.267181
v -2.372472 8.008813 -2.267181
v -2.367866 8.008813 -2.205139
v -2.292793 8.130564 -2.411641
v -2.328627 8.017125 -2.405662
v -2.360512 8.008813 -2.329223
v -2.328627 8.066699 -2.367442
v -2.292793 8.019314 -2.475872
v -2.292793 7.890852 -2.475872
v -2.328627 7.893041 -2.405662
v -2.328627 7.955083 -2.436683
v -2.292793 7.779602 -2.411641
v -2.353949 7.901353 -2.329223
v -2.328627 7.843467 -2.367442
v -2.367866 7.955083 -2.298202
v -2.256959 7.756193 -2.350989
v -2.256698 7.732735 -2.295667
v -2.256935 7.725349 -2.236286
v -2.258918 7.736223 -2.177827
v -2.260401 7.760902 -2.124049
v -2.258918 7.795135 -2.075788
v -2.256935 7.840325 -2.037141
v -2.256698 7.895444 -2.013847
v -2.256959 7.955083 -2.006502
v -2.256698 8.014722 -2.013847
v -2.256935 8.069841 -2.037142
v -2.258918 8.115030 -2.075788
v -2.260401 8.149264 -2.124049
v -2.258918 8.173944 -2.177827
v -2.256935 8.184817 -2.236286
v -2.256698 8.177431 -2.295668
v -2.256959 8.153973 -2.350989
v -2.256698 8.117792 -2.398965
v -2.256935 8.070059 -2.435053
v -2.258918 8.013995 -2.454865
v -2.260401 7.955083 -2.460381
v -2.258918 7.896171 -2.454865
v -2.256935 7.840107 -2.435053
v -2.256698 7.792374 -2.398965
v -2.257082 7.792851 -2.298275
v -2.258570 7.794703 -2.181086
v -2.257082 8.117315 -2.300806
v -2.258570 8.115463 -2.175306
v -2.258918 7.890163 -2.075788
v -2.258918 8.011498 -2.075788
v -2.256698 8.009737 -2.398965
v -2.256698 7.900081 -2.398965
v -2.256698 7.959214 -2.398965
v -2.257815 7.793764 -2.239841
v -2.258918 7.955148 -2.075788
v -2.257815 8.116402 -2.238277
v -2.258918 7.795135 -2.075788
v -2.256698 7.792374 -2.398965
v -2.258918 8.115030 -2.075788
v -2.256698 8.117792 -2.398965
v -2.257082 7.905989 -2.286568
v -2.258570 7.909212 -2.193372
v -2.257082 8.007983 -2.287626
v -2.258570 8.004531 -2.191256
v -2.257082 7.956317 -2.310734
v -2.258570 7.956303 -2.164872
v -2.257815 8.030419 -2.236279
v -2.257815 7.884624 -2.236279
v -2.196474 7.906135 -2.285831
v -2.197208 7.884596 -2.235489
v -2.196474 7.956323 -2.309999
v -2.196474 8.007849 -2.286896
v -2.197208 8.030442 -2.235501
v -2.197963 7.956291 -2.164038
v -2.197963 8.004709 -2.190430
v -2.197964 7.909009 -2.192528
v -2.292793 7.740163 2.286497
v -2.292793 8.170003 2.286497
v -2.292793 7.955083 1.914245
v -2.292793 7.955083 2.410581
v -2.292793 8.170003 2.038329
v -2.292793 7.740163 2.038329
v -2.375396 7.955083 2.162413
v -2.292793 7.706915 2.162413
v -2.292793 7.830999 2.377333
v -2.353949 7.955083 2.286497
v -2.353949 7.847623 2.100371
v -2.353949 7.847623 2.224455
v -2.292793 8.079167 2.377333
v -2.292793 8.203251 2.162413
v -2.361200 8.062543 2.100371
v -2.353949 8.062543 2.224455
v -2.292793 8.079167 1.947493
v -2.292793 7.830999 1.947493
v -2.353949 7.955083 2.038329
v -2.328627 7.793893 2.069350
v -2.292793 7.715371 2.098182
v -2.328627 7.777269 2.193434
v -2.353949 7.847623 2.162413
v -2.328627 7.785581 2.131392
v -2.292793 7.715371 2.226644
v -2.292793 7.779602 2.337894
v -2.328627 7.839311 2.300894
v -2.328627 7.781425 2.262674
v -2.292793 7.890852 2.402125
v -2.328627 7.955083 2.348539
v -2.353949 7.901353 2.255476
v -2.328627 7.897197 2.324716
v -2.367866 7.955083 2.224455
v -2.367866 7.901353 2.131392
v -2.367866 7.901353 2.193434
v -2.292793 8.019314 2.402125
v -2.328627 8.070855 2.300894
v -2.353949 8.008813 2.255476
v -2.328627 8.012969 2.324716
v -2.292793 8.130565 2.337894
v -2.292793 8.194795 2.226644
v -2.328627 8.132897 2.193434
v -2.328627 8.128741 2.262674
v -2.292793 8.194795 2.098182
v -2.328627 8.116273 2.069350
v -2.359328 8.062543 2.162413
v -2.328627 8.124585 2.131392
v -2.372472 8.008813 2.131392
v -2.367866 8.008813 2.193434
v -2.292793 8.130564 1.986932
v -2.328627 8.017125 1.992911
v -2.360512 8.008813 2.069350
v -2.328627 8.066699 2.031131
v -2.292793 8.019314 1.922701
v -2.292793 7.890852 1.922701
v -2.328627 7.893041 1.992911
v -2.328627 7.955083 1.961890
v -2.292793 7.779602 1.986932
v -2.353949 7.901353 2.069350
v -2.328627 7.843467 2.031131
v -2.367866 7.955083 2.100371
v -2.256959 7.756193 2.047584
v -2.256698 7.732735 2.102906
v -2.256935 7.725349 2.162287
v -2.258918 7.736223 2.220746
v -2.260401 7.760902 2.274523
v -2.258918 7.795135 2.322785
v -2.256935 7.840325 2.361432
v -2.256698 7.895444 2.384726
v -2.256959 7.955083 2.392071
v -2.256698 8.014722 2.384726
v -2.256935 8.069841 2.361431
v -2.258918 8.115030 2.322785
v -2.260401 8.149264 2.274523
v -2.258918 8.173944 2.220746
v -2.256935 8.184817 2.162287
v -2.256698 8.177431 2.102905
v -2.256959 8.153973 2.047584
v -2.256698 8.117792 1.999608
v -2.256935 8.070059 1.963520
v -2.258918 8.013995 1.943708
v -2.260401 7.955083 1.938192
v -2.258918 7.896171 1.943708
v -2.256935 7.840107 1.963520
v -2.256698 7.792374 1.999608
v -2.257082 7.792851 2.100298
v -2.258570 7.794703 2.217487
v -2.257082 8.117315 2.097767
v -2.258570 8.115463 2.223267
v -2.258918 7.890163 2.322785
v -2.258918 8.011498 2.322785
v -2.256698 8.009737 1.999608
v -2.256698 7.900081 1.999608
v -2.256698 7.959214 1.999608
v -2.257815 7.793764 2.158731
v -2.258918 7.955148 2.322785
v -2.257815 8.116402 2.160296
v -2.258918 7.795135 2.322785
v -2.256698 7.792374 1.999608
v -2.258918 8.115030 2.322785
v -2.256698 8.117792 1.999608
v -2.257082 7.905989 2.112005
v -2.258570 7.909212 2.205200
v -2.257082 8.007983 2.110947
v -2.258570 8.004531 2.207317
v -2.257082 7.956317 2.087839
v -2.258570 7.956303 2.233701
v -2.257815 8.030419 2.162294
v -2.257815 7.884624 2.162294
v -2.196474 7.906135 2.112742
v -2.197208 7.884596 2.163084
v -2.196474 7.956323 2.088574
v -2.196474 8.007849 2.111677
v -2.197208 8.030442 2.163072
v -2.197963 7.956291 2.234535
v -2.197963 8.004709 2.208143
v -2.197964 7.909009 2.206044
v -2.292793 1.987452 -2.112076
v -2.292793 2.417291 -2.112076
v -2.292793 2.202372 -2.484328
v -2.292793 2.202372 -1.987992
v -2.292793 2.417291 -2.360244
v -2.292793 1.987452 -2.360244
v -2.375396 2.202372 -2.236160
v -2.292793 1.954204 -2.236160
v -2.292793 2.078288 -2.021240
v -2.353949 2.202372 -2.112076
v -2.353949 2.094912 -2.298202
v -2.353949 2.094912 -2.174118
v -2.292793 2.326456 -2.021240
v -2.292793 2.450540 -2.236160
v -2.361200 2.309832 -2.298202
v -2.353949 2.309832 -2.174118
v -2.292793 2.326456 -2.451080
v -2.292793 2.078288 -2.451080
v -2.353949 2.202372 -2.360244
v -2.328627 2.041182 -2.329223
v -2.292793 1.962660 -2.300390
v -2.328627 2.024558 -2.205139
v -2.353949 2.094912 -2.236160
v -2.328627 2.032870 -2.267181
v -2.292793 1.962660 -2.171929
v -2.292793 2.026891 -2.060679
v -2.328627 2.086600 -2.097679
v -2.328627 2.028714 -2.135899
v -2.292793 2.138141 -1.996448
v -2.328627 2.202372 -2.050034
v -2.353949 2.148642 -2.143097
v -2.328627 2.144486 -2.073857
v -2.367866 2.202372 -2.174118
v -2.367866 2.148642 -2.267181
v -2.367866 2.148642 -2.205139
v -2.292793 2.266602 -1.996448
v -2.328627 2.318144 -2.097679
v -2.353949 2.256102 -2.143097
v -2.328627 2.260257 -2.073857
v -2.292793 2.377853 -2.060679
v -2.292793 2.442084 -2.171929
v -2.328627 2.380186 -2.205139
v -2.328627 2.376029 -2.135899
v -2.292793 2.442084 -2.300391
v -2.328627 2.363561 -2.329223
v -2.359328 2.309832 -2.236160
v -2.328627 2.371874 -2.267181
v -2.372472 2.256102 -2.267181
v -2.367866 2.256102 -2.205139
v -2.292793 2.377853 -2.411641
v -2.328627 2.264413 -2.405662
v -2.360512 2.256102 -2.329223
v -2.328627 2.313988 -2.367442
v -2.292793 2.266602 -2.475872
v -2.292793 2.138141 -2.475872
v -2.328627 2.140330 -2.405662
v -2.328627 2.202372 -2.436683
v -2.292793 2.026891 -2.411641
v -2.353949 2.148642 -2.329223
v -2.328627 2.090756 -2.367442
v -2.367866 2.202372 -2.298202
v -2.256959 2.003482 -2.350989
v -2.256698 1.980024 -2.295667
v -2.256935 1.972638 -2.236286
v -2.258918 1.983512 -2.177827
v -2.260401 2.008191 -2.124049
v -2.258918 2.042424 -2.075788
v -2.256935 2.087614 -2.037141
v -2.256698 2.142733 -2.013847
v -2.256959 2.202372 -2.006502
v -2.256698 2.262010 -2.013847
v -2.256935 2.317130 -2.037142
v -2.258918 2.362319 -2.075788
v -2.260401 2.396553 -2.124049
v -2.258918 2.421232 -2.177827
v -2.256935 2.432106 -2.236286
v -2.256698 2.424720 -2.295668
v -2.256959 2.401262 -2.350989
v -2.256698 2.365081 -2.398965
v -2.256935 2.317348 -2.435053
v -2.258918 2.261284 -2.454865
v -2.260401 2.202372 -2.460381
v -2.258918 2.143459 -2.454865
v -2.256935 2.087395 -2.435053
v -2.256698 2.039662 -2.398965
v -2.257082 2.040140 -2.298275
v -2.258570 2.041991 -2.181086
v -2.257082 2.364604 -2.300806
v -2.258570 2.362752 -2.175306
v -2.258918 2.137452 -2.075788
v -2.258918 2.258787 -2.075788
v -2.256698 2.257026 -2.398965
v -2.256698 2.147370 -2.398965
v -2.256698 2.206502 -2.398965
v -2.257815 2.041052 -2.239841
v -2.258918 2.202436 -2.075788
v -2.257815 2.363690 -2.238277
v -2.258918 2.042424 -2.075788
v -2.256698 2.039662 -2.398965
v -2.258918 2.362319 -2.075788
v -2.256698 2.365081 -2.398965
v -2.257082 2.153278 -2.286568
v -2.258570 2.156501 -2.193372
v -2.257082 2.255272 -2.287626
v -2.258570 2.251820 -2.191256
v -2.257082 2.203606 -2.310734
v -2.258570 2.203592 -2.164872
v -2.257815 2.277708 -2.236279
v -2.257815 2.131912 -2.236279
v -2.196474 2.153424 -2.285831
v -2.197208 2.131884 -2.235489
v -2.196474 2.203612 -2.309999
v -2.196474 2.255137 -2.286896
v -2.197208 2.277730 -2.235501
v -2.197963 2.203579 -2.164038
v -2.197963 2.251998 -2.190430
v -2.197964 2.156298 -2.192528
v -2.292793 3.882057 2.286497
v -2.292793 4.311897 2.286497
v -2.292793 4.096977 1.914245
v -2.292793 4.096977 2.410581
v -2.292793 4.311897 2.038329
v -2.292793 3.882057 2.038329
v -2.375396 4.096977 2.162413
v -2.292793 3.848809 2.162413
v -2.292793 3.972893 2.377333
v -2.353949 4.096977 2.286497
v -2.353949 3.989517 2.100371
v -2.353949 3.989517 2.224455
v -2.292793 4.221061 2.377333
v -2.292793 4.345145 2.162413
v -2.361200 4.204437 2.100371
v -2.353949 4.204437 2.224455
v -2.292793 4.221061 1.947493
v -2.292793 3.972893 1.947493
v -2.353949 4.096977 2.038329
v -2.328627 3.935787 2.069350
v -2.292793 3.857265 2.098182
v -2.328627 3.919163 2.193434
v -2.353949 3.989517 2.162413
v -2.328627 3.927475 2.131392
v -2.292793 3.857265 2.226644
v -2.292793 3.921496 2.337894
v -2.328627 3.981205 2.300894
v -2.328627 3.923319 2.262674
v -2.292793 4.032746 2.402125
v -2.328627 4.096977 2.348539
v -2.353949 4.043247 2.255476
v -2.328627 4.039091 2.324716
v -2.367866 4.096977 2.224455
v -2.367866 4.043247 2.131392
v -2.367866 4.043247 2.193434
v -2.292793 4.161208 2.402125
v -2.328627 4.212749 2.300894
v -2.353949 4.150707 2.255476
v -2.328627 4.154863 2.324716
v -2.292793 4.272459 2.337894
v -2.292793 4.336689 2.226644
v -2.328627 4.274792 2.193434
v -2.328627 4.270635 2.262674
v -2.292793 4.336689 2.098182
v -2.328627 4.258167 2.069350
v -2.359328 4.204437 2.162413
v -2.328627 4.266479 2.131392
v -2.372472 4.150707 2.131392
v -2.367866 4.150707 2.193434
v -2.292793 4.272458 1.986932
v -2.328627 4.159019 1.992911
v -2.360512 4.150707 2.069350
v -2.328627 4.208593 2.031131
v -2.292793 4.161208 1.922701
v -2.292793 4.032746 1.922701
v -2.328627 4.034935 1.992911
v -2.328627 4.096977 1.961890
v -2.292793 3.921496 1.986932
v -2.353949 4.043247 2.069350
v -2.328627 3.985361 2.031131
v -2.367866 4.096977 2.100371
v -2.256959 3.898088 2.047584
v -2.256698 3.874629 2.102906
v -2.256935 3.867243 2.162287
v -2.258918 3.878117 2.220746
v -2.260401 3.902796 2.274523
v -2.258918 3.937029 2.322785
v -2.256935 3.982219 2.361432
v -2.256698 4.037338 2.384726
v -2.256959 4.096977 2.392071
v -2.256698 4.156616 2.384726
v -2.256935 4.211736 2.361431
v -2.258918 4.256925 2.322785
v -2.260401 4.291158 2.274523
v -2.258918 4.315837 2.220746
v -2.256935 4.326712 2.162287
v -2.256698 4.319325 2.102905
v -2.256959 4.295867 2.047584
v -2.256698 4.259686 1.999608
v -2.256935 4.211953 1.963520
v -2.258918 4.155890 1.943708
v -2.260401 4.096977 1.938192
v -2.258918 4.038064 1.943708
v -2.256935 3.982001 1.963520
v -2.256698 3.934268 1.999608
v -2.257082 3.934745 2.100298
v -2.258570 3.936597 2.217487
v -2.257082 4.259209 2.097767
v -2.258570 4.257357 2.223267
v -2.258918 4.032057 2.322785
v -2.258918 4.153393 2.322785
v -2.256698 4.151631 1.999608
v -2.256698 4.041975 1.999608
v -2.256698 4.101108 1.999608
v -2.257815 3.935658 2.158731
v -2.258918 4.097042 2.322785
v -2.257815 4.258296 2.160296
v -2.258918 3.937029 2.322785
v -2.256698 3.934268 1.999608
v -2.258918 4.256925 2.322785
v -2.256698 4.259686 1.999608
v -2.257082 4.047884 2.112005
v -2.258570 4.051106 2.205200
v -2.257082 4.149877 2.110947
v -2.258570 4.146425 2.207317
v -2.257082 4.098211 2.087839
v -2.258570 4.098197 2.233701
v -2.257815 4.172314 2.162294
v -2.257815 4.026518 2.162294
v -2.196474 4.048029 2.112742
v -2.197208 4.026490 2.163084
v -2.196474 4.098217 2.088574
v -2.196474 4.149743 2.111677
v -2.197208 4.172336 2.163072
v -2.197963 4.098185 2.234535
v -2.197963 4.146603 2.208143
v -2.197964 4.050903 2.206044
v -2.292793 1.987452 2.286497
v -2.292793 2.417291 2.286497
v -2.292793 2.202372 1.914245
v -2.292793 2.202372 2.410581
v -2.292793 2.417291 2.038329
v -2.292793 1.987452 2.038329
v -2.375396 2.202372 2.162413
v -2.292793 1.954204 2.162413
v -2.292793 2.078288 2.377333
v -2.353949 2.202372 2.286497
v -2.353949 2.094912 2.100371
v -2.353949 2.094912 2.224455
v -2.292793 2.326456 2.377333
v -2.292793 2.450540 2.162413
v -2.361200 2.309832 2.100371
v -2.353949 2.309832 2.224455
v -2.292793 2.326456 1.947493
v -2.292793 2.078288 1.947493
v -2.353949 2.202372 2.038329
v -2.328627 2.041182 2.069350
v -2.292793 1.962660 2.098182
v -2.328627 2.024558 2.193434
v -2.353949 2.094912 2.162413
v -2.328627 2.032870 2.131392
v -2.292793 1.962660 2.226644
v -2.292793 2.026891 2.337894
v -2.328627 2.086600 2.300894
v -2.328627 2.028714 2.262674
v -2.292793 2.138141 2.402125
v -2.328627 2.202372 2.348539
v -2.353949 2.148642 2.255476
v -2.328627 2.144486 2.324716
v -2.367866 2.202372 2.224455
v -2.367866 2.148642 2.131392
v -2.367866 2.148642 2.193434
v -2.292793 2.266602 2.402125
v -2.328627 2.318144 2.300894
v -2.353949 2.256102 2.255476
v -2.328627 2.260257 2.324716
v -2.292793 2.377853 2.337894
v -2.292793 2.442084 2.226644
v -2.328627 2.380186 2.193434
v -2.328627 2.376029 2.262674
v -2.292793 2.442084 2.098182
v -2.328627 2.363561 2.069350
v -2.359328 2.309832 2.162413
v -2.328627 2.371874 2.131392
v -2.372472 2.256102 2.131392
v -2.367866 2.256102 2.193434
v -2.292793 2.377853 1.986932
v -2.328627 2.264413 1.992911
v -2.360512 2.256102 2.069350
v -2.328627 2.313988 2.031131
v -2.292793 2.266602 1.922701
v -2.292793 2.138141 1.922701
v -2.328627 2.140330 1.992911
v -2.328627 2.202372 1.961890
v -2.292793 2.026891 1.986932
v -2.353949 2.148642 2.069350
v -2.328627 2.090756 2.031131
v -2.367866 2.202372 2.100371
v -2.256959 2.003482 2.047584
v -2.256698 1.980024 2.102906
v -2.256935 1.972638 2.162287
v -2.258918 1.983512 2.220746
v -2.260401 2.008191 2.274523
v -2.258918 2.042424 2.322785
v -2.256935 2.087614 2.361432
v -2.256698 2.142733 2.384726
v -2.256959 2.202372 2.392071
v -2.256698 2.262010 2.384726
v -2.256935 2.317130 2.361431
v -2.258918 2.362319 2.322785
v -2.260401 2.396553 2.274523
v -2.258918 2.421232 2.220746
v -2.256935 2.432106 2.162287
v -2.256698 2.424720 2.102905
v -2.256959 2.401262 2.047584
v -2.256698 2.365081 1.999608
v -2.256935 2.317348 1.963520
v -2.258918 2.261284 1.943708
v -2.260401 2.202372 1.938192
v -2.258918 2.143459 1.943708
v -2.256935 2.087395 1.963520
v -2.256698 2.039662 1.999608
v -2.257082 2.040140 2.100298
v -2.258570 2.041991 2.217487
v -2.257082 2.364604 2.097767
v -2.258570 2.362752 2.223267
v -2.258918 2.137452 2.322785
v -2.258918 2.258787 2.322785
v -2.256698 2.257026 1.999608
v -2.256698 2.147370 1.999608
v -2.256698 2.206502 1.999608
v -2.257815 2.041052 2.158731
v -2.258918 2.202436 2.322785
v -2.257815 2.363690 2.160296
v -2.258918 2.042424 2.322785
v -2.256698 2.039662 1.999608
v -2.258918 2.362319 2.322785
v -2.256698 2.365081 1.999608
v -2.257082 2.153278 2.112005
v -2.258570 2.156501 2.205200
v -2.257082 2.255272 2.110947
v -2.258570 2.251820 2.207317
v -2.257082 2.203606 2.087839
v -2.258570 2.203592 2.233701
v -2.257815 2.277708 2.162294
v -2.257815 2.131912 2.162294
v -2.196474 2.153424 2.112742
v -2.197208 2.131884 2.163084
v -2.196474 2.203612 2.088574
v -2.196474 2.255137 2.111677
v -2.200000 2.278298 2.163023
v -2.197963 2.203579 2.234535
v -2.197963 2.251998 2.208143
v -2.197964 2.156298 2.206044
v -2.292793 5.785541 -2.112076
v -2.292793 6.215380 -2.112076
v -2.292793 6.000460 -2.484328
v -2.292793 6.000460 -1.987992
v -2.292793 6.215380 -2.360244
v -2.292793 5.785541 -2.360244
v -2.375396 6.000460 -2.236160
v -2.292793 5.752292 -2.236160
v -2.292793 5.876376 -2.021240
v -2.353949 6.000460 -2.112076
v -2.353949 5.893001 -2.298202
v -2.353949 5.893001 -2.174118
v -2.292793 6.124545 -2.021240
v -2.292793 6.248628 -2.236160
v -2.361200 6.107920 -2.298202
v -2.353949 6.107920 -2.174118
v -2.292793 6.124545 -2.451080
v -2.292793 5.876376 -2.451080
v -2.353949 6.000460 -2.360244
v -2.328627 5.839271 -2.329223
v -2.292793 5.760748 -2.300390
v -2.328627 5.822646 -2.205139
v -2.353949 5.893001 -2.236160
v -2.328627 5.830958 -2.267181
v -2.292793 5.760748 -2.171929
v -2.292793 5.824979 -2.060679
v -2.328627 5.884688 -2.097679
v -2.328627 5.826802 -2.135899
v -2.292793 5.936230 -1.996448
v -2.328627 6.000460 -2.050034
v -2.353949 5.946730 -2.143097
v -2.328627 5.942575 -2.073857
v -2.367866 6.000460 -2.174118
v -2.367866 5.946730 -2.267181
v -2.367866 5.946730 -2.205139
v -2.292793 6.064691 -1.996448
v -2.328627 6.116232 -2.097679
v -2.353949 6.054190 -2.143097
v -2.328627 6.058346 -2.073857
v -2.292793 6.175942 -2.060679
v -2.292793 6.240172 -2.171929
v -2.328627 6.178275 -2.205139
v -2.328627 6.174118 -2.135899
v -2.292793 6.240172 -2.300391
v -2.328627 6.161650 -2.329223
v -2.359328 6.107920 -2.236160
v -2.328627 6.169962 -2.267181
v -2.372472 6.054190 -2.267181
v -2.367866 6.054190 -2.205139
v -2.292793 6.175941 -2.411641
v -2.328627 6.062502 -2.405662
v -2.360512 6.054190 -2.329223
v -2.328627 6.112076 -2.367442
v -2.292793 6.064691 -2.475872
v -2.292793 5.936230 -2.475872
v -2.328627 5.938418 -2.405662
v -2.328627 6.000460 -2.436683
v -2.292793 5.824979 -2.411641
v -2.353949 5.946730 -2.329223
v -2.328627 5.888844 -2.367442
v -2.367866 6.000460 -2.298202
v -2.256959 5.801570 -2.350989
v -2.256698 5.778112 -2.295667
v -2.256935 5.770726 -2.236286
v -2.258918 5.781600 -2.177827
v -2.260401 5.806279 -2.124049
v -2.258918 5.840512 -2.075788
v -2.256935 5.885702 -2.037141
v -2.256698 5.940822 -2.013847
v -2.256959 6.000460 -2.006502
v -2.256698 6.060099 -2.013847
v -2.256935 6.115219 -2.037142
v -2.258918 6.160408 -2.075788
v -2.260401 6.194641 -2.124049
v -2.258918 6.219320 -2.177827
v -2.256935 6.230195 -2.236286
v -2.256698 6.222808 -2.295668
v -2.256959 6.199350 -2.350989
v -2.256698 6.163169 -2.398965
v -2.256935 6.115437 -2.435053
v -2.258918 6.059373 -2.454865
v -2.260401 6.000460 -2.460381
v -2.258918 5.941548 -2.454865
v -2.256935 5.885484 -2.435053
v -2.256698 5.837751 -2.398965
v -2.257082 5.838229 -2.298275
v -2.258570 5.840080 -2.181086
v -2.257082 6.162692 -2.300806
v -2.258570 6.160841 -2.175306
v -2.258918 5.935540 -2.075788
v -2.258918 6.056876 -2.075788
v -2.256698 6.055115 -2.398965
v -2.256698 5.945458 -2.398965
v -2.256698 6.004591 -2.398965
v -2.257815 5.839141 -2.239841
v -2.258918 6.000525 -2.075788
v -2.257815 6.161779 -2.238277
v -2.258918 5.840512 -2.075788
v -2.256698 5.837751 -2.398965
v -2.258918 6.160408 -2.075788
v -2.256698 6.163169 -2.398965
v -2.257082 5.951366 -2.286568
v -2.258570 5.954589 -2.193372
v -2.257082 6.053360 -2.287626
v -2.258570 6.049908 -2.191256
v -2.257082 6.001695 -2.310734
v -2.258570 6.001680 -2.164872
v -2.257815 6.075797 -2.236279
v -2.257815 5.930001 -2.236279
v -2.196474 5.951512 -2.285831
v -2.197208 5.929973 -2.235489
v -2.196474 6.001700 -2.309999
v -2.196474 6.053226 -2.286896
v -2.197208 6.075819 -2.235501
v -2.197963 6.001668 -2.164038
v -2.197963 6.050086 -2.190430
v -2.197964 5.954387 -2.192528
v -2.000000 -0.022797 3.500000
v 2.000000 -0.022797 3.500000
v -2.000000 8.977203 3.500000
v 2.000000 8.977203 3.500000
v -2.000000 8.977203 -3.500000
v 2.000000 8.977203 -3.500000
v -2.000000 -0.022797 -3.500000
v 2.000000 -0.022797 -3.500000
v -2.000000 9.208505 3.500000
v 2.000000 9.208505 3.500000
v 2.000000 9.208505 -3.500000
v -2.000000 9.208505 -3.500000
v -2.000000 8.977203 -3.700000
v 2.000000 8.977203 -3.700000
v -2.000000 9.208505 -3.700000
v 2.000000 9.208505 -3.700000
v -2.000000 8.977203 3.700000
v 2.000000 8.977203 3.700000
v 2.000000 9.208505 3.700000
v -2.000000 9.208505 3.700000
v 2.200000 8.977203 3.500000
v 2.200000 8.977203 -3.500000
v 2.200000 9.208505 -3.500000
v 2.200000 9.208505 3.500000
v 2.200000 8.977203 -3.700000
v 2.200000 9.208505 -3.700000
v 2.200000 9.208505 3.700000
v 2.200000 8.977203 3.700000
v -2.200000 8.977203 3.500000
v -2.200000 8.977203 -3.500000
v -2.200000 9.208505 3.500000
v -2.200000 9.208505 -3.500000
v -2.200000 9.208505 -3.700000
v -2.200000 8.977203 -3.700000
v -2.200000 8.977203 3.700000
v -2.200000 9.208505 3.700000
v -2.000000 8.721382 3.500000
v -2.000000 8.721382 -3.500000
v 2.000000 8.721382 -3.500000
v 2.000000 8.721382 3.500000
v -2.000000 7.021197 3.500000
v -2.000000 7.021197 -3.500000
v 2.000000 7.021197 -3.500000
v 2.000000 7.021197 3.500000
v -2.000000 6.728581 3.500000
v -2.000000 6.728581 -3.500000
v 2.000000 6.728581 -3.500000
v 2.000000 6.728581 3.500000
v -2.000000 5.128467 3.500000
v -2.000000 5.128467 -3.500000
v 2.000000 5.128467 -3.500000
v 2.000000 5.128467 3.500000
v -2.000000 4.825197 3.500000
v -2.000000 4.825197 -3.500000
v 2.000000 4.825197 -3.500000
v 2.000000 4.825197 3.500000
v -2.000000 3.245072 3.500000
v -2.000000 3.245072 -3.500000
v 2.000000 3.245072 -3.500000
v 2.000000 3.245072 3.500000
v -2.000000 2.980242 3.500000
v -2.000000 2.980242 -3.500000
v 2.000000 2.980242 -3.500000
v 2.000000 2.980242 3.500000
v -2.000000 1.360146 3.500000
v -2.000000 1.360146 -3.500000
v 2.000000 1.360146 -3.500000
v 2.000000 1.360146 3.500000
v -2.000000 1.089358 3.500000
v -2.000000 1.089358 -3.500000
v 2.000000 1.089358 -3.500000
v 2.000000 1.089358 3.500000
v -2.000000 7.021197 -3.297938
v -2.000000 6.728581 -3.297938
v -2.000000 5.128467 -3.297938
v -2.000000 4.825197 -3.297938
v -2.000000 3.245072 -3.297938
v -2.000000 2.980242 -3.297938
v -2.000000 1.360146 -3.297938
v -2.000000 1.089358 -3.297938
v -2.000000 -0.022797 -3.297938
v 2.000000 -0.022797 -3.297938
v 2.000000 1.089358 -3.297938
v 2.000000 1.360146 -3.297938
v 2.000000 2.980242 -3.297938
v 2.000000 3.245072 -3.297938
v 2.000000 4.825197 -3.297938
v 2.000000 5.128467 -3.297938
v 2.000000 6.728581 -3.297938
v 2.000000 7.021197 -3.297938
v 2.000000 8.721382 -3.297938
v 2.000000 8.977203 -3.297938
v 2.200000 8.977203 -3.297938
v 2.200000 9.208505 -3.297938
v 2.000000 9.208505 -3.297938
v -2.000000 9.208505 -3.297938
v -2.200000 9.208505 -3.297938
v -2.200000 8.977203 -3.297938
v -2.000000 8.977203 -3.297938
v -2.000000 8.721382 -3.297938
v -2.000000 7.021197 3.291088
v -2.000000 6.728581 3.291088
v -2.000000 5.128467 3.291088
v -2.000000 4.825197 3.291088
v -2.000000 3.245072 3.291088
v -2.000000 2.980242 3.291088
v -2.000000 1.360146 3.291088
v -2.000000 1.089358 3.291088
v -2.000000 -0.022797 3.291088
v 2.000000 -0.022797 3.291088
v 2.000000 1.089358 3.291088
v 2.000000 1.360146 3.291088
v 2.000000 2.980242 3.291088
v 2.000000 3.245072 3.291088
v 2.000000 4.825197 3.291088
v 2.000000 5.128467 3.291088
v 2.000000 6.728581 3.291088
v 2.000000 7.021197 3.291088
v 2.000000 8.721382 3.291088
v 2.000000 8.977203 3.291088
v 2.200000 8.977203 3.291088
v 2.200000 9.208505 3.291088
v 2.000000 9.208505 3.291088
v -2.000000 9.208505 3.291088
v -2.200000 9.208505 3.291088
v -2.200000 8.977203 3.291088
v -2.000000 8.977203 3.291088
v -2.000000 8.721382 3.291088
v -2.100000 8.721382 -3.297938
v -2.100000 7.021197 -3.297938
v -2.100000 7.021197 3.291088
v -2.100000 8.721382 3.291088
v -2.100000 5.128467 3.291088
v -2.100000 5.128467 -3.297938
v -2.100000 6.728581 3.291088
v -2.100000 6.728581 -3.297938
v -2.100000 3.245072 3.291088
v -2.100000 3.245072 -3.297938
v -2.100000 4.825197 3.291088
v -2.100000 4.825197 -3.297938
v -2.100000 1.360146 3.291088
v -2.100000 1.360146 -3.297938
v -2.100000 2.980242 3.291088
v -2.100000 2.980242 -3.297938
v -2.200000 8.721382 -3.297938
v -2.200000 7.021197 -3.297938
v -2.200000 7.021197 3.291088
v -2.200000 8.721382 3.291088
v -2.200000 5.128467 3.291088
v -2.200000 5.128467 -3.297938
v -2.200000 6.728581 3.291088
v -2.200000 6.728581 -3.297938
v -2.200000 3.245072 3.291088
v -2.200000 3.245072 -3.297938
v -2.200000 4.825197 3.291088
v -2.200000 4.825197 -3.297938
v -2.200000 1.360146 3.291088
v -2.200000 1.360146 -3.297938
v -2.200000 2.980242 3.291088
v -2.200000 2.980242 -3.297938
v -2.100000 8.721382 -3.397939
v -2.100000 7.021197 -3.397939
v -2.200000 7.021197 -3.397939
v -2.200000 8.721382 -3.397939
v -2.100000 6.728581 -3.397939
v -2.100000 5.128467 -3.397939
v -2.200000 5.128467 -3.397939
v -2.200000 6.728581 -3.397939
v -2.100000 4.825197 -3.397939
v -2.100000 3.245072 -3.397939
v -2.200000 3.245072 -3.397939
v -2.200000 4.825197 -3.397939
v -2.100000 2.980242 -3.397939
v -2.100000 1.360146 -3.397939
v -2.200000 1.360146 -3.397939
v -2.200000 2.980242 -3.397939
v -2.100000 8.721382 3.391088
v -2.100000 7.021197 3.391088
v -2.200000 8.721382 3.391088
v -2.200000 7.021197 3.391088
v -2.100000 6.728581 3.391088
v -2.100000 5.128467 3.391088
v -2.200000 6.728581 3.391088
v -2.200000 5.128467 3.391088
v -2.100000 4.825197 3.391088
v -2.100000 3.245072 3.391088
v -2.200000 4.825197 3.391088
v -2.200000 3.245072 3.391088
v -2.100000 2.980242 3.391088
v -2.100000 1.360146 3.391088
v -2.200000 2.980242 3.391088
v -2.200000 1.360146 3.391088
v -2.100000 3.080242 3.291088
v -2.100000 3.080242 -3.297938
v -2.200000 3.080242 -3.297938
v -2.200000 3.080242 3.291088
v -2.100000 3.080242 -3.397939
v -2.200000 3.080242 -3.397939
v -2.200000 3.080242 3.391088
v -2.100000 3.080242 3.391088
v -2.100000 1.260144 3.291088
v -2.100000 1.260144 -3.297938
v -2.200000 1.260144 3.291088
v -2.200000 1.260144 -3.297938
v -2.200000 1.260144 -3.397939
v -2.100000 1.260144 -3.397939
v -2.100000 1.260144 3.391088
v -2.200000 1.260144 3.391088
v -2.100000 3.145072 3.291088
v -2.100000 3.145072 -3.297938
v -2.200000 3.145072 3.291088
v -2.200000 3.145072 -3.297938
v -2.200000 3.145072 -3.397939
v -2.100000 3.145072 -3.397939
v -2.100000 3.145072 3.391088
v -2.200000 3.145072 3.391088
v -2.100000 4.925198 3.291088
v -2.100000 4.925198 -3.297938
v -2.200000 4.925198 -3.297938
v -2.200000 4.925198 3.291088
v -2.100000 4.925198 -3.397939
v -2.200000 4.925198 -3.397939
v -2.200000 4.925198 3.391088
v -2.100000 4.925198 3.391088
v -2.100000 6.828580 3.291088
v -2.100000 6.828580 -3.297938
v -2.200000 6.828580 -3.297938
v -2.200000 6.828580 3.291088
v -2.100000 6.828580 -3.397939
v -2.200000 6.828580 -3.397939
v -2.200000 6.828580 3.391088
v -2.100000 6.828580 3.391088
v -2.100000 5.028466 3.291088
v -2.100000 5.028466 -3.297938
v -2.200000 5.028466 3.291088
v -2.200000 5.028466 -3.297938
v -2.200000 5.028466 -3.397939
v -2.100000 5.028466 -3.397939
v -2.100000 5.028466 3.391088
v -2.200000 5.028466 3.391088
v -2.100000 6.921196 3.291088
v -2.100000 6.921196 -3.297938
v -2.200000 6.921196 3.291088
v -2.200000 6.921196 -3.297938
v -2.200000 6.921196 -3.397939
v -2.100000 6.921196 -3.397939
v -2.100000 6.921196 3.391088
v -2.200000 6.921196 3.391088
v -2.100000 8.821383 3.291088
v -2.100000 8.821383 -3.297938
v -2.200000 8.821383 -3.297938
v -2.200000 8.821383 3.291088
v -2.100000 8.821383 -3.397939
v -2.200000 8.821383 -3.397939
v -2.200000 8.821383 3.391088
v -2.100000 8.821383 3.391088
v -2.000000 0.400515 -3.297938
v -2.000000 0.400515 3.291088
v -2.000000 0.400515 3.500000
v 2.000000 0.400515 3.500000
v 2.000000 0.400515 3.291088
v 2.000000 0.400515 -3.297938
v 2.000000 0.400515 -3.500000
v -2.000000 0.400515 -3.500000
v -2.000000 0.400515 -3.049815
v -2.000000 1.089358 -3.049815
v -2.000000 1.360146 -3.049815
v -2.100000 1.360146 -3.049815
v -2.100000 1.260144 -3.049815
v -2.200000 1.260144 -3.049815
v -2.200000 1.360146 -3.049815
v -2.200000 2.980242 -3.049815
v -2.200000 3.080242 -3.049815
v -2.100000 3.080242 -3.049815
v -2.100000 2.980242 -3.049815
v -2.000000 2.980242 -3.049815
v -2.000000 3.245072 -3.049815
v -2.100000 3.245072 -3.049815
v -2.100000 3.145072 -3.049815
v -2.200000 3.145072 -3.049815
v -2.200000 3.245072 -3.049815
v -2.200000 4.825197 -3.049815
v -2.200000 4.925198 -3.049815
v -2.100000 4.925198 -3.049815
v -2.100000 4.825197 -3.049815
v -2.000000 4.825197 -3.049815
v -2.000000 5.128467 -3.049815
v -2.100000 5.128467 -3.049815
v -2.100000 5.028466 -3.049815
v -2.200000 5.028466 -3.049815
v -2.200000 5.128467 -3.049815
v -2.200000 6.728581 -3.049815
v -2.200000 6.828580 -3.049815
v -2.100000 6.828580 -3.049815
v -2.100000 6.728581 -3.049815
v -2.000000 6.728581 -3.049815
v -2.000000 7.021197 -3.049815
v -2.100000 7.021197 -3.049815
v -2.100000 6.921196 -3.049815
v -2.200000 6.921196 -3.049815
v -2.200000 7.021197 -3.049815
v -2.200000 8.721382 -3.049815
v -2.200000 8.821383 -3.049815
v -2.100000 8.821383 -3.049815
v -2.100000 8.721382 -3.049815
v -2.000000 8.721382 -3.049815
v -2.000000 8.977203 -3.049815
v -2.200000 8.977203 -3.049815
v -2.200000 9.208505 -3.049815
v -2.000000 9.208505 -3.049815
v 2.000000 9.208505 -3.049815
v 2.200000 9.208505 -3.049815
v 2.200000 8.977203 -3.049815
v 2.000000 8.977203 -3.049815
v 2.000000 8.721382 -3.049815
v 2.000000 7.021197 -3.049815
v 2.000000 6.728581 -3.049815
v 2.000000 5.128467 -3.049815
v 2.000000 4.825197 -3.049815
v 2.000000 3.245072 -3.049815
v 2.000000 2.980242 -3.049815
v 2.000000 1.360146 -3.049815
v 2.000000 1.089358 -3.049815
v 2.000000 0.400515 -3.049815
v 2.000000 -0.022797 -3.049815
v -2.000000 -0.022797 -3.049815
v -2.000000 0.400515 2.978797
v -2.000000 1.089358 2.978797
v -2.000000 1.360146 2.978797
v -2.100000 1.360146 2.978797
v -2.100000 1.260144 2.978797
v -2.200000 1.260144 2.978797
v -2.200000 1.360146 2.978797
v -2.200000 2.980242 2.978797
v -2.200000 3.080242 2.978797
v -2.100000 3.080242 2.978797
v -2.100000 2.980242 2.978797
v -2.000000 2.980242 2.978797
v -2.000000 3.245072 2.978797
v -2.100000 3.245072 2.978797
v -2.100000 3.145072 2.978797
v -2.200000 3.145072 2.978797
v -2.200000 3.245072 2.978797
v -2.200000 4.825197 2.978797
v -2.200000 4.925198 2.978797
v -2.100000 4.925198 2.978797
v -2.100000 4.825197 2.978797
v -2.000000 4.825197 2.978797
v -2.000000 5.128467 2.978797
v -2.100000 5.128467 2.978797
v -2.100000 5.028466 2.978797
v -2.200000 5.028466 2.978797
v -2.200000 5.128467 2.978797
v -2.200000 6.728581 2.978797
v -2.200000 6.828580 2.978797
v -2.100000 6.828580 2.978797
v -2.100000 6.728581 2.978797
v -2.000000 6.728581 2.978797
v -2.000000 7.021197 2.978797
v -2.100000 7.021197 2.978797
v -2.100000 6.921196 2.978797
v -2.200000 6.921196 2.978797
v -2.200000 7.021197 2.978797
v -2.200000 8.721382 2.978797
v -2.200000 8.821383 2.978797
v -2.100000 8.821383 2.978797
v -2.100000 8.721382 2.978797
v -2.000000 8.721382 2.978797
v -2.000000 8.977203 2.978797
v -2.200000 8.977203 2.978797
v -2.200000 9.208505 2.978797
v -2.000000 9.208505 2.978797
v 2.000000 9.208505 2.978797
v 2.200000 9.208505 2.978797
v 2.200000 8.977203 2.978797
v 2.000000 8.977203 2.978797
v 2.000000 8.721382 2.978797
v 2.000000 7.021197 2.978797
v 2.000000 6.728581 2.978797
v 2.000000 5.128467 2.978797
v 2.000000 4.825197 2.978797
v 2.000000 3.245072 2.978797
v 2.000000 2.980242 2.978797
v 2.000000 1.360146 2.978797
v 2.000000 1.089358 2.978797
v 2.000000 0.400515 2.978797
v 2.000000 -0.022797 2.978797
v -2.000000 -0.022797 2.978797
v -1.568917 0.400515 3.500000
v -1.568917 1.089358 3.500000
v -1.568917 1.360146 3.500000
v -1.568917 2.980242 3.500000
v -1.568917 3.245072 3.500000
v -1.568917 4.825197 3.500000
v -1.568917 5.128467 3.500000
v -1.568917 6.728581 3.500000
v -1.568917 7.021197 3.500000
v -1.568917 8.721382 3.500000
v -1.568917 8.977203 3.500000
v -1.568917 8.977203 3.700000
v -1.568917 9.208505 3.700000
v -1.568917 9.208505 3.500000
v -1.568917 9.208505 3.291088
v -1.568917 9.208505 2.978797
v -1.568917 9.208505 -3.049815
v -1.568917 9.208505 -3.297938
v -1.568917 9.208505 -3.500000
v -1.568917 9.208505 -3.700000
v -1.568917 8.977203 -3.700000
v -1.568917 8.977203 -3.500000
v -1.568917 8.721382 -3.500000
v -1.568917 7.021197 -3.500000
v -1.568917 6.728581 -3.500000
v -1.568917 5.128467 -3.500000
v -1.568917 4.825197 -3.500000
v -1.568917 3.245072 -3.500000
v -1.568917 2.980242 -3.500000
v -1.568917 1.360145 -3.500000
v -1.568917 1.089358 -3.500000
v -1.568917 0.400515 -3.500000
v -1.568917 -0.022797 -3.500000
v -1.568917 -0.022797 -3.281618
v -1.568917 -0.022797 -3.049815
v -1.568917 -0.022797 2.978797
v -1.568917 -0.022797 3.272974
v -1.568917 -0.022797 3.500000
v 1.506233 0.400515 3.500000
v 1.506233 1.089358 3.500000
v 1.506233 1.360146 3.500000
v 1.506233 2.980242 3.500000
v 1.506233 3.245072 3.500000
v 1.506233 4.825197 3.500000
v 1.506233 5.128467 3.500000
v 1.506233 6.728581 3.500000
v 1.506233 7.021197 3.500000
v 1.506233 8.721382 3.500000
v 1.506233 8.977203 3.500000
v 1.506233 8.977203 3.700000
v 1.506233 9.208505 3.700000
v 1.506233 9.208505 3.500000
v 1.506233 9.208505 3.291088
v 1.506233 9.208505 2.978797
v 1.506233 9.208505 -3.049815
v 1.506233 9.208505 -3.297938
v 1.506233 9.208505 -3.500000
v 1.506233 9.208505 -3.700000
v 1.506233 8.977203 -3.700000
v 1.506233 8.977203 -3.500000
v 1.506233 8.721382 -3.500000
v 1.506233 7.021197 -3.500000
v 1.506233 6.728581 -3.500000
v 1.506233 5.128467 -3.500000
v 1.506233 4.825197 -3.500000
v 1.506233 3.245072 -3.500000
v 1.506233 2.980242 -3.500000
v 1.506233 1.360145 -3.500000
v 1.506233 1.089358 -3.500000
v 1.506233 0.400515 -3.500000
v 1.506233 -0.022797 -3.500000
v 1.506233 -0.022797 -3.297938
v 1.506233 -0.022797 -3.049815
v 1.506233 -0.022797 2.978797
v 1.506233 -0.022797 3.291088
v 1.506233 -0.022797 3.500000
v -1.577832 0.400515 -3.040201
v -1.573969 0.400515 2.978797
v 1.504942 0.400515 -3.049815
v 1.509139 0.400515 2.976514
v -1.571079 0.400515 3.276925
v 1.507477 0.400515 3.275949
v -1.573086 0.400515 -3.284961
v 1.505630 0.400515 -3.289457
v -2.200000 2.278298 -3.049815
v -2.200000 2.278298 -3.297938
v -2.200000 2.278298 -3.397939
v -2.100000 2.278298 -3.397939
v -2.100000 2.278298 -3.297938
v -2.000000 2.278298 -3.297938
v -2.000000 2.278298 -3.500000
v -1.568917 2.278298 -3.500000
v 1.506233 2.278298 -3.500000
v 2.000000 2.278298 -3.500000
v 2.000000 2.278298 -3.297938
v 2.000000 2.278298 -3.049815
v 2.000000 2.278298 2.978797
v 2.000000 2.278298 3.291088
v 2.000000 2.278298 3.500000
v 1.506233 2.278298 3.500000
v -1.568917 2.278298 3.500000
v -2.000000 2.278298 3.500000
v -2.000000 2.278298 3.291088
v -2.100000 2.278298 3.291088
v -2.100000 2.278298 3.391088
v -2.200000 2.278298 3.391088
v -2.200000 2.278298 3.291088
v -2.200000 2.278298 2.978797
v -2.200000 2.132724 -3.049815
v -2.200000 2.132724 -3.297938
v -2.200000 2.132724 -3.397939
v -2.100000 2.132724 -3.397939
v -2.100000 2.132724 -3.297938
v -2.000000 2.132724 -3.297938
v -2.000000 2.132724 -3.500000
v -1.568917 2.132724 -3.500000
v 1.506233 2.132724 -3.500000
v 2.000000 2.132724 -3.500000
v 2.000000 2.132724 -3.297938
v 2.000000 2.132724 -3.049815
v 2.000000 2.132724 2.978797
v 2.000000 2.132724 3.291088
v 2.000000 2.132724 3.500000
v 1.506233 2.132724 3.500000
v -1.568917 2.132724 3.500000
v -2.000000 2.132724 3.500000
v -2.000000 2.132724 3.291088
v -2.100000 2.132724 3.291088
v -2.100000 2.132724 3.391088
v -2.200000 2.132724 3.391088
v -2.200000 2.132724 3.291088
v -2.200000 2.132724 2.978797
v -2.200000 2.980242 -2.306204
v -2.200000 1.360146 -2.306204
v -2.200000 1.260144 -2.306204
v -2.100000 1.260144 -2.306204
v -2.100000 1.360146 -2.306204
v -2.000000 1.360146 -2.306204
v -2.000000 1.089358 -2.306204
v -2.000000 0.400515 -2.306204
v -1.577355 0.400515 -2.297776
v 1.505460 0.400515 -2.306486
v 2.000000 0.400515 -2.306204
v 2.000000 1.089358 -2.306204
v 2.000000 1.360146 -2.306204
v 2.000000 2.132724 -2.306204
v 2.000000 2.278298 -2.306204
v 2.000000 2.980242 -2.306204
v 2.000000 3.245072 -2.306204
v 2.000000 4.825197 -2.306204
v 2.000000 5.128467 -2.306204
v 2.000000 6.728581 -2.306204
v 2.000000 7.021197 -2.306204
v 2.000000 8.721382 -2.306204
v 2.000000 8.977203 -2.306204
v 2.200000 8.977203 -2.306204
v 2.200000 9.208505 -2.306204
v 2.000000 9.208505 -2.306204
v 1.506233 9.208505 -2.306204
v -1.568917 9.208505 -2.306205
v -2.000000 9.208505 -2.306204
v -2.200000 9.208505 -2.306204
v -2.200000 8.977203 -2.306204
v -2.000000 8.977203 -2.306204
v -2.000000 8.721382 -2.306204
v -2.100000 8.721382 -2.306204
v -2.100000 8.821383 -2.306204
v -2.200000 8.821383 -2.306204
v -2.200000 8.721382 -2.306204
v -2.200000 7.021197 -2.306204
v -2.200000 6.921196 -2.306204
v -2.100000 6.921196 -2.306204
v -2.100000 7.021197 -2.306204
v -2.000000 7.021197 -2.306204
v -2.000000 6.728581 -2.306204
v -2.100000 6.728581 -2.306204
v -2.100000 6.828580 -2.306204
v -2.200000 6.828580 -2.306204
v -2.200000 6.728581 -2.306204
v -2.200000 5.128467 -2.306204
v -2.200000 5.028466 -2.306204
v -2.100000 5.028466 -2.306204
v -2.100000 5.128467 -2.306204
v -2.000000 5.128467 -2.306204
v -2.000000 4.825197 -2.306204
v -2.100000 4.825197 -2.306204
v -2.100000 4.925198 -2.306204
v -2.200000 4.925198 -2.306204
v -2.200000 4.825197 -2.306204
v -2.200000 3.245072 -2.306204
v -2.200000 3.145072 -2.306204
v -2.100000 3.145072 -2.306204
v -2.100000 3.245072 -2.306204
v -2.000000 3.245072 -2.306204
v -2.000000 2.980242 -2.306204
v -2.100000 2.980242 -2.306204
v -2.100000 3.080242 -2.306204
v -2.200000 3.080242 -2.306204
v -2.200000 2.980242 -2.164984
v -2.200000 1.360146 -2.164984
v -2.200000 1.260144 -2.164984
v -2.100000 1.260144 -2.164984
v -2.100000 1.360146 -2.164984
v -2.000000 1.360146 -2.164984
v -2.000000 1.089358 -2.164984
v -2.000000 0.400515 -2.164984
v -1.577265 0.400515 -2.156780
v 1.505558 0.400515 -2.165319
v 2.000000 0.400515 -2.164984
v 2.000000 1.089358 -2.164984
v 2.000000 1.360146 -2.164984
v 2.000000 2.132724 -2.164984
v 2.000000 2.278298 -2.164984
v 2.000000 2.980242 -2.164984
v 2.000000 3.245072 -2.164984
v 2.000000 4.825197 -2.164984
v 2.000000 5.128467 -2.164984
v 2.000000 6.728581 -2.164984
v 2.000000 7.021197 -2.164984
v 2.000000 8.721382 -2.164984
v 2.000000 8.977203 -2.164984
v 2.200000 8.977203 -2.164984
v 2.200000 9.208505 -2.164984
v 2.000000 9.208505 -2.164984
v 1.506233 9.208505 -2.164984
v -1.568917 9.208505 -2.164984
v -2.000000 9.208505 -2.164984
v -2.200000 9.208505 -2.164984
v -2.200000 8.977203 -2.164984
v -2.000000 8.977203 -2.164984
v -2.000000 8.721382 -2.164984
v -2.100000 8.721382 -2.164984
v -2.100000 8.821383 -2.164984
v -2.200000 8.821383 -2.164984
v -2.200000 8.721382 -2.164984
v -2.200000 7.021197 -2.164984
v -2.200000 6.921196 -2.164984
v -2.100000 6.921196 -2.164984
v -2.100000 7.021197 -2.164984
v -2.000000 7.021197 -2.164984
v -2.000000 6.728581 -2.164984
v -2.100000 6.728581 -2.164984
v -2.100000 6.828580 -2.164984
v -2.200000 6.828580 -2.164984
v -2.200000 6.728581 -2.164984
v -2.200000 5.128467 -2.164984
v -2.200000 5.028466 -2.164984
v -2.100000 5.028466 -2.164984
v -2.100000 5.128467 -2.164984
v -2.000000 5.128467 -2.164984
v -2.000000 4.825197 -2.164984
v -2.100000 4.825197 -2.164984
v -2.100000 4.925198 -2.164984
v -2.200000 4.925198 -2.164984
v -2.200000 4.825197 -2.164984
v -2.200000 3.245072 -2.164984
v -2.200000 3.145072 -2.164984
v -2.100000 3.145072 -2.164984
v -2.100000 3.245072 -2.164984
v -2.000000 3.245072 -2.164984
v -2.000000 2.980242 -2.164984
v -2.100000 2.980242 -2.164984
v -2.100000 3.080242 -2.164984
v -2.200000 3.080242 -2.164984
v -2.200000 2.205163 -3.049815
v -2.200000 2.205163 -3.297938
v -2.200000 2.205163 -3.397939
v -2.100000 2.205163 -3.397939
v -2.100000 2.205163 -3.297938
v -2.000000 2.205163 -3.297938
v -2.000000 2.205163 -3.500000
v -1.568917 2.205163 -3.500000
v 1.506233 2.205163 -3.500000
v 2.000000 2.205163 -3.500000
v 2.000000 2.205163 -3.297938
v 2.000000 2.205163 -3.049815
v 2.000000 2.205163 -2.306204
v 2.000000 2.205163 -2.164984
v 2.000000 2.205163 2.978797
v 2.000000 2.205163 3.291088
v 2.000000 2.205163 3.500000
v 1.506233 2.205163 3.500000
v -1.568917 2.205163 3.500000
v -2.000000 2.205163 3.500000
v -2.000000 2.205163 3.291088
v -2.100000 2.205163 3.291088
v -2.100000 2.205163 3.391088
v -2.200000 2.205163 3.391088
v -2.200000 2.205163 3.291088
v -2.200000 2.205163 2.978797
v -2.200000 2.980242 -2.234520
v -2.200000 1.360146 -2.234520
v -2.200000 1.260144 -2.234520
v -2.100000 1.260144 -2.234520
v -2.100000 1.360146 -2.234520
v -2.000000 1.360146 -2.234520
v -2.000000 1.089358 -2.234520
v -2.000000 0.400515 -2.234520
v -1.577309 0.400515 -2.226206
v 1.505510 0.400515 -2.234829
v 2.000000 0.400515 -2.234520
v 2.000000 1.089358 -2.234520
v 2.000000 1.360146 -2.234520
v 2.000000 2.132724 -2.234520
v 2.000000 2.205163 -2.234520
v 2.000000 2.278298 -2.234520
v 2.000000 2.980242 -2.234520
v 2.000000 3.245072 -2.234520
v 2.000000 4.825197 -2.234520
v 2.000000 5.128467 -2.234520
v 2.000000 6.728581 -2.234520
v 2.000000 7.021197 -2.234520
v 2.000000 8.721382 -2.234520
v 2.000000 8.977203 -2.234520
v 2.200000 8.977203 -2.234520
v 2.200000 9.208505 -2.234520
v 2.000000 9.208505 -2.234520
v 1.506233 9.208505 -2.234520
v -1.568917 9.208505 -2.234520
v -2.000000 9.208505 -2.234520
v -2.200000 9.208505 -2.234520
v -2.200000 8.977203 -2.234520
v -2.000000 8.977203 -2.234520
v -2.000000 8.721382 -2.234520
v -2.100000 8.721382 -2.234520
v -2.100000 8.821383 -2.234520
v -2.200000 8.821383 -2.234520
v -2.200000 8.721382 -2.234520
v -2.200000 7.021197 -2.234520
v -2.200000 6.921196 -2.234520
v -2.100000 6.921196 -2.234520
v -2.100000 7.021197 -2.234520
v -2.000000 7.021197 -2.234520
v -2.000000 6.728581 -2.234520
v -2.100000 6.728581 -2.234520
v -2.100000 6.828580 -2.234520
v -2.200000 6.828580 -2.234520
v -2.200000 6.728581 -2.234520
v -2.200000 5.128467 -2.234520
v -2.200000 5.028466 -2.234520
v -2.100000 5.028466 -2.234520
v -2.100000 5.128467 -2.234520
v -2.000000 5.128467 -2.234520
v -2.000000 4.825197 -2.234520
v -2.100000 4.825197 -2.234520
v -2.100000 4.925198 -2.234520
v -2.200000 4.925198 -2.234520
v -2.200000 4.825197 -2.234520
v -2.200000 3.245072 -2.234520
v -2.200000 3.145072 -2.234520
v -2.100000 3.145072 -2.234520
v -2.100000 3.245072 -2.234520
v -2.000000 3.245072 -2.234520
v -2.000000 2.980242 -2.234520
v -2.100000 2.980242 -2.234520
v -2.100000 3.080242 -2.234520
v -2.200000 3.080242 -2.234520
v -2.200000 4.170661 -3.049815
v -2.200000 4.170661 -3.297938
v -2.200000 4.170661 -3.397939
v -2.100000 4.170661 -3.397939
v -2.100000 4.170661 -3.297938
v -2.000000 4.170661 -3.297938
v -2.000000 4.170661 -3.500000
v -1.568917 4.170661 -3.500000
v 1.506233 4.170661 -3.500000
v 2.000000 4.170661 -3.500000
v 2.000000 4.170661 -3.297938
v 2.000000 4.170661 -3.049815
v 2.000000 4.170661 -2.306204
v 2.000000 4.170661 -2.234520
v 2.000000 4.170661 -2.164984
v 2.000000 4.170661 2.978797
v 2.000000 4.170661 3.291088
v 2.000000 4.170661 3.500000
v 1.506233 4.170661 3.500000
v -1.568917 4.170661 3.500000
v -2.000000 4.170661 3.500000
v -2.000000 4.170661 3.291088
v -2.100000 4.170661 3.291088
v -2.100000 4.170661 3.391088
v -2.200000 4.170661 3.391088
v -2.200000 4.170661 3.291088
v -2.200000 4.170661 2.978797
v -2.200000 4.022863 -3.049815
v -2.200000 4.022863 -3.297938
v -2.200000 4.022863 -3.397939
v -2.100000 4.022863 -3.397939
v -2.100000 4.022863 -3.297938
v -2.000000 4.022863 -3.297938
v -2.000000 4.022863 -3.500000
v -1.568917 4.022863 -3.500000
v 1.506233 4.022863 -3.500000
v 2.000000 4.022863 -3.500000
v 2.000000 4.022863 -3.297938
v 2.000000 4.022863 -3.049815
v 2.000000 4.022863 -2.306204
v 2.000000 4.022863 -2.234520
v 2.000000 4.022863 -2.164984
v 2.000000 4.022863 2.978797
v 2.000000 4.022863 3.291088
v 2.000000 4.022863 3.500000
v 1.506233 4.022863 3.500000
v -1.568917 4.022863 3.500000
v -2.000000 4.022863 3.500000
v -2.000000 4.022863 3.291088
v -2.100000 4.022863 3.291088
v -2.100000 4.022863 3.391088
v -2.200000 4.022863 3.391088
v -2.200000 4.022863 3.291088
v -2.200000 4.022863 2.978797
v -2.200000 6.074992 -3.049815
v -2.200000 6.074992 -3.297938
v -2.200000 6.074992 -3.397939
v -2.100000 6.074992 -3.397939
v -2.100000 6.074992 -3.297938
v -2.000000 6.074992 -3.297938
v -2.000000 6.074992 -3.500000
v -1.568917 6.074992 -3.500000
v 1.506233 6.074992 -3.500000
v 2.000000 6.074992 -3.500000
v 2.000000 6.074992 -3.297938
v 2.000000 6.074992 -3.049815
v 2.000000 6.074992 -2.306204
v 2.000000 6.074992 -2.234520
v 2.000000 6.074992 -2.164984
v 2.000000 6.074992 2.978797
v 2.000000 6.074992 3.291088
v 2.000000 6.074992 3.500000
v 1.506233 6.074992 3.500000
v -1.568917 6.074992 3.500000
v -2.000000 6.074992 3.500000
v -2.000000 6.074992 3.291088
v -2.100000 6.074992 3.291088
v -2.100000 6.074992 3.391088
v -2.200000 6.074992 3.391088
v -2.200000 6.074992 3.291088
v -2.200000 6.074992 2.978797
v -2.200000 5.929800 -3.049815
v -2.200000 5.929800 -3.297938
v -2.200000 5.929800 -3.397939
v -2.100000 5.929800 -3.397939
v -2.100000 5.929800 -3.297938
v -2.000000 5.929800 -3.297938
v -2.000000 5.929800 -3.500000
v -1.568917 5.929800 -3.500000
v 1.506233 5.929800 -3.500000
v 2.000000 5.929800 -3.500000
v 2.000000 5.929800 -3.297938
v 2.000000 5.929800 -3.049815
v 2.000000 5.929800 -2.306204
v 2.000000 5.929800 -2.234520
v 2.000000 5.929800 -2.164984
v 2.000000 5.929800 2.978797
v 2.000000 5.929800 3.291088
v 2.000000 5.929800 3.500000
v 1.506233 5.929800 3.500000
v -1.568917 5.929800 3.500000
v -2.000000 5.929800 3.500000
v -2.000000 5.929800 3.291088
v -2.100000 5.929800 3.291088
v -2.100000 5.929800 3.391088
v -2.200000 5.929800 3.391088
v -2.200000 5.929800 3.291088
v -2.200000 5.929800 2.978797
v -2.200000 8.031773 -3.049815
v -2.200000 8.031773 -3.297938
v -2.200000 8.031773 -3.397939
v -2.100000 8.031773 -3.397939
v -2.100000 8.031773 -3.297938
v -2.000000 8.031773 -3.297938
v -2.000000 8.031773 -3.500000
v -1.568917 8.031773 -3.500000
v 1.506233 8.031773 -3.500000
v 2.000000 8.031773 -3.500000
v 2.000000 8.031773 -3.297938
v 2.000000 8.031773 -3.049815
v 2.000000 8.031773 -2.306204
v 2.000000 8.031773 -2.234520
v 2.000000 8.031773 -2.164984
v 2.000000 8.031773 2.978797
v 2.000000 8.031773 3.291088
v 2.000000 8.031773 3.500000
v 1.506233 8.031773 3.500000
v -1.568917 8.031773 3.500000
v -2.000000 8.031773 3.500000
v -2.000000 8.031773 3.291088
v -2.100000 8.031773 3.291088
v -2.100000 8.031773 3.391088
v -2.200000 8.031773 3.391088
v -2.200000 8.031773 3.291088
v -2.200000 8.031773 2.978797
v -2.200000 7.888406 -3.049815
v -2.200000 7.888406 -3.297938
v -2.200000 7.888406 -3.397939
v -2.100000 7.888406 -3.397939
v -2.100000 7.888406 -3.297938
v -2.000000 7.888406 -3.297938
v -2.000000 7.888406 -3.500000
v -1.568917 7.888406 -3.500000
v 1.506233 7.888406 -3.500000
v 2.000000 7.888406 -3.500000
v 2.000000 7.888406 -3.297938
v 2.000000 7.888406 -3.049815
v 2.000000 7.888406 -2.306204
v 2.000000 7.888406 -2.234520
v 2.000000 7.888406 -2.164984
v 2.000000 7.888406 2.978797
v 2.000000 7.888406 3.291088
v 2.000000 7.888406 3.500000
v 1.506233 7.888406 3.500000
v -1.568917 7.888406 3.500000
v -2.000000 7.888406 3.500000
v -2.000000 7.888406 3.291088
v -2.100000 7.888406 3.291088
v -2.100000 7.888406 3.391088
v -2.200000 7.888406 3.391088
v -2.200000 7.888406 3.291088
v -2.200000 7.888406 2.978797
v -2.200000 7.962102 -3.049815
v -2.200000 7.962102 -3.297938
v -2.200000 7.962102 -3.397939
v -2.100000 7.962102 -3.397939
v -2.100000 7.962102 -3.297938
v -2.000000 7.962102 -3.297938
v -2.000000 7.962102 -3.500000
v -1.568917 7.962102 -3.500000
v 1.506233 7.962102 -3.500000
v 2.000000 7.962102 -3.500000
v 2.000000 7.962102 -3.297938
v 2.000000 7.962102 -3.049815
v 2.000000 7.962102 -2.306204
v 2.000000 7.962102 -2.234520
v 2.000000 7.962102 -2.164984
v 2.000000 7.962102 2.978797
v 2.000000 7.962102 3.291088
v 2.000000 7.962102 3.500000
v 1.506233 7.962102 3.500000
v -1.568917 7.962102 3.500000
v -2.000000 7.962102 3.500000
v -2.000000 7.962102 3.291088
v -2.100000 7.962102 3.291088
v -2.100000 7.962102 3.391088
v -2.200000 7.962102 3.391088
v -2.200000 7.962102 3.291088
v -2.200000 7.962102 2.978797
v -2.200000 6.001592 -3.049815
v -2.200000 6.001592 -3.297938
v -2.200000 6.001592 -3.397939
v -2.100000 6.001592 -3.397939
v -2.100000 6.001592 -3.297938
v -2.000000 6.001592 -3.297938
v -2.000000 6.001592 -3.500000
v -1.568917 6.001592 -3.500000
v 1.506233 6.001592 -3.500000
v 2.000000 6.001592 -3.500000
v 2.000000 6.001592 -3.297938
v 2.000000 6.001592 -3.049815
v 2.000000 6.001592 -2.306204
v 2.000000 6.001592 -2.234520
v 2.000000 6.001592 -2.164984
v 2.000000 6.001592 2.978797
v 2.000000 6.001592 3.291088
v 2.000000 6.001592 3.500000
v 1.506233 6.001592 3.500000
v -1.568917 6.001592 3.500000
v -2.000000 6.001592 3.500000
v -2.000000 6.001592 3.291088
v -2.100000 6.001592 3.291088
v -2.100000 6.001592 3.391088
v -2.200000 6.001592 3.391088
v -2.200000 6.001592 3.291088
v -2.200000 6.001592 2.978797
v -2.200000 4.096765 -3.049815
v -2.200000 4.096765 -3.297938
v -2.200000 4.096765 -3.397939
v -2.100000 4.096765 -3.397939
v -2.100000 4.096765 -3.297938
v -2.000000 4.096765 -3.297938
v -2.000000 4.096765 -3.500000
v -1.568917 4.096765 -3.500000
v 1.506233 4.096765 -3.500000
v 2.000000 4.096765 -3.500000
v 2.000000 4.096765 -3.297938
v 2.000000 4.096765 -3.049815
v 2.000000 4.096765 -2.306204
v 2.000000 4.096765 -2.234520
v 2.000000 4.096765 -2.164984
v 2.000000 4.096765 2.978797
v 2.000000 4.096765 3.291088
v 2.000000 4.096765 3.500000
v 1.506233 4.096765 3.500000
v -1.568917 4.096765 3.500000
v -2.000000 4.096765 3.500000
v -2.000000 4.096765 3.291088
v -2.100000 4.096765 3.291088
v -2.100000 4.096765 3.391088
v -2.200000 4.096765 3.391088
v -2.200000 4.096765 3.291088
v -2.200000 4.096765 2.978797
v -2.200000 1.360146 2.090466
v -2.200000 1.260144 2.090466
v -2.100000 1.260144 2.090466
v -2.100000 1.360146 2.090466
v -2.000000 1.360146 2.090466
v -2.000000 1.089358 2.090466
v -2.000000 0.400515 2.090466
v -1.574538 0.400515 2.091883
v 1.508521 0.400515 2.088519
v 2.000000 0.400515 2.090466
v 2.000000 1.089358 2.090466
v 2.000000 1.360146 2.090466
v 2.000000 2.132724 2.090466
v 2.000000 2.205163 2.090466
v 2.000000 2.278298 2.090466
v 2.000000 2.980242 2.090466
v 2.000000 3.245072 2.090466
v 2.000000 4.022863 2.090466
v 2.000000 4.096765 2.090466
v 2.000000 4.170661 2.090466
v 2.000000 4.825197 2.090466
v 2.000000 5.128467 2.090466
v 2.000000 5.929800 2.090466
v 2.000000 6.001592 2.090466
v 2.000000 6.074991 2.090466
v 2.000000 6.728581 2.090466
v 2.000000 7.021197 2.090466
v 2.000000 7.888406 2.090466
v 2.000000 7.962102 2.090466
v 2.000000 8.031773 2.090466
v 2.000000 8.721382 2.090466
v 2.000000 8.977203 2.090466
v 2.200000 8.977203 2.090466
v 2.200000 9.208505 2.090466
v 2.000000 9.208505 2.090466
v 1.506233 9.208505 2.090466
v -1.568917 9.208505 2.090466
v -2.000000 9.208505 2.090466
v -2.200000 9.208505 2.090466
v -2.200000 8.977203 2.090466
v -2.000000 8.977203 2.090466
v -2.000000 8.721382 2.090466
v -2.100000 8.721382 2.090466
v -2.100000 8.821383 2.090466
v -2.200000 8.821383 2.090466
v -2.200000 8.721382 2.090466
v -2.200000 7.021197 2.090466
v -2.200000 6.921196 2.090466
v -2.100000 6.921196 2.090466
v -2.100000 7.021197 2.090466
v -2.000000 7.021197 2.090466
v -2.000000 6.728581 2.090466
v -2.100000 6.728581 2.090466
v -2.100000 6.828580 2.090466
v -2.200000 6.828580 2.090466
v -2.200000 6.728581 2.090466
v -2.200000 5.128467 2.090466
v -2.200000 5.028466 2.090466
v -2.100000 5.028466 2.090466
v -2.100000 5.128467 2.090466
v -2.000000 5.128467 2.090466
v -2.000000 4.825197 2.090466
v -2.100000 4.825197 2.090466
v -2.100000 4.925198 2.090466
v -2.200000 4.925198 2.090466
v -2.200000 4.825197 2.090466
v -2.200000 3.245072 2.090466
v -2.200000 3.145072 2.090466
v -2.100000 3.145072 2.090466
v -2.100000 3.245072 2.090466
v -2.000000 3.245072 2.090466
v -2.000000 2.980242 2.090466
v -2.100000 2.980242 2.090466
v -2.100000 3.080242 2.090466
v -2.200000 3.080242 2.090466
v -2.200000 2.980242 2.090466
v -2.200000 1.360146 2.230555
v -2.200000 1.260144 2.230555
v -2.100000 1.260144 2.230555
v -2.100000 1.360146 2.230555
v -2.000000 1.360146 2.230555
v -2.000000 1.089358 2.230555
v -2.000000 0.400515 2.230555
v -1.574448 0.400515 2.231749
v 1.508618 0.400515 2.228556
v 2.000000 0.400515 2.230555
v 2.000000 1.089358 2.230555
v 2.000000 1.360146 2.230555
v 2.000000 2.132724 2.230555
v 2.000000 2.205163 2.230555
v 2.000000 2.278298 2.230555
v 2.000000 2.980242 2.230555
v 2.000000 3.245072 2.230555
v 2.000000 4.022863 2.230555
v 2.000000 4.096765 2.230555
v 2.000000 4.170661 2.230555
v 2.000000 4.825197 2.230555
v 2.000000 5.128467 2.230555
v 2.000000 5.929800 2.230555
v 2.000000 6.001592 2.230555
v 2.000000 6.074991 2.230555
v 2.000000 6.728581 2.230555
v 2.000000 7.021197 2.230555
v 2.000000 7.888406 2.230555
v 2.000000 7.962102 2.230555
v 2.000000 8.031773 2.230555
v 2.000000 8.721382 2.230555
v 2.000000 8.977203 2.230555
v 2.200000 8.977203 2.230555
v 2.200000 9.208505 2.230555
v 2.000000 9.208505 2.230555
v 1.506233 9.208505 2.230555
v -1.568917 9.208505 2.230555
v -2.000000 9.208505 2.230555
v -2.200000 9.208505 2.230555
v -2.200000 8.977203 2.230555
v -2.000000 8.977203 2.230555
v -2.000000 8.721382 2.230555
v -2.100000 8.721382 2.230555
v -2.100000 8.821383 2.230555
v -2.200000 8.821383 2.230555
v -2.200000 8.721382 2.230555
v -2.200000 7.021197 2.230555
v -2.200000 6.921196 2.230555
v -2.100000 6.921196 2.230555
v -2.100000 7.021197 2.230555
v -2.000000 7.021197 2.230555
v -2.000000 6.728581 2.230555
v -2.100000 6.728581 2.230555
v -2.100000 6.828580 2.230555
v -2.200000 6.828580 2.230555
v -2.200000 6.728581 2.230555
v -2.200000 5.128467 2.230555
v -2.200000 5.028466 2.230555
v -2.100000 5.028466 2.230555
v -2.100000 5.128467 2.230555
v -2.000000 5.128467 2.230555
v -2.000000 4.825197 2.230555
v -2.100000 4.825197 2.230555
v -2.100000 4.925198 2.230555
v -2.200000 4.925198 2.230555
v -2.200000 4.825197 2.230555
v -2.200000 3.245072 2.230555
v -2.200000 3.145072 2.230555
v -2.100000 3.145072 2.230555
v -2.100000 3.245072 2.230555
v -2.000000 3.245072 2.230555
v -2.000000 2.980242 2.230555
v -2.100000 2.980242 2.230555
v -2.100000 3.080242 2.230555
v -2.200000 3.080242 2.230555
v -2.200000 2.980242 2.230555
v -2.200000 2.980242 2.163023
v -2.200000 1.360146 2.163023
v -2.200000 1.260144 2.163023
v -2.100000 1.260144 2.163023
v -2.100000 1.360146 2.163023
v -2.000000 1.360146 2.163023
v -2.000000 1.089358 2.163023
v -2.000000 0.400515 2.163023
v -1.574492 0.400515 2.164324
v 1.508571 0.400515 2.161049
v 2.000000 0.400515 2.163023
v 2.000000 1.089358 2.163023
v 2.000000 1.360146 2.163023
v 2.000000 2.132724 2.163023
v 2.000000 2.205163 2.163023
v 2.000000 2.278298 2.163023
v 2.000000 2.980242 2.163023
v 2.000000 3.245072 2.163023
v 2.000000 4.022863 2.163023
v 2.000000 4.096765 2.163023
v 2.000000 4.170661 2.163023
v 2.000000 4.825197 2.163023
v 2.000000 5.128467 2.163023
v 2.000000 5.929800 2.163023
v 2.000000 6.001592 2.163023
v 2.000000 6.074991 2.163023
v 2.000000 6.728581 2.163023
v 2.000000 7.021197 2.163023
v 2.000000 7.888406 2.163023
v 2.000000 7.962102 2.163023
v 2.000000 8.031773 2.163023
v 2.000000 8.721382 2.163023
v 2.000000 8.977203 2.163023
v 2.200000 8.977203 2.163023
v 2.200000 9.208506 2.163023
v 2.000000 9.208506 2.163023
v 1.506233 9.208506 2.163023
v -1.568917 9.208506 2.163023
v -2.000000 9.208506 2.163023
v -2.200000 9.208506 2.163023
v -2.200000 8.977203 2.163023
v -2.000000 8.977203 2.163023
v -2.000000 8.721382 2.163023
v -2.100000 8.721382 2.163023
v -2.100000 8.821383 2.163023
v -2.200000 8.821383 2.163023
v -2.200000 8.721382 2.163023
v -2.200000 7.021197 2.163023
v -2.200000 6.921196 2.163023
v -2.100000 6.921196 2.163023
v -2.100000 7.021197 2.163023
v -2.000000 7.021197 2.163023
v -2.000000 6.728581 2.163023
v -2.100000 6.728581 2.163023
v -2.100000 6.828581 2.163023
v -2.200000 6.828581 2.163023
v -2.200000 6.728581 2.163023
v -2.200000 5.128467 2.163023
v -2.200000 5.028466 2.163023
v -2.100000 5.028466 2.163023
v -2.100000 5.128467 2.163023
v -2.000000 5.128467 2.163023
v -2.000000 4.825197 2.163023
v -2.100000 4.825197 2.163023
v -2.100000 4.925198 2.163023
v -2.200000 4.925198 2.163023
v -2.200000 4.825197 2.163023
v -2.200000 3.245072 2.163023
v -2.200000 3.145072 2.163023
v -2.100000 3.145072 2.163023
v -2.100000 3.245072 2.163023
v -2.000000 3.245072 2.163023
v -2.000000 2.980242 2.163023
v -2.100000 2.980242 2.163023
v -2.100000 3.080242 2.163023
v -2.200000 3.080242 2.163023
vt 0.686233 0.011049
vt 0.683662 0.011683
vt 0.681751 0.009642
vt 0.684168 0.008541
vt 0.679830 0.007628
vt 0.681837 0.005513
vt 0.684664 0.004730
vt 0.686726 0.007708
vt 0.688926 0.010572
vt 0.687315 0.004184
vt 0.689604 0.007396
vt 0.689944 0.004953
vt 0.692635 0.005954
vt 0.695064 0.007646
vt 0.692079 0.009321
vt 0.697323 0.009301
vt 0.693769 0.011459
vt 0.697717 0.012138
vt 0.694976 0.013230
vt 0.692128 0.014678
vt 0.690864 0.012502
vt 0.689563 0.015031
vt 0.688055 0.013016
vt 0.687145 0.015679
vt 0.685465 0.013677
vt 0.691696 0.017130
vt 0.694905 0.015817
vt 0.698538 0.014894
vt 0.697947 0.017890
vt 0.694534 0.018625
vt 0.691030 0.019585
vt 0.696959 0.020789
vt 0.693516 0.021616
vt 0.695284 0.023222
vt 0.693403 0.025331
vt 0.690692 0.026313
vt 0.690774 0.022941
vt 0.687706 0.027098
vt 0.688033 0.023511
vt 0.684742 0.026266
vt 0.685277 0.023708
vt 0.685876 0.020957
vt 0.688420 0.020299
vt 0.686505 0.018318
vt 0.689015 0.017677
vt 0.683983 0.018996
vt 0.682893 0.022012
vt 0.681770 0.025135
vt 0.679287 0.023014
vt 0.680703 0.020147
vt 0.682151 0.017021
vt 0.677138 0.021023
vt 0.678833 0.017881
vt 0.676297 0.018399
vt 0.676168 0.015726
vt 0.676987 0.012924
vt 0.679604 0.014924
vt 0.677940 0.009974
vt 0.680628 0.012233
vt 0.682895 0.014334
vt 0.684679 0.016343
vt 0.678848 0.006431
vt 0.680827 0.004173
vt 0.683979 0.003487
vt 0.687145 0.002376
vt 0.690072 0.003259
vt 0.693369 0.004702
vt 0.696187 0.006763
vt 0.698677 0.008250
vt 0.699153 0.011505
vt 0.700093 0.014806
vt 0.699306 0.017747
vt 0.698271 0.021201
vt 0.696410 0.024404
vt 0.694305 0.026772
vt 0.690828 0.027611
vt 0.687592 0.028661
vt 0.684569 0.027715
vt 0.681307 0.026276
vt 0.678536 0.024048
vt 0.675927 0.022010
vt 0.674561 0.018613
vt 0.674712 0.015318
vt 0.675646 0.012386
vt 0.676824 0.009230
vt 0.678666 0.003678
vt 0.688228 0.000577
vt 0.685828 0.030011
vt 0.696571 0.027165
vt 0.698654 0.006148
vt 0.701819 0.016081
vt 0.675400 0.023717
vt 0.672795 0.014233
vt 0.673632 0.019509
vt 0.683362 0.001553
vt 0.701098 0.011384
vt 0.691505 0.029354
vt 0.693369 0.004701
vt 0.193200 0.000323
vt 0.676824 0.009230
vt 0.179653 0.002341
vt 0.177411 0.002669
vt 0.181940 0.001991
vt 0.190946 0.000676
vt 0.184263 0.001660
vt 0.681307 0.026276
vt 0.186561 0.001319
vt 0.188690 0.000998
vt 0.698271 0.021201
vt 0.702866 0.931348
vt 0.704975 0.930507
vt 0.701814 0.933403
vt 0.702718 0.935562
vt 0.704825 0.936551
vt 0.706720 0.935530
vt 0.707863 0.933551
vt 0.706730 0.931562
vt 0.564487 0.010755
vt 0.562068 0.010272
vt 0.561590 0.007636
vt 0.564069 0.007533
vt 0.561076 0.004861
vt 0.563607 0.003720
vt 0.566220 0.004049
vt 0.566456 0.007807
vt 0.566864 0.011485
vt 0.568582 0.005112
vt 0.568895 0.009055
vt 0.570368 0.007316
vt 0.572195 0.009891
vt 0.573760 0.012560
vt 0.570163 0.012034
vt 0.574874 0.015045
vt 0.570922 0.014639
vt 0.574431 0.017651
vt 0.571477 0.017078
vt 0.568539 0.016487
vt 0.567726 0.014057
vt 0.565853 0.015913
vt 0.565120 0.013419
vt 0.563306 0.015325
vt 0.562641 0.012813
vt 0.566629 0.018347
vt 0.569773 0.019066
vt 0.573571 0.020166
vt 0.571340 0.021989
vt 0.567860 0.021147
vt 0.564642 0.020291
vt 0.568766 0.023891
vt 0.565391 0.023315
vt 0.566025 0.025481
vt 0.563407 0.026600
vt 0.560670 0.026365
vt 0.562579 0.023326
vt 0.558021 0.025352
vt 0.560206 0.022453
vt 0.556153 0.023130
vt 0.557931 0.021151
vt 0.559748 0.019101
vt 0.562159 0.019823
vt 0.561503 0.017205
vt 0.563999 0.017819
vt 0.558942 0.016517
vt 0.556682 0.018477
vt 0.554317 0.020560
vt 0.552991 0.017595
vt 0.555448 0.015822
vt 0.558134 0.014002
vt 0.551914 0.014869
vt 0.554701 0.012999
vt 0.552275 0.012184
vt 0.553393 0.009860
vt 0.555643 0.008157
vt 0.556788 0.011049
vt 0.558337 0.006353
vt 0.559208 0.009432
vt 0.560064 0.012188
vt 0.560770 0.014692
vt 0.560680 0.003411
vt 0.563359 0.002151
vt 0.566576 0.002724
vt 0.569703 0.003759
vt 0.571411 0.006283
vt 0.573380 0.009171
vt 0.575151 0.012080
vt 0.576422 0.014701
vt 0.575950 0.017975
vt 0.574868 0.021072
vt 0.572441 0.022872
vt 0.569586 0.024963
vt 0.566611 0.026826
vt 0.563872 0.028223
vt 0.560431 0.027606
vt 0.557142 0.026485
vt 0.555120 0.024074
vt 0.553198 0.021104
vt 0.551703 0.017881
vt 0.550289 0.014980
vt 0.550633 0.011596
vt 0.552251 0.008875
vt 0.554763 0.007108
vt 0.557712 0.005195
vt 0.561693 0.000789
vt 0.571509 0.003385
vt 0.554917 0.026432
vt 0.565791 0.029256
vt 0.577627 0.012685
vt 0.575493 0.022930
vt 0.548948 0.016053
vt 0.551863 0.006550
vt 0.549699 0.011475
vt 0.566839 0.001258
vt 0.577357 0.018339
vt 0.560122 0.028913
vt 0.573389 0.009165
vt 0.179354 0.015203
vt 0.557708 0.005183
vt 0.175121 0.002177
vt 0.174426 0.000021
vt 0.175844 0.004375
vt 0.178632 0.013038
vt 0.176555 0.006611
vt 0.553190 0.021108
vt 0.177272 0.008820
vt 0.177942 0.010867
vt 0.569592 0.024973
vt 0.471213 0.860691
vt 0.473277 0.859748
vt 0.470261 0.862795
vt 0.471270 0.864907
vt 0.473423 0.865792
vt 0.475265 0.864681
vt 0.476310 0.862648
vt 0.475083 0.860717
vt 0.016233 0.010730
vt 0.013739 0.010352
vt 0.013006 0.007741
vt 0.015528 0.007511
vt 0.012260 0.005017
vt 0.014768 0.003714
vt 0.017462 0.003950
vt 0.017988 0.007691
vt 0.018696 0.011375
vt 0.019948 0.004893
vt 0.020554 0.008849
vt 0.021915 0.007035
vt 0.023950 0.009525
vt 0.025713 0.012123
vt 0.022062 0.011791
vt 0.026996 0.014581
vt 0.023015 0.014393
vt 0.026678 0.017292
vt 0.023728 0.016858
vt 0.020767 0.016383
vt 0.019770 0.013942
vt 0.018042 0.015900
vt 0.017102 0.013396
vt 0.015442 0.015397
vt 0.014552 0.012883
vt 0.018995 0.018362
vt 0.022165 0.018986
vt 0.025992 0.019941
vt 0.023864 0.021944
vt 0.020389 0.021210
vt 0.017135 0.020417
vt 0.021442 0.024017
vt 0.018028 0.023480
vt 0.018682 0.025662
vt 0.016071 0.026909
vt 0.013337 0.026774
vt 0.015209 0.023596
vt 0.010663 0.025885
vt 0.012807 0.022806
vt 0.008794 0.023697
vt 0.010505 0.021560
vt 0.012183 0.019382
vt 0.014630 0.020029
vt 0.013792 0.017379
vt 0.016332 0.017911
vt 0.011164 0.016797
vt 0.009064 0.018901
vt 0.006868 0.021157
vt 0.005230 0.018292
vt 0.007557 0.016327
vt 0.010110 0.014320
vt 0.003807 0.015774
vt 0.006517 0.013615
vt 0.003971 0.013095
vt 0.004916 0.010650
vt 0.007047 0.008710
vt 0.008466 0.011482
vt 0.009564 0.006647
vt 0.010754 0.009667
vt 0.011889 0.012379
vt 0.012837 0.014864
vt 0.011744 0.003598
vt 0.014417 0.002167
vt 0.017731 0.002618
vt 0.021001 0.003492
vt 0.022895 0.005939
vt 0.025102 0.008736
vt 0.027067 0.011548
vt 0.028503 0.014147
vt 0.028198 0.017542
vt 0.027322 0.020787
vt 0.024980 0.022785
vt 0.022279 0.025101
vt 0.019282 0.027027
vt 0.016546 0.028561
vt 0.013065 0.028040
vt 0.009717 0.027049
vt 0.007731 0.024690
vt 0.005743 0.021806
vt 0.003951 0.018769
vt 0.002172 0.016157
vt 0.002251 0.012736
vt 0.003681 0.009815
vt 0.006053 0.007770
vt 0.008821 0.005568
vt 0.012654 0.000934
vt 0.022756 0.002988
vt 0.007478 0.027142
vt 0.018412 0.029579
vt 0.029614 0.012087
vt 0.028054 0.022620
vt 0.001002 0.017453
vt 0.003018 0.007631
vt 0.001277 0.012810
vt 0.017911 0.001132
vt 0.029626 0.017844
vt 0.012725 0.029407
vt 0.025110 0.008731
vt 0.109570 0.002627
vt 0.008817 0.005560
vt 0.123256 0.003177
vt 0.125519 0.003274
vt 0.120943 0.003093
vt 0.111851 0.002702
vt 0.118600 0.002984
vt 0.005735 0.021810
vt 0.116279 0.002890
vt 0.114127 0.002807
vt 0.022283 0.025108
vt 0.285524 0.786596
vt 0.287539 0.785552
vt 0.284678 0.788744
vt 0.285790 0.790804
vt 0.287983 0.791581
vt 0.289768 0.790380
vt 0.290712 0.788298
vt 0.289390 0.786430
vt 0.749638 0.010919
vt 0.747290 0.012081
vt 0.745060 0.010463
vt 0.747070 0.008797
vt 0.742767 0.008829
vt 0.744248 0.006332
vt 0.746766 0.004964
vt 0.749409 0.007537
vt 0.752174 0.009932
vt 0.749312 0.004007
vt 0.752216 0.006797
vt 0.752133 0.004311
vt 0.755113 0.004862
vt 0.758008 0.005880
vt 0.755194 0.008040
vt 0.760853 0.007379
vt 0.757669 0.009227
vt 0.761611 0.010213
vt 0.759190 0.011126
vt 0.756586 0.012446
vt 0.754634 0.011104
vt 0.754053 0.013814
vt 0.751958 0.012436
vt 0.751590 0.015111
vt 0.749476 0.013639
vt 0.756129 0.015186
vt 0.759121 0.013874
vt 0.762621 0.012996
vt 0.762240 0.015954
vt 0.758836 0.016795
vt 0.755652 0.018035
vt 0.761562 0.018902
vt 0.758219 0.020022
vt 0.760287 0.021565
vt 0.758816 0.023932
vt 0.756439 0.025359
vt 0.755941 0.021790
vt 0.753746 0.026505
vt 0.753517 0.022889
vt 0.750821 0.026082
vt 0.750926 0.023393
vt 0.751068 0.020573
vt 0.753391 0.019431
vt 0.751279 0.017832
vt 0.753651 0.016564
vt 0.748851 0.019063
vt 0.748256 0.022188
vt 0.747732 0.025450
vt 0.744873 0.023933
vt 0.745691 0.020806
vt 0.746648 0.017557
vt 0.742365 0.022458
vt 0.743275 0.019176
vt 0.740808 0.020218
vt 0.740347 0.017556
vt 0.740763 0.014661
vt 0.743726 0.016170
vt 0.741372 0.011569
vt 0.744382 0.013291
vt 0.746985 0.014824
vt 0.749148 0.016350
vt 0.741565 0.007865
vt 0.743023 0.005225
vt 0.745979 0.003800
vt 0.748966 0.002249
vt 0.752039 0.002705
vt 0.755579 0.003562
vt 0.758820 0.004818
vt 0.761738 0.006312
vt 0.763041 0.009708
vt 0.764256 0.012800
vt 0.763635 0.015727
vt 0.762953 0.019211
vt 0.761593 0.022528
vt 0.760027 0.025195
vt 0.756877 0.026649
vt 0.753845 0.028121
vt 0.750807 0.027603
vt 0.747402 0.026718
vt 0.744235 0.025104
vt 0.741277 0.023700
vt 0.739295 0.020805
vt 0.738846 0.017529
vt 0.739375 0.014431
vt 0.740125 0.011058
vt 0.740854 0.005113
vt 0.749888 0.000414
vt 0.752366 0.029840
vt 0.762303 0.025142
vt 0.761204 0.004161
vt 0.766010 0.013740
vt 0.740988 0.025437
vt 0.736836 0.016537
vt 0.738043 0.021838
vt 0.745119 0.002171
vt 0.764586 0.008984
vt 0.757708 0.028203
vt 0.755580 0.003560
vt 0.292357 0.002644
vt 0.740120 0.011058
vt 0.306038 0.003307
vt 0.308300 0.003423
vt 0.303726 0.003204
vt 0.294637 0.002737
vt 0.301383 0.003076
vt 0.747400 0.026721
vt 0.299063 0.002962
vt 0.296912 0.002862
vt 0.762956 0.019212
vt 0.467363 0.773197
vt 0.469379 0.772153
vt 0.466517 0.775345
vt 0.467629 0.777405
vt 0.469823 0.778182
vt 0.471608 0.776981
vt 0.472551 0.774899
vt 0.471230 0.773031
vt 0.487520 0.011403
vt 0.485184 0.012081
vt 0.483606 0.009962
vt 0.485749 0.008744
vt 0.481963 0.007710
vt 0.483690 0.005567
vt 0.486116 0.004669
vt 0.487968 0.007900
vt 0.489938 0.010956
vt 0.488653 0.004554
vt 0.490674 0.007886
vt 0.491201 0.005677
vt 0.493977 0.007114
vt 0.496526 0.008771
vt 0.493102 0.009926
vt 0.498602 0.010481
vt 0.494905 0.011876
vt 0.499362 0.012944
vt 0.496467 0.013762
vt 0.493599 0.014586
vt 0.491819 0.012824
vt 0.490976 0.015323
vt 0.489241 0.013465
vt 0.488481 0.015988
vt 0.486799 0.014071
vt 0.492728 0.017101
vt 0.495821 0.016276
vt 0.499676 0.015520
vt 0.498510 0.018112
vt 0.495053 0.018977
vt 0.491848 0.019739
vt 0.497080 0.020954
vt 0.493880 0.022040
vt 0.495466 0.023629
vt 0.493720 0.025825
vt 0.491240 0.026942
vt 0.491439 0.023372
vt 0.488470 0.027333
vt 0.488974 0.023735
vt 0.485786 0.026316
vt 0.486401 0.023696
vt 0.487051 0.021003
vt 0.489471 0.020496
vt 0.487734 0.018493
vt 0.490186 0.017866
vt 0.485209 0.019076
vt 0.484129 0.021891
vt 0.483032 0.024894
vt 0.480603 0.022781
vt 0.481907 0.020047
vt 0.483403 0.017183
vt 0.478496 0.020707
vt 0.480009 0.017807
vt 0.477565 0.018136
vt 0.477461 0.015545
vt 0.478625 0.013032
vt 0.480925 0.015121
vt 0.480153 0.010248
vt 0.482306 0.012604
vt 0.484276 0.014687
vt 0.485990 0.016600
vt 0.480969 0.006606
vt 0.482783 0.004277
vt 0.485848 0.003330
vt 0.489052 0.002848
vt 0.491679 0.004304
vt 0.494701 0.005935
vt 0.497554 0.007733
vt 0.499845 0.009497
vt 0.500870 0.012555
vt 0.501236 0.015750
vt 0.499899 0.018387
vt 0.498299 0.021505
vt 0.496612 0.024517
vt 0.494897 0.027017
vt 0.491662 0.028149
vt 0.488318 0.028787
vt 0.485376 0.027696
vt 0.482345 0.025908
vt 0.479639 0.023559
vt 0.477156 0.021436
vt 0.475880 0.018291
vt 0.476020 0.015150
vt 0.477393 0.012470
vt 0.479084 0.009499
vt 0.480710 0.003809
vt 0.490518 0.001713
vt 0.486361 0.030062
vt 0.497094 0.026954
vt 0.500040 0.007172
vt 0.502637 0.017123
vt 0.476554 0.022872
vt 0.474590 0.013256
vt 0.475000 0.018556
vt 0.485446 0.001923
vt 0.502290 0.012278
vt 0.492042 0.029430
vt 0.494707 0.005925
vt 0.284658 0.000264
vt 0.479073 0.009491
vt 0.271055 0.001864
vt 0.268805 0.002123
vt 0.273353 0.001585
vt 0.282394 0.000547
vt 0.275684 0.001325
vt 0.482342 0.025916
vt 0.277992 0.001055
vt 0.280129 0.000799
vt 0.498312 0.021513
vt 0.758399 0.847916
vt 0.760545 0.847176
vt 0.757249 0.849918
vt 0.758050 0.852118
vt 0.760108 0.853206
vt 0.762049 0.852277
vt 0.763285 0.850354
vt 0.762248 0.848314
vt 0.717988 0.011170
vt 0.715492 0.011887
vt 0.713566 0.009872
vt 0.715921 0.008675
vt 0.711803 0.007766
vt 0.713754 0.005595
vt 0.716453 0.004686
vt 0.718377 0.007678
vt 0.720522 0.010478
vt 0.719060 0.004071
vt 0.721198 0.007159
vt 0.721694 0.004729
vt 0.724405 0.005629
vt 0.726820 0.007216
vt 0.723628 0.008948
vt 0.728986 0.009076
vt 0.725534 0.010842
vt 0.729950 0.011785
vt 0.727260 0.012792
vt 0.724537 0.013874
vt 0.722560 0.012210
vt 0.721983 0.014876
vt 0.719991 0.013100
vt 0.719521 0.015696
vt 0.717486 0.013820
vt 0.724012 0.016548
vt 0.727113 0.015464
vt 0.730819 0.014536
vt 0.730209 0.017476
vt 0.726873 0.018243
vt 0.723867 0.019337
vt 0.729242 0.020412
vt 0.725964 0.021506
vt 0.727635 0.023014
vt 0.725637 0.025110
vt 0.722932 0.026071
vt 0.723062 0.022635
vt 0.720004 0.026802
vt 0.720369 0.023149
vt 0.717103 0.026034
vt 0.717651 0.023387
vt 0.718376 0.020630
vt 0.721066 0.019935
vt 0.718993 0.018153
vt 0.721637 0.017550
vt 0.716342 0.018835
vt 0.715294 0.021782
vt 0.714177 0.025003
vt 0.711712 0.023005
vt 0.713015 0.020037
vt 0.714307 0.016976
vt 0.709555 0.021055
vt 0.711008 0.017819
vt 0.708580 0.018439
vt 0.708232 0.015712
vt 0.708608 0.012802
vt 0.711487 0.014884
vt 0.709724 0.010017
vt 0.712400 0.012372
vt 0.714881 0.014439
vt 0.716935 0.016343
vt 0.710931 0.006479
vt 0.712791 0.004190
vt 0.715867 0.003383
vt 0.719006 0.002263
vt 0.721937 0.003076
vt 0.725272 0.004427
vt 0.728070 0.006384
vt 0.730369 0.008127
vt 0.731384 0.011271
vt 0.732436 0.014402
vt 0.731570 0.017333
vt 0.730540 0.020817
vt 0.728740 0.024083
vt 0.726639 0.026476
vt 0.723191 0.027368
vt 0.719947 0.028376
vt 0.716926 0.027517
vt 0.713668 0.026174
vt 0.710868 0.024030
vt 0.708295 0.022033
vt 0.706896 0.018757
vt 0.706814 0.015425
vt 0.707166 0.012470
vt 0.708892 0.009052
vt 0.710625 0.003618
vt 0.720176 0.000509
vt 0.718272 0.029828
vt 0.729003 0.026705
vt 0.730732 0.005805
vt 0.734064 0.015567
vt 0.707621 0.023736
vt 0.704868 0.014344
vt 0.705879 0.019577
vt 0.715295 0.001491
vt 0.733228 0.010758
vt 0.723934 0.029023
vt 0.725273 0.004426
vt 0.214724 0.000302
vt 0.708891 0.009053
vt 0.201160 0.002200
vt 0.198916 0.002509
vt 0.203450 0.001871
vt 0.212467 0.000636
vt 0.205776 0.001560
vt 0.713667 0.026174
vt 0.208077 0.001240
vt 0.210209 0.000937
vt 0.730542 0.020818
vt 0.885143 0.935843
vt 0.887252 0.935002
vt 0.884091 0.937898
vt 0.884995 0.940057
vt 0.887102 0.941046
vt 0.888996 0.940026
vt 0.890140 0.938046
vt 0.889007 0.936058
vt 0.653662 0.011047
vt 0.651184 0.011785
vt 0.649305 0.009740
vt 0.651628 0.008519
vt 0.647434 0.007706
vt 0.649369 0.005476
vt 0.652177 0.004615
vt 0.654127 0.007562
vt 0.656236 0.010395
vt 0.654856 0.004007
vt 0.656995 0.007141
vt 0.657534 0.004766
vt 0.660260 0.005761
vt 0.662671 0.007482
vt 0.659430 0.009014
vt 0.664826 0.009499
vt 0.661320 0.010999
vt 0.665673 0.012333
vt 0.662983 0.013088
vt 0.660195 0.013929
vt 0.658249 0.012185
vt 0.657490 0.014782
vt 0.655586 0.012994
vt 0.654910 0.015618
vt 0.653054 0.013751
vt 0.659447 0.016491
vt 0.662711 0.015723
vt 0.666477 0.015196
vt 0.665681 0.018099
vt 0.662190 0.018374
vt 0.658632 0.019122
vt 0.664636 0.020889
vt 0.661114 0.021090
vt 0.663045 0.023071
vt 0.661059 0.024544
vt 0.658814 0.026202
vt 0.658311 0.022726
vt 0.655800 0.027173
vt 0.655818 0.023586
vt 0.652758 0.026430
vt 0.653169 0.023855
vt 0.653675 0.021005
vt 0.656114 0.020147
vt 0.654256 0.018278
vt 0.656765 0.017410
vt 0.651758 0.019100
vt 0.650766 0.022177
vt 0.649740 0.025315
vt 0.647204 0.023213
vt 0.648514 0.020336
vt 0.649865 0.017179
vt 0.644974 0.021243
vt 0.646565 0.018083
vt 0.644048 0.018602
vt 0.643837 0.015911
vt 0.644624 0.013095
vt 0.647241 0.015119
vt 0.645577 0.010129
vt 0.648229 0.012405
vt 0.650520 0.014481
vt 0.652396 0.016418
vt 0.646457 0.006521
vt 0.648394 0.004157
vt 0.651586 0.003370
vt 0.654823 0.002240
vt 0.657802 0.003142
vt 0.661164 0.004651
vt 0.663932 0.006775
vt 0.666228 0.008697
vt 0.667113 0.011952
vt 0.668093 0.015162
vt 0.667070 0.018053
vt 0.665942 0.021460
vt 0.664004 0.024566
vt 0.661905 0.026354
vt 0.658788 0.027578
vt 0.655573 0.028702
vt 0.652492 0.027850
vt 0.649195 0.026397
vt 0.646393 0.024194
vt 0.643734 0.022186
vt 0.642324 0.018829
vt 0.642382 0.015526
vt 0.643294 0.012566
vt 0.644478 0.009373
vt 0.646307 0.003707
vt 0.656039 0.000603
vt 0.653549 0.030066
vt 0.664108 0.027317
vt 0.666582 0.006440
vt 0.669694 0.016335
vt 0.643128 0.023790
vt 0.640516 0.014322
vt 0.641359 0.019588
vt 0.651065 0.001508
vt 0.668972 0.011513
vt 0.659178 0.029482
vt 0.661164 0.004651
vt 0.155864 0.004088
vt 0.644478 0.009373
vt 0.142618 0.000606
vt 0.140431 0.000015
vt 0.144856 0.001196
vt 0.153651 0.003535
vt 0.147118 0.001816
vt 0.649195 0.026397
vt 0.149362 0.002418
vt 0.151448 0.002952
vt 0.665942 0.021460
vt 0.940255 0.861080
vt 0.942402 0.860340
vt 0.939105 0.863083
vt 0.939906 0.865282
vt 0.941963 0.866396
vt 0.943908 0.865441
vt 0.945143 0.863518
vt 0.944105 0.861478
vt 0.048790 0.010847
vt 0.046282 0.010128
vt 0.045612 0.007384
vt 0.048246 0.007666
vt 0.044998 0.004724
vt 0.047810 0.003948
vt 0.050697 0.004700
vt 0.050888 0.008186
vt 0.051373 0.011591
vt 0.053311 0.005504
vt 0.053652 0.009166
vt 0.055270 0.007330
vt 0.057125 0.009411
vt 0.058303 0.012064
vt 0.054784 0.011949
vt 0.059066 0.014944
vt 0.055397 0.014586
vt 0.058378 0.017846
vt 0.055756 0.017259
vt 0.053014 0.016627
vt 0.052211 0.014138
vt 0.050298 0.015989
vt 0.049533 0.013478
vt 0.047667 0.015357
vt 0.046969 0.012800
vt 0.051103 0.018472
vt 0.054173 0.019477
vt 0.057652 0.020740
vt 0.055587 0.022962
vt 0.052372 0.021541
vt 0.049134 0.020332
vt 0.053291 0.024821
vt 0.050054 0.023492
vt 0.050697 0.025861
vt 0.048087 0.026530
vt 0.045312 0.026004
vt 0.047085 0.023083
vt 0.042317 0.025266
vt 0.044411 0.022304
vt 0.040097 0.023211
vt 0.041842 0.021254
vt 0.043831 0.019184
vt 0.046453 0.019754
vt 0.045766 0.017247
vt 0.048389 0.017850
vt 0.043170 0.016644
vt 0.040644 0.018682
vt 0.038043 0.020836
vt 0.036951 0.017752
vt 0.039708 0.016049
vt 0.042521 0.014070
vt 0.036168 0.014957
vt 0.039215 0.013184
vt 0.036745 0.012352
vt 0.037945 0.010040
vt 0.039965 0.007951
vt 0.041329 0.010993
vt 0.042192 0.005791
vt 0.043440 0.009121
vt 0.044441 0.012101
vt 0.045093 0.014723
vt 0.044810 0.003222
vt 0.047680 0.002241
vt 0.050612 0.003294
vt 0.053911 0.003836
vt 0.056214 0.005981
vt 0.058474 0.008976
vt 0.059748 0.012263
vt 0.060734 0.015015
vt 0.059774 0.018166
vt 0.059214 0.021372
vt 0.056963 0.023355
vt 0.054291 0.025809
vt 0.050976 0.027502
vt 0.047917 0.028258
vt 0.044632 0.027191
vt 0.041448 0.026680
vt 0.039275 0.024432
vt 0.037066 0.021658
vt 0.035803 0.018343
vt 0.034600 0.015264
vt 0.035135 0.011646
vt 0.036954 0.008865
vt 0.039109 0.006761
vt 0.041606 0.004559
vt 0.046106 0.000706
vt 0.055939 0.002888
vt 0.039232 0.027207
vt 0.049749 0.029980
vt 0.062250 0.013170
vt 0.060056 0.023252
vt 0.033139 0.016558
vt 0.035552 0.007097
vt 0.033732 0.012069
vt 0.051229 0.001332
vt 0.061706 0.018690
vt 0.044422 0.029206
vt 0.058474 0.008976
vt 0.067261 0.007467
vt 0.041605 0.004559
vt 0.080252 0.003128
vt 0.082402 0.002415
vt 0.078060 0.003870
vt 0.069420 0.006728
vt 0.075830 0.004599
vt 0.037066 0.021658
vt 0.073626 0.005333
vt 0.071585 0.006019
vt 0.054291 0.025809
vt 0.288933 0.865087
vt 0.290998 0.864144
vt 0.287982 0.867191
vt 0.288991 0.869303
vt 0.291143 0.870188
vt 0.292986 0.869077
vt 0.294031 0.867044
vt 0.292803 0.865113
vt 0.024407 0.309675
vt 0.042875 0.299990
vt 0.530062 0.671795
vt 0.024327 0.334817
vt 0.064772 0.161391
vt 0.072300 0.145185
vt 0.080154 0.148833
vt 0.072627 0.165039
vt 0.083376 0.473661
vt 0.901962 0.028583
vt 0.497878 0.492981
vt 0.084359 0.447936
vt 0.019900 0.297188
vt 0.031685 0.289261
vt 0.036436 0.294805
vt 0.024236 0.300384
vt 0.974584 0.422126
vt 0.984141 0.419202
vt 0.984089 0.446091
vt 0.974605 0.446520
vt 0.014866 0.307665
vt 0.014468 0.334355
vt 0.419629 0.342562
vt 0.426967 0.327016
vt 0.064781 0.141692
vt 0.057253 0.157899
vt 0.488184 0.181857
vt 0.484095 0.174938
vt 0.145969 0.007141
vt 0.138115 0.003492
vt 0.100901 0.343714
vt 0.111053 0.357692
vt 0.104319 0.364138
vt 0.093207 0.349550
vt 0.402293 0.348974
vt 0.410361 0.348835
vt 0.412341 0.357845
vt 0.403133 0.358745
vt 0.905851 0.355532
vt 0.077752 0.813444
vt 0.121198 0.362157
vt 0.120289 0.372175
vt 0.110861 0.370329
vt 0.114962 0.363078
vt 0.327937 0.283628
vt 0.335465 0.267422
vt 0.401279 0.125730
vt 0.011494 0.214514
vt 0.007982 0.220765
vt 0.408798 0.129222
vt 0.036552 0.674769
vt 0.419343 0.323579
vt 0.500208 0.187266
vt 0.491869 0.186900
vt 0.417539 0.348772
vt 0.053761 0.165418
vt 0.481801 0.187888
vt 0.476935 0.179760
vt 0.142476 0.014660
vt 0.134622 0.011012
vt 0.941117 0.393943
vt 0.012364 0.225546
vt 0.003550 0.230235
vt 0.397787 0.133248
vt 0.127103 0.007519
vt 0.488807 0.192775
vt 0.027530 0.675102
vt 0.200754 0.441657
vt 0.036144 0.663722
vt 0.905725 0.344928
vt 0.077908 0.802399
vt 0.973243 0.772057
vt 0.982187 0.772005
vt 0.054761 0.663034
vt 0.025794 0.628082
vt 0.024411 0.590631
vt 0.033434 0.590298
vt 0.034816 0.627749
vt 0.078407 0.766434
vt 0.059797 0.766174
vt 0.060287 0.728736
vt 0.078907 0.728989
vt 0.972832 0.699277
vt 0.981779 0.699238
vt 0.981979 0.736349
vt 0.973034 0.736399
vt 0.527652 0.917673
vt 0.053433 0.627062
vt 0.337533 0.477902
vt 0.032967 0.577661
vt 0.904743 0.262327
vt 0.079054 0.716356
vt 0.972778 0.686754
vt 0.981730 0.686724
vt 0.051584 0.576975
vt 0.021406 0.508875
vt 0.030438 0.508562
vt 0.031695 0.543166
vt 0.022671 0.543490
vt 0.079506 0.681876
vt 0.060905 0.681595
vt 0.061363 0.646997
vt 0.079988 0.647276
vt 0.972838 0.618277
vt 0.981789 0.618301
vt 0.981684 0.652572
vt 0.972735 0.652573
vt 0.528421 0.839218
vt 0.050314 0.542481
vt 0.065455 0.877664
vt 0.029990 0.495467
vt 0.903804 0.183433
vt 0.080135 0.634185
vt 0.972895 0.605301
vt 0.981851 0.605332
vt 0.048601 0.494771
vt 0.018292 0.427592
vt 0.027332 0.427260
vt 0.028697 0.460841
vt 0.019678 0.461158
vt 0.080655 0.599562
vt 0.062068 0.599210
vt 0.062598 0.565633
vt 0.081227 0.565976
vt 0.973439 0.537690
vt 0.982396 0.537753
vt 0.982073 0.571026
vt 0.973130 0.570977
vt 0.529186 0.761151
vt 0.047294 0.460074
vt 0.595131 0.519294
vt 0.026914 0.415821
vt 0.902894 0.106960
vt 0.081373 0.554546
vt 0.973545 0.526358
vt 0.982509 0.526424
vt 0.045513 0.415046
vt 0.014547 0.346041
vt 0.024016 0.346014
vt 0.025420 0.379234
vt 0.016363 0.379540
vt 0.082059 0.518007
vt 0.063371 0.517460
vt 0.063994 0.483604
vt 0.083090 0.484902
vt 0.974363 0.457400
vt 0.983644 0.457338
vt 0.982950 0.490208
vt 0.973930 0.490131
vt 0.529952 0.683019
vt 0.044032 0.378446
vt 0.567019 0.330553
vt 0.501805 0.302461
vt 0.590797 0.269154
vt 0.578864 0.300008
vt 0.221432 0.653970
vt 0.219829 0.588988
vt 0.220648 0.621078
vt 0.759503 0.301734
vt 0.760404 0.235064
vt 0.759997 0.266946
vt 0.092724 0.473819
vt 0.093912 0.447447
vt 0.084345 0.441123
vt 0.079284 0.432796
vt 0.083559 0.429350
vt 0.091311 0.439844
vt 0.916399 0.057579
vt 0.914361 0.031076
vt 0.924241 0.032179
vt 0.925657 0.057273
vt 0.917518 0.068789
vt 0.926397 0.068321
vt 0.919356 0.101540
vt 0.928048 0.101134
vt 0.921427 0.149046
vt 0.920953 0.137718
vt 0.929610 0.137362
vt 0.930080 0.148691
vt 0.922839 0.182335
vt 0.931484 0.181975
vt 0.924893 0.229654
vt 0.924322 0.216674
vt 0.932972 0.216306
vt 0.933543 0.229279
vt 0.926429 0.263950
vt 0.935075 0.263565
vt 0.928562 0.310655
vt 0.927984 0.298133
vt 0.936633 0.297740
vt 0.937210 0.310258
vt 0.930288 0.347762
vt 0.938935 0.347360
vt 0.022365 0.211491
vt 0.931958 0.383403
vt 0.940604 0.382998
vt 0.014892 0.207463
vt 0.393683 0.122201
vt 0.390190 0.129720
vt 0.320340 0.280100
vt 0.327868 0.263893
vt 0.129092 0.371487
vt 0.128965 0.361724
vt 0.086477 0.813566
vt 0.460623 0.359060
vt 0.480765 0.331445
vt 0.558743 0.335583
vt 0.167219 0.333111
vt 0.246169 0.831991
vt 0.256451 0.831743
vt 0.257252 0.864951
vt 0.246969 0.865199
vt 0.215712 0.661780
vt 0.698893 0.414895
vt 0.661745 0.897039
vt 0.672028 0.897293
vt 0.671233 0.929524
vt 0.660950 0.929271
vt 0.753498 0.309304
vt 0.091394 0.381914
vt 0.718929 0.812088
vt 0.729187 0.812831
vt 0.726874 0.844773
vt 0.716616 0.844030
vt 0.221601 0.028422
vt 0.220420 0.039584
vt 0.104632 0.441152
vt 0.088882 0.426032
vt 0.098246 0.435854
vt 0.911255 0.480038
vt 0.911161 0.451484
vt 0.906806 0.069109
vt 0.908725 0.101960
vt 0.910804 0.149448
vt 0.911513 0.558419
vt 0.912221 0.182745
vt 0.914273 0.230100
vt 0.911766 0.634897
vt 0.915812 0.264407
vt 0.917944 0.311139
vt 0.912026 0.713797
vt 0.919672 0.348255
vt 0.026757 0.201870
vt 0.912299 0.796403
vt 0.019195 0.198293
vt 0.384355 0.117868
vt 0.380862 0.125387
vt 0.311012 0.275767
vt 0.318540 0.259560
vt 0.139500 0.370825
vt 0.139089 0.361195
vt 0.178431 0.320251
vt 0.451342 0.361771
vt 0.243629 0.788946
vt 0.240987 0.753095
vt 0.251245 0.752339
vt 0.253886 0.788190
vt 0.505591 0.304256
vt 0.484147 0.333860
vt 0.506259 0.293078
vt 0.166717 0.435959
vt 0.132093 0.425640
vt 0.463368 0.362207
vt 0.452671 0.365705
vt 0.592717 0.258927
vt 0.594923 0.269898
vt 0.304612 0.481300
vt 0.271232 0.480433
vt 0.570473 0.332904
vt 0.561044 0.339040
vt 0.582752 0.301472
vt 0.217666 0.578804
vt 0.223922 0.588078
vt 0.036172 0.893398
vt 0.005890 0.904959
vt 0.225523 0.654817
vt 0.219161 0.664094
vt 0.224801 0.620934
vt 0.758634 0.224804
vt 0.764529 0.234310
vt 0.563484 0.534503
vt 0.532983 0.544816
vt 0.763562 0.302708
vt 0.756856 0.311748
vt 0.764152 0.266961
vt 0.487476 0.336264
vt 0.508510 0.307458
vt 0.236853 0.753399
vt 0.239495 0.789250
vt 0.510041 0.302999
vt 0.510414 0.293123
vt 0.514575 0.293208
vt 0.514430 0.303064
vt 0.131184 0.429662
vt 0.165528 0.439964
vt 0.164340 0.443947
vt 0.129664 0.433588
vt 0.453826 0.369625
vt 0.463220 0.366789
vt 0.246471 0.827515
vt 0.256728 0.826760
vt 0.598905 0.267559
vt 0.596748 0.257913
vt 0.600793 0.256937
vt 0.603165 0.266505
vt 0.271410 0.484549
vt 0.304508 0.485478
vt 0.304398 0.489633
vt 0.270953 0.488739
vt 0.563173 0.342527
vt 0.571516 0.337364
vt 0.247868 0.902445
vt 0.258150 0.902197
vt 0.586581 0.302943
vt 0.598559 0.272279
vt 0.242024 0.832091
vt 0.242825 0.865299
vt 0.226701 0.584391
vt 0.220996 0.576317
vt 0.224353 0.573859
vt 0.230228 0.581781
vt 0.007625 0.908695
vt 0.037667 0.897301
vt 0.039147 0.901186
vt 0.008794 0.912746
vt 0.222462 0.666502
vt 0.228194 0.658537
vt 0.660028 0.966664
vt 0.670311 0.966917
vt 0.228900 0.620821
vt 0.228198 0.588890
vt 0.657601 0.896937
vt 0.656806 0.929169
vt 0.767447 0.230733
vt 0.762057 0.222446
vt 0.765507 0.220119
vt 0.771072 0.228261
vt 0.534572 0.548616
vt 0.564827 0.538462
vt 0.566157 0.542400
vt 0.535583 0.552709
vt 0.760063 0.314279
vt 0.766089 0.306535
vt 0.713780 0.883205
vt 0.724038 0.883948
vt 0.768252 0.267006
vt 0.768771 0.235288
vt 0.714794 0.811789
vt 0.712481 0.843731
vt 0.514219 0.307143
vt 0.510870 0.305646
vt 0.466537 0.366961
vt 0.242337 0.827820
vt 0.603999 0.270511
vt 0.600379 0.269918
vt 0.574767 0.336668
vt 0.243724 0.902545
vt 0.232539 0.585162
vt 0.228969 0.586007
vt 0.230932 0.656650
vt 0.655884 0.966561
vt 0.773251 0.231729
vt 0.769652 0.232436
vt 0.768896 0.304760
vt 0.709645 0.882906
vt 0.203065 0.449637
vt 0.518865 0.807444
vt 0.200555 0.454946
vt 0.200862 0.451299
vt 0.516023 0.768874
vt 0.513381 0.733023
vt 0.123650 0.426970
vt 0.127490 0.424971
vt 0.127969 0.428835
vt 0.517211 0.728585
vt 0.341857 0.485007
vt 0.520921 0.895860
vt 0.340807 0.490787
vt 0.340154 0.487186
vt 0.520023 0.858614
vt 0.519222 0.825406
vt 0.263429 0.483912
vt 0.266617 0.480984
vt 0.268087 0.484588
vt 0.523266 0.821162
vt 0.072158 0.882586
vt 0.933078 0.973397
vt 0.073390 0.888331
vt 0.071414 0.885249
vt 0.934000 0.936005
vt 0.934795 0.903773
vt 0.000000 0.911145
vt 0.001833 0.907224
vt 0.004566 0.909997
vt 0.939041 0.899731
vt 0.601623 0.524475
vt 0.986201 0.902926
vt 0.602645 0.530256
vt 0.600788 0.527102
vt 0.989037 0.863751
vt 0.991349 0.831809
vt 0.526858 0.550769
vt 0.528842 0.546922
vt 0.531465 0.549798
vt 0.995783 0.827974
vt 0.714079 0.879070
vt 0.724338 0.879813
vt 0.767752 0.301904
vt 0.709945 0.878771
vt 0.986500 0.898792
vt 0.599074 0.531173
vt 0.597825 0.527188
vt 0.597353 0.522900
vt 0.660131 0.962520
vt 0.670413 0.962773
vt 0.229682 0.653831
vt 0.655986 0.962417
vt 0.933180 0.969253
vt 0.069846 0.889387
vt 0.068449 0.885452
vt 0.067838 0.881171
vt 0.247768 0.898301
vt 0.258050 0.898053
vt 0.574692 0.333587
vt 0.243624 0.898401
vt 0.520821 0.891716
vt 0.337128 0.490415
vt 0.337335 0.486244
vt 0.338401 0.482053
vt 0.246166 0.823381
vt 0.256424 0.822626
vt 0.467255 0.363967
vt 0.242032 0.823686
vt 0.518560 0.803310
vt 0.197108 0.453630
vt 0.198392 0.449656
vt 0.200491 0.445885
vt 0.977411 0.411815
vt 0.982434 0.410163
vt 0.916400 0.018838
vt 0.918846 0.023846
vt 0.924572 0.026464
vt 0.442275 0.023055
vt 0.473120 0.026318
vt 0.000007 0.332072
vt 0.439271 0.051451
vt 0.438090 0.062613
vt 0.617150 0.017726
vt 0.637750 0.041414
vt 0.620622 0.015437
vt 0.641222 0.039125
vt 0.624094 0.013148
vt 0.644694 0.036836
vt 0.978737 0.826740
vt 0.978438 0.830874
vt 0.947501 0.828635
vt 0.976126 0.862816
vt 0.942354 0.899752
vt 0.942653 0.895617
vt 0.973589 0.897857
vt 0.612561 0.516949
vt 0.609220 0.514473
vt 0.627955 0.489652
vt 0.605866 0.512020
vt 0.624636 0.487148
vt 0.004459 0.416498
vt 0.621321 0.484644
vt 0.310044 0.392038
vt 0.068314 0.377332
vt 0.089811 0.400208
vt 0.071695 0.374911
vt 0.093192 0.397787
vt 0.075076 0.372489
vt 0.096573 0.395366
vt 0.921956 0.899310
vt 0.921854 0.903454
vt 0.890846 0.902689
vt 0.921059 0.935686
vt 0.889129 0.972314
vt 0.889232 0.968170
vt 0.920239 0.968934
vt 0.082797 0.874646
vt 0.079364 0.872299
vt 0.097138 0.846781
vt 0.075919 0.869976
vt 0.093726 0.844406
vt 0.007503 0.496173
vt 0.090318 0.842030
vt 0.917777 0.415389
vt 0.532472 0.015477
vt 0.543501 0.044868
vt 0.536525 0.014545
vt 0.547553 0.043935
vt 0.540578 0.013612
vt 0.551606 0.043003
vt 0.506180 0.821574
vt 0.506280 0.825718
vt 0.475273 0.826466
vt 0.507081 0.858926
vt 0.476972 0.896920
vt 0.476872 0.892776
vt 0.507879 0.892028
vt 0.354718 0.481718
vt 0.352437 0.478240
vt 0.378592 0.461417
vt 0.350137 0.474780
vt 0.376341 0.457921
vt 0.010458 0.578492
vt 0.374095 0.454426
vt 0.385871 0.323015
vt 0.509920 0.042312
vt 0.513110 0.073541
vt 0.514076 0.042441
vt 0.517267 0.073670
vt 0.518233 0.042570
vt 0.521423 0.073799
vt 0.500166 0.729841
vt 0.500471 0.733975
vt 0.469538 0.736254
vt 0.503113 0.769826
vt 0.475022 0.810675
vt 0.474717 0.806541
vt 0.505650 0.804261
vt 0.216339 0.449814
vt 0.215043 0.445862
vt 0.244676 0.436428
vt 0.213723 0.441922
vt 0.243413 0.432467
vt 0.013636 0.664553
vt 0.242154 0.428508
vt 0.396301 0.299197
vt 0.389171 0.341243
vt 0.358437 0.350992
vt 0.389506 0.349589
vt 0.358875 0.360603
vt 0.080875 0.178012
vt 0.084367 0.170493
vt 0.112497 0.183559
vt 0.091895 0.154286
vt 0.120025 0.167352
vt 0.185839 0.025660
vt 0.182347 0.033179
vt 0.154217 0.020113
vt 0.485833 0.159060
vt 0.477504 0.163969
vt 0.461615 0.137231
vt 0.995620 0.782877
vt 0.454464 0.141481
vt 0.662399 0.797228
vt 0.693415 0.797125
vt 0.662285 0.762699
vt 0.662166 0.726751
vt 0.693182 0.726649
vt 0.693301 0.762597
vt 0.662126 0.714621
vt 0.693143 0.714519
vt 0.662017 0.681510
vt 0.661907 0.648293
vt 0.692923 0.648191
vt 0.693033 0.681408
vt 0.661866 0.635722
vt 0.692882 0.635619
vt 0.661756 0.602463
vt 0.661649 0.570222
vt 0.692666 0.570119
vt 0.692772 0.602361
vt 0.661613 0.559244
vt 0.692630 0.559142
vt 0.661497 0.524112
vt 0.661392 0.492087
vt 0.692408 0.491985
vt 0.692514 0.524010
vt 0.661355 0.480862
vt 0.692371 0.480760
vt 0.995738 0.409655
vt 0.692277 0.452206
vt 0.985910 0.402717
vt 0.012027 0.293005
vt 0.022822 0.286765
vt 0.291950 0.733898
vt 0.951947 0.443619
vt 0.952634 0.455998
vt 0.657105 0.716292
vt 0.656761 0.751423
vt 0.952284 0.537317
vt 0.656337 0.794640
vt 0.656011 0.827897
vt 0.951685 0.618115
vt 0.655563 0.873683
vt 0.655238 0.906793
vt 0.951693 0.699361
vt 0.654767 0.954869
vt 0.654429 0.989396
vt 0.472593 0.207227
vt 0.480162 0.210765
vt 0.118481 0.026082
vt 0.126000 0.029575
vt 0.133854 0.033223
vt 0.145594 0.038676
vt 0.173724 0.051742
vt 0.372240 0.143950
vt 0.381568 0.148283
vt 0.389164 0.151812
vt 0.016351 0.247255
vt 0.024076 0.241516
vt 0.962244 0.392952
vt 0.961730 0.382007
vt 0.777851 0.311918
vt 0.777423 0.275972
vt 0.957761 0.296754
vt 0.776885 0.230734
vt 0.776490 0.197519
vt 0.954101 0.215337
vt 0.775945 0.151692
vt 0.775561 0.119453
vt 0.950741 0.136398
vt 0.775013 0.073347
vt 0.774632 0.041324
vt 0.947894 0.053594
vt 0.942953 0.019337
vt 0.929486 0.016363
vt 0.928179 0.010909
vt 0.920808 0.006421
vt 0.966285 0.403092
vt 0.972296 0.396508
vt 0.964735 0.409418
vt 0.283796 0.596038
vt 0.255915 0.609515
vt 0.339460 0.711080
vt 0.311546 0.724575
vt 0.039365 0.283664
vt 0.958853 0.394998
vt 0.075510 0.420969
vt 0.935537 0.005270
vt 0.919266 0.000030
vt 0.092947 0.417125
vt 0.716180 0.850049
vt 0.726439 0.850792
vt 0.772391 0.273091
vt 0.768235 0.273065
vt 0.764079 0.273032
vt 0.090665 0.524391
vt 0.081927 0.524268
vt 0.902548 0.077864
vt 0.949561 0.106237
vt 0.928330 0.107351
vt 0.919649 0.107736
vt 0.911417 0.529322
vt 0.661517 0.530147
vt 0.692534 0.530044
vt 0.982885 0.496425
vt 0.973876 0.496361
vt 0.657046 0.722327
vt 0.044315 0.384716
vt 0.025669 0.385524
vt 0.567873 0.528663
vt 0.569217 0.532531
vt 0.570540 0.536474
vt 0.992736 0.870069
vt 0.988601 0.869770
vt 0.975690 0.868835
vt 0.726657 0.847768
vt 0.716399 0.847025
vt 0.772403 0.270050
vt 0.768256 0.270025
vt 0.764121 0.269982
vt 0.090731 0.521261
vt 0.081990 0.521125
vt 0.902512 0.074833
vt 0.949438 0.103073
vt 0.928190 0.104228
vt 0.919504 0.104623
vt 0.911407 0.526290
vt 0.661507 0.527115
vt 0.692524 0.527013
vt 0.982920 0.493303
vt 0.973904 0.493235
vt 0.657076 0.719295
vt 0.044173 0.381564
vt 0.025542 0.382366
vt 0.564988 0.529616
vt 0.566338 0.533535
vt 0.567672 0.537475
vt 0.992955 0.867045
vt 0.988820 0.866746
vt 0.975909 0.865811
vt 0.755082 0.882039
vt 0.759931 0.815057
vt 0.748544 0.194349
vt 0.745072 0.196634
vt 0.741603 0.198916
vt 0.251074 0.042827
vt 0.252255 0.031665
vt 0.445544 0.498395
vt 0.452844 0.514325
vt 0.508709 0.629259
vt 0.880336 0.451585
vt 0.880430 0.480139
vt 0.880467 0.491364
vt 0.880573 0.523389
vt 0.880583 0.526392
vt 0.880689 0.558521
vt 0.880593 0.529424
vt 0.880725 0.569499
vt 0.880832 0.601740
vt 0.880983 0.647570
vt 0.880942 0.634999
vt 0.881093 0.680787
vt 0.881242 0.726028
vt 0.881202 0.713898
vt 0.881360 0.761976
vt 0.039681 0.173713
vt 0.881474 0.796505
vt 0.032116 0.170231
vt 0.356399 0.104883
vt 0.352906 0.112402
vt 0.344284 0.130965
vt 0.290584 0.246575
vt 0.283056 0.262782
vt 0.170398 0.369352
vt 0.169949 0.359733
vt 0.209113 0.317286
vt 0.421863 0.371096
vt 0.423123 0.375052
vt 0.424385 0.379010
vt 0.287470 0.824494
vt 0.287165 0.820360
vt 0.281986 0.750074
vt 0.515558 0.262372
vt 0.511404 0.262240
vt 0.507253 0.262106
vt 0.198010 0.331690
vt 0.532682 0.352227
vt 0.534923 0.355722
vt 0.537169 0.359217
vt 0.288966 0.901454
vt 0.288866 0.897310
vt 0.287267 0.831000
vt 0.593897 0.226866
vt 0.589846 0.227795
vt 0.585798 0.228722
vt 0.729718 0.414964
vt 0.197993 0.687118
vt 0.201400 0.689491
vt 0.204810 0.691864
vt 0.701126 0.967677
vt 0.701228 0.963533
vt 0.702843 0.898053
vt 0.206411 0.548761
vt 0.203030 0.551178
vt 0.199651 0.553592
vt 0.122185 0.383340
vt 0.734825 0.333948
vt 0.738138 0.336449
vt 0.741456 0.338950
vt 0.754783 0.886174
vt 0.758046 0.882254
vt 0.760921 0.882462
vt 0.765770 0.815480
vt 0.762895 0.815271
vt 0.745313 0.189438
vt 0.746905 0.191856
vt 0.743433 0.194143
vt 0.741841 0.191727
vt 0.739961 0.196429
vt 0.738370 0.194016
vt 0.254029 0.043140
vt 0.256895 0.043443
vt 0.255210 0.031977
vt 0.258076 0.032281
vt 0.442868 0.499687
vt 0.261080 0.003885
vt 0.447581 0.516869
vt 0.450172 0.515617
vt 0.503440 0.631806
vt 0.506035 0.630551
vt 0.874482 0.451605
vt 0.877365 0.451595
vt 0.874576 0.480159
vt 0.877459 0.480149
vt 0.874614 0.491384
vt 0.877496 0.491374
vt 0.874719 0.523409
vt 0.877602 0.523399
vt 0.874729 0.526412
vt 0.877612 0.526402
vt 0.874835 0.558540
vt 0.874739 0.529443
vt 0.877622 0.529434
vt 0.877717 0.558531
vt 0.874871 0.569518
vt 0.877754 0.569509
vt 0.874978 0.601759
vt 0.877860 0.601750
vt 0.875129 0.647589
vt 0.875087 0.635018
vt 0.877970 0.635009
vt 0.878011 0.647580
vt 0.875239 0.680806
vt 0.878121 0.680797
vt 0.875388 0.726047
vt 0.875348 0.713918
vt 0.878230 0.713908
vt 0.878270 0.726038
vt 0.875506 0.761995
vt 0.878389 0.761986
vt 0.042128 0.168366
vt 0.875620 0.796524
vt 0.878503 0.796515
vt 0.040923 0.170998
vt 0.034568 0.164895
vt 0.033361 0.167523
vt 0.351089 0.102417
vt 0.353704 0.103631
vt 0.350211 0.111150
vt 0.347597 0.109936
vt 0.341589 0.129713
vt 0.338974 0.128499
vt 0.287889 0.245323
vt 0.285275 0.244109
vt 0.277747 0.260316
vt 0.280361 0.261530
vt 0.176263 0.369072
vt 0.173375 0.369209
vt 0.172928 0.359595
vt 0.175817 0.359462
vt 0.212071 0.317000
vt 0.214940 0.316723
vt 0.419019 0.371998
vt 0.416261 0.372877
vt 0.417528 0.376838
vt 0.420283 0.375958
vt 0.418793 0.380799
vt 0.421547 0.379918
vt 0.293308 0.824064
vt 0.290433 0.824276
vt 0.290129 0.820142
vt 0.293003 0.819930
vt 0.284950 0.749855
vt 0.287824 0.749643
vt 0.515746 0.256498
vt 0.515654 0.259390
vt 0.511499 0.259259
vt 0.511590 0.256368
vt 0.507344 0.259128
vt 0.507433 0.256239
vt 0.200979 0.331553
vt 0.203858 0.331420
vt 0.530167 0.353838
vt 0.527730 0.355404
vt 0.529983 0.358900
vt 0.532415 0.357334
vt 0.532235 0.362396
vt 0.534664 0.360830
vt 0.294818 0.901313
vt 0.291936 0.901382
vt 0.291837 0.897238
vt 0.294718 0.897169
vt 0.290237 0.830928
vt 0.293119 0.830859
vt 0.592585 0.221137
vt 0.593232 0.223958
vt 0.589180 0.224888
vt 0.588532 0.222070
vt 0.585128 0.225818
vt 0.584480 0.223002
vt 0.732689 0.414971
vt 0.735572 0.414977
vt 0.196285 0.689565
vt 0.194631 0.691940
vt 0.198046 0.694313
vt 0.199698 0.691939
vt 0.201461 0.696686
vt 0.203110 0.694312
vt 0.706978 0.967821
vt 0.704097 0.967750
vt 0.704199 0.963606
vt 0.707080 0.963677
vt 0.705814 0.898126
vt 0.708695 0.898197
vt 0.202994 0.543979
vt 0.204677 0.546333
vt 0.201296 0.548752
vt 0.199613 0.546400
vt 0.197915 0.551170
vt 0.196232 0.548821
vt 0.125154 0.383478
vt 0.128033 0.383611
vt 0.733025 0.336328
vt 0.731282 0.338638
vt 0.734604 0.341140
vt 0.736344 0.338830
vt 0.737925 0.343641
vt 0.739664 0.341332
vt 0.760621 0.886596
vt 0.757746 0.886388
vt 0.660799 0.935396
vt 0.671081 0.935649
vt 0.233271 0.626835
vt 0.229117 0.626968
vt 0.224963 0.627097
vt 0.089293 0.606027
vt 0.080561 0.605937
vt 0.903481 0.156302
vt 0.952898 0.187336
vt 0.931755 0.188302
vt 0.923102 0.188662
vt 0.911676 0.607765
vt 0.880852 0.607867
vt 0.877880 0.607877
vt 0.874998 0.607886
vt 0.661776 0.608590
vt 0.692793 0.608487
vt 0.982039 0.577349
vt 0.973079 0.577304
vt 0.656277 0.800766
vt 0.047578 0.466464
vt 0.028936 0.467222
vt 0.040423 0.887363
vt 0.041914 0.891172
vt 0.043383 0.895063
vt 0.937993 0.942232
vt 0.933849 0.942129
vt 0.920908 0.941810
vt 0.671157 0.932587
vt 0.660875 0.932333
vt 0.233167 0.623765
vt 0.229021 0.623898
vt 0.224887 0.624015
vt 0.089336 0.602839
vt 0.080606 0.602752
vt 0.903445 0.153239
vt 0.952750 0.184177
vt 0.931619 0.185140
vt 0.922970 0.185499
vt 0.911666 0.604702
vt 0.880842 0.604804
vt 0.877870 0.604813
vt 0.874988 0.604823
vt 0.661766 0.605526
vt 0.692782 0.605424
vt 0.982057 0.574189
vt 0.973104 0.574143
vt 0.656307 0.797703
vt 0.047439 0.463267
vt 0.028817 0.464034
vt 0.037545 0.888435
vt 0.039044 0.892298
vt 0.040527 0.896184
vt 0.938069 0.939169
vt 0.933925 0.939067
vt 0.920983 0.938748
vt 0.247114 0.871216
vt 0.257397 0.870968
vt 0.588346 0.310069
vt 0.584458 0.308600
vt 0.580573 0.307124
vt 0.088156 0.688233
vt 0.079426 0.688142
vt 0.904420 0.235236
vt 0.956492 0.268794
vt 0.935356 0.269778
vt 0.926706 0.270164
vt 0.911937 0.686704
vt 0.881112 0.686806
vt 0.878141 0.686815
vt 0.875258 0.686825
vt 0.662037 0.687529
vt 0.693053 0.687426
vt 0.981684 0.658779
vt 0.972733 0.658787
vt 0.655504 0.879702
vt 0.050544 0.548750
vt 0.031926 0.549436
vt 0.310733 0.477337
vt 0.310661 0.481426
vt 0.310537 0.485583
vt 0.524312 0.864531
vt 0.520168 0.864631
vt 0.507226 0.864943
vt 0.257323 0.867926
vt 0.247041 0.868174
vt 0.589420 0.307216
vt 0.585541 0.305748
vt 0.581679 0.304269
vt 0.088194 0.685064
vt 0.079466 0.684975
vt 0.904384 0.232194
vt 0.956343 0.265656
vt 0.935214 0.266638
vt 0.926566 0.267023
vt 0.911927 0.683661
vt 0.881102 0.683763
vt 0.878131 0.683773
vt 0.875248 0.683782
vt 0.662027 0.684486
vt 0.693043 0.684384
vt 0.981683 0.655642
vt 0.972733 0.655646
vt 0.655533 0.876659
vt 0.050428 0.545581
vt 0.031809 0.546266
vt 0.307684 0.477232
vt 0.307599 0.481375
vt 0.307490 0.485533
vt 0.524238 0.861489
vt 0.520094 0.861589
vt 0.507153 0.861901
vt 0.244065 0.794873
vt 0.254323 0.794117
vt 0.487390 0.343547
vt 0.484012 0.341125
vt 0.480638 0.338698
vt 0.087051 0.772738
vt 0.078324 0.772623
vt 0.905385 0.316344
vt 0.960349 0.352504
vt 0.939221 0.353494
vt 0.930575 0.353896
vt 0.912204 0.767817
vt 0.881380 0.767919
vt 0.878408 0.767929
vt 0.875526 0.767938
vt 0.662304 0.768642
vt 0.693321 0.768539
vt 0.982014 0.742486
vt 0.973070 0.742536
vt 0.654709 0.960811
vt 0.053661 0.633253
vt 0.035045 0.633940
vt 0.173586 0.433702
vt 0.172449 0.437634
vt 0.171250 0.441617
vt 0.520594 0.774496
vt 0.516460 0.774801
vt 0.503549 0.775752
vt 0.243853 0.791992
vt 0.254111 0.791236
vt 0.489076 0.341188
vt 0.485702 0.338773
vt 0.482348 0.336350
vt 0.087091 0.769727
vt 0.078365 0.769616
vt 0.905351 0.313456
vt 0.960210 0.349523
vt 0.939082 0.350513
vt 0.930435 0.350915
vt 0.912195 0.764929
vt 0.881370 0.765031
vt 0.878399 0.765041
vt 0.875517 0.765050
vt 0.662295 0.765754
vt 0.693311 0.765651
vt 0.981997 0.739504
vt 0.973053 0.739554
vt 0.654737 0.957923
vt 0.053550 0.630244
vt 0.034934 0.630931
vt 0.170819 0.432854
vt 0.169657 0.436831
vt 0.168470 0.440817
vt 0.520382 0.771616
vt 0.516247 0.771921
vt 0.503337 0.772872
vt 0.941709 0.828216
vt 0.647901 0.041699
vt 0.644429 0.043988
vt 0.640957 0.046278
vt 0.432315 0.062002
vt 0.433496 0.050840
vt 0.281404 0.577606
vt 0.289016 0.593515
vt 0.344686 0.708554
vt 0.698084 0.452187
vt 0.698178 0.480741
vt 0.698215 0.491966
vt 0.698321 0.523991
vt 0.698331 0.526994
vt 0.698341 0.530025
vt 0.698437 0.559122
vt 0.698473 0.570100
vt 0.698579 0.602342
vt 0.698590 0.605405
vt 0.698600 0.608468
vt 0.698689 0.635600
vt 0.698730 0.648171
vt 0.698840 0.681389
vt 0.698850 0.684364
vt 0.698860 0.687407
vt 0.698949 0.714500
vt 0.698990 0.726630
vt 0.699108 0.762577
vt 0.699118 0.765632
vt 0.699128 0.768520
vt 0.699222 0.797106
vt 0.451487 0.136473
vt 0.458638 0.132223
vt 0.191106 0.028106
vt 0.187613 0.035625
vt 0.178991 0.054188
vt 0.125292 0.169799
vt 0.117764 0.186005
vt 0.353061 0.360868
vt 0.352617 0.351258
vt 0.390521 0.299755
vt 0.247696 0.426735
vt 0.248962 0.430696
vt 0.250227 0.434657
vt 0.469231 0.811101
vt 0.468926 0.806967
vt 0.463747 0.736680
vt 0.521242 0.079622
vt 0.517086 0.079493
vt 0.512929 0.079364
vt 0.380070 0.323283
vt 0.378985 0.451271
vt 0.381238 0.454766
vt 0.383491 0.458261
vt 0.471166 0.897060
vt 0.471066 0.892916
vt 0.469467 0.826606
vt 0.552912 0.048680
vt 0.548860 0.049613
vt 0.544807 0.050545
vt 0.911970 0.415376
vt 0.093636 0.837251
vt 0.097051 0.839624
vt 0.100466 0.841997
vt 0.883324 0.972171
vt 0.883426 0.968027
vt 0.885041 0.902546
vt 0.099965 0.400103
vt 0.096584 0.402524
vt 0.093203 0.404945
vt 0.304243 0.391770
vt 0.624819 0.479995
vt 0.628141 0.482496
vt 0.631463 0.484998
vt 0.936562 0.899332
vt 0.936861 0.895198
vt 0.944709 0.828433
vt 0.646240 0.039180
vt 0.642768 0.041469
vt 0.639296 0.043759
vt 0.435306 0.062319
vt 0.436487 0.051156
vt 0.278695 0.578913
vt 0.286312 0.594822
vt 0.341979 0.709862
vt 0.695076 0.452197
vt 0.695170 0.480751
vt 0.695207 0.491976
vt 0.695313 0.524001
vt 0.695323 0.527004
vt 0.695333 0.530035
vt 0.695429 0.559132
vt 0.695465 0.570110
vt 0.695572 0.602351
vt 0.695582 0.605415
vt 0.695592 0.608478
vt 0.695681 0.635610
vt 0.695723 0.648181
vt 0.695832 0.681398
vt 0.695842 0.684374
vt 0.695852 0.687417
vt 0.695942 0.714510
vt 0.695982 0.726639
vt 0.696100 0.762587
vt 0.696110 0.765642
vt 0.696120 0.768530
vt 0.696215 0.797116
vt 0.453029 0.139067
vt 0.460180 0.134817
vt 0.188378 0.026839
vt 0.184886 0.034358
vt 0.176263 0.052922
vt 0.122564 0.168532
vt 0.115036 0.184738
vt 0.356072 0.360730
vt 0.355631 0.351120
vt 0.393515 0.299466
vt 0.244824 0.427653
vt 0.246089 0.431614
vt 0.247352 0.435575
vt 0.472230 0.810880
vt 0.471925 0.806746
vt 0.466746 0.736459
vt 0.521336 0.076606
vt 0.517180 0.076477
vt 0.513023 0.076348
vt 0.383074 0.323144
vt 0.376451 0.452905
vt 0.378703 0.456400
vt 0.380954 0.459896
vt 0.474173 0.896987
vt 0.474073 0.892843
vt 0.472474 0.826533
vt 0.552236 0.045740
vt 0.548183 0.046672
vt 0.544130 0.047605
vt 0.914978 0.415382
vt 0.091916 0.839727
vt 0.095330 0.842101
vt 0.098743 0.844475
vt 0.886331 0.972245
vt 0.886433 0.968101
vt 0.888048 0.902620
vt 0.098208 0.397649
vt 0.094827 0.400071
vt 0.091446 0.402492
vt 0.307248 0.391909
vt 0.623006 0.482403
vt 0.626326 0.484906
vt 0.629646 0.487408
vt 0.939562 0.899549
vt 0.939861 0.895415
vt 0.545409 0.611556
vt 0.553280 0.607785
vt 0.489775 0.496700
vt 0.480552 0.500932
vt 0.901622 0.000031
vt 0.473305 0.484998
vt 0.258214 0.003582
vt 0.440272 0.500939
vt 0.255259 0.003269
vt 0.439492 0.022760
vt 0.276174 0.580130
vt 0.248240 0.593610
vt 0.436501 0.022444
vt 0.244837 0.614994
vt 0.021049 0.274228
vt 0.236548 0.619094
vt 0.300337 0.729907
vt 0.657809 0.644491
vt 0.350759 0.728244
vt 0.353468 0.726937
vt 0.348238 0.729461
vt 0.976718 0.385844
vt 0.320304 0.742941
vt 0.514932 0.649018
vt 0.517608 0.647726
vt 0.512336 0.650271
vt 0.536450 0.615847
vt 0.545369 0.634329
vt 0.921856 0.394846
vt 0.030737 0.236467
vt 0.018151 0.219576
vt 0.932472 0.394348
vt 0.118861 0.353718
vt 0.107584 0.338755
vt 0.138602 0.352827
vt 0.128025 0.353199
vt 0.172541 0.351285
vt 0.169562 0.351423
vt 0.175430 0.351152
vt 0.355250 0.342808
vt 0.352232 0.342949
vt 0.358060 0.342677
vt 0.402344 0.340663
vt 0.014044 0.675600
vt 0.526858 0.998751
vt 0.411624 0.340375
vt 0.952171 0.783132
vt 0.699257 0.807711
vt 0.470357 0.168259
vt 0.982251 0.782956
vt 0.973308 0.783008
vt 0.693450 0.807730
vt 0.696249 0.807720
vt 0.878538 0.807119
vt 0.881509 0.807109
vt 0.875655 0.807128
vt 0.108404 0.004042
vt 0.115964 0.007512
vt 0.468455 0.129900
vt 0.099661 0.000029
vt 0.466912 0.127306
vt 0.469892 0.132313
vt 0.488935 0.214734
vt 0.497747 0.195941
vt 0.157709 0.012594
vt 0.492604 0.170293
vt 0.497486 0.178035
vt 0.130596 0.000000
vt 0.024617 0.163507
vt 0.023373 0.166215
vt 0.025825 0.160881
vt 0.010417 0.194316
vt 0.396683 0.155304
vt 0.405306 0.136741
vt 0.005988 0.203779
vt 0.002460 0.211830
vt 0.000000 0.220745
vt 0.276869 0.269049
vt 0.279564 0.270301
vt 0.307520 0.283286
vt 0.316848 0.287619
vt 0.324444 0.291147
vt 0.331963 0.294640
vt 0.335456 0.287121
vt 0.342984 0.270914
vt 0.274255 0.267835
vt 0.111543 0.192257
vt 0.114271 0.193524
vt 0.109005 0.191078
vt 0.389982 0.359215
vt 0.069134 0.172558
vt 0.061280 0.168910
vt 0.421373 0.355756
vt 0.427968 0.348099
vt 0.435689 0.331077
vt 0.955014 0.410838
vt 0.657419 0.684269
vt 0.657529 0.673044
vt 0.952403 0.525968
vt 0.656653 0.762400
vt 0.952692 0.492669
vt 0.952616 0.495807
vt 0.952778 0.489570
vt 0.951950 0.573826
vt 0.951893 0.576997
vt 0.952014 0.570661
vt 0.951751 0.605099
vt 0.655888 0.840468
vt 0.951582 0.655581
vt 0.951570 0.658736
vt 0.951602 0.652497
vt 0.951637 0.686801
vt 0.655119 0.918922
vt 0.951916 0.739672
vt 0.951898 0.736516
vt 0.654325 1.000000
vt 0.995166 0.618292
vt 0.995778 0.537747
vt 0.997324 0.456799
vt 0.998159 0.444363
vt 0.661260 0.452308
vt 0.995897 0.526410
vt 0.995228 0.605326
vt 0.995103 0.686671
vt 0.995429 0.574168
vt 0.995438 0.571014
vt 0.995423 0.577329
vt 0.995057 0.655609
vt 0.995054 0.652547
vt 0.995062 0.658741
vt 0.995366 0.739427
vt 0.995348 0.736274
vt 0.995150 0.699172
vt 0.995383 0.742409
vt 0.995556 0.771926
vt 0.662434 0.807832
vt 0.996354 0.493217
vt 0.996402 0.490119
vt 0.996314 0.496355
vt 0.951934 0.742656
vt 0.952106 0.772180
vt 0.528840 0.796454
vt 0.528810 0.799517
vt 0.528067 0.875410
vt 0.528037 0.878452
vt 0.527270 0.956674
vt 0.527242 0.959562
vt 0.527300 0.953620
vt 0.526962 0.988147
vt 0.528096 0.872434
vt 0.527771 0.905544
vt 0.528870 0.793391
vt 0.528544 0.826648
vt 0.529609 0.718046
vt 0.529579 0.721077
vt 0.529638 0.715043
vt 0.529294 0.750173
vt 0.055169 0.674082
vt 0.052050 0.589611
vt 0.049062 0.507873
vt 0.045958 0.426475
vt 0.042917 0.344953
vt 0.043054 0.332957
vt 0.530342 0.643242
vt 0.004195 0.297426
vt 0.103506 0.473168
vt 0.224605 0.000026
vt 0.903025 0.117937
vt 0.902095 0.039807
vt 0.063714 0.470886
vt 0.068317 0.436053
vt 0.062767 0.554178
vt 0.904887 0.274456
vt 0.903954 0.196003
vt 0.061527 0.633887
vt 0.060442 0.716098
vt 0.063314 0.520621
vt 0.902476 0.071830
vt 0.063253 0.523811
vt 0.061997 0.602405
vt 0.903408 0.150176
vt 0.061926 0.605605
vt 0.060853 0.684697
vt 0.904349 0.229218
vt 0.060800 0.687870
vt 0.059750 0.769355
vt 0.905315 0.310401
vt 0.059706 0.772363
vt 0.059295 0.802135
vt 0.059137 0.813179
vt 0.954677 0.228310
vt 0.951220 0.147742
vt 0.948008 0.066184
vt 0.774498 0.030100
vt 0.774158 0.001547
vt 0.775430 0.108476
vt 0.776340 0.184949
vt 0.949321 0.099934
vt 0.775084 0.079381
vt 0.775048 0.076349
vt 0.775981 0.154756
vt 0.952601 0.181020
vt 0.776017 0.157819
vt 0.958340 0.309271
vt 0.777279 0.263843
vt 0.778261 0.346444
vt 0.778388 0.357048
vt 0.776920 0.233710
vt 0.956198 0.262587
vt 0.776957 0.236752
vt 0.777921 0.317860
vt 0.777887 0.314972
vt 0.960063 0.346371
vt 0.912066 0.725926
vt 0.911807 0.647468
vt 0.913702 0.217107
vt 0.921342 0.383900
vt 0.912334 0.807007
vt 0.917366 0.298608
vt 0.919958 0.354391
vt 0.919819 0.351409
vt 0.912185 0.761874
vt 0.916085 0.270625
vt 0.915946 0.267480
vt 0.911917 0.680685
vt 0.911550 0.569397
vt 0.911292 0.491263
vt 0.910329 0.138117
vt 0.912477 0.189076
vt 0.912347 0.185908
vt 0.911656 0.601638
vt 0.911397 0.523288
vt 0.909009 0.108134
vt 0.908866 0.105028
vt 0.905708 0.057431
vt 0.903185 0.024830
vt 0.097190 0.813717
vt 0.220754 0.624140
vt 0.089375 0.599660
vt 0.220879 0.627194
vt 0.577815 0.302794
vt 0.088229 0.681970
vt 0.576765 0.305645
vt 0.478992 0.333931
vt 0.087131 0.766544
vt 0.477335 0.336287
vt 0.759984 0.269947
vt 0.090795 0.518175
vt 0.759989 0.272973
vt 0.000000 0.344323
vt 0.635824 0.046048
vt 0.637485 0.048567
vt 0.634278 0.043703
vt 0.734898 0.196305
vt 0.736490 0.198718
vt 0.738131 0.201204
vt 0.103340 0.484797
vt 0.755184 0.226983
vt 0.092118 0.485161
vt 0.016503 0.382673
vt 0.562138 0.530570
vt 0.610001 0.006884
vt 0.016635 0.385842
vt 0.019797 0.464339
vt 0.034676 0.889520
vt 0.019908 0.467526
vt 0.022785 0.546593
vt 0.304706 0.477144
vt 0.022903 0.549765
vt 0.025912 0.631265
vt 0.167891 0.431971
vt 0.026023 0.634273
vt 0.529561 0.002821
vt 0.007896 0.509267
vt 0.010925 0.591129
vt 0.510323 0.029331
vt 0.004759 0.427927
vt 0.060753 0.366773
vt 0.212525 0.438009
vt 0.027122 0.664055
vt 0.392495 0.288911
vt 0.389501 0.289200
vt 0.395281 0.288641
vt 0.211051 0.306445
vt 0.208093 0.306731
vt 0.213920 0.306168
vt 0.177411 0.309696
vt 0.097346 0.802672
vt 0.086633 0.802520
vt 0.502185 0.292871
vt 0.087637 0.729092
vt 0.503277 0.256110
vt 0.503188 0.258999
vt 0.503097 0.261976
vt 0.508773 0.079235
vt 0.508954 0.073412
vt 0.508867 0.076219
vt 0.540078 0.048537
vt 0.539448 0.045800
vt 0.540754 0.051477
vt 0.588724 0.259765
vt 0.088725 0.647370
vt 0.581076 0.226750
vt 0.581746 0.229653
vt 0.580427 0.223934
vt 0.214303 0.581115
vt 0.089968 0.566084
vt 0.192851 0.551242
vt 0.194534 0.553591
vt 0.196270 0.556012
vt 0.089822 0.407366
vt 0.086430 0.402630
vt 0.088065 0.404913
vt 0.602627 0.509518
vt 0.017908 0.416145
vt 0.307756 0.380943
vt 0.304751 0.380804
vt 0.310552 0.381072
vt 0.125661 0.372511
vt 0.122693 0.372374
vt 0.128541 0.372645
vt 0.100753 0.554666
vt 0.090080 0.554654
vt 0.735600 0.402406
vt 0.732717 0.402400
vt 0.729746 0.402393
vt 0.099534 0.634319
vt 0.088847 0.634279
vt 0.915006 0.402811
vt 0.911999 0.402804
vt 0.917806 0.402817
vt 0.020973 0.495773
vt 0.072586 0.867599
vt 0.382515 0.311027
vt 0.379510 0.311166
vt 0.347960 0.471313
vt 0.385311 0.310898
vt 0.023945 0.577994
vt 0.200419 0.319436
vt 0.197451 0.319573
vt 0.203299 0.319303
vt 0.098474 0.716542
vt 0.087773 0.716455
vt 0.242897 0.868274
vt 0.590461 0.304441
vt 0.242970 0.871316
vt 0.573684 0.340983
vt 0.577202 0.339177
vt 0.578687 0.335111
vt 0.225831 0.668936
vt 0.231582 0.661052
vt 0.234140 0.658037
vt 0.233957 0.653709
vt 0.256351 0.827599
vt 0.246069 0.827847
vt 0.241925 0.827947
vt 0.602424 0.273858
vt 0.204875 0.699060
vt 0.293019 0.826715
vt 0.206524 0.696686
vt 0.208223 0.694240
vt 0.290137 0.826784
vt 0.287167 0.826856
vt 0.656731 0.932231
vt 0.233058 0.620715
vt 0.232374 0.588863
vt 0.656655 0.935293
vt 0.763337 0.316840
vt 0.672130 0.893149
vt 0.661848 0.892895
vt 0.769381 0.309176
vt 0.657704 0.892793
vt 0.772050 0.306264
vt 0.772021 0.301942
vt 0.102156 0.846850
vt 0.103880 0.844371
vt 0.472374 0.822389
vt 0.469367 0.822462
vt 0.100551 0.849158
vt 0.475173 0.822322
vt 0.042017 0.900066
vt 0.307389 0.489690
vt 0.310433 0.489743
vt 0.044871 0.898949
vt 0.544630 0.012680
vt 0.920137 0.973078
vt 0.519122 0.821262
vt 0.266096 0.487398
vt 0.075778 0.885012
vt 0.937222 0.973500
vt 0.937324 0.969356
vt 0.524167 0.858514
vt 0.523366 0.825306
vt 0.383205 0.463392
vt 0.466442 0.732325
vt 0.380842 0.464914
vt 0.469234 0.732120
vt 0.167290 0.444804
vt 0.520157 0.768570
vt 0.517515 0.732719
vt 0.522389 0.042699
vt 0.507979 0.896172
vt 0.513077 0.728889
vt 0.125318 0.431031
vt 0.344279 0.488629
vt 0.525065 0.895760
vt 0.524965 0.891616
vt 0.248615 0.439536
vt 0.251492 0.438618
vt 0.245938 0.440390
vt 0.505955 0.808395
vt 0.204463 0.453765
vt 0.522999 0.807139
vt 0.522694 0.803005
vt 0.170067 0.445606
vt 0.385743 0.461757
vt 0.463442 0.732546
vt 0.534487 0.365891
vt 0.565356 0.346065
vt 0.250940 0.748205
vt 0.240683 0.748961
vt 0.281681 0.745939
vt 0.536915 0.364327
vt 0.539417 0.362715
vt 0.287520 0.745509
vt 0.284645 0.745721
vt 0.239719 0.792297
vt 0.490843 0.338704
vt 0.511845 0.309969
vt 0.239931 0.795177
vt 0.236548 0.749265
vt 0.468243 0.370011
vt 0.470720 0.366466
vt 0.464380 0.370847
vt 0.422811 0.383879
vt 0.425648 0.382972
vt 0.420058 0.384760
vt 0.455019 0.373607
vt 0.741247 0.346144
vt 0.708797 0.894053
vt 0.742985 0.343834
vt 0.744776 0.341454
vt 0.705916 0.893982
vt 0.702945 0.893909
vt 0.766069 0.811345
vt 0.763194 0.811137
vt 0.760231 0.810922
vt 0.712264 0.846726
vt 0.772411 0.267058
vt 0.729486 0.808697
vt 0.772945 0.235421
vt 0.712046 0.849750
vt 0.719228 0.807954
vt 0.715093 0.807655
vt 0.632966 0.489912
vt 0.634784 0.487500
vt 0.888150 0.898476
vt 0.885143 0.898402
vt 0.631274 0.492156
vt 0.938144 0.936107
vt 0.938939 0.903875
vt 0.973289 0.901991
vt 0.934897 0.899629
vt 0.003793 0.913354
vt 0.605150 0.527035
vt 0.990335 0.903225
vt 0.990635 0.899091
vt 0.078457 0.370068
vt 0.890949 0.898545
vt 0.945008 0.824298
vt 0.942008 0.824081
vt 0.947801 0.824501
vt 0.569012 0.541412
vt 0.993171 0.864050
vt 0.995484 0.832109
vt 0.571880 0.540414
vt 0.627565 0.010859
vt 0.991649 0.827675
vt 0.530562 0.553123
vt 0.176967 0.015987
vt 0.176243 0.013816
vt 0.172035 0.000794
vt 0.175550 0.011638
vt 0.174881 0.009593
vt 0.174163 0.007379
vt 0.173454 0.005148
vt 0.172732 0.002955
vt 0.292471 0.000134
vt 0.294757 0.000228
vt 0.308425 0.000913
vt 0.297040 0.000353
vt 0.299189 0.000453
vt 0.301514 0.000567
vt 0.303851 0.000695
vt 0.306158 0.000798
vt 0.109663 0.000116
vt 0.111950 0.000191
vt 0.125623 0.000763
vt 0.114234 0.000297
vt 0.116384 0.000379
vt 0.118709 0.000474
vt 0.121048 0.000583
vt 0.123355 0.000667
vt 0.066457 0.005086
vt 0.068622 0.004345
vt 0.081609 0.000031
vt 0.070795 0.003635
vt 0.072834 0.002949
vt 0.075042 0.002213
vt 0.077267 0.001485
vt 0.079454 0.000745
vt 0.193578 0.002807
vt 0.191317 0.003161
vt 0.177778 0.005154
vt 0.189054 0.003484
vt 0.186927 0.003805
vt 0.184624 0.004146
vt 0.182307 0.004476
vt 0.180025 0.004825
vt 0.284960 0.002758
vt 0.282689 0.003042
vt 0.269096 0.004619
vt 0.280417 0.003295
vt 0.278281 0.003551
vt 0.275969 0.003822
vt 0.273643 0.004080
vt 0.271351 0.004359
vt 0.155244 0.006523
vt 0.153024 0.005968
vt 0.139779 0.002442
vt 0.150814 0.005383
vt 0.148747 0.004735
vt 0.146460 0.004241
vt 0.144203 0.003622
vt 0.141970 0.003034
vt 0.215080 0.002790
vt 0.212817 0.003124
vt 0.199261 0.004997
vt 0.210551 0.003426
vt 0.208421 0.003729
vt 0.206115 0.004050
vt 0.203795 0.004360
vt 0.201510 0.004688
vt 0.568192 0.000028
vt 0.179984 0.017154
vt 0.177597 0.017936
vt 0.576996 0.006550
vt 0.560145 0.030951
vt 0.571861 0.028769
vt 0.578821 0.018554
vt 0.548362 0.010729
vt 0.549681 0.023456
vt 0.556109 0.000995
vt 0.745336 0.000619
vt 0.290309 0.002541
vt 0.290425 0.000031
vt 0.756510 0.000030
vt 0.758846 0.029216
vt 0.766480 0.020279
vt 0.765727 0.008081
vt 0.736989 0.021734
vt 0.746240 0.030449
vt 0.736526 0.009282
vt 0.715467 0.000030
vt 0.216755 0.000022
vt 0.217110 0.002509
vt 0.726508 0.001124
vt 0.725014 0.030271
vt 0.733944 0.022379
vt 0.734613 0.010078
vt 0.704269 0.019810
vt 0.712392 0.029508
vt 0.705508 0.007335
vt 0.651487 0.000024
vt 0.157848 0.004604
vt 0.157227 0.007039
vt 0.662536 0.001298
vt 0.660077 0.030706
vt 0.669118 0.023214
vt 0.670191 0.010878
vt 0.639756 0.019449
vt 0.647407 0.029530
vt 0.641498 0.007124
vt 0.485929 0.000022
vt 0.286695 0.000027
vt 0.286995 0.002522
vt 0.496825 0.001796
vt 0.492898 0.031067
vt 0.502319 0.023924
vt 0.503928 0.011730
vt 0.473097 0.018788
vt 0.480366 0.029254
vt 0.475479 0.006488
vt 0.683738 0.000027
vt 0.195228 0.000024
vt 0.195605 0.002509
vt 0.694755 0.001280
vt 0.673789 0.007135
vt 0.701479 0.023072
vt 0.702492 0.010780
vt 0.672013 0.019461
vt 0.679773 0.029526
vt 0.692521 0.030645
vt 0.061088 0.006666
vt 0.065315 0.008113
vt 0.064513 0.005732
vt 0.044629 0.030936
vt 0.056024 0.028870
vt 0.063322 0.018813
vt 0.032257 0.011241
vt 0.034293 0.023879
vt 0.040019 0.001360
vt 0.052225 0.000030
vt 0.019156 0.000026
vt 0.028312 0.006012
vt 0.012897 0.031299
vt 0.024547 0.028542
vt 0.030933 0.017861
vt 0.000000 0.011853
vt 0.002076 0.024371
vt 0.007123 0.001670
vt 0.107522 0.002541
vt 0.107617 0.000031
vt 0.091901 0.370948
vt 0.100723 0.566084
vt 0.698921 0.402323
vt 0.099466 0.647402
vt 0.166659 0.320995
vt 0.098365 0.729172
vt 0.470116 0.054714
vt 0.468935 0.065876
vt 0.341535 0.382507
vt 0.341028 0.393473
vt 0.948822 0.402887
vt 0.948794 0.415459
vt 0.416295 0.309467
vt 0.416854 0.321584
vt 0.426154 0.285658
vt 0.427174 0.296213
vt 0.518636 0.029590
vt 0.522793 0.029719
vt 0.514480 0.029460
vt 0.133275 0.421654
vt 0.537666 0.000956
vt 0.541719 0.000024
vt 0.533613 0.001889
vt 0.271333 0.476276
vt 0.067515 0.361931
vt 0.070896 0.359510
vt 0.064134 0.364352
vt 0.004401 0.901077
vt 0.616945 0.002306
vt 0.620416 0.000017
vt 0.613473 0.004595
vt 0.531645 0.540879
vn -0.952457 -0.304661 0.002716
vn -0.949458 -0.271840 -0.156947
vn -0.907627 -0.363539 -0.209889
vn -0.910882 -0.408772 -0.056563
vn -0.891621 -0.392120 -0.226391
vn -0.892509 -0.441512 -0.092172
vn -0.892274 -0.451030 -0.020472
vn -0.916702 -0.398828 0.024369
vn -0.959710 -0.243346 0.140495
vn -0.863487 -0.493743 0.103002
vn -0.899854 -0.377753 0.218095
vn -0.799196 -0.520540 0.300540
vn -0.863487 -0.336074 0.376092
vn -0.892273 -0.207786 0.400841
vn -0.916702 -0.220519 0.333211
vn -0.892507 -0.140932 0.428450
vn -0.910881 -0.155400 0.382291
vn -0.891621 -0.000000 0.452782
vn -0.907627 -0.000000 0.419778
vn -0.949458 -0.000000 0.313894
vn -0.952457 -0.154682 0.262487
vn -0.984921 -0.003544 0.172966
vn -0.982477 -0.161414 0.093192
vn -0.999699 -0.021244 0.012264
vn -0.984921 -0.151566 -0.083415
vn -0.951395 0.150877 0.268485
vn -0.910882 0.155399 0.382290
vn -0.892508 0.140931 0.428449
vn -0.892274 0.207785 0.400841
vn -0.916702 0.220517 0.333212
vn -0.955833 0.247771 0.158094
vn -0.863487 0.336070 0.376095
vn -0.899854 0.377753 0.218097
vn -0.799197 0.520540 0.300537
vn -0.863485 0.493746 0.102997
vn -0.892271 0.451036 -0.020472
vn -0.910867 0.411279 0.034203
vn -0.892507 0.441515 -0.092173
vn -0.896922 0.439708 -0.046785
vn -0.891621 0.392120 -0.226393
vn -0.895353 0.386176 -0.221837
vn -0.936314 0.306147 -0.172016
vn -0.944690 0.325671 0.038714
vn -0.993929 0.097889 -0.050236
vn -0.981984 0.139053 0.127954
vn -0.944914 0.128999 -0.300827
vn -0.895513 0.262334 -0.359495
vn -0.892507 0.300582 -0.336277
vn -0.892273 0.243246 -0.380369
vn -0.909561 0.175511 -0.376690
vn -0.954916 -0.015851 -0.296452
vn -0.863486 0.157672 -0.479094
vn -0.899853 -0.000000 -0.436192
vn -0.799194 0.000000 -0.601073
vn -0.863485 -0.157673 -0.479096
vn -0.892273 -0.243246 -0.380369
vn -0.916701 -0.178312 -0.357580
vn -0.892507 -0.300581 -0.336278
vn -0.910881 -0.253373 -0.325728
vn -0.951155 -0.158635 -0.264840
vn -0.982399 -0.044894 -0.181322
vn 0.452275 -0.861349 -0.231357
vn 0.452411 -0.772331 -0.445902
vn 0.452411 -0.772332 -0.445901
vn 0.452273 -0.861415 -0.231114
vn 0.475815 -0.879416 0.015110
vn 0.475678 -0.879502 0.014363
vn 0.533220 -0.810815 0.241360
vn 0.532884 -0.811316 0.240418
vn 0.566141 -0.713871 0.412157
vn 0.901344 -0.375078 0.216552
vn 0.533215 -0.614434 0.581508
vn 0.679137 -0.533613 0.504014
vn 0.475812 -0.452797 0.754041
vn 0.475675 -0.452192 0.754490
vn 0.452265 -0.230313 0.861634
vn 0.452264 -0.230556 0.861569
vn 0.452402 0.000000 0.891814
vn 0.452402 0.000000 0.891814
vn 0.452269 0.230314 0.861631
vn 0.452268 0.230557 0.861567
vn 0.475816 0.452796 0.754040
vn 0.907784 0.225996 0.353346
vn 0.533224 0.614432 0.581503
vn 0.717268 0.510792 0.473939
vn 0.566143 0.713872 0.412151
vn 0.566143 0.713872 0.412152
vn 0.533212 0.810821 0.241361
vn 0.852870 0.497139 0.159580
vn 0.475806 0.879421 0.015110
vn 0.903743 0.427725 0.017294
vn 0.452270 0.861350 -0.231359
vn 0.829348 0.540420 -0.141876
vn 0.452411 0.772329 -0.445907
vn 0.452411 0.772330 -0.445905
vn 0.452265 0.631041 -0.630273
vn 0.452264 0.630863 -0.630452
vn 0.475808 0.426624 -0.769154
vn 0.475671 0.427315 -0.768856
vn 0.533226 0.196380 -0.822864
vn 0.532890 0.197446 -0.822827
vn 0.566156 -0.000001 -0.824299
vn 0.566156 -0.000001 -0.824299
vn 0.533225 -0.196383 -0.822864
vn 0.532889 -0.197448 -0.822827
vn 0.475809 -0.426622 -0.769155
vn 0.475672 -0.427314 -0.768856
vn 0.452265 -0.631039 -0.630274
vn 0.452264 -0.630862 -0.630452
vn 0.999998 0.001834 0.001059
vn 0.999998 0.001834 0.001059
vn 0.999998 0.001834 0.001059
vn 0.999998 0.001834 0.001059
vn 0.999499 -0.027424 0.015832
vn 0.999499 -0.027424 0.015832
vn 0.999998 -0.001877 0.001082
vn 0.999998 -0.001877 0.001082
vn 0.999998 -0.001877 0.001082
vn 0.999998 -0.001877 0.001082
vn 0.999444 0.028869 0.016665
vn 0.999444 0.028869 0.016665
vn 0.999444 0.028869 0.016665
vn 0.999444 0.028869 0.016665
vn 0.999000 0.005309 -0.044400
vn 0.999000 0.005309 -0.044400
vn 0.999000 0.005309 -0.044400
vn 0.999000 0.005309 -0.044400
vn 0.999028 -0.004933 -0.043796
vn 0.999028 -0.004933 -0.043796
vn 0.999708 -0.009391 -0.022273
vn 0.999708 -0.009391 -0.022273
vn 0.999708 -0.009391 -0.022273
vn 0.999708 -0.009391 -0.022273
vn 0.999709 0.009415 -0.022226
vn 0.999709 0.009415 -0.022226
vn 0.999709 0.009415 -0.022226
vn 0.999709 0.009415 -0.022226
vn 0.998708 0.000478 -0.050812
vn 0.998667 -0.010988 -0.050440
vn 0.998667 -0.010988 -0.050440
vn 0.998710 -0.000451 -0.050782
vn 0.998641 0.010154 -0.051121
vn 0.998641 0.010154 -0.051121
vn 0.999844 0.007811 0.015875
vn 0.999909 0.010256 0.008801
vn 0.999909 0.010256 0.008801
vn 0.999847 0.007903 0.015608
vn 0.999725 0.005415 0.022802
vn 0.999725 0.005415 0.022802
vn 0.999492 0.000003 -0.031858
vn 0.999481 0.003980 -0.031984
vn 0.999481 0.003980 -0.031984
vn 0.999492 -0.000002 -0.031858
vn 0.999488 -0.004260 -0.031723
vn 0.999488 -0.004260 -0.031723
vn 0.999747 -0.004098 0.022139
vn 0.999858 -0.007253 0.015215
vn 0.999911 -0.010308 0.008508
vn 0.999995 0.000182 0.003132
vn 0.999979 0.000309 0.006446
vn 0.999984 0.000026 0.005665
vn 0.999995 -0.000115 0.003176
vn 0.999979 -0.000428 0.006449
vn 0.999993 -0.000192 0.003613
vn 0.999993 0.000123 0.003676
vn 0.999982 -0.000161 0.005947
vn 0.999903 -0.000239 0.013950
vn 0.999902 -0.000172 0.014009
vn 0.999993 0.000002 0.003825
vn 0.999993 0.000040 0.003825
vn 0.999995 -0.000036 0.003324
vn 0.999995 -0.000040 0.003324
vn 0.999983 0.000189 0.005908
vn 0.999993 -0.000110 0.003720
vn 0.999993 0.000223 0.003671
vn 0.999980 0.000448 0.006339
vn 0.999913 -0.000012 0.013224
vn 0.999913 0.000049 0.013191
vn 0.999995 0.000088 0.003279
vn 0.999984 -0.000174 0.005663
vn 0.999981 -0.000449 0.006224
vn 0.999995 -0.000241 0.003239
vn 0.005834 -0.919894 -0.392124
vn 0.005834 -0.919894 -0.392124
vn 0.005834 -0.919894 -0.392124
vn 0.005834 -0.919894 -0.392124
vn 0.011485 -0.433330 -0.901162
vn 0.011485 -0.433330 -0.901162
vn 0.011485 -0.433330 -0.901162
vn 0.011485 -0.433330 -0.901162
vn 0.011460 0.408685 -0.912603
vn 0.011460 0.408685 -0.912603
vn 0.011460 0.408685 -0.912603
vn 0.011460 0.408685 -0.912603
vn 0.005839 0.915906 -0.401351
vn 0.005839 0.915906 -0.401351
vn 0.005839 0.915906 -0.401351
vn 0.005839 0.915906 -0.401351
vn -0.008009 0.867693 0.497035
vn -0.008009 0.867693 0.497035
vn -0.008009 0.867693 0.497035
vn -0.008009 0.867693 0.497035
vn -0.012669 0.479229 0.877599
vn -0.012669 0.479228 0.877599
vn -0.012669 0.479228 0.877599
vn -0.012669 0.479229 0.877599
vn -0.011032 -0.705814 0.708311
vn -0.008339 -0.868557 0.495519
vn -0.008339 -0.868557 0.495519
vn -0.011031 -0.705874 0.708252
vn -0.012774 -0.516902 0.855949
vn -0.012774 -0.516902 0.855949
vn -0.952457 -0.304662 0.002715
vn -0.949458 -0.271841 -0.156947
vn -0.907627 -0.363539 -0.209888
vn -0.910882 -0.408772 -0.056565
vn -0.891622 -0.392119 -0.226390
vn -0.892508 -0.441512 -0.092175
vn -0.892274 -0.451031 -0.020474
vn -0.916702 -0.398828 0.024369
vn -0.959710 -0.243346 0.140495
vn -0.863486 -0.493743 0.103003
vn -0.899854 -0.377752 0.218096
vn -0.799197 -0.520540 0.300536
vn -0.863486 -0.336072 0.376094
vn -0.892273 -0.207786 0.400841
vn -0.916702 -0.220518 0.333211
vn -0.892507 -0.140932 0.428450
vn -0.910881 -0.155400 0.382291
vn -0.891621 -0.000000 0.452782
vn -0.907627 -0.000000 0.419779
vn -0.949458 -0.000000 0.313894
vn -0.952457 -0.154681 0.262487
vn -0.984921 -0.003544 0.172966
vn -0.982477 -0.161413 0.093192
vn -0.999699 -0.021244 0.012264
vn -0.984921 -0.151566 -0.083413
vn -0.951395 0.150878 0.268485
vn -0.910882 0.155399 0.382289
vn -0.892509 0.140931 0.428447
vn -0.892275 0.207785 0.400838
vn -0.916702 0.220518 0.333211
vn -0.955832 0.247772 0.158094
vn -0.863487 0.336070 0.376094
vn -0.899854 0.377752 0.218098
vn -0.799197 0.520539 0.300541
vn -0.863486 0.493743 0.103002
vn -0.892272 0.451034 -0.020472
vn -0.910868 0.411278 0.034204
vn -0.892507 0.441514 -0.092175
vn -0.896922 0.439707 -0.046787
vn -0.891621 0.392120 -0.226393
vn -0.895353 0.386176 -0.221836
vn -0.936314 0.306148 -0.172014
vn -0.944690 0.325672 0.038713
vn -0.993929 0.097889 -0.050236
vn -0.981984 0.139054 0.127953
vn -0.944914 0.129000 -0.300827
vn -0.895514 0.262334 -0.359493
vn -0.892507 0.300581 -0.336276
vn -0.892274 0.243246 -0.380367
vn -0.909561 0.175511 -0.376690
vn -0.954916 -0.015851 -0.296452
vn -0.863487 0.157672 -0.479093
vn -0.899854 -0.000000 -0.436192
vn -0.799196 0.000000 -0.601070
vn -0.863486 -0.157672 -0.479094
vn -0.892273 -0.243245 -0.380369
vn -0.916701 -0.178311 -0.357580
vn -0.892508 -0.300581 -0.336275
vn -0.910881 -0.253372 -0.325726
vn -0.951155 -0.158635 -0.264839
vn -0.982399 -0.044894 -0.181322
vn 0.452270 -0.861350 -0.231361
vn 0.452409 -0.772332 -0.445903
vn 0.452409 -0.772333 -0.445901
vn 0.452268 -0.861416 -0.231117
vn 0.475813 -0.879417 0.015116
vn 0.475676 -0.879503 0.014369
vn 0.533217 -0.810817 0.241363
vn 0.532880 -0.811318 0.240421
vn 0.566140 -0.713875 0.412150
vn 0.901346 -0.375077 0.216548
vn 0.533217 -0.614433 0.581507
vn 0.679139 -0.533612 0.504013
vn 0.475811 -0.452795 0.754043
vn 0.475674 -0.452189 0.754493
vn 0.452266 -0.230313 0.861633
vn 0.452265 -0.230556 0.861568
vn 0.452405 -0.000000 0.891812
vn 0.452405 -0.000000 0.891812
vn 0.452270 0.230314 0.861631
vn 0.452269 0.230557 0.861566
vn 0.475817 0.452795 0.754039
vn 0.907785 0.225995 0.353346
vn 0.533220 0.614433 0.581505
vn 0.717265 0.510794 0.473941
vn 0.566141 0.713872 0.412154
vn 0.566141 0.713872 0.412154
vn 0.533219 0.810816 0.241363
vn 0.852871 0.497137 0.159581
vn 0.475816 0.879415 0.015110
vn 0.903744 0.427724 0.017293
vn 0.452274 0.861348 -0.231361
vn 0.829349 0.540418 -0.141877
vn 0.452408 0.772330 -0.445908
vn 0.452408 0.772331 -0.445905
vn 0.452266 0.631042 -0.630271
vn 0.452265 0.630864 -0.630450
vn 0.475810 0.426624 -0.769154
vn 0.475673 0.427314 -0.768855
vn 0.533222 0.196379 -0.822867
vn 0.532885 0.197446 -0.822830
vn 0.566152 -0.000001 -0.824301
vn 0.566152 -0.000001 -0.824301
vn 0.533225 -0.196383 -0.822864
vn 0.532888 -0.197448 -0.822827
vn 0.475811 -0.426621 -0.769155
vn 0.475674 -0.427312 -0.768856
vn 0.452269 -0.631040 -0.630271
vn 0.452268 -0.630862 -0.630450
vn 0.999998 0.001834 0.001059
vn 0.999998 0.001834 0.001059
vn 0.999998 0.001834 0.001059
vn 0.999998 0.001834 0.001059
vn 0.999499 -0.027424 0.015832
vn 0.999499 -0.027424 0.015832
vn 0.999998 -0.001877 0.001082
vn 0.999998 -0.001877 0.001082
vn 0.999998 -0.001877 0.001082
vn 0.999998 -0.001877 0.001082
vn 0.999444 0.028869 0.016665
vn 0.999444 0.028869 0.016665
vn 0.999444 0.028869 0.016665
vn 0.999444 0.028869 0.016665
vn 0.999000 0.005309 -0.044400
vn 0.999000 0.005309 -0.044400
vn 0.999000 0.005309 -0.044400
vn 0.999000 0.005309 -0.044400
vn 0.999028 -0.004933 -0.043797
vn 0.999028 -0.004933 -0.043797
vn 0.999708 -0.009391 -0.022274
vn 0.999708 -0.009391 -0.022274
vn 0.999708 -0.009391 -0.022274
vn 0.999708 -0.009391 -0.022274
vn 0.999709 0.009414 -0.022226
vn 0.999709 0.009414 -0.022226
vn 0.999709 0.009414 -0.022226
vn 0.999709 0.009414 -0.022226
vn 0.998708 0.000478 -0.050812
vn 0.998667 -0.010988 -0.050439
vn 0.998667 -0.010988 -0.050439
vn 0.998710 -0.000451 -0.050782
vn 0.998641 0.010154 -0.051122
vn 0.998641 0.010154 -0.051122
vn 0.999844 0.007811 0.015875
vn 0.999909 0.010256 0.008801
vn 0.999909 0.010256 0.008801
vn 0.999847 0.007903 0.015608
vn 0.999725 0.005415 0.022802
vn 0.999725 0.005415 0.022802
vn 0.999492 0.000003 -0.031858
vn 0.999480 0.003980 -0.031984
vn 0.999480 0.003980 -0.031984
vn 0.999492 -0.000002 -0.031858
vn 0.999488 -0.004260 -0.031723
vn 0.999488 -0.004260 -0.031723
vn 0.999747 -0.004098 0.022139
vn 0.999858 -0.007253 0.015215
vn 0.999911 -0.010308 0.008508
vn 0.999995 0.000182 0.003132
vn 0.999979 0.000309 0.006445
vn 0.999984 0.000026 0.005665
vn 0.999995 -0.000115 0.003176
vn 0.999979 -0.000428 0.006449
vn 0.999994 -0.000192 0.003613
vn 0.999993 0.000123 0.003676
vn 0.999982 -0.000161 0.005947
vn 0.999903 -0.000239 0.013950
vn 0.999902 -0.000172 0.014009
vn 0.999993 0.000002 0.003825
vn 0.999993 0.000040 0.003825
vn 0.999995 -0.000036 0.003324
vn 0.999995 -0.000040 0.003324
vn 0.999983 0.000189 0.005908
vn 0.999993 -0.000110 0.003720
vn 0.999993 0.000223 0.003671
vn 0.999980 0.000448 0.006339
vn 0.999913 -0.000012 0.013224
vn 0.999913 0.000049 0.013191
vn 0.999995 0.000088 0.003279
vn 0.999984 -0.000174 0.005663
vn 0.999981 -0.000449 0.006224
vn 0.999995 -0.000241 0.003239
vn 0.005834 -0.919897 -0.392116
vn 0.005834 -0.919897 -0.392116
vn 0.005834 -0.919897 -0.392116
vn 0.005834 -0.919897 -0.392116
vn 0.011486 -0.433326 -0.901164
vn 0.011486 -0.433326 -0.901164
vn 0.011486 -0.433326 -0.901164
vn 0.011486 -0.433326 -0.901164
vn 0.011458 0.408685 -0.912603
vn 0.011458 0.408685 -0.912603
vn 0.011458 0.408685 -0.912603
vn 0.011458 0.408685 -0.912603
vn 0.005839 0.915912 -0.401336
vn 0.005839 0.915912 -0.401336
vn 0.005839 0.915912 -0.401336
vn 0.005839 0.915912 -0.401336
vn -0.008009 0.867702 0.497021
vn -0.008009 0.867702 0.497021
vn -0.008009 0.867702 0.497021
vn -0.008009 0.867702 0.497021
vn -0.012668 0.479228 0.877599
vn -0.012668 0.479228 0.877599
vn -0.012668 0.479228 0.877599
vn -0.012668 0.479228 0.877599
vn -0.011030 -0.705813 0.708312
vn -0.008340 -0.868557 0.495519
vn -0.008340 -0.868557 0.495518
vn -0.011030 -0.705871 0.708254
vn -0.012770 -0.516900 0.855950
vn -0.012770 -0.516900 0.855950
vn -0.952457 -0.304662 0.002714
vn -0.949458 -0.271841 -0.156947
vn -0.907627 -0.363539 -0.209888
vn -0.910882 -0.408772 -0.056563
vn -0.891621 -0.392120 -0.226391
vn -0.892509 -0.441512 -0.092171
vn -0.892274 -0.451031 -0.020469
vn -0.916702 -0.398829 0.024369
vn -0.959710 -0.243347 0.140496
vn -0.863487 -0.493743 0.102998
vn -0.899854 -0.377753 0.218094
vn -0.799199 -0.520539 0.300532
vn -0.863486 -0.336073 0.376094
vn -0.892273 -0.207785 0.400842
vn -0.916701 -0.220518 0.333213
vn -0.892507 -0.140931 0.428450
vn -0.910881 -0.155399 0.382291
vn -0.891620 -0.000000 0.452785
vn -0.907626 -0.000000 0.419780
vn -0.949458 -0.000000 0.313894
vn -0.952457 -0.154681 0.262488
vn -0.984921 -0.003544 0.172966
vn -0.982477 -0.161413 0.093193
vn -0.999699 -0.021244 0.012264
vn -0.984921 -0.151566 -0.083415
vn -0.951395 0.150877 0.268485
vn -0.910882 0.155399 0.382290
vn -0.892507 0.140931 0.428450
vn -0.892274 0.207786 0.400839
vn -0.916702 0.220518 0.333211
vn -0.955832 0.247771 0.158095
vn -0.863487 0.336071 0.376093
vn -0.899854 0.377753 0.218095
vn -0.799198 0.520540 0.300534
vn -0.863485 0.493745 0.102998
vn -0.892271 0.451036 -0.020473
vn -0.910868 0.411279 0.034204
vn -0.892507 0.441516 -0.092171
vn -0.896922 0.439707 -0.046784
vn -0.891621 0.392120 -0.226394
vn -0.895353 0.386176 -0.221837
vn -0.936315 0.306147 -0.172013
vn -0.944690 0.325671 0.038715
vn -0.993929 0.097889 -0.050235
vn -0.981984 0.139054 0.127954
vn -0.944915 0.128999 -0.300825
vn -0.895514 0.262334 -0.359493
vn -0.892506 0.300582 -0.336279
vn -0.892274 0.243248 -0.380365
vn -0.909561 0.175511 -0.376688
vn -0.954916 -0.015851 -0.296452
vn -0.863486 0.157672 -0.479094
vn -0.899853 -0.000000 -0.436193
vn -0.799194 0.000000 -0.601073
vn -0.863485 -0.157672 -0.479096
vn -0.892272 -0.243246 -0.380371
vn -0.916701 -0.178312 -0.357581
vn -0.892507 -0.300581 -0.336278
vn -0.910881 -0.253373 -0.325727
vn -0.951155 -0.158635 -0.264839
vn -0.982399 -0.044894 -0.181323
vn 0.452271 -0.861350 -0.231358
vn 0.452410 -0.772333 -0.445900
vn 0.452410 -0.772334 -0.445899
vn 0.452270 -0.861416 -0.231114
vn 0.475813 -0.879417 0.015113
vn 0.475677 -0.879503 0.014366
vn 0.533218 -0.810817 0.241361
vn 0.532881 -0.811318 0.240418
vn 0.566140 -0.713875 0.412150
vn 0.901345 -0.375078 0.216548
vn 0.533217 -0.614435 0.581506
vn 0.679139 -0.533613 0.504011
vn 0.475809 -0.452794 0.754044
vn 0.475672 -0.452189 0.754494
vn 0.452262 -0.230310 0.861636
vn 0.452260 -0.230555 0.861571
vn 0.452406 0.000000 0.891812
vn 0.452406 0.000000 0.891812
vn 0.452270 0.230314 0.861631
vn 0.452269 0.230557 0.861566
vn 0.475818 0.452796 0.754038
vn 0.907784 0.225996 0.353346
vn 0.533226 0.614431 0.581502
vn 0.717269 0.510791 0.473939
vn 0.566139 0.713871 0.412159
vn 0.566139 0.713870 0.412160
vn 0.533209 0.810820 0.241368
vn 0.852868 0.497140 0.159584
vn 0.475807 0.879420 0.015119
vn 0.903744 0.427723 0.017298
vn 0.452271 0.861350 -0.231360
vn 0.829347 0.540421 -0.141876
vn 0.452410 0.772327 -0.445911
vn 0.452410 0.772327 -0.445910
vn 0.452269 0.631042 -0.630269
vn 0.452268 0.630865 -0.630447
vn 0.475810 0.426625 -0.769152
vn 0.475674 0.427315 -0.768854
vn 0.533222 0.196379 -0.822867
vn 0.532886 0.197443 -0.822830
vn 0.566157 -0.000001 -0.824298
vn 0.566157 -0.000001 -0.824298
vn 0.533231 -0.196384 -0.822860
vn 0.532895 -0.197450 -0.822823
vn 0.475813 -0.426620 -0.769154
vn 0.475676 -0.427311 -0.768855
vn 0.452269 -0.631038 -0.630272
vn 0.452268 -0.630861 -0.630451
vn 0.999998 0.001834 0.001059
vn 0.999998 0.001834 0.001059
vn 0.999998 0.001834 0.001059
vn 0.999998 0.001834 0.001059
vn 0.999499 -0.027424 0.015832
vn 0.999499 -0.027424 0.015832
vn 0.999998 -0.001877 0.001082
vn 0.999998 -0.001877 0.001082
vn 0.999998 -0.001877 0.001082
vn 0.999998 -0.001877 0.001082
vn 0.999444 0.028869 0.016665
vn 0.999444 0.028869 0.016665
vn 0.999444 0.028869 0.016665
vn 0.999444 0.028869 0.016665
vn 0.999000 0.005309 -0.044399
vn 0.999000 0.005309 -0.044399
vn 0.999000 0.005309 -0.044399
vn 0.999000 0.005309 -0.044399
vn 0.999028 -0.004933 -0.043796
vn 0.999028 -0.004933 -0.043796
vn 0.999708 -0.009391 -0.022273
vn 0.999708 -0.009391 -0.022273
vn 0.999708 -0.009391 -0.022273
vn 0.999708 -0.009391 -0.022273
vn 0.999709 0.009415 -0.022226
vn 0.999709 0.009415 -0.022226
vn 0.999709 0.009415 -0.022226
vn 0.999709 0.009415 -0.022226
vn 0.998708 0.000478 -0.050813
vn 0.998667 -0.010988 -0.050439
vn 0.998667 -0.010988 -0.050439
vn 0.998710 -0.000451 -0.050782
vn 0.998641 0.010154 -0.051123
vn 0.998641 0.010154 -0.051123
vn 0.999844 0.007811 0.015875
vn 0.999909 0.010256 0.008801
vn 0.999909 0.010256 0.008801
vn 0.999847 0.007903 0.015608
vn 0.999725 0.005415 0.022802
vn 0.999725 0.005415 0.022802
vn 0.999492 0.000003 -0.031858
vn 0.999481 0.003980 -0.031984
vn 0.999481 0.003980 -0.031984
vn 0.999492 -0.000002 -0.031858
vn 0.999488 -0.004260 -0.031723
vn 0.999488 -0.004260 -0.031723
vn 0.999747 -0.004098 0.022139
vn 0.999858 -0.007253 0.015215
vn 0.999911 -0.010308 0.008508
vn 0.999995 0.000182 0.003132
vn 0.999979 0.000309 0.006446
vn 0.999984 0.000026 0.005665
vn 0.999995 -0.000115 0.003176
vn 0.999979 -0.000428 0.006449
vn 0.999994 -0.000192 0.003613
vn 0.999993 0.000123 0.003676
vn 0.999982 -0.000161 0.005947
vn 0.999903 -0.000239 0.013950
vn 0.999902 -0.000172 0.014009
vn 0.999993 0.000002 0.003825
vn 0.999993 0.000040 0.003825
vn 0.999995 -0.000036 0.003324
vn 0.999995 -0.000040 0.003324
vn 0.999983 0.000189 0.005908
vn 0.999993 -0.000110 0.003720
vn 0.999993 0.000223 0.003671
vn 0.999980 0.000448 0.006339
vn 0.999913 -0.000012 0.013224
vn 0.999913 0.000049 0.013191
vn 0.999995 0.000088 0.003279
vn 0.999984 -0.000174 0.005663
vn 0.999981 -0.000449 0.006224
vn 0.999995 -0.000241 0.003239
vn 0.005842 -0.919897 -0.392116
vn 0.005842 -0.919897 -0.392116
vn 0.005842 -0.919897 -0.392116
vn 0.005842 -0.919897 -0.392116
vn 0.011484 -0.433330 -0.901162
vn 0.011484 -0.433330 -0.901162
vn 0.011484 -0.433330 -0.901162
vn 0.011484 -0.433330 -0.901162
vn 0.011462 0.408682 -0.912605
vn 0.011462 0.408682 -0.912605
vn 0.011462 0.408682 -0.912605
vn 0.011462 0.408682 -0.912605
vn 0.005835 0.915906 -0.401351
vn 0.005835 0.915906 -0.401351
vn 0.005835 0.915906 -0.401351
vn 0.005835 0.915906 -0.401351
vn -0.008016 0.867693 0.497035
vn -0.008016 0.867693 0.497035
vn -0.008016 0.867693 0.497035
vn -0.008016 0.867693 0.497035
vn -0.012672 0.479232 0.877597
vn -0.012672 0.479232 0.877597
vn -0.012672 0.479232 0.877597
vn -0.012672 0.479232 0.877597
vn -0.011026 -0.705813 0.708312
vn -0.008332 -0.868553 0.495526
vn -0.008332 -0.868553 0.495526
vn -0.011026 -0.705871 0.708254
vn -0.012770 -0.516904 0.855948
vn -0.012770 -0.516904 0.855948
vn -0.952457 -0.304662 0.002714
vn -0.949458 -0.271841 -0.156947
vn -0.907627 -0.363539 -0.209888
vn -0.910882 -0.408772 -0.056563
vn -0.891622 -0.392119 -0.226391
vn -0.892509 -0.441512 -0.092171
vn -0.892274 -0.451031 -0.020469
vn -0.916702 -0.398828 0.024369
vn -0.959710 -0.243346 0.140496
vn -0.863486 -0.493743 0.102998
vn -0.899854 -0.377753 0.218094
vn -0.799198 -0.520541 0.300533
vn -0.863485 -0.336074 0.376095
vn -0.892273 -0.207786 0.400843
vn -0.916701 -0.220518 0.333212
vn -0.892507 -0.140931 0.428450
vn -0.910881 -0.155399 0.382291
vn -0.891620 -0.000000 0.452784
vn -0.907626 -0.000000 0.419780
vn -0.949458 -0.000000 0.313894
vn -0.952457 -0.154681 0.262488
vn -0.984921 -0.003544 0.172966
vn -0.982477 -0.161413 0.093193
vn -0.999699 -0.021244 0.012264
vn -0.984921 -0.151566 -0.083415
vn -0.951395 0.150877 0.268485
vn -0.910882 0.155399 0.382290
vn -0.892507 0.140931 0.428450
vn -0.892274 0.207786 0.400839
vn -0.916702 0.220518 0.333211
vn -0.955832 0.247771 0.158094
vn -0.863487 0.336071 0.376094
vn -0.899854 0.377753 0.218096
vn -0.799197 0.520541 0.300534
vn -0.863485 0.493746 0.102999
vn -0.892271 0.451037 -0.020473
vn -0.910868 0.411279 0.034204
vn -0.892506 0.441517 -0.092171
vn -0.896922 0.439707 -0.046784
vn -0.891621 0.392120 -0.226395
vn -0.895353 0.386176 -0.221837
vn -0.936315 0.306147 -0.172013
vn -0.944690 0.325671 0.038715
vn -0.993929 0.097889 -0.050236
vn -0.981984 0.139054 0.127954
vn -0.944914 0.129000 -0.300826
vn -0.895514 0.262334 -0.359493
vn -0.892506 0.300581 -0.336278
vn -0.892275 0.243247 -0.380365
vn -0.909561 0.175511 -0.376688
vn -0.954916 -0.015851 -0.296452
vn -0.863487 0.157672 -0.479093
vn -0.899853 -0.000000 -0.436193
vn -0.799196 0.000000 -0.601071
vn -0.863486 -0.157672 -0.479095
vn -0.892273 -0.243245 -0.380370
vn -0.916701 -0.178311 -0.357581
vn -0.892507 -0.300580 -0.336276
vn -0.910881 -0.253372 -0.325726
vn -0.951155 -0.158635 -0.264839
vn -0.982398 -0.044894 -0.181323
vn 0.452270 -0.861351 -0.231358
vn 0.452410 -0.772333 -0.445900
vn 0.452410 -0.772334 -0.445899
vn 0.452269 -0.861417 -0.231114
vn 0.475813 -0.879417 0.015113
vn 0.475676 -0.879503 0.014366
vn 0.533217 -0.810817 0.241361
vn 0.532880 -0.811319 0.240418
vn 0.566140 -0.713875 0.412150
vn 0.901346 -0.375078 0.216548
vn 0.533219 -0.614435 0.581505
vn 0.679140 -0.533612 0.504011
vn 0.475809 -0.452794 0.754045
vn 0.475671 -0.452189 0.754495
vn 0.452264 -0.230310 0.861635
vn 0.452263 -0.230555 0.861570
vn 0.452410 0.000000 0.891810
vn 0.452410 0.000000 0.891810
vn 0.452270 0.230314 0.861631
vn 0.452269 0.230557 0.861566
vn 0.475817 0.452796 0.754039
vn 0.907784 0.225996 0.353346
vn 0.533225 0.614431 0.581503
vn 0.717268 0.510791 0.473939
vn 0.566138 0.713871 0.412159
vn 0.566138 0.713871 0.412160
vn 0.533209 0.810820 0.241368
vn 0.852869 0.497140 0.159583
vn 0.475807 0.879420 0.015119
vn 0.903745 0.427723 0.017298
vn 0.452270 0.861351 -0.231360
vn 0.829347 0.540421 -0.141876
vn 0.452411 0.772327 -0.445911
vn 0.452411 0.772327 -0.445910
vn 0.452270 0.631042 -0.630268
vn 0.452269 0.630865 -0.630446
vn 0.475811 0.426625 -0.769152
vn 0.475675 0.427314 -0.768854
vn 0.533222 0.196379 -0.822866
vn 0.532886 0.197443 -0.822829
vn 0.566156 -0.000001 -0.824298
vn 0.566156 -0.000001 -0.824298
vn 0.533229 -0.196384 -0.822861
vn 0.532892 -0.197450 -0.822824
vn 0.475811 -0.426620 -0.769155
vn 0.475674 -0.427311 -0.768856
vn 0.452268 -0.631039 -0.630273
vn 0.452267 -0.630861 -0.630452
vn 0.999998 0.001834 0.001059
vn 0.999998 0.001834 0.001059
vn 0.999998 0.001834 0.001059
vn 0.999998 0.001834 0.001059
vn 0.999499 -0.027424 0.015832
vn 0.999499 -0.027424 0.015832
vn 0.999998 -0.001877 0.001082
vn 0.999998 -0.001877 0.001082
vn 0.999998 -0.001877 0.001082
vn 0.999998 -0.001877 0.001082
vn 0.999444 0.028868 0.016665
vn 0.999444 0.028869 0.016665
vn 0.999444 0.028869 0.016665
vn 0.999444 0.028869 0.016665
vn 0.999000 0.005309 -0.044400
vn 0.999000 0.005309 -0.044400
vn 0.999000 0.005309 -0.044400
vn 0.999000 0.005309 -0.044400
vn 0.999028 -0.004933 -0.043796
vn 0.999028 -0.004933 -0.043796
vn 0.999708 -0.009391 -0.022273
vn 0.999708 -0.009391 -0.022273
vn 0.999708 -0.009391 -0.022273
vn 0.999708 -0.009391 -0.022273
vn 0.999709 0.009414 -0.022226
vn 0.999709 0.009414 -0.022226
vn 0.999709 0.009414 -0.022226
vn 0.999709 0.009414 -0.022226
vn 0.998708 0.000478 -0.050813
vn 0.998667 -0.010988 -0.050439
vn 0.998667 -0.010988 -0.050439
vn 0.998710 -0.000451 -0.050782
vn 0.998641 0.010154 -0.051123
vn 0.998641 0.010154 -0.051123
vn 0.999844 0.007811 0.015875
vn 0.999909 0.010256 0.008801
vn 0.999909 0.010256 0.008801
vn 0.999847 0.007903 0.015608
vn 0.999725 0.005415 0.022802
vn 0.999725 0.005415 0.022802
vn 0.999492 0.000003 -0.031858
vn 0.999480 0.003980 -0.031984
vn 0.999480 0.003980 -0.031984
vn 0.999492 -0.000002 -0.031858
vn 0.999488 -0.004260 -0.031723
vn 0.999488 -0.004260 -0.031723
vn 0.999747 -0.004098 0.022139
vn 0.999858 -0.007253 0.015215
vn 0.999911 -0.010308 0.008508
vn 0.999995 0.000182 0.003132
vn 0.999979 0.000309 0.006446
vn 0.999984 0.000026 0.005665
vn 0.999995 -0.000115 0.003176
vn 0.999979 -0.000428 0.006449
vn 0.999994 -0.000192 0.003613
vn 0.999993 0.000123 0.003676
vn 0.999982 -0.000161 0.005947
vn 0.999903 -0.000239 0.013950
vn 0.999902 -0.000172 0.014009
vn 0.999993 0.000002 0.003825
vn 0.999993 0.000040 0.003825
vn 0.999995 -0.000036 0.003324
vn 0.999995 -0.000040 0.003324
vn 0.999983 0.000189 0.005908
vn 0.999993 -0.000110 0.003720
vn 0.999993 0.000223 0.003671
vn 0.999980 0.000448 0.006339
vn 0.999913 -0.000012 0.013224
vn 0.999913 0.000049 0.013191
vn 0.999995 0.000088 0.003279
vn 0.999984 -0.000174 0.005663
vn 0.999981 -0.000449 0.006224
vn 0.999995 -0.000241 0.003239
vn 0.005842 -0.919897 -0.392116
vn 0.005842 -0.919897 -0.392116
vn 0.005842 -0.919897 -0.392116
vn 0.005842 -0.919897 -0.392116
vn 0.011483 -0.433330 -0.901162
vn 0.011483 -0.433330 -0.901162
vn 0.011483 -0.433330 -0.901162
vn 0.011483 -0.433330 -0.901162
vn 0.011459 0.408682 -0.912605
vn 0.011459 0.408682 -0.912605
vn 0.011459 0.408682 -0.912605
vn 0.011459 0.408682 -0.912605
vn 0.005835 0.915906 -0.401351
vn 0.005835 0.915906 -0.401351
vn 0.005835 0.915906 -0.401351
vn 0.005835 0.915906 -0.401351
vn -0.008015 0.867693 0.497035
vn -0.008015 0.867693 0.497035
vn -0.008015 0.867693 0.497035
vn -0.008015 0.867693 0.497035
vn -0.012669 0.479232 0.877597
vn -0.012669 0.479232 0.877597
vn -0.012669 0.479232 0.877597
vn -0.012669 0.479232 0.877597
vn -0.011026 -0.705813 0.708312
vn -0.008332 -0.868553 0.495526
vn -0.008332 -0.868553 0.495526
vn -0.011025 -0.705871 0.708254
vn -0.012770 -0.516904 0.855948
vn -0.012770 -0.516904 0.855948
vn -0.952457 -0.304662 0.002715
vn -0.949458 -0.271841 -0.156947
vn -0.907627 -0.363539 -0.209889
vn -0.910882 -0.408772 -0.056564
vn -0.891621 -0.392120 -0.226391
vn -0.892509 -0.441512 -0.092174
vn -0.892274 -0.451030 -0.020472
vn -0.916702 -0.398828 0.024369
vn -0.959710 -0.243347 0.140495
vn -0.863487 -0.493742 0.103001
vn -0.899854 -0.377753 0.218096
vn -0.799198 -0.520539 0.300536
vn -0.863486 -0.336073 0.376094
vn -0.892273 -0.207786 0.400841
vn -0.916702 -0.220519 0.333211
vn -0.892508 -0.140931 0.428448
vn -0.910882 -0.155399 0.382290
vn -0.891622 -0.000000 0.452781
vn -0.907627 -0.000000 0.419778
vn -0.949458 -0.000000 0.313894
vn -0.952457 -0.154682 0.262487
vn -0.984922 -0.003544 0.172965
vn -0.982477 -0.161413 0.093192
vn -0.999699 -0.021244 0.012264
vn -0.984921 -0.151566 -0.083414
vn -0.951395 0.150877 0.268485
vn -0.910882 0.155399 0.382291
vn -0.892508 0.140931 0.428449
vn -0.892274 0.207785 0.400841
vn -0.916702 0.220518 0.333211
vn -0.955832 0.247772 0.158094
vn -0.863488 0.336071 0.376092
vn -0.899854 0.377752 0.218096
vn -0.799198 0.520538 0.300538
vn -0.863486 0.493744 0.103001
vn -0.892272 0.451034 -0.020472
vn -0.910868 0.411278 0.034204
vn -0.892507 0.441514 -0.092175
vn -0.896922 0.439707 -0.046787
vn -0.891621 0.392120 -0.226391
vn -0.895353 0.386176 -0.221836
vn -0.936314 0.306148 -0.172015
vn -0.944690 0.325672 0.038714
vn -0.993929 0.097889 -0.050236
vn -0.981984 0.139054 0.127954
vn -0.944914 0.129000 -0.300827
vn -0.895514 0.262334 -0.359494
vn -0.892508 0.300581 -0.336276
vn -0.892273 0.243245 -0.380368
vn -0.909561 0.175511 -0.376690
vn -0.954916 -0.015851 -0.296452
vn -0.863487 0.157672 -0.479093
vn -0.899854 0.000000 -0.436191
vn -0.799199 0.000000 -0.601067
vn -0.863486 -0.157672 -0.479094
vn -0.892273 -0.243246 -0.380370
vn -0.916701 -0.178311 -0.357580
vn -0.892507 -0.300581 -0.336277
vn -0.910881 -0.253373 -0.325727
vn -0.951155 -0.158635 -0.264839
vn -0.982399 -0.044894 -0.181322
vn 0.452274 -0.861349 -0.231358
vn 0.452409 -0.772331 -0.445904
vn 0.452409 -0.772332 -0.445902
vn 0.452272 -0.861415 -0.231114
vn 0.475815 -0.879416 0.015113
vn 0.475678 -0.879502 0.014366
vn 0.533220 -0.810815 0.241361
vn 0.532884 -0.811316 0.240419
vn 0.566141 -0.713872 0.412154
vn 0.901345 -0.375078 0.216551
vn 0.533216 -0.614434 0.581508
vn 0.679137 -0.533613 0.504014
vn 0.475812 -0.452797 0.754041
vn 0.475674 -0.452191 0.754491
vn 0.452268 -0.230313 0.861632
vn 0.452267 -0.230556 0.861567
vn 0.452406 -0.000000 0.891812
vn 0.452406 -0.000000 0.891812
vn 0.452269 0.230314 0.861631
vn 0.452268 0.230556 0.861567
vn 0.475817 0.452796 0.754038
vn 0.907784 0.225996 0.353346
vn 0.533224 0.614432 0.581503
vn 0.717267 0.510792 0.473940
vn 0.566142 0.713872 0.412154
vn 0.566142 0.713871 0.412154
vn 0.533216 0.810818 0.241362
vn 0.852870 0.497139 0.159581
vn 0.475813 0.879417 0.015113
vn 0.903745 0.427722 0.017295
vn 0.452274 0.861349 -0.231359
vn 0.829349 0.540418 -0.141875
vn 0.452409 0.772329 -0.445908
vn 0.452409 0.772330 -0.445907
vn 0.452264 0.631043 -0.630272
vn 0.452263 0.630865 -0.630451
vn 0.475806 0.426625 -0.769155
vn 0.475669 0.427316 -0.768856
vn 0.533224 0.196380 -0.822865
vn 0.532888 0.197445 -0.822828
vn 0.566157 -0.000001 -0.824297
vn 0.566157 -0.000001 -0.824297
vn 0.533225 -0.196382 -0.822864
vn 0.532889 -0.197447 -0.822827
vn 0.475810 -0.426622 -0.769154
vn 0.475673 -0.427314 -0.768855
vn 0.452265 -0.631042 -0.630272
vn 0.452264 -0.630865 -0.630450
vn 0.999998 0.001834 0.001059
vn 0.999998 0.001834 0.001059
vn 0.999998 0.001834 0.001059
vn 0.999998 0.001834 0.001059
vn 0.999499 -0.027424 0.015832
vn 0.999499 -0.027424 0.015832
vn 0.999998 -0.001877 0.001082
vn 0.999998 -0.001877 0.001082
vn 0.999998 -0.001877 0.001082
vn 0.999998 -0.001877 0.001082
vn 0.999444 0.028869 0.016665
vn 0.999444 0.028869 0.016665
vn 0.999444 0.028869 0.016665
vn 0.999444 0.028869 0.016665
vn 0.999000 0.005309 -0.044400
vn 0.999000 0.005309 -0.044400
vn 0.999000 0.005309 -0.044400
vn 0.999000 0.005309 -0.044400
vn 0.999028 -0.004933 -0.043797
vn 0.999028 -0.004933 -0.043796
vn 0.999708 -0.009391 -0.022274
vn 0.999708 -0.009391 -0.022274
vn 0.999708 -0.009391 -0.022274
vn 0.999708 -0.009391 -0.022274
vn 0.999709 0.009415 -0.022226
vn 0.999709 0.009415 -0.022226
vn 0.999709 0.009415 -0.022226
vn 0.999709 0.009415 -0.022226
vn 0.998708 0.000478 -0.050812
vn 0.998667 -0.010988 -0.050439
vn 0.998667 -0.010988 -0.050439
vn 0.998710 -0.000451 -0.050782
vn 0.998641 0.010154 -0.051122
vn 0.998641 0.010154 -0.051122
vn 0.999843 0.007811 0.015875
vn 0.999909 0.010256 0.008801
vn 0.999909 0.010256 0.008801
vn 0.999847 0.007903 0.015608
vn 0.999725 0.005415 0.022802
vn 0.999725 0.005415 0.022802
vn 0.999492 0.000003 -0.031858
vn 0.999480 0.003980 -0.031983
vn 0.999480 0.003980 -0.031983
vn 0.999492 -0.000002 -0.031858
vn 0.999488 -0.004260 -0.031723
vn 0.999488 -0.004260 -0.031723
vn 0.999747 -0.004098 0.022139
vn 0.999858 -0.007253 0.015215
vn 0.999911 -0.010308 0.008508
vn 0.999995 0.000182 0.003132
vn 0.999979 0.000309 0.006446
vn 0.999984 0.000026 0.005665
vn 0.999995 -0.000115 0.003176
vn 0.999979 -0.000428 0.006449
vn 0.999994 -0.000192 0.003613
vn 0.999993 0.000123 0.003676
vn 0.999982 -0.000161 0.005947
vn 0.999903 -0.000239 0.013950
vn 0.999902 -0.000172 0.014009
vn 0.999993 0.000002 0.003825
vn 0.999993 0.000040 0.003825
vn 0.999995 -0.000036 0.003324
vn 0.999995 -0.000040 0.003324
vn 0.999983 0.000189 0.005908
vn 0.999993 -0.000110 0.003720
vn 0.999993 0.000223 0.003671
vn 0.999980 0.000448 0.006339
vn 0.999913 -0.000012 0.013224
vn 0.999913 0.000049 0.013191
vn 0.999995 0.000088 0.003279
vn 0.999984 -0.000174 0.005663
vn 0.999981 -0.000449 0.006224
vn 0.999995 -0.000241 0.003239
vn 0.005837 -0.919897 -0.392116
vn 0.005837 -0.919897 -0.392116
vn 0.005837 -0.919897 -0.392116
vn 0.005837 -0.919897 -0.392116
vn 0.011484 -0.433328 -0.901163
vn 0.011484 -0.433328 -0.901163
vn 0.011484 -0.433328 -0.901163
vn 0.011484 -0.433328 -0.901163
vn 0.011458 0.408684 -0.912604
vn 0.011458 0.408684 -0.912604
vn 0.011458 0.408684 -0.912604
vn 0.011458 0.408684 -0.912604
vn 0.005841 0.915907 -0.401347
vn 0.005841 0.915907 -0.401347
vn 0.005841 0.915907 -0.401347
vn 0.005841 0.915907 -0.401347
vn -0.008009 0.867697 0.497028
vn -0.008009 0.867697 0.497028
vn -0.008009 0.867697 0.497028
vn -0.008009 0.867698 0.497028
vn -0.012670 0.479227 0.877600
vn -0.012670 0.479227 0.877600
vn -0.012670 0.479227 0.877600
vn -0.012670 0.479227 0.877600
vn -0.011028 -0.705814 0.708311
vn -0.008337 -0.868555 0.495522
vn -0.008337 -0.868555 0.495522
vn -0.011028 -0.705873 0.708253
vn -0.012770 -0.516904 0.855948
vn -0.012770 -0.516904 0.855948
vn -0.952457 -0.304662 0.002716
vn -0.949458 -0.271840 -0.156947
vn -0.907627 -0.363538 -0.209889
vn -0.910882 -0.408772 -0.056563
vn -0.891622 -0.392120 -0.226391
vn -0.892508 -0.441512 -0.092172
vn -0.892273 -0.451031 -0.020472
vn -0.916702 -0.398828 0.024369
vn -0.959710 -0.243346 0.140495
vn -0.863487 -0.493742 0.103002
vn -0.899854 -0.377753 0.218095
vn -0.799196 -0.520540 0.300540
vn -0.863487 -0.336074 0.376092
vn -0.892273 -0.207786 0.400841
vn -0.916702 -0.220518 0.333210
vn -0.892507 -0.140932 0.428449
vn -0.910881 -0.155400 0.382290
vn -0.891621 -0.000000 0.452782
vn -0.907627 -0.000000 0.419778
vn -0.949458 -0.000000 0.313893
vn -0.952457 -0.154682 0.262487
vn -0.984921 -0.003544 0.172966
vn -0.982477 -0.161414 0.093192
vn -0.999699 -0.021244 0.012264
vn -0.984921 -0.151566 -0.083415
vn -0.951395 0.150877 0.268485
vn -0.910882 0.155399 0.382290
vn -0.892508 0.140931 0.428449
vn -0.892273 0.207785 0.400841
vn -0.916702 0.220517 0.333212
vn -0.955833 0.247771 0.158094
vn -0.863487 0.336070 0.376095
vn -0.899854 0.377752 0.218096
vn -0.799197 0.520539 0.300537
vn -0.863485 0.493745 0.102997
vn -0.892271 0.451037 -0.020472
vn -0.910868 0.411279 0.034203
vn -0.892507 0.441516 -0.092173
vn -0.896921 0.439708 -0.046785
vn -0.891622 0.392119 -0.226392
vn -0.895353 0.386175 -0.221837
vn -0.936314 0.306148 -0.172016
vn -0.944690 0.325671 0.038714
vn -0.993929 0.097889 -0.050236
vn -0.981984 0.139053 0.127954
vn -0.944914 0.128999 -0.300828
vn -0.895513 0.262334 -0.359495
vn -0.892507 0.300581 -0.336277
vn -0.892273 0.243246 -0.380369
vn -0.909561 0.175511 -0.376690
vn -0.954916 -0.015851 -0.296452
vn -0.863487 0.157672 -0.479093
vn -0.899854 -0.000000 -0.436192
vn -0.799196 0.000000 -0.601071
vn -0.863486 -0.157672 -0.479094
vn -0.892273 -0.243246 -0.380369
vn -0.916701 -0.178312 -0.357580
vn -0.892507 -0.300581 -0.336278
vn -0.910881 -0.253373 -0.325728
vn -0.951155 -0.158635 -0.264840
vn -0.982399 -0.044894 -0.181322
vn 0.452275 -0.861349 -0.231357
vn 0.452413 -0.772331 -0.445902
vn 0.452413 -0.772331 -0.445900
vn 0.452274 -0.861415 -0.231114
vn 0.475815 -0.879416 0.015110
vn 0.475678 -0.879502 0.014363
vn 0.533221 -0.810815 0.241360
vn 0.532884 -0.811316 0.240418
vn 0.566140 -0.713871 0.412157
vn 0.901344 -0.375078 0.216552
vn 0.533216 -0.614434 0.581508
vn 0.679137 -0.533613 0.504014
vn 0.475811 -0.452797 0.754041
vn 0.475674 -0.452192 0.754491
vn 0.452265 -0.230313 0.861633
vn 0.452264 -0.230555 0.861569
vn 0.452405 0.000000 0.891813
vn 0.452405 0.000000 0.891813
vn 0.452270 0.230314 0.861631
vn 0.452269 0.230557 0.861566
vn 0.475816 0.452796 0.754039
vn 0.907784 0.225996 0.353346
vn 0.533225 0.614432 0.581503
vn 0.717268 0.510791 0.473939
vn 0.566143 0.713873 0.412151
vn 0.566143 0.713872 0.412152
vn 0.533212 0.810821 0.241361
vn 0.852870 0.497139 0.159580
vn 0.475807 0.879420 0.015110
vn 0.903744 0.427725 0.017293
vn 0.452271 0.861350 -0.231359
vn 0.829348 0.540420 -0.141876
vn 0.452411 0.772329 -0.445907
vn 0.452411 0.772330 -0.445905
vn 0.452267 0.631040 -0.630272
vn 0.452266 0.630862 -0.630451
vn 0.475809 0.426624 -0.769154
vn 0.475672 0.427314 -0.768855
vn 0.533225 0.196381 -0.822864
vn 0.532889 0.197446 -0.822827
vn 0.566155 -0.000001 -0.824299
vn 0.566155 -0.000001 -0.824299
vn 0.533225 -0.196383 -0.822864
vn 0.532888 -0.197448 -0.822827
vn 0.475809 -0.426622 -0.769155
vn 0.475671 -0.427314 -0.768856
vn 0.452264 -0.631040 -0.630275
vn 0.452263 -0.630863 -0.630453
vn 0.999998 0.001834 0.001059
vn 0.999998 0.001834 0.001059
vn 0.999998 0.001834 0.001059
vn 0.999998 0.001834 0.001059
vn 0.999499 -0.027424 0.015832
vn 0.999499 -0.027424 0.015832
vn 0.999998 -0.001877 0.001082
vn 0.999998 -0.001877 0.001082
vn 0.999998 -0.001877 0.001082
vn 0.999998 -0.001877 0.001082
vn 0.999444 0.028869 0.016665
vn 0.999444 0.028869 0.016665
vn 0.999444 0.028869 0.016665
vn 0.999444 0.028869 0.016665
vn 0.999000 0.005309 -0.044400
vn 0.999000 0.005309 -0.044400
vn 0.999000 0.005309 -0.044400
vn 0.999000 0.005309 -0.044400
vn 0.999028 -0.004933 -0.043797
vn 0.999028 -0.004933 -0.043797
vn 0.999708 -0.009391 -0.022273
vn 0.999708 -0.009391 -0.022273
vn 0.999708 -0.009391 -0.022273
vn 0.999708 -0.009391 -0.022273
vn 0.999709 0.009414 -0.022226
vn 0.999709 0.009414 -0.022226
vn 0.999709 0.009414 -0.022226
vn 0.999709 0.009414 -0.022226
vn 0.998708 0.000478 -0.050812
vn 0.998667 -0.010988 -0.050440
vn 0.998667 -0.010988 -0.050440
vn 0.998710 -0.000451 -0.050782
vn 0.998641 0.010154 -0.051121
vn 0.998641 0.010154 -0.051121
vn 0.999844 0.007811 0.015875
vn 0.999909 0.010256 0.008801
vn 0.999909 0.010256 0.008801
vn 0.999847 0.007903 0.015608
vn 0.999725 0.005415 0.022802
vn 0.999725 0.005415 0.022802
vn 0.999492 0.000003 -0.031858
vn 0.999481 0.003980 -0.031984
vn 0.999481 0.003980 -0.031984
vn 0.999492 -0.000002 -0.031858
vn 0.999488 -0.004260 -0.031723
vn 0.999488 -0.004260 -0.031723
vn 0.999747 -0.004098 0.022139
vn 0.999858 -0.007253 0.015215
vn 0.999911 -0.010308 0.008508
vn 0.999995 0.000182 0.003132
vn 0.999979 0.000309 0.006446
vn 0.999984 0.000026 0.005665
vn 0.999995 -0.000115 0.003176
vn 0.999979 -0.000428 0.006449
vn 0.999993 -0.000192 0.003613
vn 0.999993 0.000123 0.003676
vn 0.999982 -0.000161 0.005947
vn 0.999903 -0.000239 0.013950
vn 0.999902 -0.000172 0.014009
vn 0.999993 0.000002 0.003825
vn 0.999993 0.000040 0.003825
vn 0.999995 -0.000036 0.003324
vn 0.999995 -0.000040 0.003324
vn 0.999983 0.000189 0.005908
vn 0.999993 -0.000110 0.003720
vn 0.999993 0.000223 0.003671
vn 0.999980 0.000448 0.006339
vn 0.999913 -0.000012 0.013224
vn 0.999913 0.000049 0.013191
vn 0.999995 0.000088 0.003279
vn 0.999984 -0.000174 0.005663
vn 0.999981 -0.000449 0.006224
vn 0.999995 -0.000241 0.003239
vn 0.005834 -0.919894 -0.392124
vn 0.005834 -0.919894 -0.392124
vn 0.005834 -0.919894 -0.392124
vn 0.005834 -0.919894 -0.392124
vn 0.011483 -0.433330 -0.901162
vn 0.011483 -0.433330 -0.901162
vn 0.011483 -0.433330 -0.901162
vn 0.011483 -0.433330 -0.901162
vn 0.011458 0.408685 -0.912603
vn 0.011458 0.408685 -0.912603
vn 0.011458 0.408685 -0.912603
vn 0.011458 0.408685 -0.912603
vn 0.005838 0.915906 -0.401351
vn 0.005838 0.915906 -0.401351
vn 0.005838 0.915906 -0.401351
vn 0.005838 0.915906 -0.401351
vn -0.008009 0.867693 0.497035
vn -0.008009 0.867693 0.497035
vn -0.008009 0.867693 0.497035
vn -0.008009 0.867693 0.497035
vn -0.012666 0.479229 0.877599
vn -0.012666 0.479228 0.877599
vn -0.012666 0.479228 0.877599
vn -0.012666 0.479229 0.877599
vn -0.011031 -0.705814 0.708311
vn -0.008338 -0.868557 0.495519
vn -0.008338 -0.868557 0.495519
vn -0.011030 -0.705874 0.708252
vn -0.012772 -0.516902 0.855949
vn -0.012772 -0.516902 0.855949
vn -0.952457 -0.304662 0.002715
vn -0.949458 -0.271841 -0.156947
vn -0.907627 -0.363539 -0.209889
vn -0.910882 -0.408772 -0.056564
vn -0.891621 -0.392120 -0.226392
vn -0.892508 -0.441512 -0.092174
vn -0.892274 -0.451030 -0.020472
vn -0.916702 -0.398828 0.024369
vn -0.959710 -0.243346 0.140495
vn -0.863487 -0.493742 0.103001
vn -0.899854 -0.377753 0.218096
vn -0.799197 -0.520540 0.300536
vn -0.863486 -0.336074 0.376094
vn -0.892273 -0.207786 0.400842
vn -0.916702 -0.220518 0.333211
vn -0.892507 -0.140932 0.428449
vn -0.910882 -0.155400 0.382290
vn -0.891621 -0.000000 0.452782
vn -0.907626 -0.000000 0.419779
vn -0.949458 -0.000000 0.313894
vn -0.952457 -0.154681 0.262487
vn -0.984921 -0.003544 0.172966
vn -0.982477 -0.161413 0.093192
vn -0.999699 -0.021244 0.012264
vn -0.984921 -0.151566 -0.083414
vn -0.951395 0.150877 0.268485
vn -0.910881 0.155399 0.382291
vn -0.892507 0.140931 0.428450
vn -0.892273 0.207786 0.400841
vn -0.916702 0.220518 0.333211
vn -0.955832 0.247772 0.158094
vn -0.863488 0.336071 0.376092
vn -0.899854 0.377752 0.218096
vn -0.799198 0.520537 0.300538
vn -0.863487 0.493743 0.103000
vn -0.892272 0.451035 -0.020472
vn -0.910868 0.411279 0.034204
vn -0.892508 0.441514 -0.092174
vn -0.896922 0.439707 -0.046787
vn -0.891622 0.392119 -0.226390
vn -0.895353 0.386175 -0.221836
vn -0.936314 0.306148 -0.172015
vn -0.944690 0.325672 0.038714
vn -0.993929 0.097889 -0.050236
vn -0.981984 0.139054 0.127954
vn -0.944914 0.129000 -0.300827
vn -0.895514 0.262334 -0.359494
vn -0.892508 0.300581 -0.336275
vn -0.892273 0.243246 -0.380368
vn -0.909561 0.175511 -0.376690
vn -0.954916 -0.015851 -0.296452
vn -0.863487 0.157672 -0.479092
vn -0.899854 0.000000 -0.436192
vn -0.799197 0.000000 -0.601069
vn -0.863487 -0.157672 -0.479093
vn -0.892273 -0.243246 -0.380370
vn -0.916701 -0.178312 -0.357580
vn -0.892507 -0.300581 -0.336277
vn -0.910881 -0.253373 -0.325727
vn -0.951155 -0.158635 -0.264839
vn -0.982399 -0.044894 -0.181322
vn 0.452274 -0.861349 -0.231358
vn 0.452410 -0.772331 -0.445904
vn 0.452410 -0.772332 -0.445902
vn 0.452272 -0.861415 -0.231114
vn 0.475815 -0.879416 0.015113
vn 0.475678 -0.879502 0.014366
vn 0.533220 -0.810815 0.241361
vn 0.532884 -0.811316 0.240419
vn 0.566141 -0.713872 0.412154
vn 0.901345 -0.375078 0.216551
vn 0.533216 -0.614434 0.581508
vn 0.679138 -0.533612 0.504014
vn 0.475812 -0.452797 0.754041
vn 0.475674 -0.452191 0.754491
vn 0.452267 -0.230313 0.861633
vn 0.452265 -0.230556 0.861568
vn 0.452403 -0.000000 0.891813
vn 0.452404 -0.000000 0.891813
vn 0.452267 0.230314 0.861633
vn 0.452265 0.230557 0.861568
vn 0.475816 0.452796 0.754039
vn 0.907784 0.225996 0.353347
vn 0.533224 0.614432 0.581503
vn 0.717267 0.510793 0.473940
vn 0.566142 0.713871 0.412153
vn 0.566142 0.713871 0.412154
vn 0.533216 0.810818 0.241362
vn 0.852870 0.497138 0.159581
vn 0.475814 0.879416 0.015113
vn 0.903745 0.427722 0.017295
vn 0.452274 0.861348 -0.231359
vn 0.829349 0.540418 -0.141876
vn 0.452410 0.772328 -0.445908
vn 0.452410 0.772329 -0.445906
vn 0.452267 0.631042 -0.630271
vn 0.452266 0.630864 -0.630449
vn 0.475811 0.426624 -0.769153
vn 0.475674 0.427315 -0.768854
vn 0.533224 0.196380 -0.822865
vn 0.532888 0.197445 -0.822828
vn 0.566154 -0.000001 -0.824300
vn 0.566154 -0.000001 -0.824300
vn 0.533225 -0.196382 -0.822864
vn 0.532889 -0.197447 -0.822827
vn 0.475810 -0.426622 -0.769154
vn 0.475673 -0.427314 -0.768855
vn 0.452265 -0.631042 -0.630272
vn 0.452264 -0.630865 -0.630450
vn 0.999998 0.001834 0.001059
vn 0.999998 0.001834 0.001059
vn 0.999998 0.001834 0.001059
vn 0.999998 0.001834 0.001059
vn 0.999499 -0.027424 0.015832
vn 0.999499 -0.027424 0.015832
vn 0.999998 -0.001877 0.001082
vn 0.999998 -0.001877 0.001082
vn 0.999998 -0.001877 0.001082
vn 0.999998 -0.001877 0.001082
vn 0.999444 0.028869 0.016665
vn 0.999444 0.028869 0.016665
vn 0.999444 0.028869 0.016665
vn 0.999444 0.028869 0.016665
vn 0.999000 0.005309 -0.044400
vn 0.999000 0.005309 -0.044400
vn 0.999000 0.005309 -0.044400
vn 0.999000 0.005309 -0.044400
vn 0.999028 -0.004933 -0.043797
vn 0.999028 -0.004933 -0.043797
vn 0.999708 -0.009391 -0.022274
vn 0.999708 -0.009391 -0.022274
vn 0.999708 -0.009391 -0.022274
vn 0.999708 -0.009391 -0.022274
vn 0.999709 0.009414 -0.022226
vn 0.999709 0.009414 -0.022226
vn 0.999709 0.009414 -0.022226
vn 0.999709 0.009414 -0.022226
vn 0.998708 0.000478 -0.050812
vn 0.998667 -0.010988 -0.050439
vn 0.998667 -0.010988 -0.050439
vn 0.998710 -0.000451 -0.050782
vn 0.998641 0.010154 -0.051122
vn 0.998641 0.010154 -0.051122
vn 0.999844 0.007811 0.015875
vn 0.999909 0.010256 0.008801
vn 0.999909 0.010256 0.008801
vn 0.999847 0.007903 0.015608
vn 0.999725 0.005415 0.022802
vn 0.999725 0.005415 0.022802
vn 0.999492 0.000003 -0.031858
vn 0.999480 0.003980 -0.031983
vn 0.999480 0.003980 -0.031983
vn 0.999492 -0.000002 -0.031858
vn 0.999488 -0.004260 -0.031723
vn 0.999488 -0.004260 -0.031723
vn 0.999747 -0.004098 0.022139
vn 0.999858 -0.007253 0.015215
vn 0.999911 -0.010308 0.008508
vn 0.999995 0.000182 0.003132
vn 0.999979 0.000309 0.006446
vn 0.999984 0.000026 0.005665
vn 0.999995 -0.000115 0.003176
vn 0.999979 -0.000428 0.006449
vn 0.999994 -0.000192 0.003613
vn 0.999993 0.000123 0.003676
vn 0.999982 -0.000161 0.005947
vn 0.999903 -0.000239 0.013950
vn 0.999902 -0.000172 0.014009
vn 0.999993 0.000002 0.003825
vn 0.999993 0.000040 0.003825
vn 0.999995 -0.000036 0.003324
vn 0.999995 -0.000040 0.003324
vn 0.999983 0.000189 0.005908
vn 0.999993 -0.000110 0.003720
vn 0.999993 0.000223 0.003671
vn 0.999980 0.000448 0.006339
vn 0.999913 -0.000012 0.013224
vn 0.999913 0.000049 0.013191
vn 0.999995 0.000088 0.003279
vn 0.999984 -0.000174 0.005663
vn 0.999981 -0.000449 0.006224
vn 0.999995 -0.000241 0.003239
vn 0.005838 -0.919897 -0.392116
vn 0.005838 -0.919897 -0.392116
vn 0.005838 -0.919897 -0.392116
vn 0.005838 -0.919897 -0.392116
vn 0.011486 -0.433328 -0.901163
vn 0.011486 -0.433328 -0.901163
vn 0.011486 -0.433328 -0.901163
vn 0.011486 -0.433328 -0.901163
vn 0.011458 0.408684 -0.912604
vn 0.011458 0.408684 -0.912604
vn 0.011458 0.408684 -0.912604
vn 0.011458 0.408684 -0.912604
vn 0.001489 0.913979 -0.405760
vn 0.001489 0.913979 -0.405760
vn 0.001489 0.913979 -0.405760
vn 0.001489 0.913979 -0.405760
vn -0.012192 0.865284 0.501133
vn -0.012192 0.865284 0.501133
vn -0.012192 0.865284 0.501133
vn -0.012192 0.865284 0.501133
vn -0.012669 0.479226 0.877600
vn -0.012669 0.479227 0.877600
vn -0.012669 0.479227 0.877600
vn -0.012669 0.479227 0.877600
vn -0.011029 -0.705814 0.708311
vn -0.008337 -0.868555 0.495522
vn -0.008337 -0.868555 0.495522
vn -0.011028 -0.705873 0.708253
vn -0.012770 -0.516904 0.855948
vn -0.012770 -0.516904 0.855948
vn -0.952457 -0.304662 0.002715
vn -0.949458 -0.271841 -0.156947
vn -0.907627 -0.363539 -0.209888
vn -0.910882 -0.408772 -0.056565
vn -0.891622 -0.392120 -0.226390
vn -0.892508 -0.441512 -0.092175
vn -0.892273 -0.451031 -0.020474
vn -0.916702 -0.398829 0.024369
vn -0.959710 -0.243347 0.140495
vn -0.863486 -0.493743 0.103003
vn -0.899854 -0.377752 0.218096
vn -0.799198 -0.520539 0.300536
vn -0.863487 -0.336072 0.376093
vn -0.892274 -0.207785 0.400841
vn -0.916702 -0.220518 0.333211
vn -0.892507 -0.140932 0.428450
vn -0.910881 -0.155400 0.382291
vn -0.891621 -0.000000 0.452783
vn -0.907626 -0.000000 0.419779
vn -0.949458 -0.000000 0.313894
vn -0.952457 -0.154682 0.262488
vn -0.984922 -0.003544 0.172966
vn -0.982477 -0.161413 0.093191
vn -0.999699 -0.021244 0.012264
vn -0.984921 -0.151566 -0.083413
vn -0.951395 0.150877 0.268485
vn -0.910882 0.155399 0.382289
vn -0.892508 0.140931 0.428448
vn -0.892275 0.207785 0.400838
vn -0.916702 0.220518 0.333211
vn -0.955832 0.247772 0.158094
vn -0.863488 0.336070 0.376094
vn -0.899854 0.377752 0.218098
vn -0.799197 0.520537 0.300540
vn -0.863486 0.493744 0.103002
vn -0.892272 0.451034 -0.020472
vn -0.910868 0.411279 0.034204
vn -0.892508 0.441513 -0.092175
vn -0.896922 0.439706 -0.046787
vn -0.891622 0.392120 -0.226392
vn -0.895353 0.386176 -0.221836
vn -0.936314 0.306148 -0.172013
vn -0.944690 0.325672 0.038713
vn -0.993929 0.097889 -0.050236
vn -0.981984 0.139054 0.127953
vn -0.944914 0.129000 -0.300826
vn -0.895514 0.262334 -0.359493
vn -0.892507 0.300581 -0.336276
vn -0.892274 0.243245 -0.380367
vn -0.909561 0.175511 -0.376689
vn -0.954916 -0.015851 -0.296452
vn -0.863487 0.157672 -0.479093
vn -0.899854 -0.000000 -0.436191
vn -0.799196 0.000000 -0.601070
vn -0.863486 -0.157672 -0.479095
vn -0.892273 -0.243246 -0.380370
vn -0.916701 -0.178312 -0.357580
vn -0.892507 -0.300581 -0.336276
vn -0.910881 -0.253373 -0.325727
vn -0.951155 -0.158635 -0.264839
vn -0.982399 -0.044894 -0.181321
vn 0.452271 -0.861350 -0.231361
vn 0.452410 -0.772332 -0.445903
vn 0.452410 -0.772332 -0.445901
vn 0.452270 -0.861416 -0.231117
vn 0.475813 -0.879416 0.015116
vn 0.475677 -0.879503 0.014369
vn 0.533217 -0.810816 0.241363
vn 0.532881 -0.811318 0.240421
vn 0.566140 -0.713875 0.412150
vn 0.901346 -0.375077 0.216548
vn 0.533216 -0.614434 0.581508
vn 0.679138 -0.533612 0.504014
vn 0.475812 -0.452795 0.754042
vn 0.475675 -0.452189 0.754492
vn 0.452266 -0.230313 0.861633
vn 0.452265 -0.230556 0.861569
vn 0.452401 -0.000000 0.891815
vn 0.452401 -0.000000 0.891815
vn 0.452268 0.230314 0.861632
vn 0.452267 0.230557 0.861567
vn 0.475817 0.452795 0.754039
vn 0.907785 0.225995 0.353346
vn 0.533223 0.614432 0.581504
vn 0.717266 0.510793 0.473940
vn 0.566142 0.713871 0.412154
vn 0.566142 0.713871 0.412154
vn 0.533219 0.810816 0.241363
vn 0.852871 0.497138 0.159581
vn 0.475816 0.879415 0.015110
vn 0.903744 0.427724 0.017293
vn 0.452275 0.861348 -0.231361
vn 0.829349 0.540417 -0.141877
vn 0.452408 0.772330 -0.445908
vn 0.452408 0.772331 -0.445905
vn 0.452263 0.631043 -0.630272
vn 0.452262 0.630865 -0.630451
vn 0.475806 0.426625 -0.769156
vn 0.475669 0.427315 -0.768857
vn 0.533222 0.196379 -0.822867
vn 0.532885 0.197446 -0.822830
vn 0.566154 -0.000001 -0.824299
vn 0.566154 -0.000001 -0.824299
vn 0.533227 -0.196382 -0.822863
vn 0.532891 -0.197448 -0.822825
vn 0.475813 -0.426620 -0.769154
vn 0.475676 -0.427311 -0.768855
vn 0.452270 -0.631040 -0.630271
vn 0.452269 -0.630862 -0.630449
vn 0.999998 0.001834 0.001059
vn 0.999998 0.001834 0.001059
vn 0.999998 0.001834 0.001059
vn 0.999998 0.001834 0.001059
vn 0.999499 -0.027424 0.015832
vn 0.999499 -0.027424 0.015832
vn 0.999998 -0.001877 0.001082
vn 0.999998 -0.001877 0.001082
vn 0.999998 -0.001877 0.001082
vn 0.999998 -0.001877 0.001082
vn 0.999444 0.028869 0.016665
vn 0.999444 0.028869 0.016665
vn 0.999444 0.028869 0.016665
vn 0.999444 0.028869 0.016665
vn 0.999000 0.005309 -0.044400
vn 0.999000 0.005309 -0.044400
vn 0.999000 0.005309 -0.044400
vn 0.999000 0.005309 -0.044400
vn 0.999028 -0.004933 -0.043797
vn 0.999028 -0.004933 -0.043797
vn 0.999708 -0.009391 -0.022274
vn 0.999708 -0.009391 -0.022274
vn 0.999708 -0.009391 -0.022274
vn 0.999708 -0.009391 -0.022274
vn 0.999709 0.009415 -0.022226
vn 0.999709 0.009415 -0.022226
vn 0.999709 0.009415 -0.022226
vn 0.999709 0.009415 -0.022226
vn 0.998708 0.000478 -0.050812
vn 0.998667 -0.010988 -0.050439
vn 0.998667 -0.010988 -0.050439
vn 0.998710 -0.000451 -0.050782
vn 0.998641 0.010154 -0.051122
vn 0.998641 0.010154 -0.051122
vn 0.999844 0.007811 0.015875
vn 0.999909 0.010256 0.008801
vn 0.999909 0.010256 0.008801
vn 0.999847 0.007903 0.015608
vn 0.999725 0.005415 0.022802
vn 0.999725 0.005415 0.022802
vn 0.999492 0.000003 -0.031858
vn 0.999480 0.003980 -0.031984
vn 0.999480 0.003980 -0.031984
vn 0.999492 -0.000002 -0.031858
vn 0.999488 -0.004260 -0.031723
vn 0.999488 -0.004260 -0.031723
vn 0.999747 -0.004098 0.022139
vn 0.999858 -0.007253 0.015215
vn 0.999911 -0.010308 0.008508
vn 0.999995 0.000182 0.003132
vn 0.999979 0.000309 0.006446
vn 0.999984 0.000026 0.005665
vn 0.999995 -0.000115 0.003176
vn 0.999979 -0.000428 0.006449
vn 0.999994 -0.000192 0.003613
vn 0.999993 0.000123 0.003676
vn 0.999982 -0.000161 0.005947
vn 0.999903 -0.000239 0.013950
vn 0.999902 -0.000172 0.014009
vn 0.999993 0.000002 0.003825
vn 0.999993 0.000040 0.003825
vn 0.999995 -0.000036 0.003324
vn 0.999995 -0.000040 0.003324
vn 0.999983 0.000189 0.005908
vn 0.999993 -0.000110 0.003720
vn 0.999993 0.000223 0.003671
vn 0.999980 0.000448 0.006339
vn 0.999913 -0.000012 0.013224
vn 0.999913 0.000049 0.013191
vn 0.999995 0.000088 0.003279
vn 0.999984 -0.000174 0.005663
vn 0.999981 -0.000449 0.006224
vn 0.999995 -0.000241 0.003239
vn 0.005834 -0.919897 -0.392116
vn 0.005834 -0.919897 -0.392116
vn 0.005834 -0.919897 -0.392116
vn 0.005834 -0.919897 -0.392116
vn 0.011486 -0.433326 -0.901164
vn 0.011486 -0.433326 -0.901164
vn 0.011486 -0.433326 -0.901164
vn 0.011486 -0.433326 -0.901164
vn 0.011460 0.408685 -0.912603
vn 0.011460 0.408685 -0.912603
vn 0.011460 0.408685 -0.912603
vn 0.011460 0.408685 -0.912603
vn 0.005839 0.915912 -0.401336
vn 0.005839 0.915912 -0.401336
vn 0.005839 0.915912 -0.401336
vn 0.005839 0.915912 -0.401336
vn -0.008009 0.867702 0.497021
vn -0.008009 0.867702 0.497021
vn -0.008009 0.867702 0.497021
vn -0.008009 0.867702 0.497021
vn -0.012669 0.479228 0.877599
vn -0.012669 0.479228 0.877599
vn -0.012669 0.479228 0.877599
vn -0.012669 0.479228 0.877599
vn -0.011029 -0.705813 0.708312
vn -0.008339 -0.868557 0.495519
vn -0.008339 -0.868557 0.495519
vn -0.011029 -0.705871 0.708254
vn -0.012770 -0.516900 0.855950
vn -0.012770 -0.516900 0.855950
vn 0.000000 0.000000 1.000000
vn 0.000000 0.000000 1.000000
vn 0.000000 0.000000 1.000000
vn 0.000000 0.000000 1.000000
vn 0.000000 1.000000 0.000000
vn 0.000000 1.000000 0.000000
vn 0.000000 1.000000 0.000000
vn 0.000000 1.000000 0.000000
vn 0.000000 0.000000 -1.000000
vn 0.000000 0.000000 -1.000000
vn 0.000000 0.000000 -1.000000
vn 0.000000 0.000000 -1.000000
vn 0.000000 -1.000000 0.000000
vn 0.000000 -1.000000 0.000000
vn 0.000000 -1.000000 0.000000
vn 0.000000 -1.000000 0.000000
vn 1.000000 0.000000 0.000000
vn 1.000000 0.000000 0.000000
vn 1.000000 0.000000 0.000000
vn 1.000000 0.000000 0.000000
vn -1.000000 0.000000 0.000000
vn -1.000000 0.000000 0.000000
vn -1.000000 0.000000 0.000000
vn -1.000000 0.000000 0.000000
vn 0.000000 0.000000 1.000000
vn 0.000000 0.000000 1.000000
vn 0.000000 0.000000 1.000000
vn 0.000000 0.000000 1.000000
vn 1.000000 0.000000 0.000000
vn 1.000000 0.000000 0.000000
vn 1.000000 0.000000 0.000000
vn 1.000000 0.000000 0.000000
vn 0.000000 0.000000 -1.000000
vn 0.000000 0.000000 -1.000000
vn 0.000000 0.000000 -1.000000
vn 0.000000 0.000000 -1.000000
vn -1.000000 0.000000 0.000000
vn -1.000000 0.000000 0.000000
vn -1.000000 0.000000 0.000000
vn -1.000000 0.000000 0.000000
vn 0.000000 -1.000000 0.000000
vn 0.000000 -1.000000 0.000000
vn 0.000000 -1.000000 0.000000
vn 0.000000 -1.000000 0.000000
vn -1.000000 0.000000 0.000000
vn -1.000000 0.000000 0.000000
vn -1.000000 0.000000 0.000000
vn -1.000000 0.000000 0.000000
vn 0.000000 1.000000 0.000000
vn 0.000000 1.000000 0.000000
vn 0.000000 1.000000 0.000000
vn 0.000000 1.000000 0.000000
vn 1.000000 0.000000 0.000000
vn 1.000000 0.000000 0.000000
vn 1.000000 0.000000 0.000000
vn 1.000000 0.000000 0.000000
vn 0.000000 -1.000000 0.000000
vn 0.000000 -1.000000 0.000000
vn 0.000000 -1.000000 0.000000
vn 0.000000 -1.000000 0.000000
vn 1.000000 0.000000 0.000000
vn 1.000000 0.000000 0.000000
vn 0.000000 1.000000 0.000000
vn 0.000000 1.000000 0.000000
vn -1.000000 0.000000 0.000000
vn -1.000000 0.000000 0.000000
vn 0.000000 -1.000000 0.000000
vn 0.000000 -1.000000 0.000000
vn 0.000000 -1.000000 0.000000
vn 0.000000 -1.000000 0.000000
vn 0.000000 1.000000 0.000000
vn 0.000000 1.000000 0.000000
vn 0.000000 1.000000 0.000000
vn 0.000000 1.000000 0.000000
vn 0.000000 -1.000000 0.000000
vn 0.000000 -1.000000 0.000000
vn 0.000000 -1.000000 0.000000
vn 0.000000 -1.000000 0.000000
vn 0.000000 0.000000 -1.000000
vn 0.000000 0.000000 -1.000000
vn 0.000000 0.000000 -1.000000
vn 0.000000 0.000000 -1.000000
vn 0.000000 1.000000 0.000000
vn 0.000000 1.000000 0.000000
vn 0.000000 1.000000 0.000000
vn 0.000000 1.000000 0.000000
vn 0.000000 1.000000 0.000000
vn 0.000000 1.000000 0.000000
vn 0.000000 0.000000 1.000000
vn 0.000000 0.000000 1.000000
vn 0.000000 0.000000 1.000000
vn 0.000000 0.000000 1.000000
vn 0.000000 -1.000000 0.000000
vn 0.000000 -1.000000 0.000000
vn 0.000000 -1.000000 0.000000
vn 0.000000 -1.000000 0.000000
vn 0.000000 -1.000000 0.000000
vn 0.000000 1.000000 0.000000
vn 0.000000 1.000000 0.000000
vn 0.000000 1.000000 0.000000
vn 0.000000 1.000000 0.000000
vn 0.000000 0.000000 -1.000000
vn 0.000000 0.000000 -1.000000
vn 0.000000 -1.000000 0.000000
vn 0.000000 -1.000000 0.000000
vn 0.000000 -1.000000 0.000000
vn 0.000000 0.000000 1.000000
vn 0.000000 0.000000 1.000000
vn 0.000000 1.000000 0.000000
vn -1.000000 0.000000 0.000000
vn -1.000000 0.000000 0.000000
vn -1.000000 0.000000 0.000000
vn -1.000000 0.000000 0.000000
vn 0.000000 0.000000 -1.000000
vn 0.000000 0.000000 -1.000000
vn 0.000000 0.000000 -1.000000
vn 0.000000 0.000000 -1.000000
vn 1.000000 0.000000 0.000000
vn 1.000000 0.000000 0.000000
vn 1.000000 0.000000 0.000000
vn 1.000000 0.000000 0.000000
vn 0.000000 0.000000 1.000000
vn 0.000000 0.000000 1.000000
vn 0.000000 0.000000 1.000000
vn 0.000000 0.000000 1.000000
vn -1.000000 0.000000 0.000000
vn -1.000000 0.000000 0.000000
vn -1.000000 0.000000 0.000000
vn -1.000000 0.000000 0.000000
vn 0.000000 0.000000 -1.000000
vn 0.000000 0.000000 -1.000000
vn 0.000000 0.000000 -1.000000
vn 0.000000 0.000000 -1.000000
vn 1.000000 0.000000 0.000000
vn 1.000000 0.000000 0.000000
vn 1.000000 0.000000 0.000000
vn 1.000000 0.000000 0.000000
vn 0.000000 0.000000 1.000000
vn 0.000000 0.000000 1.000000
vn 0.000000 0.000000 1.000000
vn 0.000000 0.000000 1.000000
vn -1.000000 0.000000 0.000000
vn -1.000000 0.000000 0.000000
vn 0.000000 0.000000 -1.000000
vn 0.000000 0.000000 -1.000000
vn 1.000000 0.000000 0.000000
vn 1.000000 0.000000 0.000000
vn 0.000000 0.000000 1.000000
vn 0.000000 0.000000 1.000000
vn -1.000000 0.000000 0.000000
vn -1.000000 0.000000 0.000000
vn -1.000000 0.000000 0.000000
vn -1.000000 0.000000 0.000000
vn 0.000000 0.000000 -1.000000
vn 0.000000 0.000000 -1.000000
vn 0.000000 0.000000 -1.000000
vn 0.000000 0.000000 -1.000000
vn 1.000000 0.000000 0.000000
vn 1.000000 0.000000 0.000000
vn 1.000000 0.000000 0.000000
vn 1.000000 0.000000 0.000000
vn 0.000000 0.000000 1.000000
vn 0.000000 0.000000 1.000000
vn 0.000000 0.000000 1.000000
vn 0.000000 0.000000 1.000000
vn -1.000000 0.000000 0.000000
vn -1.000000 0.000000 0.000000
vn 0.000000 0.000000 -1.000000
vn 0.000000 0.000000 -1.000000
vn 1.000000 0.000000 0.000000
vn 1.000000 0.000000 0.000000
vn 0.000000 0.000000 1.000000
vn 0.000000 0.000000 1.000000
vn -1.000000 0.000000 0.000000
vn -1.000000 0.000000 0.000000
vn -1.000000 0.000000 0.000000
vn -1.000000 0.000000 0.000000
vn 0.000000 0.000000 -1.000000
vn 0.000000 0.000000 -1.000000
vn 0.000000 0.000000 -1.000000
vn 0.000000 0.000000 -1.000000
vn 1.000000 0.000000 0.000000
vn 1.000000 0.000000 0.000000
vn 1.000000 0.000000 0.000000
vn 1.000000 0.000000 0.000000
vn 0.000000 0.000000 1.000000
vn 0.000000 0.000000 1.000000
vn 0.000000 0.000000 1.000000
vn 0.000000 0.000000 1.000000
vn -1.000000 0.000000 0.000000
vn -1.000000 0.000000 0.000000
vn -0.000000 0.000000 -1.000000
vn -0.000001 0.000000 -1.000000
vn 1.000000 0.000000 0.000000
vn 1.000000 0.000000 0.000000
vn 0.000000 0.000000 1.000000
vn 0.000000 0.000000 1.000000
vn -1.000000 0.000000 0.000000
vn -1.000000 0.000000 0.000000
vn -1.000000 0.000000 0.000000
vn -1.000000 0.000000 0.000000
vn 0.000000 0.000000 -1.000000
vn 0.000000 0.000000 -1.000000
vn 0.000000 0.000000 -1.000000
vn 0.000000 0.000000 -1.000000
vn 1.000000 0.000000 0.000000
vn 1.000000 0.000000 0.000000
vn 1.000000 0.000000 0.000000
vn 1.000000 0.000000 0.000000
vn 0.000000 0.000000 1.000000
vn 0.000000 0.000000 1.000000
vn 0.000000 0.000000 1.000000
vn 0.000000 0.000000 1.000000
vn -1.000000 0.000000 0.000000
vn -1.000000 0.000000 0.000000
vn -1.000000 0.000000 0.000000
vn -1.000000 0.000000 0.000000
vn -1.000000 0.000000 0.000000
vn -1.000000 0.000000 0.000000
vn -1.000000 0.000000 0.000000
vn -1.000000 0.000000 0.000000
vn -1.000000 0.000000 0.000000
vn -1.000000 0.000000 0.000000
vn -1.000000 0.000000 0.000000
vn -1.000000 0.000000 0.000000
vn -1.000000 0.000000 0.000000
vn -1.000000 0.000000 0.000000
vn -1.000000 0.000000 0.000000
vn -1.000000 0.000000 0.000000
vn -1.000000 0.000000 0.000000
vn -1.000000 0.000000 0.000000
vn -1.000000 0.000000 0.000000
vn -1.000000 0.000000 0.000000
vn -1.000000 0.000000 0.000000
vn -1.000000 0.000000 0.000000
vn -1.000000 0.000000 0.000000
vn -1.000000 0.000000 0.000000
vn 0.000000 -1.000000 0.000000
vn 0.000000 -1.000000 0.000000
vn 0.000000 -1.000000 0.000000
vn 0.000000 -1.000000 0.000000
vn 1.000000 0.000000 0.000000
vn 1.000000 0.000000 0.000000
vn 1.000000 0.000000 0.000000
vn 1.000000 0.000000 0.000000
vn 1.000000 0.000000 0.000000
vn 1.000000 0.000000 0.000000
vn 1.000000 0.000000 0.000000
vn 1.000000 0.000000 0.000000
vn 1.000000 0.000000 0.000000
vn 1.000000 0.000000 0.000000
vn 1.000000 0.000000 0.000000
vn 1.000000 0.000000 0.000000
vn 1.000000 0.000000 0.000000
vn 1.000000 0.000000 0.000000
vn 1.000000 0.000000 0.000000
vn 1.000000 0.000000 0.000000
vn 1.000000 0.000000 0.000000
vn 1.000000 0.000000 0.000000
vn 1.000000 0.000000 0.000000
vn 1.000000 0.000000 0.000000
vn 1.000000 0.000000 0.000000
vn 1.000000 0.000000 0.000000
vn 1.000000 0.000000 0.000000
vn 1.000000 0.000000 0.000000
vn 1.000000 0.000000 0.000000
vn 1.000000 0.000000 0.000000
vn 1.000000 0.000000 0.000000
vn 1.000000 0.000000 0.000000
vn 1.000000 0.000000 0.000000
vn 1.000000 0.000000 0.000000
vn 0.000000 -1.000000 0.000000
vn 0.000000 -1.000000 0.000000
vn 1.000000 0.000000 0.000000
vn 1.000000 0.000000 0.000000
vn 0.000000 1.000000 0.000000
vn 0.000000 1.000000 0.000000
vn 0.000000 1.000000 0.000000
vn 0.000000 1.000000 0.000000
vn 0.000000 1.000000 0.000000
vn -1.000000 0.000000 0.000000
vn -1.000000 0.000000 0.000000
vn 0.000000 -1.000000 0.000000
vn 0.000000 -1.000000 0.000000
vn -1.000000 0.000000 0.000000
vn -1.000000 0.000000 0.000000
vn -1.000000 0.000000 0.000000
vn -1.000000 0.000000 0.000000
vn -1.000000 0.000000 0.000000
vn -1.000000 0.000000 0.000000
vn -1.000000 0.000000 0.000000
vn -1.000000 0.000000 0.000000
vn -1.000000 0.000000 0.000000
vn -0.999998 0.001441 0.001552
vn -0.999997 0.001556 0.001864
vn -1.000000 0.000000 0.000000
vn -1.000000 0.000000 0.000000
vn -1.000000 0.000000 0.000000
vn -1.000000 0.000000 0.000000
vn -0.999998 0.001477 0.001545
vn -0.999997 0.001595 0.001866
vn -1.000000 0.000000 0.000000
vn -1.000000 0.000000 0.000000
vn -1.000000 0.000000 0.000000
vn -1.000000 0.000000 0.000000
vn -0.999998 0.001488 0.001546
vn -0.999997 0.001608 0.001868
vn -1.000000 0.000000 0.000000
vn -1.000000 0.000000 0.000000
vn -1.000000 0.000000 0.000000
vn -1.000000 0.000000 0.000000
vn 0.000000 -1.000000 0.000000
vn 0.000000 -1.000000 0.000000
vn 1.000000 0.000000 0.000000
vn 1.000000 0.000000 0.000000
vn 1.000000 0.000000 0.000000
vn 1.000000 0.000000 0.000000
vn 1.000000 0.000000 0.000000
vn 1.000000 0.000000 0.000000
vn 1.000000 0.000000 0.000000
vn 1.000000 0.000000 0.000000
vn 1.000000 0.000000 0.000000
vn 1.000000 0.000000 0.000000
vn 1.000000 0.000000 0.000000
vn 1.000000 0.000000 0.000000
vn 1.000000 0.000000 0.000000
vn 1.000000 0.000000 0.000000
vn 1.000000 0.000000 0.000000
vn 0.000000 -1.000000 0.000000
vn 0.000000 -1.000000 0.000000
vn 1.000000 0.000000 0.000000
vn 1.000000 0.000000 0.000000
vn 0.000000 1.000000 0.000000
vn 0.000000 1.000000 0.000000
vn 0.000000 1.000000 0.000000
vn 0.000000 1.000000 0.000000
vn 0.000000 1.000000 0.000000
vn -1.000000 0.000000 0.000000
vn -1.000000 0.000000 0.000000
vn 0.000000 -1.000000 0.000000
vn 0.000000 -1.000000 0.000000
vn -1.000000 0.000000 0.000000
vn -1.000000 0.000000 0.000000
vn -1.000000 0.000000 0.000000
vn -1.000000 0.000000 0.000000
vn -0.999998 0.001345 0.001569
vn -0.999997 0.001446 0.001861
vn 0.000000 0.000000 -1.000000
vn 0.000000 0.000000 -1.000000
vn 0.000000 0.000000 -1.000000
vn 0.000000 0.000000 -1.000000
vn 0.000000 -1.000000 0.000000
vn 0.000000 -1.000000 0.000000
vn 0.000000 -1.000000 0.000000
vn 0.000000 -1.000000 0.000000
vn 0.000000 0.000000 1.000000
vn 0.000000 0.000000 1.000000
vn 0.000000 0.000000 1.000000
vn 0.000000 0.000000 1.000000
vn 0.000000 1.000000 0.000000
vn 0.000000 1.000000 0.000000
vn 0.000000 1.000000 0.000000
vn 0.000000 1.000000 0.000000
vn 0.000000 -1.000000 0.000000
vn 0.000000 -1.000000 0.000000
vn 0.000000 -1.000000 0.000000
vn 0.000000 -1.000000 0.000000
vn 0.000000 0.000000 1.000000
vn 0.000000 0.000000 1.000000
vn 0.000000 0.000000 1.000000
vn 0.000000 0.000000 1.000000
vn 0.000000 1.000000 0.000000
vn 0.000000 1.000000 0.000000
vn 0.000000 1.000000 0.000000
vn 0.000000 1.000000 0.000000
vn 0.000000 0.000000 -1.000000
vn 0.000000 0.000000 -1.000000
vn 0.000000 0.000000 -1.000000
vn 0.000000 0.000000 -1.000000
vn 0.000000 -1.000000 0.000000
vn 0.000000 -1.000000 0.000000
vn 0.000000 -1.000000 0.000000
vn 0.000000 -1.000000 0.000000
vn 0.000000 0.000000 1.000000
vn 0.000000 0.000000 1.000000
vn 0.000000 0.000000 1.000000
vn 0.000000 0.000000 1.000000
vn 0.000000 1.000000 0.000000
vn 0.000000 1.000000 0.000000
vn 0.000000 1.000000 0.000000
vn 0.000000 1.000000 0.000000
vn 0.000000 0.000000 -1.000000
vn 0.000000 0.000000 -1.000000
vn 0.000000 0.000000 -1.000000
vn 0.000000 0.000000 -1.000000
vn 0.000000 -1.000000 0.000000
vn 0.000000 -1.000000 0.000000
vn 0.000000 -1.000000 0.000000
vn 0.000000 -1.000000 0.000000
vn 0.000000 0.000000 1.000000
vn 0.000000 0.000000 1.000000
vn 0.000000 0.000000 1.000000
vn 0.000000 0.000000 1.000000
vn 0.000000 1.000000 0.000000
vn 0.000000 1.000000 0.000000
vn 0.000000 1.000000 0.000000
vn 0.000000 1.000000 0.000000
vn 0.000000 0.000000 -1.000000
vn 0.000000 0.000000 -1.000000
vn 0.000000 0.000000 -1.000000
vn 0.000000 0.000000 -1.000000
vn 0.000000 0.000000 -1.000000
vn 0.000000 0.000000 -1.000000
vn 0.000000 0.000000 -1.000000
vn 0.000000 0.000000 -1.000000
vn 0.000000 -1.000000 0.000000
vn 0.000000 -1.000000 0.000000
vn 0.000000 -1.000000 0.000000
vn 0.000000 -1.000000 0.000000
vn 0.000000 0.000000 1.000000
vn 0.000000 0.000000 1.000000
vn 0.000000 0.000000 1.000000
vn 0.000000 0.000000 1.000000
vn 0.000000 1.000000 0.000000
vn 0.000000 1.000000 0.000000
vn 0.000000 1.000000 0.000000
vn 0.000000 1.000000 0.000000
vn 0.000000 -1.000000 0.000000
vn 0.000000 -1.000000 0.000000
vn 0.000000 -1.000000 0.000000
vn 0.000000 -1.000000 0.000000
vn 0.000000 0.000000 1.000000
vn 0.000000 0.000000 1.000000
vn 0.000000 0.000000 1.000000
vn 0.000000 0.000000 1.000000
vn 0.000000 1.000000 0.000000
vn 0.000000 1.000000 0.000000
vn 0.000000 1.000000 0.000000
vn 0.000000 1.000000 0.000000
vn 0.000000 0.000000 -1.000000
vn 0.000000 0.000000 -1.000000
vn 0.000000 0.000000 -1.000000
vn 0.000000 0.000000 -1.000000
vn 0.000000 -1.000000 0.000000
vn 0.000000 -1.000000 0.000000
vn 0.000000 -1.000000 0.000000
vn 0.000000 -1.000000 0.000000
vn 0.000000 0.000000 1.000000
vn 0.000000 0.000000 1.000000
vn 0.000000 0.000000 1.000000
vn 0.000000 0.000000 1.000000
vn 0.000000 1.000000 0.000000
vn 0.000000 1.000000 0.000000
vn 0.000000 1.000000 0.000000
vn 0.000000 1.000000 0.000000
vn 0.000000 0.000000 -1.000000
vn 0.000000 0.000000 -1.000000
vn 0.000000 0.000000 -1.000000
vn 0.000000 0.000000 -1.000000
vn 0.000000 -1.000000 0.000000
vn 0.000000 -1.000000 0.000000
vn 0.000000 -1.000000 0.000000
vn 0.000000 -1.000000 0.000000
vn 0.000000 0.000000 1.000000
vn 0.000000 0.000000 1.000000
vn 0.000000 0.000000 1.000000
vn 0.000000 0.000000 1.000000
vn 0.000000 1.000000 0.000000
vn 0.000000 1.000000 0.000000
vn 0.000000 1.000000 0.000000
vn 0.000000 1.000000 0.000000
vn 0.000000 0.000000 -1.000000
vn 0.000000 0.000000 -1.000000
vn 0.000000 0.000000 -1.000000
vn 0.000000 0.000000 -1.000000
vn 1.000000 0.000000 0.000000
vn 1.000000 0.000000 0.000000
vn 1.000000 0.000000 0.000000
vn 1.000000 0.000000 0.000000
vn 0.000000 -1.000000 0.000000
vn 0.000000 -1.000000 0.000000
vn -1.000000 0.000000 0.000000
vn -1.000000 0.000000 0.000000
vn 0.000000 1.000000 0.000000
vn 0.000000 1.000000 0.000000
vn 1.000000 0.000000 0.000000
vn 1.000000 0.000000 0.000000
vn 1.000000 0.000000 0.000000
vn 1.000000 0.000000 0.000000
vn 0.000000 -1.000000 0.000000
vn 0.000000 -1.000000 0.000000
vn -1.000000 0.000000 0.000000
vn -1.000000 0.000000 0.000000
vn 0.000000 1.000000 0.000000
vn 0.000000 1.000000 0.000000
vn 1.000000 0.000000 0.000000
vn 1.000000 0.000000 0.000000
vn 1.000000 0.000000 0.000000
vn 1.000000 0.000000 0.000000
vn 0.000000 -1.000000 0.000000
vn 0.000000 -1.000000 0.000000
vn -1.000000 0.000000 0.000000
vn -1.000000 0.000000 0.000000
vn 0.000000 1.000000 0.000000
vn 0.000000 1.000000 0.000000
vn 1.000000 0.000000 0.000000
vn 1.000000 0.000000 0.000000
vn 1.000000 0.000000 0.000000
vn 1.000000 0.000000 0.000000
vn 0.000000 -1.000000 0.000000
vn 0.000000 -1.000000 0.000000
vn -1.000000 0.000000 0.000000
vn -1.000000 0.000000 0.000000
vn 0.000000 1.000000 0.000000
vn 0.000000 1.000000 0.000000
vn 1.000000 0.000000 0.000000
vn 1.000000 0.000000 0.000000
vn 1.000000 0.000000 0.000000
vn 1.000000 0.000000 0.000000
vn 0.000000 1.000000 0.000000
vn 0.000000 1.000000 0.000000
vn 0.000000 1.000000 0.000000
vn 0.000000 1.000000 0.000000
vn -1.000000 0.000000 0.000000
vn -1.000000 0.000000 0.000000
vn -1.000000 0.000000 0.000000
vn -1.000000 0.000000 0.000000
vn 0.000000 -1.000000 0.000000
vn 0.000000 -1.000000 0.000000
vn 0.000000 -1.000000 0.000000
vn 0.000000 -1.000000 0.000000
vn 1.000000 0.000000 0.000000
vn 1.000000 0.000000 0.000000
vn 1.000000 0.000000 0.000000
vn 1.000000 0.000000 0.000000
vn 0.000000 1.000000 0.000000
vn 0.000000 1.000000 0.000000
vn 0.000000 1.000000 0.000000
vn 0.000000 1.000000 0.000000
vn -1.000000 0.000000 0.000000
vn -1.000000 0.000000 0.000000
vn -1.000000 0.000000 0.000000
vn -1.000000 0.000000 0.000000
vn 0.000000 -1.000000 0.000000
vn 0.000000 -1.000000 0.000000
vn 0.000000 -1.000000 0.000000
vn 0.000000 -1.000000 0.000000
vn 1.000000 0.000000 0.000000
vn 1.000000 0.000000 0.000000
vn 1.000000 0.000000 0.000000
vn 1.000000 0.000000 0.000000
vn 0.000000 1.000000 0.000000
vn 0.000000 1.000000 0.000000
vn 0.000000 1.000000 0.000000
vn 0.000000 1.000000 0.000000
vn -1.000000 0.000000 0.000000
vn -1.000000 0.000000 0.000000
vn -1.000000 0.000000 0.000000
vn -1.000000 0.000000 0.000000
vn 0.000000 -1.000000 0.000000
vn 0.000000 -1.000000 0.000000
vn 0.000000 -1.000000 0.000000
vn 0.000000 -1.000000 0.000000
vn 1.000000 0.000000 0.000000
vn 1.000000 0.000000 0.000000
vn 1.000000 0.000000 0.000000
vn 1.000000 0.000000 0.000000
vn 0.000000 1.000000 0.000000
vn 0.000000 1.000000 0.000000
vn 0.000000 1.000000 0.000000
vn 0.000000 1.000000 0.000000
vn -1.000000 0.000000 0.000000
vn -1.000000 0.000000 0.000000
vn -1.000000 0.000000 0.000000
vn -1.000000 0.000000 0.000000
vn 0.000000 -1.000000 0.000000
vn 0.000000 -1.000000 0.000000
vn 0.000000 -1.000000 0.000000
vn 0.000000 -1.000000 0.000000
vn 1.000000 0.000000 0.000000
vn 1.000000 0.000000 0.000000
vn 1.000000 0.000000 0.000000
vn 1.000000 0.000000 0.000000
vn -1.000000 0.000000 0.000000
vn -0.999998 -0.001617 0.001527
vn -1.000000 0.000000 0.000000
vn -1.000000 0.000000 0.000000
vn 1.000000 0.000000 0.000000
vn 1.000000 0.000000 0.000000
vn 0.000000 0.000000 -1.000000
vn 0.000000 0.000000 -1.000000
vn 0.000000 0.000000 -1.000000
vn 0.000000 0.000000 -1.000000
vn -1.000000 0.000000 0.000000
vn -1.000000 0.000000 0.000000
vn -1.000000 0.000000 0.000000
vn -1.000000 0.000000 0.000000
vn -1.000000 0.000000 0.000000
vn -1.000000 0.000000 0.000000
vn 0.000000 0.000000 1.000000
vn 0.000000 0.000000 1.000000
vn 0.000000 0.000000 1.000000
vn 0.000000 0.000000 1.000000
vn 1.000000 0.000000 0.000000
vn 1.000000 0.000000 0.000000
vn 1.000000 0.000000 0.000000
vn 1.000000 0.000000 0.000000
vn 1.000000 0.000000 0.000000
vn 1.000000 0.000000 0.000000
vn 1.000000 0.000000 0.000000
vn -1.000000 0.000000 0.000000
vn -1.000000 0.000000 0.000000
vn -1.000000 0.000000 0.000000
vn 0.000000 0.000000 -1.000000
vn 0.000000 0.000000 -1.000000
vn 1.000000 0.000000 0.000000
vn 1.000000 0.000000 0.000000
vn 1.000000 0.000000 0.000000
vn 0.000000 0.000000 1.000000
vn 0.000000 0.000000 1.000000
vn -1.000000 0.000000 0.000000
vn -1.000000 0.000000 0.000000
vn 1.000000 0.000000 0.000000
vn 1.000000 0.000000 0.000000
vn 1.000000 0.000000 0.000000
vn -1.000000 0.000000 0.000000
vn -1.000000 0.000000 0.000000
vn -1.000000 0.000000 0.000000
vn 0.000000 0.000000 -1.000000
vn 0.000000 0.000000 -1.000000
vn 1.000000 0.000000 0.000000
vn 1.000000 0.000000 0.000000
vn 1.000000 0.000000 0.000000
vn 0.000000 0.000000 1.000000
vn 0.000000 0.000000 1.000000
vn -1.000000 0.000000 0.000000
vn -1.000000 0.000000 0.000000
vn 1.000000 0.000000 0.000000
vn 1.000000 0.000000 0.000000
vn 1.000000 0.000000 0.000000
vn 1.000000 0.000000 0.000000
vn -1.000000 0.000000 0.000000
vn -0.999997 -0.001720 0.001514
vn -1.000000 0.000000 0.000000
vn -1.000000 0.000000 0.000000
vn 1.000000 0.000000 0.000000
vn 1.000000 0.000000 0.000000
vn 0.000000 0.000000 -1.000000
vn 0.000000 0.000000 -1.000000
vn 0.000000 0.000000 -1.000000
vn 0.000000 0.000000 -1.000000
vn -1.000000 0.000000 0.000000
vn -1.000000 0.000000 0.000000
vn -1.000000 0.000000 0.000000
vn -1.000000 0.000000 0.000000
vn -1.000000 0.000000 0.000000
vn -1.000000 0.000000 0.000000
vn 0.000000 0.000000 1.000000
vn 0.000000 0.000000 1.000000
vn 0.000000 0.000000 1.000000
vn 0.000000 0.000000 1.000000
vn 1.000000 0.000000 0.000000
vn 1.000000 0.000000 0.000000
vn 1.000000 0.000000 0.000000
vn 1.000000 0.000000 0.000000
vn 1.000000 0.000000 0.000000
vn 1.000000 0.000000 0.000000
vn 1.000000 0.000000 0.000000
vn 1.000000 0.000000 0.000000
vn -1.000000 0.000000 0.000000
vn -0.999997 -0.001721 0.001513
vn -1.000000 0.000000 0.000000
vn -1.000000 0.000000 0.000000
vn 1.000000 0.000000 0.000000
vn 1.000000 0.000000 0.000000
vn 0.000000 0.000000 -1.000000
vn 0.000000 0.000000 -1.000000
vn 0.000000 0.000000 -1.000000
vn 0.000000 0.000000 -1.000000
vn -1.000000 0.000000 0.000000
vn -1.000000 0.000000 0.000000
vn -1.000000 0.000000 0.000000
vn -1.000000 0.000000 0.000000
vn -1.000000 0.000000 0.000000
vn -1.000000 0.000000 0.000000
vn 0.000000 0.000000 1.000000
vn 0.000000 0.000000 1.000000
vn 0.000000 0.000000 1.000000
vn 0.000000 0.000000 1.000000
vn 1.000000 0.000000 0.000000
vn 1.000000 0.000000 0.000000
vn 1.000000 0.000000 0.000000
vn 1.000000 0.000000 0.000000
vn 1.000000 0.000000 0.000000
vn 1.000000 0.000000 0.000000
vn 1.000000 0.000000 0.000000
vn -1.000000 0.000000 0.000000
vn -1.000000 0.000000 0.000000
vn -1.000000 0.000000 0.000000
vn 0.000000 0.000000 -1.000000
vn 0.000000 0.000000 -1.000000
vn 1.000000 0.000000 0.000000
vn 1.000000 0.000000 0.000000
vn 1.000000 0.000000 0.000000
vn 0.000000 0.000000 1.000000
vn 0.000000 0.000000 1.000000
vn -1.000000 0.000000 0.000000
vn -1.000000 0.000000 0.000000
vn 1.000000 0.000000 0.000000
vn 1.000000 0.000000 0.000000
vn 1.000000 0.000000 0.000000
vn -1.000000 0.000000 0.000000
vn -1.000000 0.000000 0.000000
vn -1.000000 0.000000 0.000000
vn 0.000000 0.000000 -1.000000
vn 0.000000 0.000000 -1.000000
vn 1.000000 0.000000 0.000000
vn 1.000000 0.000000 0.000000
vn 1.000000 0.000000 0.000000
vn 0.000000 0.000000 1.000000
vn 0.000000 0.000000 1.000000
vn -1.000000 0.000000 0.000000
vn -1.000000 0.000000 0.000000
vn 1.000000 0.000000 0.000000
vn 1.000000 0.000000 0.000000
vn 1.000000 0.000000 0.000000
vn 1.000000 0.000000 0.000000
vn -1.000000 0.000000 0.000000
vn -0.999998 -0.001642 0.001522
vn -1.000000 0.000000 0.000000
vn -1.000000 0.000000 0.000000
vn 1.000000 0.000000 0.000000
vn 1.000000 0.000000 0.000000
vn 0.000000 0.000000 -1.000000
vn 0.000000 0.000000 -1.000000
vn 0.000000 0.000000 -1.000000
vn 0.000000 0.000000 -1.000000
vn -1.000000 0.000000 0.000000
vn -1.000000 0.000000 0.000000
vn -1.000000 0.000000 0.000000
vn -1.000000 0.000000 0.000000
vn -1.000000 0.000000 0.000000
vn -1.000000 0.000000 0.000000
vn 0.000000 0.000000 1.000000
vn 0.000000 0.000000 1.000000
vn 0.000000 0.000000 1.000000
vn 0.000000 0.000000 1.000000
vn 1.000000 0.000000 0.000000
vn 1.000000 0.000000 0.000000
vn 1.000000 0.000000 0.000000
vn 1.000000 0.000000 0.000000
vn -1.000000 0.000000 0.000000
vn -1.000000 0.000000 0.000000
vn -1.000000 0.000000 0.000000
vn -1.000000 0.000000 0.000000
vn 0.000000 0.000000 1.000000
vn 0.000000 0.000000 1.000000
vn 1.000000 0.000000 0.000000
vn 1.000000 0.000000 0.000000
vn 1.000000 0.000000 0.000000
vn 1.000000 0.000000 0.000000
vn 1.000000 0.000000 0.000000
vn 0.000000 0.000000 -1.000000
vn 0.000000 0.000000 -1.000000
vn -1.000000 0.000000 0.000000
vn -1.000000 0.000000 0.000000
vn -1.000000 0.000000 0.000000
vn -1.000000 0.000000 0.000000
vn -1.000000 0.000000 0.000000
vn -1.000000 0.000000 0.000000
vn -1.000000 0.000000 0.000000
vn 0.000000 -1.000000 0.000000
vn 0.000000 -1.000000 0.000000
vn 0.000000 -1.000000 0.000000
vn 0.000000 -1.000000 0.000000
vn 1.000000 0.000000 0.000000
vn 1.000000 0.000000 0.000000
vn 1.000000 0.000000 0.000000
vn 1.000000 0.000000 0.000000
vn 0.000000 -1.000000 0.000000
vn 0.000000 -1.000000 0.000000
vn 0.000000 -1.000000 0.000000
vn 0.000000 -1.000000 0.000000
vn -0.999999 0.000807 -0.000833
vn -0.999998 0.001233 -0.001531
vn -1.000000 0.000000 0.000000
vn -1.000000 0.000000 0.000000
vn -0.999999 0.000878 -0.001005
vn -0.999998 0.001326 -0.001677
vn -1.000000 0.000000 0.000000
vn -0.999999 -0.001251 -0.000042
vn -0.999999 -0.000878 -0.000823
vn -1.000000 0.000000 0.000000
vn 0.000000 1.000000 0.000000
vn 0.000000 1.000000 0.000000
vn 0.000000 1.000000 0.000000
vn 0.000000 1.000000 0.000000
vn 1.000000 0.000000 0.000000
vn 1.000000 0.000000 0.000000
vn 1.000000 0.000000 0.000000
vn 1.000000 0.000000 0.000000
vn 0.000000 1.000000 0.000000
vn 0.000000 1.000000 0.000000
vn 0.000000 1.000000 0.000000
vn 0.000000 1.000000 0.000000
vn -1.000000 0.000000 0.000000
vn -1.000000 0.000000 0.000000
vn -1.000000 0.000000 0.000000
vn -1.000000 0.000000 0.000000
vn 0.000000 -1.000000 0.000000
vn 0.000000 -1.000000 0.000000
vn 0.000000 -1.000000 0.000000
vn 0.000000 -1.000000 0.000000
vn 1.000000 0.000000 0.000000
vn 1.000000 0.000000 0.000000
vn 1.000000 0.000000 0.000000
vn 1.000000 0.000000 0.000000
vn 0.000000 -1.000000 0.000000
vn 0.000000 -1.000000 0.000000
vn 0.000000 -1.000000 0.000000
vn 0.000000 -1.000000 0.000000
vn -0.999999 0.000801 -0.000833
vn -0.999998 0.001223 -0.001530
vn -1.000000 0.000000 0.000000
vn -1.000000 0.000000 0.000000
vn -0.999998 0.001313 -0.001675
vn -0.999999 0.000872 -0.001004
vn -1.000000 0.000000 0.000000
vn -0.999998 -0.001428 -0.001507
vn -0.999999 -0.000933 -0.000816
vn -1.000000 0.000000 0.000000
vn 0.000000 1.000000 0.000000
vn 0.000000 1.000000 0.000000
vn 0.000000 1.000000 0.000000
vn 0.000000 1.000000 0.000000
vn 1.000000 0.000000 0.000000
vn 1.000000 0.000000 0.000000
vn 1.000000 0.000000 0.000000
vn 1.000000 0.000000 0.000000
vn 0.000000 1.000000 0.000000
vn 0.000000 1.000000 0.000000
vn 0.000000 1.000000 0.000000
vn 0.000000 1.000000 0.000000
vn -1.000000 0.000000 0.000000
vn -1.000000 0.000000 0.000000
vn -1.000000 0.000000 0.000000
vn -1.000000 0.000000 0.000000
vn 0.000000 -1.000000 0.000000
vn 0.000000 -1.000000 0.000000
vn 0.000000 -1.000000 0.000000
vn 0.000000 -1.000000 0.000000
vn 1.000000 0.000000 0.000000
vn 1.000000 0.000000 0.000000
vn 1.000000 0.000000 0.000000
vn 1.000000 0.000000 0.000000
vn 0.000000 -1.000000 0.000000
vn 0.000000 -1.000000 0.000000
vn 0.000000 -1.000000 0.000000
vn 0.000000 -1.000000 0.000000
vn -0.999999 0.000781 -0.000837
vn -0.999998 0.001194 -0.001536
vn -1.000000 0.000000 0.000000
vn -1.000000 0.000000 0.000000
vn -0.999998 0.001281 -0.001674
vn -0.999999 0.000850 -0.001003
vn -1.000000 0.000000 0.000000
vn -0.999998 -0.001429 -0.001506
vn -0.999999 -0.000934 -0.000816
vn -1.000000 0.000000 0.000000
vn 0.000000 1.000000 0.000000
vn 0.000000 1.000000 0.000001
vn 0.000000 1.000000 0.000001
vn 0.000000 1.000000 0.000000
vn 1.000000 0.000000 0.000000
vn 1.000000 0.000000 0.000000
vn 1.000000 0.000000 0.000000
vn 1.000000 0.000000 0.000000
vn 0.000000 1.000000 0.000000
vn 0.000000 1.000000 0.000000
vn 0.000000 1.000000 0.000000
vn 0.000000 1.000000 0.000000
vn -1.000000 0.000000 0.000000
vn -1.000000 0.000000 0.000000
vn -1.000000 0.000000 0.000000
vn -1.000000 0.000000 0.000000
vn 0.000000 -1.000000 0.000000
vn 0.000000 -1.000000 0.000000
vn 0.000000 -1.000000 0.000000
vn 0.000000 -1.000000 0.000000
vn 1.000000 0.000000 0.000000
vn 1.000000 0.000000 0.000000
vn 1.000000 0.000000 0.000000
vn 1.000000 0.000000 0.000000
vn 0.000000 -1.000000 0.000000
vn 0.000000 -1.000000 0.000000
vn 0.000000 -1.000000 0.000000
vn 0.000000 -1.000000 0.000000
vn -0.999999 0.000730 -0.000846
vn -0.999998 0.001116 -0.001549
vn -1.000000 0.000000 0.000000
vn -1.000000 0.000000 0.000000
vn -0.999998 0.001191 -0.001670
vn -0.999999 0.000790 -0.001001
vn -1.000000 0.000000 0.000000
vn -0.999998 -0.001363 -0.001514
vn -0.999999 -0.000891 -0.000821
vn -1.000000 0.000000 0.000000
vn 0.000000 1.000000 0.000000
vn 0.000000 1.000000 0.000000
vn 0.000000 1.000000 0.000000
vn 0.000000 1.000000 0.000000
vn 1.000000 0.000000 0.000000
vn 1.000000 0.000000 0.000000
vn 1.000000 0.000000 0.000000
vn 1.000000 0.000000 0.000000
vn 0.000000 1.000000 0.000000
vn 0.000000 1.000000 0.000000
vn 0.000000 1.000000 0.000000
vn 0.000000 1.000000 0.000000
vn -1.000000 0.000000 0.000000
vn -1.000000 0.000000 0.000000
vn -1.000000 0.000000 0.000000
vn -1.000000 0.000000 0.000000
vn 0.000000 -1.000000 0.000000
vn 0.000000 -1.000000 0.000000
vn 0.000000 -1.000000 0.000000
vn 0.000000 -1.000000 0.000000
vn -1.000000 0.000000 0.000000
vn -1.000000 0.000000 0.000000
vn -1.000000 0.000000 0.000000
vn -1.000000 0.000000 0.000000
vn 0.000000 1.000000 0.000000
vn 0.000000 1.000000 0.000000
vn 0.000000 1.000000 0.000001
vn 0.000000 1.000000 0.000001
vn 0.000000 1.000000 0.000000
vn 0.000000 1.000000 0.000002
vn 0.000000 1.000000 0.000001
vn 0.000000 1.000000 0.000001
vn 0.000000 1.000000 0.000000
vn 0.000000 1.000000 0.000000
vn 1.000000 0.000000 0.000000
vn 1.000000 0.000000 0.000000
vn 1.000000 0.000000 0.000000
vn 1.000000 0.000000 0.000000
vn 0.000000 -1.000000 0.000000
vn 0.000000 -1.000000 0.000000
vn 0.000000 -1.000000 0.000000
vn 0.000000 -1.000000 0.000000
vn 1.000000 0.000000 0.000000
vn 1.000000 0.000000 0.000000
vn 1.000000 0.000000 0.000000
vn 1.000000 0.000000 0.000000
vn 1.000000 0.000000 0.000000
vn 1.000000 0.000000 0.000000
vn 1.000000 0.000000 0.000000
vn 1.000000 0.000000 0.000000
vn 1.000000 0.000000 0.000000
vn 1.000000 0.000000 0.000000
vn 1.000000 0.000000 0.000000
vn 1.000000 0.000000 0.000000
vn 1.000000 0.000000 0.000000
vn 1.000000 0.000000 0.000000
vn 1.000000 0.000000 0.000000
vn 1.000000 0.000000 0.000000
vn 1.000000 0.000000 0.000000
vn 1.000000 0.000000 0.000000
vn 1.000000 0.000000 0.000000
vn 1.000000 0.000000 0.000000
vn 1.000000 0.000000 0.000000
vn 1.000000 0.000000 0.000000
vn 1.000000 0.000000 0.000000
vn 1.000000 0.000000 0.000000
vn 1.000000 0.000000 0.000000
vn 1.000000 0.000000 0.000000
vn 1.000000 0.000000 0.000000
vn 1.000000 0.000000 0.000000
vn 1.000000 0.000000 0.000000
vn 1.000000 0.000000 0.000000
vn 0.000000 -1.000000 0.000000
vn 0.000000 -1.000000 0.000000
vn 0.000000 1.000000 0.000000
vn 0.000000 1.000000 0.000000
vn 0.000000 -1.000000 0.000000
vn 0.000000 -1.000000 0.000000
vn 0.000000 1.000000 0.000000
vn 0.000000 1.000000 0.000000
vn 0.000000 -1.000000 0.000000
vn 0.000000 -1.000000 0.000000
vn 0.000000 1.000000 0.000000
vn 0.000000 1.000000 0.000000
vn 0.000000 -1.000000 0.000000
vn 0.000000 -1.000000 0.000000
vn 0.000000 1.000000 0.000000
vn 0.000000 1.000000 0.000000
vn 1.000000 0.000000 0.000000
vn 0.000000 -1.000000 0.000000
vn 0.000000 -1.000000 0.000000
vn -1.000000 0.000000 0.000000
vn 0.000000 0.000000 1.000000
vn 0.000000 0.000000 1.000000
vn 0.000000 0.000000 1.000000
vn 0.000000 0.000000 1.000000
vn 0.000000 0.000000 1.000000
vn 0.000000 0.000000 1.000000
vn 0.000000 0.000000 1.000000
vn 0.000000 0.000000 1.000000
vn 0.000000 0.000000 1.000000
vn 0.000000 0.000000 1.000000
vn 0.000000 0.000000 1.000000
vn 0.000000 0.000000 1.000000
vn 0.000000 0.000000 1.000000
vn 0.000000 0.000000 1.000000
vn 0.000000 0.000000 1.000000
vn 0.000000 -1.000000 0.000000
vn 0.000000 -1.000000 0.000000
vn 0.000000 0.000000 1.000000
vn 0.000000 0.000000 1.000000
vn 0.000000 1.000000 0.000000
vn 0.000000 1.000000 0.000000
vn 0.000000 1.000000 0.000000
vn 0.000000 1.000000 0.000000
vn 0.000000 1.000000 0.000001
vn 0.000000 1.000000 0.000000
vn 0.000000 1.000000 0.000000
vn 0.000000 1.000000 0.000000
vn 0.000000 1.000000 0.000000
vn 0.000000 0.000000 -1.000000
vn 0.000000 0.000000 -1.000000
vn 0.000000 -1.000000 0.000000
vn 0.000000 -1.000000 0.000000
vn 0.000000 0.000000 -1.000000
vn 0.000000 0.000000 -1.000000
vn 0.000000 0.000000 -1.000000
vn 0.000000 0.000000 -1.000000
vn 0.000000 0.000000 -1.000000
vn 0.000000 0.000000 -1.000000
vn 0.000000 0.000000 -1.000000
vn 0.000000 0.000000 -1.000000
vn 0.000000 0.000000 -1.000000
vn 0.000000 0.000000 -1.000000
vn 0.000000 0.000000 -1.000000
vn -0.000000 0.000000 -1.000000
vn -0.000000 0.000000 -1.000000
vn 0.000000 0.000000 -1.000000
vn 0.000000 0.000000 -1.000000
vn 0.000000 0.000000 1.000000
vn 0.000000 0.000000 1.000000
vn 0.000000 0.000000 1.000000
vn 0.000000 0.000000 1.000000
vn 0.000000 0.000000 1.000000
vn 0.000000 0.000000 1.000000
vn 0.000000 0.000000 1.000000
vn 0.000000 0.000000 1.000000
vn 0.000000 0.000000 1.000000
vn 0.000000 0.000000 1.000000
vn 0.000000 0.000000 1.000000
vn 0.000000 0.000000 1.000000
vn 0.000000 0.000000 1.000000
vn 0.000000 0.000000 1.000000
vn 0.000000 0.000000 1.000000
vn 0.000000 0.000000 -1.000000
vn 0.000000 0.000000 -1.000000
vn 0.000000 0.000000 -1.000000
vn 0.000000 0.000000 -1.000000
vn 0.000000 0.000000 -1.000000
vn 0.000000 0.000000 -1.000000
vn 0.000000 0.000000 -1.000000
vn 0.000000 0.000000 -1.000000
vn 0.000000 0.000000 -1.000000
vn 0.000000 0.000000 -1.000000
vn 0.000000 0.000000 -1.000000
vn -0.000000 0.000000 -1.000000
vn -0.000000 0.000000 -1.000000
vn 0.000000 0.000000 -1.000000
vn 0.000000 0.000000 -1.000000
vn 0.000000 0.000000 -1.000000
vn 0.000000 0.000000 -1.000000
vn 0.000000 -1.000000 0.000000
vn 0.000000 -1.000000 0.000000
vn 0.000000 -1.000000 0.000000
vn 0.000000 -1.000000 0.000000
vn 0.000000 -1.000000 0.000000
vn 0.000000 -1.000000 0.000000
vn 0.000000 -1.000000 0.000000
vn 0.000000 -1.000000 0.000000
vn 0.000000 -1.000000 0.000000
vn 0.000000 -1.000000 0.000000
vn 0.000000 -1.000000 0.000000
vn 0.000000 -1.000000 0.000000
vn 0.000000 0.000000 1.000000
vn 0.000000 0.000000 1.000000
vn 0.000000 -1.000000 0.000000
vn 0.000000 -1.000000 -0.000000
vn 0.000000 -1.000000 -0.000000
vn 0.000000 -1.000000 0.000000
vn 0.000000 -1.000000 -0.000000
vn 0.000000 -1.000000 0.000000
vn 0.000000 -1.000000 0.000000
vn 0.000000 -1.000000 0.000000
vn 0.000000 -1.000000 -0.000000
vn 0.000000 -1.000000 -0.000000
vn 0.000000 -1.000000 -0.000000
vn 0.000000 -1.000000 -0.000000
vn 0.000000 -1.000000 0.000000
vn 0.000000 -1.000000 0.000000
vn 0.000000 -1.000000 -0.000000
vn 0.000000 -1.000000 -0.000000
vn 0.000000 -1.000000 -0.000000
vn 0.000000 -1.000000 -0.000000
vn 0.000000 -1.000000 0.000000
vn 0.000000 -1.000000 0.000000
vn 0.000000 0.000000 -1.000000
vn 0.000000 0.000000 -1.000000
vn 0.000000 0.000000 -1.000000
vn 0.000000 0.000000 -1.000000
vn 0.999971 0.005950 -0.004846
vn 0.999985 0.002576 -0.004804
vn 0.999985 0.002576 -0.004804
vn 0.999970 0.005984 -0.004847
vn 0.999952 0.008544 -0.004879
vn 0.999952 0.008544 -0.004879
vn -0.011266 -0.011473 0.999871
vn -0.011266 -0.011473 0.999871
vn -0.011266 -0.011473 0.999871
vn -0.011266 -0.011473 0.999871
vn 0.999897 0.010444 0.009797
vn 0.999941 0.004963 0.009619
vn 0.999941 0.004963 0.009619
vn 0.999898 0.010392 0.009795
vn 0.999832 0.015378 0.009957
vn 0.999832 0.015378 0.009957
vn -0.999999 -0.000699 -0.001463
vn -0.999998 -0.001515 -0.001434
vn -0.999998 -0.001534 -0.001433
vn -0.999999 -0.000699 -0.001463
vn -0.999997 -0.002224 -0.001409
vn -0.999997 -0.002224 -0.001409
vn 0.000000 0.000000 1.000000
vn 0.000000 0.000000 1.000000
vn 0.000000 0.000000 1.000000
vn 0.000000 0.000000 1.000000
vn -0.999985 0.004845 -0.002717
vn -0.999990 0.003387 -0.002783
vn -0.999990 0.003463 -0.002780
vn -0.999985 0.004845 -0.002717
vn -0.999995 0.001418 -0.002873
vn -0.999995 0.001418 -0.002873
vn 0.002319 -0.002705 -0.999994
vn 0.002319 -0.002705 -0.999994
vn 0.002319 -0.002705 -0.999994
vn 0.002319 -0.002705 -0.999994
vn -1.000000 0.000000 0.000000
vn -0.999997 -0.001751 0.001879
vn -1.000000 0.000000 0.000000
vn 0.000000 0.000000 -1.000000
vn 0.000000 0.000000 -1.000000
vn 1.000000 0.000000 0.000000
vn 1.000000 0.000000 0.000000
vn 0.000000 0.000000 -1.000000
vn 0.000000 0.000000 -1.000000
vn 0.000000 0.000000 -1.000000
vn 0.000000 0.000000 -1.000000
vn -1.000000 0.000000 0.000000
vn -1.000000 0.000000 0.000000
vn -0.000000 0.000000 -1.000000
vn -0.000001 0.000000 -1.000000
vn 0.000000 0.000000 -1.000000
vn 0.000001 0.000000 -1.000000
vn 1.000000 0.000000 0.000000
vn 1.000000 0.000000 0.000000
vn 1.000000 0.000000 0.000000
vn 1.000000 0.000000 0.000000
vn 1.000000 0.000000 0.000000
vn 1.000000 0.000000 0.000000
vn 1.000000 0.000000 0.000000
vn 0.000000 0.000000 1.000000
vn 0.000000 0.000000 1.000000
vn 0.000000 0.000000 1.000000
vn 0.000000 0.000000 1.000000
vn -1.000000 0.000000 0.000000
vn -1.000000 0.000000 0.000000
vn 0.000000 0.000000 1.000000
vn 0.000000 0.000000 1.000000
vn 0.000000 0.000000 1.000000
vn 0.000000 0.000000 1.000000
vn 1.000000 0.000000 0.000000
vn 1.000000 0.000000 0.000000
vn 0.000000 0.000000 1.000000
vn 0.000000 0.000000 1.000000
vn -1.000000 0.000000 0.000000
vn -1.000000 0.000000 0.000000
vn -0.999999 -0.000956 -0.001011
vn -0.999999 -0.001371 -0.000489
vn -0.999994 0.000013 0.003372
vn -1.000000 0.000000 0.000000
vn -1.000000 0.000000 0.000000
vn 0.000000 0.000000 -1.000000
vn 0.000000 0.000000 -1.000000
vn 1.000000 0.000000 0.000000
vn 1.000000 0.000000 0.000000
vn 0.000000 0.000000 -1.000000
vn 0.000000 0.000000 -1.000000
vn -1.000000 0.000000 0.000000
vn -1.000000 0.000000 0.000000
vn 0.000000 0.000000 -1.000000
vn 0.000000 0.000000 -1.000000
vn 0.000000 0.000000 -1.000000
vn 0.000000 0.000000 -1.000000
vn 1.000000 0.000000 0.000000
vn 1.000000 0.000000 0.000000
vn 1.000000 0.000000 0.000000
vn 1.000000 0.000000 0.000000
vn 1.000000 0.000000 0.000000
vn 1.000000 0.000000 0.000000
vn 1.000000 0.000000 0.000000
vn 0.000000 0.000000 1.000000
vn 0.000000 0.000000 1.000000
vn 0.000000 0.000000 1.000000
vn 0.000000 0.000000 1.000000
vn -1.000000 0.000000 0.000000
vn -1.000000 0.000000 0.000000
vn 0.000000 0.000000 1.000000
vn 0.000000 0.000000 1.000000
vn 1.000000 0.000000 0.000000
vn 1.000000 0.000000 0.000000
vn 0.000000 0.000000 1.000000
vn 0.000000 0.000000 1.000000
vn -1.000000 0.000000 0.000000
vn -1.000000 0.000000 0.000000
vn -0.999998 0.000018 -0.001790
vn -0.999996 0.000034 -0.002677
vn -0.999995 -0.002461 0.002025
vn -0.999996 -0.002276 0.001543
vn -0.999995 0.002260 0.002002
vn -0.999989 0.000026 0.004678
vn -0.999997 0.002095 0.001559
vn -1.000000 0.000000 0.000000
vn 0.000000 -1.000000 0.000000
vn 0.000000 -1.000000 0.000000
vn 1.000000 0.000000 0.000000
vn 1.000000 0.000000 0.000000
vn 0.000000 -1.000000 0.000000
vn 0.000000 -1.000000 0.000000
vn -1.000000 0.000000 0.000000
vn -1.000000 0.000000 0.000000
vn -1.000000 0.000000 0.000000
vn 0.000000 -1.000000 -0.000000
vn 0.000000 -1.000000 0.000000
vn 0.000000 -1.000000 0.000000
vn 0.000000 -1.000000 0.000000
vn 0.000000 -1.000000 -0.000000
vn 0.000000 -1.000000 0.000000
vn 0.000000 -1.000000 0.000000
vn 0.000000 -1.000000 0.000000
vn 1.000000 0.000000 0.000000
vn 1.000000 0.000000 0.000000
vn 1.000000 0.000000 0.000000
vn 1.000000 0.000000 0.000000
vn 1.000000 0.000000 0.000000
vn 1.000000 0.000000 0.000000
vn 1.000000 0.000000 0.000000
vn 1.000000 0.000000 0.000000
vn 1.000000 0.000000 0.000000
vn 1.000000 0.000000 0.000000
vn 1.000000 0.000000 0.000000
vn 1.000000 0.000000 0.000000
vn 1.000000 0.000000 0.000000
vn 1.000000 0.000000 0.000000
vn 1.000000 0.000000 0.000000
vn 1.000000 0.000000 0.000000
vn 1.000000 0.000000 0.000000
vn 0.000000 -1.000000 0.000000
vn 0.000000 -1.000000 0.000000
vn 1.000000 0.000000 0.000000
vn 1.000000 0.000000 0.000000
vn 0.000000 1.000000 0.000000
vn 0.000000 1.000000 0.000000
vn 0.000000 1.000000 -0.000001
vn 0.000000 1.000000 -0.000001
vn 0.000000 1.000000 0.000000
vn 0.000000 1.000000 0.000000
vn -1.000000 0.000000 0.000000
vn -1.000000 0.000000 0.000000
vn 0.000000 -1.000000 0.000000
vn 0.000000 -1.000000 0.000000
vn -1.000000 0.000000 0.000000
vn -1.000000 0.000000 0.000000
vn 0.000000 1.000000 0.000000
vn 0.000000 1.000000 0.000000
vn 1.000000 0.000000 0.000000
vn 1.000000 0.000000 0.000000
vn 0.000000 1.000000 0.000000
vn 0.000000 1.000000 0.000000
vn -0.999996 -0.002310 0.001540
vn -1.000000 0.000000 0.000000
vn -0.999996 0.002030 0.001993
vn -0.999997 0.001895 0.001577
vn -1.000000 0.000000 0.000000
vn 0.000000 -1.000000 0.000000
vn 0.000000 -1.000000 0.000000
vn 1.000000 0.000000 0.000000
vn 1.000000 0.000000 0.000000
vn 0.000000 -1.000000 0.000000
vn 0.000000 -1.000000 0.000000
vn -1.000000 0.000000 0.000000
vn -1.000000 0.000000 0.000000
vn 0.000000 1.000000 0.000000
vn 0.000000 1.000000 0.000000
vn 1.000000 0.000000 0.000000
vn 1.000000 0.000000 0.000000
vn 0.000000 1.000000 0.000001
vn 0.000000 1.000000 0.000001
vn -0.999996 -0.002422 0.001535
vn -1.000000 0.000000 0.000000
vn -0.999996 0.002183 0.001995
vn -0.999997 0.002027 0.001562
vn -1.000000 0.000000 0.000000
vn 0.000000 -1.000000 0.000000
vn 0.000000 -1.000000 0.000000
vn 1.000000 0.000000 0.000000
vn 1.000000 0.000000 0.000000
vn 0.000000 -1.000000 0.000000
vn 0.000000 -1.000000 0.000000
vn -1.000000 0.000000 0.000000
vn -1.000000 0.000000 0.000000
vn 0.000000 1.000000 0.000000
vn 0.000000 1.000000 0.000000
vn 1.000000 0.000000 0.000000
vn 1.000000 0.000000 0.000000
vn 0.000000 1.000000 0.000000
vn 0.000000 1.000000 0.000000
vn -0.999996 -0.002421 0.001537
vn -1.000000 0.000000 0.000000
vn -0.999996 0.002238 0.001995
vn -0.999997 0.002077 0.001553
vn -1.000000 0.000000 0.000000
vn 0.000000 -1.000000 0.000000
vn 0.000000 -1.000000 0.000000
vn 1.000000 0.000000 0.000000
vn 1.000000 0.000000 0.000000
vn 0.000000 -1.000000 0.000000
vn 0.000000 -1.000000 0.000000
vn -1.000000 0.000000 0.000000
vn -1.000000 0.000000 0.000000
vn 0.000000 1.000000 0.000000
vn 0.000000 1.000000 0.000000
vn 1.000000 0.000000 0.000000
vn 1.000000 0.000000 0.000000
vn 0.000000 1.000000 0.000000
vn 0.000000 1.000000 0.000000
vn -1.000000 0.000000 0.000000
vn -0.999980 -0.003334 -0.005312
vn -0.999973 -0.003871 -0.006218
vn -0.999993 -0.003648 0.000117
vn -0.999994 -0.003368 0.000072
vn -0.999995 0.003111 0.000074
vn -0.999994 0.003358 0.000116
vn -0.999974 0.003531 -0.006313
vn -0.999980 0.003075 -0.005451
vn -1.000000 0.000000 0.000000
vn -1.000000 0.000000 0.000000
vn 0.000000 -1.000000 0.000000
vn 0.000000 -1.000000 0.000000
vn 0.000000 -1.000000 0.000000
vn 0.000000 -1.000000 0.000000
vn 1.000000 0.000000 0.000000
vn 1.000000 0.000000 0.000000
vn 1.000000 0.000000 0.000000
vn 1.000000 0.000000 0.000000
vn 0.000000 -1.000000 0.000000
vn 0.000000 -1.000000 0.000000
vn 0.000000 -1.000000 0.000000
vn 0.000000 -1.000000 0.000000
vn -1.000000 0.000000 0.000000
vn -1.000000 0.000000 0.000000
vn -1.000000 0.000000 0.000000
vn -1.000000 0.000000 0.000000
vn -1.000000 0.000000 0.000000
vn -1.000000 0.000000 0.000000
vn 0.000000 -1.000000 0.000000
vn 0.000000 -1.000000 -0.000000
vn 0.000000 -1.000000 0.000000
vn 0.000000 -1.000000 -0.000000
vn 0.000000 -1.000000 0.000000
vn 0.000000 -1.000000 -0.000000
vn 0.000000 -1.000000 0.000000
vn 0.000000 -1.000000 0.000000
vn 1.000000 0.000000 0.000000
vn 1.000000 0.000000 0.000000
vn 1.000000 0.000000 0.000000
vn 1.000000 0.000000 0.000000
vn 1.000000 0.000000 0.000000
vn 1.000000 0.000000 0.000000
vn 1.000000 0.000000 0.000000
vn 1.000000 0.000000 0.000000
vn 1.000000 0.000000 0.000000
vn 1.000000 0.000000 0.000000
vn 1.000000 0.000000 0.000000
vn 1.000000 0.000000 0.000000
vn 1.000000 0.000000 0.000000
vn 1.000000 0.000000 0.000000
vn 1.000000 0.000000 0.000000
vn 1.000000 0.000000 0.000000
vn 1.000000 0.000000 0.000000
vn 1.000000 0.000000 0.000000
vn 1.000000 0.000000 0.000000
vn 1.000000 0.000000 0.000000
vn 1.000000 0.000000 0.000000
vn 1.000000 0.000000 0.000000
vn 1.000000 0.000000 0.000000
vn 1.000000 0.000000 0.000000
vn 1.000000 0.000000 0.000000
vn 1.000000 0.000000 0.000000
vn 1.000000 0.000000 0.000000
vn 1.000000 0.000000 0.000000
vn 1.000000 0.000000 0.000000
vn 1.000000 0.000000 0.000000
vn 1.000000 0.000000 0.000000
vn 1.000000 0.000000 0.000000
vn 1.000000 0.000000 0.000000
vn 1.000000 0.000000 0.000000
vn 0.000000 -1.000000 0.000000
vn 0.000000 -1.000000 0.000000
vn 0.000000 -1.000000 0.000000
vn 0.000000 -1.000000 0.000000
vn 1.000000 0.000000 0.000000
vn 1.000000 0.000000 0.000000
vn 1.000000 0.000000 0.000000
vn 1.000000 0.000000 0.000000
vn 0.000000 1.000000 0.000000
vn 0.000000 1.000000 0.000000
vn 0.000000 1.000000 0.000000
vn 0.000000 1.000000 0.000000
vn 0.000000 1.000000 0.000000
vn 0.000000 1.000000 0.000000
vn 0.000000 1.000000 0.000000
vn 0.000000 1.000000 0.000000
vn 0.000000 1.000000 0.000000
vn 0.000000 1.000000 0.000000
vn 0.000000 1.000000 0.000000
vn 0.000000 1.000000 0.000000
vn -1.000000 0.000000 0.000000
vn -1.000000 0.000000 0.000000
vn -1.000000 0.000000 0.000000
vn -1.000000 0.000000 0.000000
vn 0.000000 -1.000000 0.000000
vn 0.000000 -1.000000 0.000000
vn 0.000000 -1.000000 0.000000
vn 0.000000 -1.000000 0.000000
vn -1.000000 0.000000 0.000000
vn -1.000000 0.000000 0.000000
vn -1.000000 0.000000 0.000000
vn -1.000000 0.000000 0.000000
vn 0.000000 1.000000 0.000000
vn 0.000000 1.000000 0.000000
vn 0.000000 1.000000 0.000000
vn 0.000000 1.000000 0.000000
vn 1.000000 0.000000 0.000000
vn 1.000000 0.000000 0.000000
vn 1.000000 0.000000 0.000000
vn 1.000000 0.000000 0.000000
vn 0.000000 1.000000 0.000000
vn 0.000000 1.000000 0.000000
vn 0.000000 1.000000 0.000000
vn 0.000000 1.000000 0.000000
vn -1.000000 0.000000 0.000000
vn -0.999980 -0.003381 -0.005298
vn -0.999994 -0.003416 0.000072
vn -1.000000 0.000000 0.000000
vn -0.999975 0.003162 -0.006318
vn -0.999981 0.002792 -0.005533
vn -0.999996 0.002821 0.000075
vn -0.999996 0.003023 0.000116
vn -1.000000 0.000000 0.000000
vn -1.000000 0.000000 0.000000
vn 0.000000 -1.000000 0.000000
vn 0.000000 -1.000000 0.000000
vn 0.000000 -1.000000 0.000000
vn 0.000000 -1.000000 0.000000
vn 1.000000 0.000000 0.000000
vn 1.000000 0.000000 0.000000
vn 1.000000 0.000000 0.000000
vn 1.000000 0.000000 0.000000
vn 0.000000 -1.000000 0.000000
vn 0.000000 -1.000000 0.000000
vn 0.000000 -1.000000 0.000000
vn 0.000000 -1.000000 0.000000
vn -1.000000 0.000000 0.000000
vn -1.000000 0.000000 0.000000
vn -1.000000 0.000000 0.000000
vn -1.000000 0.000000 0.000000
vn 0.000000 1.000000 0.000000
vn 0.000000 1.000000 0.000000
vn 0.000000 1.000000 0.000000
vn 0.000000 1.000000 0.000000
vn 1.000000 0.000000 0.000000
vn 1.000000 0.000000 0.000000
vn 1.000000 0.000000 0.000000
vn 1.000000 0.000000 0.000000
vn 0.000000 1.000000 -0.000000
vn 0.000000 1.000000 -0.000000
vn 0.000000 1.000000 0.000000
vn 0.000000 1.000000 0.000000
vn -1.000000 0.000000 0.000000
vn -0.999980 -0.003545 -0.005251
vn -0.999994 -0.003585 0.000071
vn -1.000000 0.000000 0.000000
vn -0.999974 0.003402 -0.006315
vn -0.999981 0.002977 -0.005479
vn -0.999995 0.003011 0.000074
vn -0.999995 0.003241 0.000116
vn -1.000000 0.000000 0.000000
vn -1.000000 0.000000 0.000000
vn 0.000000 -1.000000 0.000000
vn 0.000000 -1.000000 0.000000
vn 0.000000 -1.000000 0.000000
vn 0.000000 -1.000000 0.000000
vn 1.000000 0.000000 0.000000
vn 1.000000 0.000000 0.000000
vn 1.000000 0.000000 0.000000
vn 1.000000 0.000000 0.000000
vn 0.000000 -1.000000 0.000000
vn 0.000000 -1.000000 0.000000
vn 0.000000 -1.000000 0.000000
vn 0.000000 -1.000000 0.000000
vn -1.000000 0.000000 0.000000
vn -1.000000 0.000000 0.000000
vn -1.000000 0.000000 0.000000
vn -1.000000 0.000000 0.000000
vn 0.000000 1.000000 0.000000
vn 0.000000 1.000000 0.000000
vn 0.000000 1.000000 0.000000
vn 0.000000 1.000000 0.000000
vn 1.000000 0.000000 0.000000
vn 1.000000 0.000000 0.000000
vn 1.000000 0.000000 0.000000
vn 1.000000 0.000000 0.000000
vn 0.000000 1.000000 0.000000
vn 0.000000 1.000000 0.000000
vn 0.000000 1.000000 0.000000
vn 0.000000 1.000000 0.000000
vn -1.000000 0.000000 0.000000
vn -0.999980 -0.003544 -0.005251
vn -0.999994 -0.003585 0.000071
vn -1.000000 0.000000 0.000000
vn -0.999974 0.003488 -0.006314
vn -0.999981 0.003042 -0.005460
vn -0.999995 0.003078 0.000074
vn -0.999995 0.003319 0.000116
vn -1.000000 0.000000 0.000000
vn -1.000000 0.000000 0.000000
vn 0.000000 -1.000000 0.000000
vn 0.000000 -1.000000 0.000000
vn 0.000000 -1.000000 0.000000
vn 0.000000 -1.000000 0.000000
vn 1.000000 0.000000 0.000000
vn 1.000000 0.000000 0.000000
vn 1.000000 0.000000 0.000000
vn 1.000000 0.000000 0.000000
vn 0.000000 -1.000000 0.000000
vn 0.000000 -1.000000 0.000000
vn 0.000000 -1.000000 0.000000
vn 0.000000 -1.000000 0.000000
vn -1.000000 0.000000 0.000000
vn -1.000000 0.000000 0.000000
vn -1.000000 0.000000 0.000000
vn -1.000000 0.000000 0.000000
vn 0.000000 1.000000 0.000000
vn 0.000000 1.000000 0.000000
vn 0.000000 1.000000 0.000000
vn 0.000000 1.000000 0.000000
vn 1.000000 0.000000 0.000000
vn 1.000000 0.000000 0.000000
vn 1.000000 0.000000 0.000000
vn 1.000000 0.000000 0.000000
vn 0.000000 1.000000 0.000000
vn 0.000000 1.000000 0.000000
vn 0.000000 1.000000 0.000000
vn 0.000000 1.000000 0.000000
vn -1.000000 0.000000 0.000000
vn -1.000000 0.000000 0.000000
vn -1.000000 0.000000 0.000000
vn -0.999996 -0.001865 0.001889
vn -1.000000 0.000000 0.000000
vn 0.000000 0.000000 -1.000000
vn 0.000000 0.000000 -1.000000
vn 1.000000 0.000000 0.000000
vn 1.000000 0.000000 0.000000
vn 0.000000 0.000000 -1.000000
vn 0.000000 0.000000 -1.000000
vn 0.000000 0.000000 -1.000000
vn 0.000000 0.000000 -1.000000
vn -1.000000 0.000000 0.000000
vn -1.000000 0.000000 0.000000
vn 0.000000 0.000000 -1.000000
vn 0.000000 0.000000 -1.000000
vn 0.000000 0.000000 -1.000000
vn 0.000000 0.000000 -1.000000
vn 1.000000 0.000000 0.000000
vn 1.000000 0.000000 0.000000
vn 1.000000 0.000000 0.000000
vn 1.000000 0.000000 0.000000
vn 1.000000 0.000000 0.000000
vn 1.000000 0.000000 0.000000
vn 1.000000 0.000000 0.000000
vn 1.000000 0.000000 0.000000
vn 1.000000 0.000000 0.000000
vn 1.000000 0.000000 0.000000
vn 0.000000 0.000000 1.000000
vn 0.000000 0.000000 1.000000
vn 0.000000 0.000000 1.000000
vn 0.000000 0.000000 1.000000
vn -1.000000 0.000000 0.000000
vn -1.000000 0.000000 0.000000
vn 0.000000 0.000000 1.000000
vn 0.000000 0.000000 1.000000
vn 0.000000 0.000000 1.000000
vn 0.000000 0.000000 1.000000
vn 1.000000 0.000000 0.000000
vn 1.000000 0.000000 0.000000
vn 0.000000 0.000000 1.000000
vn 0.000000 0.000000 1.000000
vn -1.000000 0.000000 0.000000
vn -1.000000 0.000000 0.000000
vn -0.999999 -0.001018 -0.001016
vn -0.999997 -0.001545 -0.001695
vn -0.999972 -0.004159 -0.006214
vn -0.999992 -0.003902 0.000117
vn -0.999995 -0.002629 0.002042
vn -0.999994 0.000015 0.003365
vn -1.000000 0.000000 0.000000
vn -1.000000 0.000000 0.000000
vn 0.000000 0.000000 -1.000000
vn 0.000000 0.000000 -1.000000
vn 1.000000 0.000000 0.000000
vn 1.000000 0.000000 0.000000
vn 0.000000 0.000000 -1.000000
vn 0.000000 0.000000 -1.000000
vn -1.000000 0.000000 0.000000
vn -1.000000 0.000000 0.000000
vn 0.000000 0.000000 -1.000000
vn 0.000000 0.000000 -1.000000
vn 0.000000 0.000000 -1.000000
vn 0.000000 0.000000 -1.000000
vn 1.000000 0.000000 0.000000
vn 1.000000 0.000000 0.000000
vn 1.000000 0.000000 0.000000
vn 1.000000 0.000000 0.000000
vn 1.000000 0.000000 0.000000
vn 1.000000 0.000000 0.000000
vn 1.000000 0.000000 0.000000
vn 1.000000 0.000000 0.000000
vn 1.000000 0.000000 0.000000
vn 1.000000 0.000000 0.000000
vn 0.000000 0.000000 1.000000
vn 0.000000 0.000000 1.000000
vn 0.000000 0.000000 1.000000
vn 0.000000 0.000000 1.000000
vn -1.000000 0.000000 0.000000
vn -1.000000 0.000000 0.000000
vn 0.000000 0.000000 1.000000
vn 0.000000 0.000000 1.000000
vn 1.000000 0.000000 0.000000
vn 1.000000 0.000000 0.000000
vn 0.000000 0.000000 1.000000
vn 0.000000 0.000000 1.000000
vn -1.000000 0.000000 0.000000
vn -1.000000 0.000000 0.000000
vn -0.999998 0.000019 -0.001786
vn -0.999996 0.000034 -0.002676
vn -0.999989 0.000025 0.004678
vn -1.000000 0.000000 0.000000
vn -0.999996 -0.001868 0.001888
vn -1.000000 0.000000 0.000000
vn 0.000000 0.000000 -1.000000
vn 0.000000 0.000000 -1.000000
vn 1.000000 0.000000 0.000000
vn 1.000000 0.000000 0.000000
vn 0.000000 0.000000 -1.000000
vn 0.000000 0.000000 -1.000000
vn 0.000000 0.000000 -1.000000
vn 0.000000 0.000000 -1.000000
vn -1.000000 0.000000 0.000000
vn -1.000000 0.000000 0.000000
vn 0.000000 0.000000 -1.000000
vn 0.000000 0.000000 -1.000000
vn 0.000000 0.000000 -1.000000
vn 0.000000 0.000000 -1.000000
vn 1.000000 0.000000 0.000000
vn 1.000000 0.000000 0.000000
vn 1.000000 0.000000 0.000000
vn 1.000000 0.000000 0.000000
vn 1.000000 0.000000 0.000000
vn 1.000000 0.000000 0.000000
vn 1.000000 0.000000 0.000000
vn 1.000000 0.000000 0.000000
vn 1.000000 0.000000 0.000000
vn 1.000000 0.000000 0.000000
vn 0.000000 0.000000 1.000000
vn 0.000000 0.000000 1.000000
vn 0.000000 0.000000 1.000000
vn 0.000000 0.000000 1.000000
vn -1.000000 0.000000 0.000000
vn -1.000000 0.000000 0.000000
vn 0.000000 0.000000 1.000000
vn 0.000000 0.000000 1.000000
vn 0.000000 0.000000 1.000000
vn 0.000000 0.000000 1.000000
vn 1.000000 0.000000 0.000000
vn 1.000000 0.000000 0.000000
vn 0.000000 0.000000 1.000000
vn 0.000000 0.000000 1.000000
vn -1.000000 0.000000 0.000000
vn -1.000000 0.000000 0.000000
vn -0.999999 -0.001019 -0.001016
vn -0.999997 -0.001547 -0.001694
vn -0.999972 -0.004160 -0.006214
vn -0.999992 -0.003903 0.000117
vn -0.999995 -0.002631 0.002040
vn -0.999994 0.000014 0.003373
vn -1.000000 0.000000 0.000000
vn -1.000000 0.000000 0.000000
vn 0.000000 0.000000 -1.000000
vn 0.000000 0.000000 -1.000000
vn 1.000000 0.000000 0.000000
vn 1.000000 0.000000 0.000000
vn 0.000000 0.000000 -1.000000
vn 0.000000 0.000000 -1.000000
vn -1.000000 0.000000 0.000000
vn -1.000000 0.000000 0.000000
vn 0.000000 0.000000 -1.000000
vn 0.000000 0.000000 -1.000000
vn 0.000000 0.000000 -1.000000
vn 0.000000 0.000000 -1.000000
vn 1.000000 0.000000 0.000000
vn 1.000000 0.000000 0.000000
vn 1.000000 0.000000 0.000000
vn 1.000000 0.000000 0.000000
vn 1.000000 0.000000 0.000000
vn 1.000000 0.000000 0.000000
vn 1.000000 0.000000 0.000000
vn 1.000000 0.000000 0.000000
vn 1.000000 0.000000 0.000000
vn 1.000000 0.000000 0.000000
vn 0.000000 0.000000 1.000000
vn 0.000000 0.000000 1.000000
vn 0.000000 0.000000 1.000000
vn 0.000000 0.000000 1.000000
vn -1.000000 0.000000 0.000000
vn -1.000000 0.000000 0.000000
vn 0.000000 0.000000 1.000000
vn 0.000000 0.000000 1.000000
vn 1.000000 0.000000 0.000000
vn 1.000000 0.000000 0.000000
vn 0.000000 0.000000 1.000000
vn 0.000000 0.000000 1.000000
vn -1.000000 0.000000 0.000000
vn -1.000000 0.000000 0.000000
vn -0.999998 0.000019 -0.001791
vn -0.999996 0.000035 -0.002677
vn -0.999989 0.000026 0.004678
vn -1.000000 0.000000 0.000000
vn -0.999997 -0.001784 0.001877
vn -1.000000 0.000000 0.000000
vn 0.000000 0.000000 -1.000000
vn 0.000000 0.000000 -1.000000
vn 1.000000 0.000000 0.000000
vn 1.000000 0.000000 0.000000
vn 0.000000 0.000000 -1.000000
vn 0.000000 0.000000 -1.000000
vn 0.000000 0.000000 -1.000000
vn 0.000000 0.000000 -1.000000
vn -1.000000 0.000000 0.000000
vn -1.000000 0.000000 0.000000
vn 0.000000 0.000000 -1.000000
vn 0.000000 0.000000 -1.000000
vn 0.000000 0.000000 -1.000000
vn 0.000000 0.000000 -1.000000
vn 1.000000 0.000000 0.000000
vn 1.000000 0.000000 0.000000
vn 1.000000 0.000000 0.000000
vn 1.000000 0.000000 0.000000
vn 1.000000 0.000000 0.000000
vn 1.000000 0.000000 0.000000
vn 1.000000 0.000000 0.000000
vn 1.000000 0.000000 0.000000
vn 1.000000 0.000000 0.000000
vn 1.000000 0.000000 0.000000
vn 0.000000 0.000000 1.000000
vn 0.000000 0.000000 1.000000
vn 0.000000 0.000000 1.000000
vn 0.000000 0.000000 1.000000
vn -1.000000 0.000000 0.000000
vn -1.000000 0.000000 0.000000
vn 0.000000 0.000000 1.000000
vn 0.000000 0.000000 1.000000
vn 0.000000 0.000000 1.000000
vn 0.000000 0.000000 1.000000
vn 1.000000 0.000000 0.000000
vn 1.000000 0.000000 0.000000
vn 0.000000 0.000000 1.000000
vn 0.000000 0.000000 1.000000
vn -1.000000 0.000000 0.000000
vn -1.000000 0.000000 0.000000
vn -0.999999 -0.000974 -0.001011
vn -0.999997 -0.001472 -0.001687
vn -0.999973 -0.003935 -0.006217
vn -0.999993 -0.003704 0.000117
vn -0.999995 -0.002505 0.002022
vn -1.000000 0.000000 0.000000
vn -0.999994 0.000011 0.003378
vn -1.000000 0.000000 0.000000
vn 0.000000 0.000000 -1.000000
vn 0.000000 0.000000 -1.000000
vn 1.000000 0.000000 0.000000
vn 1.000000 0.000000 0.000000
vn 0.000000 0.000000 -1.000000
vn 0.000000 0.000000 -1.000000
vn -1.000000 0.000000 0.000000
vn -1.000000 0.000000 0.000000
vn 0.000000 0.000000 -1.000000
vn 0.000000 0.000000 -1.000000
vn 0.000000 0.000000 -1.000000
vn 0.000000 0.000000 -1.000000
vn 1.000000 0.000000 0.000000
vn 1.000000 0.000000 0.000000
vn 1.000000 0.000000 0.000000
vn 1.000000 0.000000 0.000000
vn 1.000000 0.000000 0.000000
vn 1.000000 0.000000 0.000000
vn 1.000000 0.000000 0.000000
vn 1.000000 0.000000 0.000000
vn 1.000000 0.000000 0.000000
vn 1.000000 0.000000 0.000000
vn 0.000000 0.000000 1.000000
vn 0.000000 0.000000 1.000000
vn 0.000000 0.000000 1.000000
vn 0.000000 0.000000 1.000000
vn -1.000000 0.000000 0.000000
vn -1.000000 0.000000 0.000000
vn 0.000000 0.000000 1.000000
vn 0.000000 0.000000 1.000000
vn 1.000000 0.000000 0.000000
vn 1.000000 0.000000 0.000000
vn 0.000000 0.000000 1.000000
vn 0.000000 0.000000 1.000000
vn -1.000000 0.000000 0.000000
vn -1.000000 0.000000 0.000000
vn -0.999998 0.000017 -0.001794
vn -0.999996 0.000037 -0.002677
vn -0.999989 0.000030 0.004679
vn -1.000000 0.000001 0.000348
vn -1.000000 0.000001 0.000348
vn -0.999994 0.003358 0.000126
vn -0.999995 0.003124 0.000091
vn -1.000000 0.000000 0.000000
vn 0.000000 -1.000000 0.000000
vn 0.000000 -1.000000 0.000000
vn 1.000000 0.000000 0.000000
vn 1.000000 0.000000 0.000000
vn 0.000000 -1.000000 0.000000
vn 0.000000 -1.000000 0.000000
vn -1.000000 0.000000 0.000000
vn -1.000000 0.000000 0.000000
vn -1.000000 0.000000 0.000000
vn 0.000000 -1.000000 -0.000000
vn 0.000000 -1.000000 0.000000
vn 0.000000 -1.000000 -0.000000
vn 0.000000 -1.000000 -0.000000
vn 1.000000 0.000000 0.000000
vn 1.000000 0.000000 0.000000
vn 1.000000 0.000000 0.000000
vn 1.000000 0.000000 0.000000
vn 1.000000 0.000000 0.000000
vn 1.000000 0.000000 0.000000
vn 1.000000 0.000000 0.000000
vn 1.000000 0.000000 0.000000
vn 1.000000 0.000000 0.000000
vn 1.000000 0.000000 0.000000
vn 1.000000 0.000000 0.000000
vn 1.000000 0.000000 0.000000
vn 1.000000 0.000000 0.000000
vn 1.000000 0.000000 0.000000
vn 1.000000 0.000000 0.000000
vn 1.000000 0.000000 0.000000
vn 1.000000 0.000000 0.000000
vn 1.000000 0.000000 0.000000
vn 1.000000 0.000000 0.000000
vn 1.000000 0.000000 0.000000
vn 1.000000 0.000000 0.000000
vn 1.000000 0.000000 0.000000
vn 1.000000 0.000000 0.000000
vn 0.000000 -1.000000 0.000000
vn 0.000000 -1.000000 0.000000
vn 1.000000 0.000000 0.000000
vn 1.000000 0.000000 0.000000
vn 0.000000 1.000000 -0.000000
vn 0.000000 1.000000 -0.000000
vn 0.000000 1.000000 -0.000000
vn 0.000000 1.000000 -0.000000
vn 0.000000 1.000000 -0.000000
vn 0.000000 1.000000 -0.000000
vn -1.000000 0.000000 0.000000
vn -1.000000 0.000000 0.000000
vn 0.000000 -1.000000 0.000000
vn 0.000000 -1.000000 0.000000
vn -1.000000 0.000000 0.000000
vn -1.000000 0.000000 0.000000
vn 0.000000 1.000000 0.000000
vn 0.000000 1.000000 0.000000
vn 1.000000 0.000000 0.000000
vn 1.000000 0.000000 0.000000
vn 0.000000 1.000000 0.000000
vn 0.000000 1.000000 0.000000
vn -0.999994 -0.003430 0.000092
vn -1.000000 0.000000 0.000000
vn -0.999993 -0.003706 0.000130
vn -1.000000 -0.000000 0.000348
vn -1.000000 -0.000000 0.000348
vn -0.999996 0.003024 0.000124
vn -0.999996 0.002832 0.000090
vn -1.000000 0.000000 0.000000
vn 0.000000 -1.000000 0.000000
vn 0.000000 -1.000000 0.000000
vn 1.000000 0.000000 0.000000
vn 1.000000 0.000000 0.000000
vn 0.000000 -1.000000 0.000000
vn 0.000000 -1.000000 0.000000
vn -1.000000 0.000000 0.000000
vn -1.000000 0.000000 0.000000
vn 0.000000 1.000000 0.000000
vn 0.000000 1.000000 0.000000
vn 1.000000 0.000000 0.000000
vn 1.000000 0.000000 0.000000
vn 0.000000 1.000000 -0.000000
vn 0.000000 1.000000 -0.000000
vn -0.999994 -0.003599 0.000092
vn -1.000000 0.000000 0.000000
vn -0.999992 -0.003904 0.000131
vn -1.000000 -0.000000 0.000348
vn -1.000000 -0.000000 0.000348
vn -0.999995 0.003242 0.000125
vn -0.999996 0.003023 0.000091
vn -1.000000 0.000000 0.000000
vn 0.000000 -1.000000 0.000000
vn 0.000000 -1.000000 0.000000
vn 1.000000 0.000000 0.000000
vn 1.000000 0.000000 0.000000
vn 0.000000 -1.000000 0.000000
vn 0.000000 -1.000000 0.000000
vn -1.000000 0.000000 0.000000
vn -1.000000 0.000000 0.000000
vn 0.000000 1.000000 0.000000
vn 0.000000 1.000000 0.000000
vn 1.000000 0.000000 0.000000
vn 1.000000 0.000000 0.000000
vn 0.000000 1.000000 0.000000
vn 0.000000 1.000000 0.000000
vn -0.999994 -0.003599 0.000092
vn -1.000000 0.000000 0.000000
vn -0.999992 -0.003903 0.000131
vn -1.000000 -0.000000 0.000348
vn -1.000000 -0.000000 0.000348
vn -0.999995 0.003320 0.000126
vn -0.999995 0.003090 0.000091
vn -1.000000 0.000000 0.000000
vn 0.000000 -1.000000 0.000000
vn 0.000000 -1.000000 0.000000
vn 1.000000 0.000000 0.000000
vn 1.000000 0.000000 0.000000
vn 0.000000 -1.000000 0.000000
vn 0.000000 -1.000000 0.000000
vn -1.000000 0.000000 0.000000
vn -1.000000 0.000000 0.000000
vn 0.000000 1.000000 0.000000
vn 0.000000 1.000000 0.000000
vn 1.000000 0.000000 0.000000
vn 1.000000 0.000000 0.000000
vn 0.000000 1.000000 0.000000
vn 0.000000 1.000000 0.000000
vn -0.999994 -0.003362 -0.000181
vn -1.000000 0.000000 0.000000
vn -0.999994 -0.003633 -0.000104
vn -0.999974 0.003551 -0.006347
vn -0.999980 0.003094 -0.005479
vn -1.000000 0.000000 0.000000
vn 0.000000 -1.000000 0.000000
vn 0.000000 -1.000000 0.000000
vn 1.000000 0.000000 0.000000
vn 1.000000 0.000000 0.000000
vn 0.000000 -1.000000 0.000000
vn 0.000000 -1.000000 0.000000
vn -1.000000 0.000000 0.000000
vn -1.000000 0.000000 0.000000
vn -1.000000 0.000000 0.000000
vn 0.000000 -1.000000 0.000000
vn 0.000000 -1.000000 -0.000000
vn 0.000000 -1.000000 -0.000000
vn 0.000000 -1.000000 0.000000
vn 1.000000 0.000000 0.000000
vn 1.000000 0.000000 0.000000
vn 1.000000 0.000000 0.000000
vn 1.000000 0.000000 0.000000
vn 1.000000 0.000000 0.000000
vn 1.000000 0.000000 0.000000
vn 1.000000 0.000000 0.000000
vn 1.000000 0.000000 0.000000
vn 1.000000 0.000000 0.000000
vn 1.000000 0.000000 0.000000
vn 1.000000 0.000000 0.000000
vn 1.000000 0.000000 0.000000
vn 1.000000 0.000000 0.000000
vn 1.000000 0.000000 0.000000
vn 1.000000 0.000000 0.000000
vn 1.000000 0.000000 0.000000
vn 1.000000 0.000000 0.000000
vn 1.000000 0.000000 0.000000
vn 1.000000 0.000000 0.000000
vn 1.000000 0.000000 0.000000
vn 1.000000 0.000000 0.000000
vn 1.000000 0.000000 0.000000
vn 1.000000 0.000000 0.000000
vn 0.000000 -1.000000 0.000000
vn 0.000000 -1.000000 0.000000
vn 1.000000 0.000000 0.000000
vn 1.000000 0.000000 0.000000
vn 0.000000 1.000000 0.000000
vn 0.000000 1.000000 0.000000
vn 0.000000 1.000000 0.000000
vn 0.000000 1.000000 -0.000000
vn 0.000000 1.000000 -0.000000
vn 0.000000 1.000000 0.000000
vn -1.000000 0.000000 0.000000
vn -1.000000 0.000000 0.000000
vn 0.000000 -1.000000 0.000000
vn 0.000000 -1.000000 0.000000
vn -1.000000 0.000000 0.000000
vn -1.000000 0.000000 0.000000
vn 0.000000 1.000000 0.000000
vn 0.000000 1.000000 0.000000
vn 1.000000 0.000000 0.000000
vn 1.000000 0.000000 0.000000
vn 0.000000 1.000000 0.000000
vn 0.000000 1.000000 0.000000
vn -1.000000 0.000000 0.000000
vn -0.999980 -0.003402 -0.005326
vn -0.999973 -0.003957 -0.006251
vn -0.999975 0.003180 -0.006352
vn -0.999981 0.002810 -0.005562
vn -1.000000 0.000000 0.000000
vn 0.000000 -1.000000 0.000000
vn 0.000000 -1.000000 0.000000
vn 1.000000 0.000000 0.000000
vn 1.000000 0.000000 0.000000
vn 0.000000 -1.000000 0.000000
vn 0.000000 -1.000000 0.000000
vn -1.000000 0.000000 0.000000
vn -1.000000 0.000000 0.000000
vn 0.000000 1.000000 0.000000
vn 0.000000 1.000000 0.000000
vn 1.000000 0.000000 0.000000
vn 1.000000 0.000000 0.000000
vn 0.000000 1.000000 0.000000
vn 0.000000 1.000000 0.000000
vn -1.000000 0.000000 0.000000
vn -0.999980 -0.003567 -0.005279
vn -0.999972 -0.004183 -0.006247
vn -0.999974 0.003421 -0.006349
vn -0.999980 0.002996 -0.005508
vn -1.000000 0.000000 0.000000
vn 0.000000 -1.000000 0.000000
vn 0.000000 -1.000000 0.000000
vn 1.000000 0.000000 0.000000
vn 1.000000 0.000000 0.000000
vn 0.000000 -1.000000 0.000000
vn 0.000000 -1.000000 0.000000
vn -1.000000 0.000000 0.000000
vn -1.000000 0.000000 0.000000
vn 0.000000 1.000000 0.000000
vn 0.000000 1.000000 0.000000
vn 1.000000 0.000000 0.000000
vn 1.000000 0.000000 0.000000
vn 0.000000 1.000000 0.000000
vn 0.000000 1.000000 0.000000
vn -1.000000 0.000000 0.000000
vn -0.999980 -0.003567 -0.005279
vn -0.999972 -0.004183 -0.006247
vn -0.999974 0.003508 -0.006348
vn -0.999980 0.003061 -0.005489
vn -1.000000 0.000000 0.000000
vn 0.000000 -1.000000 0.000000
vn 0.000000 -1.000000 0.000000
vn 1.000000 0.000000 0.000000
vn 1.000000 0.000000 0.000000
vn 0.000000 -1.000000 0.000000
vn 0.000000 -1.000000 0.000000
vn -1.000000 0.000000 0.000000
vn -1.000000 0.000000 0.000000
vn 0.000000 1.000000 0.000000
vn 0.000000 1.000000 0.000000
vn 1.000000 0.000000 0.000000
vn 1.000000 0.000000 0.000000
vn 0.000000 1.000000 0.000000
vn 0.000000 1.000000 0.000000
vn -1.000000 0.000000 0.000000
vn -0.999984 -0.001992 -0.005292
vn -0.999982 -0.002306 -0.005585
s 1
g dresser_full
usemtl initialShadingGroup
f 23/1/1 11/2/2 20/3/3 24/4/4
f 20/3/3 6/5/5 21/6/6 24/4/4
f 21/6/6 8/7/7 22/8/8 24/4/4
f 22/8/8 12/9/9 23/1/1 24/4/4
f 22/8/8 8/7/7 25/10/10 28/11/11
f 25/10/10 1/12/12 26/13/13 28/11/11
f 26/13/13 9/14/14 27/15/15 28/11/11
f 27/15/15 12/9/9 22/8/8 28/11/11
f 27/15/15 9/14/14 29/16/16 32/17/17
f 29/16/16 4/18/18 30/19/19 32/17/17
f 30/19/19 10/20/20 31/21/21 32/17/17
f 31/21/21 12/9/9 27/15/15 32/17/17
f 31/21/21 10/20/20 33/22/22 35/23/23
f 33/22/22 7/24/24 34/25/25 35/23/23
f 34/25/25 11/2/2 23/1/1 35/23/23
f 23/1/1 12/9/9 31/21/21 35/23/23
f 38/26/26 10/20/20 30/19/19 39/27/27
f 30/19/19 4/18/18 36/28/28 39/27/27
f 36/28/28 13/29/29 37/30/30 39/27/27
f 37/30/30 16/31/31 38/26/26 39/27/27
f 37/30/30 13/29/29 40/32/32 43/33/33
f 40/32/32 2/34/34 41/35/35 43/33/33
f 41/35/35 14/36/36 42/37/37 43/33/33
f 42/37/37 16/31/31 37/30/30 43/33/33
f 42/37/37 14/36/36 44/38/38 47/39/39
f 44/38/38 5/40/40 45/41/41 47/39/39
f 45/41/41 15/42/42 46/43/43 47/39/39
f 46/43/43 16/31/31 42/37/37 47/39/39
f 46/43/43 15/42/42 48/44/44 49/45/45
f 48/44/44 7/24/24 33/22/22 49/45/45
f 33/22/22 10/20/20 38/26/26 49/45/45
f 38/26/26 16/31/31 46/43/43 49/45/45
f 52/46/46 15/42/42 45/41/41 53/47/47
f 45/41/41 5/40/40 50/48/48 53/47/47
f 50/48/48 17/49/49 51/50/50 53/47/47
f 51/50/50 19/51/51 52/46/46 53/47/47
f 51/50/50 17/49/49 54/52/52 57/53/53
f 54/52/52 3/54/54 55/55/55 57/53/53
f 55/55/55 18/56/56 56/57/57 57/53/53
f 56/57/57 19/51/51 51/50/50 57/53/53
f 56/57/57 18/56/56 58/58/58 60/59/59
f 58/58/58 6/5/5 20/3/3 60/59/59
f 20/3/3 11/2/2 59/60/60 60/59/59
f 59/60/60 19/51/51 56/57/57 60/59/59
f 59/60/60 11/2/2 34/25/25 61/61/61
f 34/25/25 7/24/24 48/44/44 61/61/61
f 48/44/44 15/42/42 52/46/46 61/61/61
f 52/46/46 19/51/51 59/60/60 61/61/61
s 2
f 21/6/62 6/5/63 62/62/64 63/63/65
f 8/7/66 21/6/62 63/63/65 64/64/67
f 25/10/68 8/7/66 64/64/67 65/65/69
f 1/12/70 25/10/68 65/65/69 66/66/71
f 26/13/72 1/12/70 66/66/71 67/67/73
f 9/14/74 26/13/72 67/67/73 68/68/75
f 29/16/76 9/14/74 68/68/75 69/69/77
f 4/18/78 29/16/76 69/69/77 70/70/79
f 36/28/80 4/18/78 70/70/79 71/71/81
f 13/29/82 36/28/80 71/71/81 72/72/83
f 40/32/84 13/29/82 72/72/83 73/73/85
f 2/34/86 40/32/84 73/73/85 74/74/87
f 41/35/88 2/34/86 74/74/87 75/75/89
f 14/36/90 41/35/88 75/75/89 76/76/91
f 44/38/92 14/36/90 76/76/91 77/77/93
f 5/40/94 44/38/92 77/77/93 78/78/95
f 50/48/96 5/40/94 78/78/95 79/79/97
f 17/49/98 50/48/96 79/79/97 80/80/99
f 54/52/100 17/49/98 80/80/99 81/81/101
f 3/54/102 54/52/100 81/81/101 82/82/103
f 55/55/104 3/54/102 82/82/103 83/83/105
f 18/56/106 55/55/104 83/83/105 84/84/107
f 58/58/108 18/56/106 84/84/107 85/85/109
f 6/5/63 58/58/108 85/85/109 62/62/64
s off
f 63/63/110 62/62/111 85/85/112 86/86/113
s 2
f 67/67/73 66/66/71 65/65/114 87/87/115
s off
f 79/79/116 78/78/117 77/77/118 88/88/119
f 74/74/120 73/73/121 89/89/122 75/75/123
f 68/68/124 67/67/125 90/90/126 69/69/127
s 2
f 73/73/85 72/72/83 71/71/128 91/91/129
s off
f 80/80/130 79/79/131 92/92/132 81/81/133
f 85/85/134 84/84/135 83/83/136 93/93/137
s 3
f 82/82/138 81/81/139 92/92/140 94/94/141
f 83/83/142 82/82/138 94/94/141 93/93/143
s 4
f 64/64/144 63/63/145 86/86/146 95/95/147
f 65/65/148 64/64/144 95/95/147 87/87/149
s 5
f 70/70/150 69/69/151 90/90/152 96/96/153
f 71/71/154 70/70/150 96/96/153 91/91/155
s 2
f 76/76/91 75/75/89 89/89/156 97/97/157
f 77/77/93 76/76/91 97/97/157 88/88/158
s 6
f 98/98/159 87/87/160 103/2749/161 90/90/162
f 86/86/163 99/100/164 93/93/165 102/2750/166
f 95/95/167 86/86/163 102/2750/166 109/2746/168
f 102/2750/166 93/93/165 94/94/169 106/2753/170
f 90/90/162 103/2749/161 107/2752/171 96/96/172
f 104/2754/173 92/92/174 101/106/175 88/88/176
f 108/2755/177 104/2754/173 88/88/176 97/97/178
f 91/91/179 105/2751/180 89/89/181 100/109/182
f 106/2753/170 94/94/169 92/92/174 104/2754/173
f 96/96/172 107/2752/171 105/2751/180 91/91/179
f 105/2751/180 108/2755/177 97/97/178 89/89/181
f 87/87/160 95/95/167 109/2746/168 103/2749/161
s off
f 109/102/183 102/101/184 110/2671/185 111/2666/186
f 102/101/187 106/103/188 112/2670/189 110/2671/190
f 106/103/191 104/105/192 113/2669/193 112/2670/194
f 104/105/195 108/107/196 114/2668/197 113/2669/198
f 108/107/199 105/108/200 116/2667/201 114/2668/202
f 105/108/203 107/104/204 115/2665/205 116/2667/206
s 8
f 103/99/207 109/2747/208 111/2748/209 117/2664/210
f 107/104/211 103/99/207 117/2664/210 115/2665/212
s 9
f 140/118/213 128/119/214 137/120/215 141/121/216
f 137/120/215 123/122/217 138/123/218 141/121/216
f 138/123/218 125/124/219 139/125/220 141/121/216
f 139/125/220 129/126/221 140/118/213 141/121/216
f 139/125/220 125/124/219 142/127/222 145/128/223
f 142/127/222 118/129/224 143/130/225 145/128/223
f 143/130/225 126/131/226 144/132/227 145/128/223
f 144/132/227 129/126/221 139/125/220 145/128/223
f 144/132/227 126/131/226 146/133/228 149/134/229
f 146/133/228 121/135/230 147/136/231 149/134/229
f 147/136/231 127/137/232 148/138/233 149/134/229
f 148/138/233 129/126/221 144/132/227 149/134/229
f 148/138/233 127/137/232 150/139/234 152/140/235
f 150/139/234 124/141/236 151/142/237 152/140/235
f 151/142/237 128/119/214 140/118/213 152/140/235
f 140/118/213 129/126/221 148/138/233 152/140/235
f 155/143/238 127/137/232 147/136/231 156/144/239
f 147/136/231 121/135/230 153/145/240 156/144/239
f 153/145/240 130/146/241 154/147/242 156/144/239
f 154/147/242 133/148/243 155/143/238 156/144/239
f 154/147/242 130/146/241 157/149/244 160/150/245
f 157/149/244 119/151/246 158/152/247 160/150/245
f 158/152/247 131/153/248 159/154/249 160/150/245
f 159/154/249 133/148/243 154/147/242 160/150/245
f 159/154/249 131/153/248 161/155/250 164/156/251
f 161/155/250 122/157/252 162/158/253 164/156/251
f 162/158/253 132/159/254 163/160/255 164/156/251
f 163/160/255 133/148/243 159/154/249 164/156/251
f 163/160/255 132/159/254 165/161/256 166/162/257
f 165/161/256 124/141/236 150/139/234 166/162/257
f 150/139/234 127/137/232 155/143/238 166/162/257
f 155/143/238 133/148/243 163/160/255 166/162/257
f 169/163/258 132/159/254 162/158/253 170/164/259
f 162/158/253 122/157/252 167/165/260 170/164/259
f 167/165/260 134/166/261 168/167/262 170/164/259
f 168/167/262 136/168/263 169/163/258 170/164/259
f 168/167/262 134/166/261 171/169/264 174/170/265
f 171/169/264 120/171/266 172/172/267 174/170/265
f 172/172/267 135/173/268 173/174/269 174/170/265
f 173/174/269 136/168/263 168/167/262 174/170/265
f 173/174/269 135/173/268 175/175/270 177/176/271
f 175/175/270 123/122/217 137/120/215 177/176/271
f 137/120/215 128/119/214 176/177/272 177/176/271
f 176/177/272 136/168/263 173/174/269 177/176/271
f 176/177/272 128/119/214 151/142/237 178/178/273
f 151/142/237 124/141/236 165/161/256 178/178/273
f 165/161/256 132/159/254 169/163/258 178/178/273
f 169/163/258 136/168/263 176/177/272 178/178/273
s 10
f 138/123/274 123/122/275 179/179/276 180/180/277
f 125/124/278 138/123/274 180/180/277 181/181/279
f 142/127/280 125/124/278 181/181/279 182/182/281
f 118/129/282 142/127/280 182/182/281 183/183/283
f 143/130/284 118/129/282 183/183/283 184/184/285
f 126/131/286 143/130/284 184/184/285 185/185/287
f 146/133/288 126/131/286 185/185/287 186/186/289
f 121/135/290 146/133/288 186/186/289 187/187/291
f 153/145/292 121/135/290 187/187/291 188/188/293
f 130/146/294 153/145/292 188/188/293 189/189/295
f 157/149/296 130/146/294 189/189/295 190/190/297
f 119/151/298 157/149/296 190/190/297 191/191/299
f 158/152/300 119/151/298 191/191/299 192/192/301
f 131/153/302 158/152/300 192/192/301 193/193/303
f 161/155/304 131/153/302 193/193/303 194/194/305
f 122/157/306 161/155/304 194/194/305 195/195/307
f 167/165/308 122/157/306 195/195/307 196/196/309
f 134/166/310 167/165/308 196/196/309 197/197/311
f 171/169/312 134/166/310 197/197/311 198/198/313
f 120/171/314 171/169/312 198/198/313 199/199/315
f 172/172/316 120/171/314 199/199/315 200/200/317
f 135/173/318 172/172/316 200/200/317 201/201/319
f 175/175/320 135/173/318 201/201/319 202/202/321
f 123/122/275 175/175/320 202/202/321 179/179/276
s off
f 180/180/322 179/179/323 202/202/324 203/203/325
s 10
f 184/184/285 183/183/283 182/182/326 204/204/327
s off
f 196/196/328 195/195/329 194/194/330 205/205/331
f 191/191/332 190/190/333 206/206/334 192/192/335
f 185/185/336 184/184/337 207/207/338 186/186/339
s 10
f 190/190/297 189/189/295 188/188/340 208/208/341
s off
f 197/197/342 196/196/343 209/209/344 198/198/345
f 202/202/346 201/201/347 200/200/348 210/210/349
s 11
f 199/199/350 198/198/351 209/209/352 211/211/353
f 200/200/354 199/199/350 211/211/353 210/210/355
s 12
f 181/181/356 180/180/357 203/203/358 212/212/359
f 182/182/360 181/181/356 212/212/359 204/204/361
s 13
f 187/187/362 186/186/363 207/207/364 213/213/365
f 188/188/366 187/187/362 213/213/365 208/208/367
s 10
f 193/193/303 192/192/301 206/206/368 214/214/369
f 194/194/305 193/193/303 214/214/369 205/205/370
s 14
f 215/215/371 204/204/372 220/2699/373 207/207/374
f 203/203/375 216/217/376 210/210/377 219/2705/378
f 212/212/379 203/203/375 219/2705/378 226/2696/380
f 219/2705/378 210/210/377 211/211/381 223/2703/382
f 207/207/374 220/2699/373 224/2702/383 213/213/384
f 221/2704/385 209/209/386 218/223/387 205/205/388
f 225/2700/389 221/2704/385 205/205/388 214/214/390
f 208/208/391 222/2701/392 206/206/393 217/226/394
f 223/2703/382 211/211/381 209/209/386 221/2704/385
f 213/213/384 224/2702/383 222/2701/392 208/208/391
f 222/2701/392 225/2700/389 214/214/390 206/206/393
f 204/204/372 212/212/379 226/2696/380 220/2699/373
s off
f 226/219/395 219/218/396 227/2639/397 228/2634/398
f 219/218/399 223/220/400 229/2638/401 227/2639/402
f 223/220/403 221/222/404 230/2637/405 229/2638/406
f 221/222/407 225/224/408 231/2636/409 230/2637/410
f 225/224/411 222/225/412 233/2635/413 231/2636/414
f 222/225/415 224/221/416 232/2633/417 233/2635/418
s 16
f 220/216/419 226/2697/420 228/2698/421 234/2632/422
f 224/221/423 220/216/419 234/2632/422 232/2633/424
s 17
f 257/235/425 245/236/426 254/237/427 258/238/428
f 254/237/427 240/239/429 255/240/430 258/238/428
f 255/240/430 242/241/431 256/242/432 258/238/428
f 256/242/432 246/243/433 257/235/425 258/238/428
f 256/242/432 242/241/431 259/244/434 262/245/435
f 259/244/434 235/246/436 260/247/437 262/245/435
f 260/247/437 243/248/438 261/249/439 262/245/435
f 261/249/439 246/243/433 256/242/432 262/245/435
f 261/249/439 243/248/438 263/250/440 266/251/441
f 263/250/440 238/252/442 264/253/443 266/251/441
f 264/253/443 244/254/444 265/255/445 266/251/441
f 265/255/445 246/243/433 261/249/439 266/251/441
f 265/255/445 244/254/444 267/256/446 269/257/447
f 267/256/446 241/258/448 268/259/449 269/257/447
f 268/259/449 245/236/426 257/235/425 269/257/447
f 257/235/425 246/243/433 265/255/445 269/257/447
f 272/260/450 244/254/444 264/253/443 273/261/451
f 264/253/443 238/252/442 270/262/452 273/261/451
f 270/262/452 247/263/453 271/264/454 273/261/451
f 271/264/454 250/265/455 272/260/450 273/261/451
f 271/264/454 247/263/453 274/266/456 277/267/457
f 274/266/456 236/268/458 275/269/459 277/267/457
f 275/269/459 248/270/460 276/271/461 277/267/457
f 276/271/461 250/265/455 271/264/454 277/267/457
f 276/271/461 248/270/460 278/272/462 281/273/463
f 278/272/462 239/274/464 279/275/465 281/273/463
f 279/275/465 249/276/466 280/277/467 281/273/463
f 280/277/467 250/265/455 276/271/461 281/273/463
f 280/277/467 249/276/466 282/278/468 283/279/469
f 282/278/468 241/258/448 267/256/446 283/279/469
f 267/256/446 244/254/444 272/260/450 283/279/469
f 272/260/450 250/265/455 280/277/467 283/279/469
f 286/280/470 249/276/466 279/275/465 287/281/471
f 279/275/465 239/274/464 284/282/472 287/281/471
f 284/282/472 251/283/473 285/284/474 287/281/471
f 285/284/474 253/285/475 286/280/470 287/281/471
f 285/284/474 251/283/473 288/286/476 291/287/477
f 288/286/476 237/288/478 289/289/479 291/287/477
f 289/289/479 252/290/480 290/291/481 291/287/477
f 290/291/481 253/285/475 285/284/474 291/287/477
f 290/291/481 252/290/480 292/292/482 294/293/483
f 292/292/482 240/239/429 254/237/427 294/293/483
f 254/237/427 245/236/426 293/294/484 294/293/483
f 293/294/484 253/285/475 290/291/481 294/293/483
f 293/294/484 245/236/426 268/259/449 295/295/485
f 268/259/449 241/258/448 282/278/468 295/295/485
f 282/278/468 249/276/466 286/280/470 295/295/485
f 286/280/470 253/285/475 293/294/484 295/295/485
s 18
f 255/240/486 240/239/487 296/296/488 297/297/489
f 242/241/490 255/240/486 297/297/489 298/298/491
f 259/244/492 242/241/490 298/298/491 299/299/493
f 235/246/494 259/244/492 299/299/493 300/300/495
f 260/247/496 235/246/494 300/300/495 301/301/497
f 243/248/498 260/247/496 301/301/497 302/302/499
f 263/250/500 243/248/498 302/302/499 303/303/501
f 238/252/502 263/250/500 303/303/501 304/304/503
f 270/262/504 238/252/502 304/304/503 305/305/505
f 247/263/506 270/262/504 305/305/505 306/306/507
f 274/266/508 247/263/506 306/306/507 307/307/509
f 236/268/510 274/266/508 307/307/509 308/308/511
f 275/269/512 236/268/510 308/308/511 309/309/513
f 248/270/514 275/269/512 309/309/513 310/310/515
f 278/272/516 248/270/514 310/310/515 311/311/517
f 239/274/518 278/272/516 311/311/517 312/312/519
f 284/282/520 239/274/518 312/312/519 313/313/521
f 251/283/522 284/282/520 313/313/521 314/314/523
f 288/286/524 251/283/522 314/314/523 315/315/525
f 237/288/526 288/286/524 315/315/525 316/316/527
f 289/289/528 237/288/526 316/316/527 317/317/529
f 252/290/530 289/289/528 317/317/529 318/318/531
f 292/292/532 252/290/530 318/318/531 319/319/533
f 240/239/487 292/292/532 319/319/533 296/296/488
s off
f 297/297/534 296/296/535 319/319/536 320/320/537
s 18
f 301/301/497 300/300/495 299/299/538 321/321/539
s off
f 313/313/540 312/312/541 311/311/542 322/322/543
f 308/308/544 307/307/545 323/323/546 309/309/547
f 302/302/548 301/301/549 324/324/550 303/303/551
s 18
f 307/307/509 306/306/507 305/305/552 325/325/553
s off
f 314/314/554 313/313/555 326/326/556 315/315/557
f 319/319/558 318/318/559 317/317/560 327/327/561
s 19
f 316/316/562 315/315/563 326/326/564 328/328/565
f 317/317/566 316/316/562 328/328/565 327/327/567
s 20
f 298/298/568 297/297/569 320/320/570 329/329/571
f 299/299/572 298/298/568 329/329/571 321/321/573
s 21
f 304/304/574 303/303/575 324/324/576 330/330/577
f 305/305/578 304/304/574 330/330/577 325/325/579
s 18
f 310/310/515 309/309/513 323/323/580 331/331/581
f 311/311/517 310/310/515 331/331/581 322/322/582
s 22
f 332/332/583 321/321/584 337/2767/585 324/324/586
f 320/320/587 333/334/588 327/327/589 336/2773/590
f 329/329/591 320/320/587 336/2773/590 343/2766/592
f 336/2773/590 327/327/589 328/328/593 340/2771/594
f 324/324/586 337/2767/585 341/2770/595 330/330/596
f 338/2772/597 326/326/598 335/340/599 322/322/600
f 342/2768/601 338/2772/597 322/322/600 331/331/602
f 325/325/603 339/2769/604 323/323/605 334/343/606
f 340/2771/594 328/328/593 326/326/598 338/2772/597
f 330/330/596 341/2770/595 339/2769/604 325/325/603
f 339/2769/604 342/2768/601 331/331/602 323/323/605
f 321/321/584 329/329/591 343/2766/592 337/2767/585
s off
f 343/336/607 336/335/608 344/2655/609 345/2650/610
f 336/335/611 340/337/612 346/2654/613 344/2655/614
f 340/337/615 338/339/616 347/2653/617 346/2654/618
f 338/339/619 342/341/620 348/2652/621 347/2653/622
f 342/341/623 339/342/624 350/2651/625 348/2652/626
f 339/342/627 341/338/628 349/2649/629 350/2651/630
s 24
f 337/333/631 343/2774/632 345/2775/633 351/2648/634
f 341/338/635 337/333/631 351/2648/634 349/2649/636
s 25
f 374/352/637 362/353/638 371/354/639 375/355/640
f 371/354/639 357/356/641 372/357/642 375/355/640
f 372/357/642 359/358/643 373/359/644 375/355/640
f 373/359/644 363/360/645 374/352/637 375/355/640
f 373/359/644 359/358/643 376/361/646 379/362/647
f 376/361/646 352/363/648 377/364/649 379/362/647
f 377/364/649 360/365/650 378/366/651 379/362/647
f 378/366/651 363/360/645 373/359/644 379/362/647
f 378/366/651 360/365/650 380/367/652 383/368/653
f 380/367/652 355/369/654 381/370/655 383/368/653
f 381/370/655 361/371/656 382/372/657 383/368/653
f 382/372/657 363/360/645 378/366/651 383/368/653
f 382/372/657 361/371/656 384/373/658 386/374/659
f 384/373/658 358/375/660 385/376/661 386/374/659
f 385/376/661 362/353/638 374/352/637 386/374/659
f 374/352/637 363/360/645 382/372/657 386/374/659
f 389/377/662 361/371/656 381/370/655 390/378/663
f 381/370/655 355/369/654 387/379/664 390/378/663
f 387/379/664 364/380/665 388/381/666 390/378/663
f 388/381/666 367/382/667 389/377/662 390/378/663
f 388/381/666 364/380/665 391/383/668 394/384/669
f 391/383/668 353/385/670 392/386/671 394/384/669
f 392/386/671 365/387/672 393/388/673 394/384/669
f 393/388/673 367/382/667 388/381/666 394/384/669
f 393/388/673 365/387/672 395/389/674 398/390/675
f 395/389/674 356/391/676 396/392/677 398/390/675
f 396/392/677 366/393/678 397/394/679 398/390/675
f 397/394/679 367/382/667 393/388/673 398/390/675
f 397/394/679 366/393/678 399/395/680 400/396/681
f 399/395/680 358/375/660 384/373/658 400/396/681
f 384/373/658 361/371/656 389/377/662 400/396/681
f 389/377/662 367/382/667 397/394/679 400/396/681
f 403/397/682 366/393/678 396/392/677 404/398/683
f 396/392/677 356/391/676 401/399/684 404/398/683
f 401/399/684 368/400/685 402/401/686 404/398/683
f 402/401/686 370/402/687 403/397/682 404/398/683
f 402/401/686 368/400/685 405/403/688 408/404/689
f 405/403/688 354/405/690 406/406/691 408/404/689
f 406/406/691 369/407/692 407/408/693 408/404/689
f 407/408/693 370/402/687 402/401/686 408/404/689
f 407/408/693 369/407/692 409/409/694 411/410/695
f 409/409/694 357/356/641 371/354/639 411/410/695
f 371/354/639 362/353/638 410/411/696 411/410/695
f 410/411/696 370/402/687 407/408/693 411/410/695
f 410/411/696 362/353/638 385/376/661 412/412/697
f 385/376/661 358/375/660 399/395/680 412/412/697
f 399/395/680 366/393/678 403/397/682 412/412/697
f 403/397/682 370/402/687 410/411/696 412/412/697
s 26
f 372/357/698 357/356/699 413/413/700 414/414/701
f 359/358/702 372/357/698 414/414/701 415/415/703
f 376/361/704 359/358/702 415/415/703 416/416/705
f 352/363/706 376/361/704 416/416/705 417/417/707
f 377/364/708 352/363/706 417/417/707 418/418/709
f 360/365/710 377/364/708 418/418/709 419/419/711
f 380/367/712 360/365/710 419/419/711 420/420/713
f 355/369/714 380/367/712 420/420/713 421/421/715
f 387/379/716 355/369/714 421/421/715 422/422/717
f 364/380/718 387/379/716 422/422/717 423/423/719
f 391/383/720 364/380/718 423/423/719 424/424/721
f 353/385/722 391/383/720 424/424/721 425/425/723
f 392/386/724 353/385/722 425/425/723 426/426/725
f 365/387/726 392/386/724 426/426/725 427/427/727
f 395/389/728 365/387/726 427/427/727 428/428/729
f 356/391/730 395/389/728 428/428/729 429/429/731
f 401/399/732 356/391/730 429/429/731 430/430/733
f 368/400/734 401/399/732 430/430/733 431/431/735
f 405/403/736 368/400/734 431/431/735 432/432/737
f 354/405/738 405/403/736 432/432/737 433/433/739
f 406/406/740 354/405/738 433/433/739 434/434/741
f 369/407/742 406/406/740 434/434/741 435/435/743
f 409/409/744 369/407/742 435/435/743 436/436/745
f 357/356/699 409/409/744 436/436/745 413/413/700
s off
f 414/414/746 413/413/747 436/436/748 437/437/749
s 26
f 418/418/709 417/417/707 416/416/750 438/438/751
s off
f 430/430/752 429/429/753 428/428/754 439/439/755
f 425/425/756 424/424/757 440/440/758 426/426/759
f 419/419/760 418/418/761 441/441/762 420/420/763
s 26
f 424/424/721 423/423/719 422/422/764 442/442/765
s off
f 431/431/766 430/430/767 443/443/768 432/432/769
f 436/436/770 435/435/771 434/434/772 444/444/773
s 27
f 433/433/774 432/432/775 443/443/776 445/445/777
f 434/434/778 433/433/774 445/445/777 444/444/779
s 28
f 415/415/780 414/414/781 437/437/782 446/446/783
f 416/416/784 415/415/780 446/446/783 438/438/785
s 29
f 421/421/786 420/420/787 441/441/788 447/447/789
f 422/422/790 421/421/786 447/447/789 442/442/791
s 26
f 427/427/727 426/426/725 440/440/792 448/448/793
f 428/428/729 427/427/727 448/448/793 439/439/794
s 30
f 449/449/795 438/438/796 454/2709/797 441/441/798
f 437/437/799 450/451/800 444/444/801 453/2715/802
f 446/446/803 437/437/799 453/2715/802 460/2706/804
f 453/2715/802 444/444/801 445/445/805 457/2713/806
f 441/441/798 454/2709/797 458/2712/807 447/447/808
f 455/2714/809 443/443/810 452/457/811 439/439/812
f 459/2710/813 455/2714/809 439/439/812 448/448/814
f 442/442/815 456/2711/816 440/440/817 451/460/818
f 457/2713/806 445/445/805 443/443/810 455/2714/809
f 447/447/808 458/2712/807 456/2711/816 442/442/815
f 456/2711/816 459/2710/813 448/448/814 440/440/817
f 438/438/796 446/446/803 460/2706/804 454/2709/797
s off
f 460/453/819 453/452/820 461/2647/821 462/2642/822
f 453/452/823 457/454/824 463/2646/825 461/2647/826
f 457/454/827 455/456/828 464/2645/829 463/2646/830
f 455/456/831 459/458/832 465/2644/833 464/2645/834
f 459/458/835 456/459/836 467/2643/837 465/2644/838
f 456/459/839 458/455/840 466/2641/841 467/2643/842
s 32
f 454/450/843 460/2707/844 462/2708/845 468/2640/846
f 458/455/847 454/450/843 468/2640/846 466/2641/848
s 33
f 491/469/849 479/470/850 488/471/851 492/472/852
f 488/471/851 474/473/853 489/474/854 492/472/852
f 489/474/854 476/475/855 490/476/856 492/472/852
f 490/476/856 480/477/857 491/469/849 492/472/852
f 490/476/856 476/475/855 493/478/858 496/479/859
f 493/478/858 469/480/860 494/481/861 496/479/859
f 494/481/861 477/482/862 495/483/863 496/479/859
f 495/483/863 480/477/857 490/476/856 496/479/859
f 495/483/863 477/482/862 497/484/864 500/485/865
f 497/484/864 472/486/866 498/487/867 500/485/865
f 498/487/867 478/488/868 499/489/869 500/485/865
f 499/489/869 480/477/857 495/483/863 500/485/865
f 499/489/869 478/488/868 501/490/870 503/491/871
f 501/490/870 475/492/872 502/493/873 503/491/871
f 502/493/873 479/470/850 491/469/849 503/491/871
f 491/469/849 480/477/857 499/489/869 503/491/871
f 506/494/874 478/488/868 498/487/867 507/495/875
f 498/487/867 472/486/866 504/496/876 507/495/875
f 504/496/876 481/497/877 505/498/878 507/495/875
f 505/498/878 484/499/879 506/494/874 507/495/875
f 505/498/878 481/497/877 508/500/880 511/501/881
f 508/500/880 470/502/882 509/503/883 511/501/881
f 509/503/883 482/504/884 510/505/885 511/501/881
f 510/505/885 484/499/879 505/498/878 511/501/881
f 510/505/885 482/504/884 512/506/886 515/507/887
f 512/506/886 473/508/888 513/509/889 515/507/887
f 513/509/889 483/510/890 514/511/891 515/507/887
f 514/511/891 484/499/879 510/505/885 515/507/887
f 514/511/891 483/510/890 516/512/892 517/513/893
f 516/512/892 475/492/872 501/490/870 517/513/893
f 501/490/870 478/488/868 506/494/874 517/513/893
f 506/494/874 484/499/879 514/511/891 517/513/893
f 520/514/894 483/510/890 513/509/889 521/515/895
f 513/509/889 473/508/888 518/516/896 521/515/895
f 518/516/896 485/517/897 519/518/898 521/515/895
f 519/518/898 487/519/899 520/514/894 521/515/895
f 519/518/898 485/517/897 522/520/900 525/521/901
f 522/520/900 471/522/902 523/523/903 525/521/901
f 523/523/903 486/524/904 524/525/905 525/521/901
f 524/525/905 487/519/899 519/518/898 525/521/901
f 524/525/905 486/524/904 526/526/906 528/527/907
f 526/526/906 474/473/853 488/471/851 528/527/907
f 488/471/851 479/470/850 527/528/908 528/527/907
f 527/528/908 487/519/899 524/525/905 528/527/907
f 527/528/908 479/470/850 502/493/873 529/529/909
f 502/493/873 475/492/872 516/512/892 529/529/909
f 516/512/892 483/510/890 520/514/894 529/529/909
f 520/514/894 487/519/899 527/528/908 529/529/909
s 34
f 489/474/910 474/473/911 530/530/912 531/531/913
f 476/475/914 489/474/910 531/531/913 532/532/915
f 493/478/916 476/475/914 532/532/915 533/533/917
f 469/480/918 493/478/916 533/533/917 534/534/919
f 494/481/920 469/480/918 534/534/919 535/535/921
f 477/482/922 494/481/920 535/535/921 536/536/923
f 497/484/924 477/482/922 536/536/923 537/537/925
f 472/486/926 497/484/924 537/537/925 538/538/927
f 504/496/928 472/486/926 538/538/927 539/539/929
f 481/497/930 504/496/928 539/539/929 540/540/931
f 508/500/932 481/497/930 540/540/931 541/541/933
f 470/502/934 508/500/932 541/541/933 542/542/935
f 509/503/936 470/502/934 542/542/935 543/543/937
f 482/504/938 509/503/936 543/543/937 544/544/939
f 512/506/940 482/504/938 544/544/939 545/545/941
f 473/508/942 512/506/940 545/545/941 546/546/943
f 518/516/944 473/508/942 546/546/943 547/547/945
f 485/517/946 518/516/944 547/547/945 548/548/947
f 522/520/948 485/517/946 548/548/947 549/549/949
f 471/522/950 522/520/948 549/549/949 550/550/951
f 523/523/952 471/522/950 550/550/951 551/551/953
f 486/524/954 523/523/952 551/551/953 552/552/955
f 526/526/956 486/524/954 552/552/955 553/553/957
f 474/473/911 526/526/956 553/553/957 530/530/912
s off
f 531/531/958 530/530/959 553/553/960 554/554/961
s 34
f 535/535/921 534/534/919 533/533/962 555/555/963
s off
f 547/547/964 546/546/965 545/545/966 556/556/967
f 542/542/968 541/541/969 557/557/970 543/543/971
f 536/536/972 535/535/973 558/558/974 537/537/975
s 34
f 541/541/933 540/540/931 539/539/976 559/559/977
s off
f 548/548/978 547/547/979 560/560/980 549/549/981
f 553/553/982 552/552/983 551/551/984 561/561/985
s 35
f 550/550/986 549/549/987 560/560/988 562/562/989
f 551/551/990 550/550/986 562/562/989 561/561/991
s 36
f 532/532/992 531/531/993 554/554/994 563/563/995
f 533/533/996 532/532/992 563/563/995 555/555/997
s 37
f 538/538/998 537/537/999 558/558/1000 564/564/1001
f 539/539/1002 538/538/998 564/564/1001 559/559/1003
s 34
f 544/544/939 543/543/937 557/557/1004 565/565/1005
f 545/545/941 544/544/939 565/565/1005 556/556/1006
s 38
f 566/566/1007 555/555/1008 571/2739/1009 558/558/1010
f 554/554/1011 567/568/1012 561/561/1013 570/2745/1014
f 563/563/1015 554/554/1011 570/2745/1014 577/2736/1016
f 570/2745/1014 561/561/1013 562/562/1017 574/2743/1018
f 558/558/1010 571/2739/1009 575/2742/1019 564/564/1020
f 572/2744/1021 560/560/1022 569/574/1023 556/556/1024
f 576/2740/1025 572/2744/1021 556/556/1024 565/565/1026
f 559/559/1027 573/2741/1028 557/557/1029 568/577/1030
f 574/2743/1018 562/562/1017 560/560/1022 572/2744/1021
f 564/564/1020 575/2742/1019 573/2741/1028 559/559/1027
f 573/2741/1028 576/2740/1025 565/565/1026 557/557/1029
f 555/555/1008 563/563/1015 577/2736/1016 571/2739/1009
s off
f 577/570/1031 570/569/1032 578/2679/1033 579/2674/1034
f 570/569/1035 574/571/1036 580/2678/1037 578/2679/1038
f 574/571/1039 572/573/1040 581/2677/1041 580/2678/1042
f 572/573/1043 576/575/1044 582/2676/1045 581/2677/1046
f 576/575/1047 573/576/1048 584/2675/1049 582/2676/1050
f 573/576/1051 575/572/1052 583/2673/1053 584/2675/1054
s 40
f 571/567/1055 577/2737/1056 579/2738/1057 585/2672/1058
f 575/572/1059 571/567/1055 585/2672/1058 583/2673/1060
s 41
f 608/586/1061 596/587/1062 605/588/1063 609/589/1064
f 605/588/1063 591/590/1065 606/591/1066 609/589/1064
f 606/591/1066 593/592/1067 607/593/1068 609/589/1064
f 607/593/1068 597/594/1069 608/586/1061 609/589/1064
f 607/593/1068 593/592/1067 610/595/1070 613/596/1071
f 610/595/1070 586/597/1072 611/598/1073 613/596/1071
f 611/598/1073 594/599/1074 612/600/1075 613/596/1071
f 612/600/1075 597/594/1069 607/593/1068 613/596/1071
f 612/600/1075 594/599/1074 614/601/1076 617/602/1077
f 614/601/1076 589/603/1078 615/604/1079 617/602/1077
f 615/604/1079 595/605/1080 616/606/1081 617/602/1077
f 616/606/1081 597/594/1069 612/600/1075 617/602/1077
f 616/606/1081 595/605/1080 618/607/1082 620/608/1083
f 618/607/1082 592/609/1084 619/610/1085 620/608/1083
f 619/610/1085 596/587/1062 608/586/1061 620/608/1083
f 608/586/1061 597/594/1069 616/606/1081 620/608/1083
f 623/611/1086 595/605/1080 615/604/1079 624/612/1087
f 615/604/1079 589/603/1078 621/613/1088 624/612/1087
f 621/613/1088 598/614/1089 622/615/1090 624/612/1087
f 622/615/1090 601/616/1091 623/611/1086 624/612/1087
f 622/615/1090 598/614/1089 625/617/1092 628/618/1093
f 625/617/1092 587/619/1094 626/620/1095 628/618/1093
f 626/620/1095 599/621/1096 627/622/1097 628/618/1093
f 627/622/1097 601/616/1091 622/615/1090 628/618/1093
f 627/622/1097 599/621/1096 629/623/1098 632/624/1099
f 629/623/1098 590/625/1100 630/626/1101 632/624/1099
f 630/626/1101 600/627/1102 631/628/1103 632/624/1099
f 631/628/1103 601/616/1091 627/622/1097 632/624/1099
f 631/628/1103 600/627/1102 633/629/1104 634/630/1105
f 633/629/1104 592/609/1084 618/607/1082 634/630/1105
f 618/607/1082 595/605/1080 623/611/1086 634/630/1105
f 623/611/1086 601/616/1091 631/628/1103 634/630/1105
f 637/631/1106 600/627/1102 630/626/1101 638/632/1107
f 630/626/1101 590/625/1100 635/633/1108 638/632/1107
f 635/633/1108 602/634/1109 636/635/1110 638/632/1107
f 636/635/1110 604/636/1111 637/631/1106 638/632/1107
f 636/635/1110 602/634/1109 639/637/1112 642/638/1113
f 639/637/1112 588/639/1114 640/640/1115 642/638/1113
f 640/640/1115 603/641/1116 641/642/1117 642/638/1113
f 641/642/1117 604/636/1111 636/635/1110 642/638/1113
f 641/642/1117 603/641/1116 643/643/1118 645/644/1119
f 643/643/1118 591/590/1065 605/588/1063 645/644/1119
f 605/588/1063 596/587/1062 644/645/1120 645/644/1119
f 644/645/1120 604/636/1111 641/642/1117 645/644/1119
f 644/645/1120 596/587/1062 619/610/1085 646/646/1121
f 619/610/1085 592/609/1084 633/629/1104 646/646/1121
f 633/629/1104 600/627/1102 637/631/1106 646/646/1121
f 637/631/1106 604/636/1111 644/645/1120 646/646/1121
s 42
f 606/591/1122 591/590/1123 647/647/1124 648/648/1125
f 593/592/1126 606/591/1122 648/648/1125 649/649/1127
f 610/595/1128 593/592/1126 649/649/1127 650/650/1129
f 586/597/1130 610/595/1128 650/650/1129 651/651/1131
f 611/598/1132 586/597/1130 651/651/1131 652/652/1133
f 594/599/1134 611/598/1132 652/652/1133 653/653/1135
f 614/601/1136 594/599/1134 653/653/1135 654/654/1137
f 589/603/1138 614/601/1136 654/654/1137 655/655/1139
f 621/613/1140 589/603/1138 655/655/1139 656/656/1141
f 598/614/1142 621/613/1140 656/656/1141 657/657/1143
f 625/617/1144 598/614/1142 657/657/1143 658/658/1145
f 587/619/1146 625/617/1144 658/658/1145 659/659/1147
f 626/620/1148 587/619/1146 659/659/1147 660/660/1149
f 599/621/1150 626/620/1148 660/660/1149 661/661/1151
f 629/623/1152 599/621/1150 661/661/1151 662/662/1153
f 590/625/1154 629/623/1152 662/662/1153 663/663/1155
f 635/633/1156 590/625/1154 663/663/1155 664/664/1157
f 602/634/1158 635/633/1156 664/664/1157 665/665/1159
f 639/637/1160 602/634/1158 665/665/1159 666/666/1161
f 588/639/1162 639/637/1160 666/666/1161 667/667/1163
f 640/640/1164 588/639/1162 667/667/1163 668/668/1165
f 603/641/1166 640/640/1164 668/668/1165 669/669/1167
f 643/643/1168 603/641/1166 669/669/1167 670/670/1169
f 591/590/1123 643/643/1168 670/670/1169 647/647/1124
s off
f 648/648/1170 647/647/1171 670/670/1172 671/671/1173
s 42
f 652/652/1133 651/651/1131 650/650/1174 672/672/1175
s off
f 664/664/1176 663/663/1177 662/662/1178 673/673/1179
f 659/659/1180 658/658/1181 674/674/1182 660/660/1183
f 653/653/1184 652/652/1185 675/675/1186 654/654/1187
s 42
f 658/658/1145 657/657/1143 656/656/1188 676/676/1189
s off
f 665/665/1190 664/664/1191 677/677/1192 666/666/1193
f 670/670/1194 669/669/1195 668/668/1196 678/678/1197
s 43
f 667/667/1198 666/666/1199 677/677/1200 679/679/1201
f 668/668/1202 667/667/1198 679/679/1201 678/678/1203
s 44
f 649/649/1204 648/648/1205 671/671/1206 680/680/1207
f 650/650/1208 649/649/1204 680/680/1207 672/672/1209
s 45
f 655/655/1210 654/654/1211 675/675/1212 681/681/1213
f 656/656/1214 655/655/1210 681/681/1213 676/676/1215
s 42
f 661/661/1151 660/660/1149 674/674/1216 682/682/1217
f 662/662/1153 661/661/1151 682/682/1217 673/673/1218
s 46
f 683/683/1219 672/672/1220 688/2719/1221 675/675/1222
f 671/671/1223 684/685/1224 678/678/1225 687/2725/1226
f 680/680/1227 671/671/1223 687/2725/1226 694/2716/1228
f 687/2725/1226 678/678/1225 679/679/1229 691/2723/1230
f 675/675/1222 688/2719/1221 692/2722/1231 681/681/1232
f 689/2724/1233 677/677/1234 686/691/1235 673/673/1236
f 693/2720/1237 689/2724/1233 673/673/1236 682/682/1238
f 676/676/1239 690/2721/1240 674/674/1241 685/694/1242
f 691/2723/1230 679/679/1229 677/677/1234 689/2724/1233
f 681/681/1232 692/2722/1231 690/2721/1240 676/676/1239
f 690/2721/1240 693/2720/1237 682/682/1238 674/674/1241
f 672/672/1220 680/680/1227 694/2716/1228 688/2719/1221
s off
f 694/687/1243 687/686/1244 695/2695/1245 696/2690/1246
f 687/686/1247 691/688/1248 697/2694/1249 695/2695/1250
f 691/688/1251 689/690/1252 698/2693/1253 697/2694/1254
f 689/690/1255 693/692/1256 699/2692/1257 698/2693/1258
f 693/692/1259 690/693/1260 701/2691/1261 699/2692/1262
f 690/693/1263 692/689/1264 700/2689/1265 701/2691/1266
s 48
f 688/684/1267 694/2717/1268 696/2718/1269 702/2688/1270
f 692/689/1271 688/684/1267 702/2688/1270 700/2689/1272
s 49
f 725/703/1273 713/704/1274 722/705/1275 726/706/1276
f 722/705/1275 708/707/1277 723/708/1278 726/706/1276
f 723/708/1278 710/709/1279 724/710/1280 726/706/1276
f 724/710/1280 714/711/1281 725/703/1273 726/706/1276
f 724/710/1280 710/709/1279 727/712/1282 730/713/1283
f 727/712/1282 703/714/1284 728/715/1285 730/713/1283
f 728/715/1285 711/716/1286 729/717/1287 730/713/1283
f 729/717/1287 714/711/1281 724/710/1280 730/713/1283
f 729/717/1287 711/716/1286 731/718/1288 734/719/1289
f 731/718/1288 706/720/1290 732/721/1291 734/719/1289
f 732/721/1291 712/722/1292 733/723/1293 734/719/1289
f 733/723/1293 714/711/1281 729/717/1287 734/719/1289
f 733/723/1293 712/722/1292 735/724/1294 737/725/1295
f 735/724/1294 709/726/1296 736/727/1297 737/725/1295
f 736/727/1297 713/704/1274 725/703/1273 737/725/1295
f 725/703/1273 714/711/1281 733/723/1293 737/725/1295
f 740/728/1298 712/722/1292 732/721/1291 741/729/1299
f 732/721/1291 706/720/1290 738/730/1300 741/729/1299
f 738/730/1300 715/731/1301 739/732/1302 741/729/1299
f 739/732/1302 718/733/1303 740/728/1298 741/729/1299
f 739/732/1302 715/731/1301 742/734/1304 745/735/1305
f 742/734/1304 704/736/1306 743/737/1307 745/735/1305
f 743/737/1307 716/738/1308 744/739/1309 745/735/1305
f 744/739/1309 718/733/1303 739/732/1302 745/735/1305
f 744/739/1309 716/738/1308 746/740/1310 749/741/1311
f 746/740/1310 707/742/1312 747/743/1313 749/741/1311
f 747/743/1313 717/744/1314 748/745/1315 749/741/1311
f 748/745/1315 718/733/1303 744/739/1309 749/741/1311
f 748/745/1315 717/744/1314 750/746/1316 751/747/1317
f 750/746/1316 709/726/1296 735/724/1294 751/747/1317
f 735/724/1294 712/722/1292 740/728/1298 751/747/1317
f 740/728/1298 718/733/1303 748/745/1315 751/747/1317
f 754/748/1318 717/744/1314 747/743/1313 755/749/1319
f 747/743/1313 707/742/1312 752/750/1320 755/749/1319
f 752/750/1320 719/751/1321 753/752/1322 755/749/1319
f 753/752/1322 721/753/1323 754/748/1318 755/749/1319
f 753/752/1322 719/751/1321 756/754/1324 759/755/1325
f 756/754/1324 705/756/1326 757/757/1327 759/755/1325
f 757/757/1327 720/758/1328 758/759/1329 759/755/1325
f 758/759/1329 721/753/1323 753/752/1322 759/755/1325
f 758/759/1329 720/758/1328 760/760/1330 762/761/1331
f 760/760/1330 708/707/1277 722/705/1275 762/761/1331
f 722/705/1275 713/704/1274 761/762/1332 762/761/1331
f 761/762/1332 721/753/1323 758/759/1329 762/761/1331
f 761/762/1332 713/704/1274 736/727/1297 763/763/1333
f 736/727/1297 709/726/1296 750/746/1316 763/763/1333
f 750/746/1316 717/744/1314 754/748/1318 763/763/1333
f 754/748/1318 721/753/1323 761/762/1332 763/763/1333
s 50
f 723/708/1334 708/707/1335 764/764/1336 765/765/1337
f 710/709/1338 723/708/1334 765/765/1337 766/766/1339
f 727/712/1340 710/709/1338 766/766/1339 767/767/1341
f 703/714/1342 727/712/1340 767/767/1341 768/768/1343
f 728/715/1344 703/714/1342 768/768/1343 769/769/1345
f 711/716/1346 728/715/1344 769/769/1345 770/770/1347
f 731/718/1348 711/716/1346 770/770/1347 771/771/1349
f 706/720/1350 731/718/1348 771/771/1349 772/772/1351
f 738/730/1352 706/720/1350 772/772/1351 773/773/1353
f 715/731/1354 738/730/1352 773/773/1353 774/774/1355
f 742/734/1356 715/731/1354 774/774/1355 775/775/1357
f 704/736/1358 742/734/1356 775/775/1357 776/776/1359
f 743/737/1360 704/736/1358 776/776/1359 777/777/1361
f 716/738/1362 743/737/1360 777/777/1361 778/778/1363
f 746/740/1364 716/738/1362 778/778/1363 779/779/1365
f 707/742/1366 746/740/1364 779/779/1365 780/780/1367
f 752/750/1368 707/742/1366 780/780/1367 781/781/1369
f 719/751/1370 752/750/1368 781/781/1369 782/782/1371
f 756/754/1372 719/751/1370 782/782/1371 783/783/1373
f 705/756/1374 756/754/1372 783/783/1373 784/784/1375
f 757/757/1376 705/756/1374 784/784/1375 785/785/1377
f 720/758/1378 757/757/1376 785/785/1377 786/786/1379
f 760/760/1380 720/758/1378 786/786/1379 787/787/1381
f 708/707/1335 760/760/1380 787/787/1381 764/764/1336
s off
f 765/765/1382 764/764/1383 787/787/1384 788/788/1385
s 50
f 769/769/1345 768/768/1343 767/767/1386 789/789/1387
s off
f 781/781/1388 780/780/1389 779/779/1390 790/790/1391
f 776/776/1392 775/775/1393 791/791/1394 777/777/1395
f 770/770/1396 769/769/1397 792/792/1398 771/771/1399
s 50
f 775/775/1357 774/774/1355 773/773/1400 793/793/1401
s off
f 782/782/1402 781/781/1403 794/794/1404 783/783/1405
f 787/787/1406 786/786/1407 785/785/1408 795/795/1409
s 51
f 784/784/1410 783/783/1411 794/794/1412 796/796/1413
f 785/785/1414 784/784/1410 796/796/1413 795/795/1415
s 52
f 766/766/1416 765/765/1417 788/788/1418 797/797/1419
f 767/767/1420 766/766/1416 797/797/1419 789/789/1421
s 53
f 772/772/1422 771/771/1423 792/792/1424 798/798/1425
f 773/773/1426 772/772/1422 798/798/1425 793/793/1427
s 50
f 778/778/1363 777/777/1361 791/791/1428 799/799/1429
f 779/779/1365 778/778/1363 799/799/1429 790/790/1430
s 54
f 800/800/1431 789/789/1432 805/2729/1433 792/792/1434
f 788/788/1435 801/802/1436 795/795/1437 804/2735/1438
f 797/797/1439 788/788/1435 804/2735/1438 811/2726/1440
f 804/2735/1438 795/795/1437 796/796/1441 808/2733/1442
f 792/792/1434 805/2729/1433 809/2732/1443 798/798/1444
f 806/2734/1445 794/794/1446 803/808/1447 790/790/1448
f 810/2730/1449 806/2734/1445 790/790/1448 799/799/1450
f 793/793/1451 807/2731/1452 791/791/1453 802/811/1454
f 808/2733/1442 796/796/1441 794/794/1446 806/2734/1445
f 798/798/1444 809/2732/1443 807/2731/1452 793/793/1451
f 807/2731/1452 810/2730/1449 799/799/1450 791/791/1453
f 789/789/1432 797/797/1439 811/2726/1440 805/2729/1433
s off
f 811/804/1455 804/803/1456 812/2687/1457 813/2682/1458
f 804/803/1459 808/805/1460 814/2686/1461 812/2687/1462
f 808/805/1463 806/807/1464 815/2685/1465 814/2686/1466
f 806/807/1467 810/809/1468 816/2684/1469 815/2685/1470
f 810/809/1471 807/810/1472 818/2683/1473 816/2684/1474
f 807/810/1475 809/806/1476 817/2681/1477 818/2683/1478
s 56
f 805/801/1479 811/2727/1480 813/2728/1481 819/2680/1482
f 809/806/1483 805/801/1479 819/2680/1482 817/2681/1484
s 57
f 842/820/1485 830/821/1486 839/822/1487 843/823/1488
f 839/822/1487 825/824/1489 840/825/1490 843/823/1488
f 840/825/1490 827/826/1491 841/827/1492 843/823/1488
f 841/827/1492 831/828/1493 842/820/1485 843/823/1488
f 841/827/1492 827/826/1491 844/829/1494 847/830/1495
f 844/829/1494 820/831/1496 845/832/1497 847/830/1495
f 845/832/1497 828/833/1498 846/834/1499 847/830/1495
f 846/834/1499 831/828/1493 841/827/1492 847/830/1495
f 846/834/1499 828/833/1498 848/835/1500 851/836/1501
f 848/835/1500 823/837/1502 849/838/1503 851/836/1501
f 849/838/1503 829/839/1504 850/840/1505 851/836/1501
f 850/840/1505 831/828/1493 846/834/1499 851/836/1501
f 850/840/1505 829/839/1504 852/841/1506 854/842/1507
f 852/841/1506 826/843/1508 853/844/1509 854/842/1507
f 853/844/1509 830/821/1486 842/820/1485 854/842/1507
f 842/820/1485 831/828/1493 850/840/1505 854/842/1507
f 857/845/1510 829/839/1504 849/838/1503 858/846/1511
f 849/838/1503 823/837/1502 855/847/1512 858/846/1511
f 855/847/1512 832/848/1513 856/849/1514 858/846/1511
f 856/849/1514 835/850/1515 857/845/1510 858/846/1511
f 856/849/1514 832/848/1513 859/851/1516 862/852/1517
f 859/851/1516 821/853/1518 860/854/1519 862/852/1517
f 860/854/1519 833/855/1520 861/856/1521 862/852/1517
f 861/856/1521 835/850/1515 856/849/1514 862/852/1517
f 861/856/1521 833/855/1520 863/857/1522 866/858/1523
f 863/857/1522 824/859/1524 864/860/1525 866/858/1523
f 864/860/1525 834/861/1526 865/862/1527 866/858/1523
f 865/862/1527 835/850/1515 861/856/1521 866/858/1523
f 865/862/1527 834/861/1526 867/863/1528 868/864/1529
f 867/863/1528 826/843/1508 852/841/1506 868/864/1529
f 852/841/1506 829/839/1504 857/845/1510 868/864/1529
f 857/845/1510 835/850/1515 865/862/1527 868/864/1529
f 871/865/1530 834/861/1526 864/860/1525 872/866/1531
f 864/860/1525 824/859/1524 869/867/1532 872/866/1531
f 869/867/1532 836/868/1533 870/869/1534 872/866/1531
f 870/869/1534 838/870/1535 871/865/1530 872/866/1531
f 870/869/1534 836/868/1533 873/871/1536 876/872/1537
f 873/871/1536 822/873/1538 874/874/1539 876/872/1537
f 874/874/1539 837/875/1540 875/876/1541 876/872/1537
f 875/876/1541 838/870/1535 870/869/1534 876/872/1537
f 875/876/1541 837/875/1540 877/877/1542 879/878/1543
f 877/877/1542 825/824/1489 839/822/1487 879/878/1543
f 839/822/1487 830/821/1486 878/879/1544 879/878/1543
f 878/879/1544 838/870/1535 875/876/1541 879/878/1543
f 878/879/1544 830/821/1486 853/844/1509 880/880/1545
f 853/844/1509 826/843/1508 867/863/1528 880/880/1545
f 867/863/1528 834/861/1526 871/865/1530 880/880/1545
f 871/865/1530 838/870/1535 878/879/1544 880/880/1545
s 58
f 840/825/1546 825/824/1547 881/881/1548 882/882/1549
f 827/826/1550 840/825/1546 882/882/1549 883/883/1551
f 844/829/1552 827/826/1550 883/883/1551 884/884/1553
f 820/831/1554 844/829/1552 884/884/1553 885/885/1555
f 845/832/1556 820/831/1554 885/885/1555 886/886/1557
f 828/833/1558 845/832/1556 886/886/1557 887/887/1559
f 848/835/1560 828/833/1558 887/887/1559 888/888/1561
f 823/837/1562 848/835/1560 888/888/1561 889/889/1563
f 855/847/1564 823/837/1562 889/889/1563 890/890/1565
f 832/848/1566 855/847/1564 890/890/1565 891/891/1567
f 859/851/1568 832/848/1566 891/891/1567 892/892/1569
f 821/853/1570 859/851/1568 892/892/1569 893/893/1571
f 860/854/1572 821/853/1570 893/893/1571 894/894/1573
f 833/855/1574 860/854/1572 894/894/1573 895/895/1575
f 863/857/1576 833/855/1574 895/895/1575 896/896/1577
f 824/859/1578 863/857/1576 896/896/1577 897/897/1579
f 869/867/1580 824/859/1578 897/897/1579 898/898/1581
f 836/868/1582 869/867/1580 898/898/1581 899/899/1583
f 873/871/1584 836/868/1582 899/899/1583 900/900/1585
f 822/873/1586 873/871/1584 900/900/1585 901/901/1587
f 874/874/1588 822/873/1586 901/901/1587 902/902/1589
f 837/875/1590 874/874/1588 902/902/1589 903/903/1591
f 877/877/1592 837/875/1590 903/903/1591 904/904/1593
f 825/824/1547 877/877/1592 904/904/1593 881/881/1548
s off
f 882/882/1594 881/881/1595 904/904/1596 905/905/1597
s 58
f 886/886/1557 885/885/1555 884/884/1598 906/906/1599
s off
f 898/898/1600 897/897/1601 896/896/1602 907/907/1603
f 893/893/1604 892/892/1605 908/908/1606 894/894/1607
f 887/887/1608 886/886/1609 909/909/1610 888/888/1611
s 58
f 892/892/1569 891/891/1567 890/890/1612 910/910/1613
s off
f 899/899/1614 898/898/1615 911/911/1616 900/900/1617
f 904/904/1618 903/903/1619 902/902/1620 912/912/1621
s 59
f 901/901/1622 900/900/1623 911/911/1624 913/913/1625
f 902/902/1626 901/901/1622 913/913/1625 912/912/1627
s 60
f 883/883/1628 882/882/1629 905/905/1630 914/914/1631
f 884/884/1632 883/883/1628 914/914/1631 906/906/1633
s 61
f 889/889/1634 888/888/1635 909/909/1636 915/915/1637
f 890/890/1638 889/889/1634 915/915/1637 910/910/1639
s 58
f 895/895/1575 894/894/1573 908/908/1640 916/916/1641
f 896/896/1577 895/895/1575 916/916/1641 907/907/1642
s 62
f 917/917/1643 906/906/1644 922/2756/1645 909/909/1646
f 905/905/1647 918/919/1648 912/912/1649 921/2764/1650
f 914/914/1651 905/905/1647 921/2764/1650 928/2765/1652
f 921/2764/1650 912/912/1649 913/913/1653 925/2762/1654
f 909/909/1646 922/2756/1645 926/2761/1655 915/915/1656
f 923/2763/1657 911/911/1658 920/925/1659 907/907/1660
f 927/2759/1661 923/2763/1657 907/907/1660 916/916/1662
f 910/910/1663 924/2760/1664 908/908/1665 919/928/1666
f 925/2762/1654 913/913/1653 911/911/1658 923/2763/1657
f 915/915/1656 926/2761/1655 924/2760/1664 910/910/1663
f 924/2760/1664 927/2759/1661 916/916/1662 908/908/1665
f 906/906/1644 914/914/1651 928/2765/1652 922/2756/1645
s off
f 928/921/1667 921/920/1668 929/2663/1669 930/2658/1670
f 921/920/1671 925/922/1672 931/2662/1673 929/2663/1674
f 925/922/1675 923/924/1676 932/2661/1677 931/2662/1678
f 923/924/1679 927/926/1680 933/2660/1681 932/2661/1682
f 927/926/1683 924/927/1684 935/2659/1685 933/2660/1686
f 924/927/1687 926/923/1688 934/2657/1689 935/2659/1690
s 64
f 922/918/1691 928/2757/1692 930/2758/1693 936/2656/1694
f 926/923/1695 922/918/1691 936/2656/1694 934/2657/1696
s 65
f 1195/937/1697 1325/938/1698 1326/2315/1699 1005/940/1700
s 66
f 945/941/1701 1338/942/1702 1339/943/1703 1060/944/1704
s 67
f 1006/945/1705 1355/2322/1706 1356/2323/1707 1200/948/1708
s 68
f 1045/949/1709 1361/950/1710 1362/951/1711 937/952/1712
s 69
f 1196/953/1713 1197/954/1714 1047/955/1715 1008/956/1716
s 70
f 1194/957/1717 1195/937/1718 1005/940/1719 1044/958/1720
s 71
f 953/959/1721 1336/960/1722 1337/2247/1723 956/2246/1724
s 72
f 957/963/1725 1057/964/1726 1058/2218/1727 960/2219/1728
s 73
f 1345/967/1729 949/968/1730 951/969/1731 1344/970/1732
s 74
f 1062/971/1733 965/972/1734 967/973/1735 1061/974/1736
s 75
f 1346/2186/1737 941/2185/1738 949/968/1739 1345/967/1740
s 74
f 966/977/1741 968/978/1742 969/979/1743 970/980/1744
s 66
f 948/981/1745 1343/982/1746 1344/2237/1747 951/2236/1748
s 72
f 959/2228/1749 958/984/1750 961/985/1751 962/2229/1752
s 75
f 939/2198/1753 1335/988/1754 1336/960/1755 953/959/1756
s 72
f 957/963/1725 960/2219/1728 963/989/1757 964/990/1758
s 66
f 1338/942/1702 945/941/1701 956/962/1759 1337/961/1760
s 74
f 967/973/1735 965/972/1734 971/991/1761 972/2245/1762
s 75
f 940/993/1763 1056/994/1764 1057/964/1765 957/963/1766
s 66
f 1059/995/1767 946/996/1768 960/966/1769 1058/965/1770
s 75
f 942/2183/1771 950/998/1772 961/985/1773 958/984/1774
s 73
f 950/998/1775 952/999/1776 962/2229/1777 961/985/1778
s 66
f 952/2226/1779 947/1000/1780 959/983/1781 962/986/1782
f 946/996/1768 955/1001/1783 963/2220/1784 960/966/1769
s 71
f 955/2216/1785 954/1002/1786 964/990/1787 963/989/1788
s 75
f 954/1002/1789 940/993/1763 957/963/1766 964/990/1790
f 1063/2195/1791 939/2198/1753 965/972/1792 1062/971/1793
s 66
f 945/941/1701 1060/944/1704 1061/2243/1794 967/2244/1795
f 948/981/1745 951/2236/1748 969/2235/1796 968/2234/1797
s 73
f 951/969/1731 949/968/1730 970/980/1798 969/979/1799
s 75
f 949/968/1739 941/2185/1738 966/977/1800 970/980/1801
f 939/2198/1753 953/959/1756 971/991/1802 965/972/1792
s 71
f 953/959/1721 956/2246/1724 972/2245/1803 971/991/1804
s 66
f 956/962/1759 945/941/1701 967/2244/1795 972/992/1805
s 70
f 1064/2432/1806 973/1005/1807 939/987/1808 1063/1003/1809
s 67
f 941/976/1810 1346/2342/1811 1347/2341/1812 974/1007/1813
s 69
f 976/1008/1814 1055/1009/1815 1056/2202/1816 940/2203/1817
s 65
f 973/1005/1818 1334/1010/1819 1335/2310/1820 939/987/1821
s 70
f 1838/1011/1822 1037/1012/1823 977/1013/1824 1837/1014/1825
s 67
f 1823/1015/1826 1824/1016/1827 1348/1017/1828 978/1018/1829
s 69
f 980/1019/1830 1054/1020/1831 1833/1021/1832 1834/1022/1833
s 65
f 977/1013/1834 1333/2311/1835 1836/1024/1836 1837/1014/1837
s 70
f 1038/2490/1838 981/1026/1839 977/1013/1824 1037/1012/1823
s 67
f 978/1018/1829 1348/1017/1828 1349/2328/1840 982/1028/1841
s 69
f 984/1029/1842 1053/1030/1843 1054/1020/1831 980/1019/1830
s 65
f 981/1026/1844 1332/1031/1845 1333/2311/1835 977/1013/1834
s 70
f 1039/1032/1846 985/1033/1847 1783/1034/1848 1784/1035/1849
s 67
f 1769/1036/1850 1770/1037/1851 1350/1038/1852 986/1039/1853
s 69
f 988/1040/1854 1052/1041/1855 1779/1042/1856 1780/1043/1857
s 65
f 985/1033/1858 1331/2312/1859 1782/1045/1860 1783/1034/1861
s 70
f 1040/2484/1862 989/1047/1863 985/1033/1847 1039/1032/1846
s 67
f 986/1039/1853 1350/1038/1852 1351/2327/1864 990/1049/1865
s 69
f 992/1050/1866 1051/1051/1867 1052/1041/1855 988/1040/1854
s 65
f 989/1047/1868 1330/1052/1869 1331/2312/1859 985/1033/1858
s 70
f 1041/1053/1870 993/1054/1871 1729/1055/1872 1730/1056/1873
s 67
f 1715/1057/1874 1716/1058/1875 1352/1059/1876 994/1060/1877
s 69
f 996/1061/1878 1050/1062/1879 1725/1063/1880 1726/1064/1881
s 65
f 993/1054/1882 1329/2313/1883 1728/1066/1884 1729/1055/1885
s 70
f 1042/2467/1886 997/1068/1887 993/1054/1871 1041/1053/1870
s 67
f 994/1060/1877 1352/1059/1876 1353/2324/1888 998/1070/1889
s 69
f 1000/1071/1890 1049/1072/1891 1050/1062/1879 996/1061/1878
s 65
f 997/1068/1892 1328/1073/1893 1329/2313/1883 993/1054/1882
s 70
f 1043/1074/1894 1001/1075/1895 1450/1076/1896 1451/1077/1897
s 67
f 1439/1078/1898 1440/1079/1899 1354/1080/1900 1002/1081/1901
s 69
f 1004/1082/1902 1048/1083/1903 1446/1084/1904 1447/1085/1905
s 65
f 1001/1075/1906 1327/2314/1907 1449/1087/1908 1450/1076/1909
s 70
f 1044/958/1720 1005/940/1719 1001/1075/1895 1043/1074/1894
s 67
f 1002/1081/1901 1354/1080/1900 1355/2322/1706 1006/945/1705
s 69
f 1008/956/1716 1047/955/1715 1048/1083/1903 1004/1082/1902
s 65
f 1005/940/1700 1326/2315/1699 1327/2314/1907 1001/1075/1906
s 70
f 982/1028/1910 1010/2495/1911 1009/2443/1912 978/1018/1913
f 986/1039/1914 1011/2454/1915 1768/2394/1916 1769/1036/1917
f 990/1049/1918 1012/2480/1919 1011/2454/1915 986/1039/1914
f 994/1060/1920 1013/2459/1921 1714/2391/1922 1715/1057/1923
f 998/1070/1924 1014/2475/1925 1013/2459/1921 994/1060/1920
f 1002/1081/1926 1015/2411/1927 1438/2400/1928 1439/1078/1929
f 1006/945/1930 1016/1098/1931 1015/2411/1927 1002/1081/1926
f 1200/948/1932 1193/1099/1933 1016/1098/1931 1006/945/1930
s 107
f 943/1100/1934 1357/1101/1935 1358/1102/1936 1017/1103/1937
s 69
f 1019/1104/1938 1198/1105/1939 1199/1106/1940 1007/1107/1941
f 1020/1108/1942 1019/1104/1938 1007/1107/1941 1003/1109/1943
f 1443/1110/1944 1020/1108/1942 1003/1109/1943 1442/1111/1945
f 1022/1112/1946 1021/1113/1947 999/1114/1948 995/1115/1949
f 1719/1116/1950 1022/1112/1946 995/1115/1949 1718/1117/1951
f 1024/1118/1952 1023/1119/1953 991/1120/1954 987/1121/1955
f 1773/1122/1956 1024/1118/1952 987/1121/1955 1772/1123/1957
f 1026/1124/1958 1025/1125/1959 983/1126/1960 979/1127/1961
f 1827/1128/1962 1026/1124/1958 979/1127/1961 1826/1129/1963
f 1028/2184/1964 1027/1131/1965 975/1132/1966 942/997/1967
s 75
f 1029/1133/1968 1028/1130/1969 942/2183/1771 958/984/1774
s 72
f 1030/2227/1970 1029/1133/1971 958/984/1750 959/2228/1749
s 66
f 947/1000/1780 1031/1135/1972 1030/1134/1973 959/983/1781
f 1032/1136/1974 1342/1137/1975 1343/982/1746 948/981/1745
f 1033/2233/1976 1032/1136/1974 948/981/1745 968/2234/1797
s 74
f 966/977/1741 1034/1139/1977 1033/1138/1978 968/978/1742
s 75
f 941/2185/1738 1035/2188/1979 1034/1139/1980 966/977/1800
s 70
f 974/1007/1981 1036/2441/1982 1035/1140/1983 941/976/1984
f 978/1018/1913 1009/2443/1912 1822/2397/1985 1823/1015/1986
f 1010/2495/1911 1232/2494/1987 1233/2781/1988 1009/2443/1912
s 114
f 1086/1145/1989 1227/1146/1990 1763/1147/1991 1764/1148/1992
s 70
f 1012/2480/1919 1222/2479/1993 1223/2779/1994 1011/2454/1915
s 115
f 1090/1151/1995 1217/1152/1996 1709/1153/1997 1710/1154/1998
s 70
f 1014/2475/1925 1212/2474/1999 1213/2777/2000 1013/2459/1921
s 116
f 1094/1157/2001 1207/1158/2002 1433/1159/2003 1434/1160/2004
s 70
f 1016/1098/1931 1202/2318/2005 1203/2409/2006 1015/2411/1927
f 1193/1099/1933 1201/1163/2007 1202/2318/2005 1016/1098/1931
s 107
f 1017/1103/1937 1358/1102/1936 1359/1164/2008 1262/1165/2009
s 69
f 1259/2387/2010 1260/2388/2011 1198/1105/1939 1019/1104/1938
f 1258/1168/2012 1259/2387/2010 1019/1104/1938 1020/1108/1942
f 1444/1169/2013 1258/1168/2012 1020/1108/1942 1443/1110/1944
f 1256/1170/2014 1257/2380/2015 1021/1113/1947 1022/1112/1946
f 1720/1172/2016 1256/1170/2014 1022/1112/1946 1719/1116/1950
f 1254/1173/2017 1255/2368/2018 1023/1119/1953 1024/1118/1952
f 1774/1175/2019 1254/1173/2017 1024/1118/1952 1773/1122/1956
f 1252/1176/2020 1253/2371/2021 1025/1125/1959 1026/1124/1958
f 1828/1178/2022 1252/1176/2020 1026/1124/1958 1827/1128/1962
f 1250/2181/2023 1251/2369/2024 1027/1131/1965 1028/2184/1964
s 75
f 1249/1181/2025 1250/1179/2026 1028/1130/1969 1029/1133/1968
s 72
f 1248/2224/2027 1249/1181/2028 1029/1133/1971 1030/2227/1970
s 66
f 1031/1135/1972 1247/1183/2029 1248/1182/2030 1030/1134/1973
f 1246/1184/2031 1341/1185/2032 1342/1137/1975 1032/1136/1974
f 1245/2232/2033 1246/1184/2031 1032/1136/1974 1033/2233/1976
s 74
f 1034/1139/1977 1244/1187/2034 1245/1186/2035 1033/1138/1978
s 75
f 1035/2188/1979 1243/2187/2036 1244/1187/2037 1034/1139/1980
s 70
f 1036/2441/1982 1242/2440/2038 1243/2389/2039 1035/1140/1983
s 117
f 1818/1190/2040 1082/1191/2041 1237/1192/2042 1817/1193/2043
s 118
f 1822/1142/2044 1009/1089/2045 1066/1194/2046 1821/1195/2047
s 119
f 1009/1089/2048 1233/2442/2049 1234/1196/2050 1066/1194/2051
s 120
f 1037/2795/2052 1838/2423/2053 1839/1197/2054 1067/1198/2055
s 121
f 1242/1189/2056 1036/1141/2057 1065/1199/2058 1241/1200/2059
s 122
f 1011/1090/2060 1223/2453/2061 1224/1201/2062 1070/1202/2063
s 123
f 1039/2799/2064 1784/2420/2065 1785/1203/2066 1069/1204/2067
s 124
f 1232/1143/2068 1010/1088/2069 1072/1205/2070 1231/1206/2071
s 125
f 1768/1091/2072 1011/1090/2073 1070/1202/2074 1767/1207/2075
s 126
f 1013/1093/2076 1213/2458/2077 1214/1208/2078 1074/1209/2079
s 127
f 1041/2803/2080 1730/2417/2081 1731/1210/2082 1073/1211/2083
s 128
f 1222/1149/2084 1012/1092/2085 1076/1212/2086 1221/1213/2087
s 129
f 1714/1094/2088 1013/1093/2089 1074/1209/2090 1713/1214/2091
s 130
f 1015/1096/2092 1203/2410/2093 1204/1215/2094 1078/1216/2095
s 131
f 1043/2807/2096 1451/2413/2097 1452/1217/2098 1077/1218/2099
s 132
f 1212/1155/2100 1014/1095/2101 1080/1219/2102 1211/1220/2103
s 133
f 1438/1097/2104 1015/1096/2105 1078/1216/2106 1437/1221/2107
s 134
f 1820/1222/2108 1098/1223/2109 1099/2581/2110 1819/2580/2111
s 135
f 1178/1226/2112 1235/1227/2113 1236/1228/2114 1180/1229/2115
s 136
f 1114/1230/2116 1840/1231/2117 1841/1232/2118 1116/1233/2119
s 137
f 1240/1234/2120 1186/1235/2121 1187/2586/2122 1239/2590/2123
s 138
f 1170/1238/2124 1225/1239/2125 1226/1240/2126 1172/1241/2127
s 139
f 1118/1242/2128 1786/1243/2129 1787/1244/2130 1120/1245/2131
s 140
f 1230/1246/2132 1162/1247/2133 1163/2499/2134 1229/2571/2135
s 141
f 1766/1250/2136 1102/1251/2137 1103/2509/2138 1765/2497/2139
s 142
f 1146/1254/2140 1215/1255/2141 1216/1256/2142 1148/1257/2143
s 143
f 1122/1258/2144 1732/1259/2145 1733/1260/2146 1124/1261/2147
s 144
f 1220/1262/2148 1154/1263/2149 1155/2503/2150 1219/2502/2151
s 145
f 1712/1266/2152 1106/1267/2153 1107/2518/2154 1711/2517/2155
s 146
f 1138/1270/2156 1205/1271/2157 1206/1272/2158 1140/1273/2159
s 147
f 1126/1274/2160 1453/1275/2161 1454/1276/2162 1128/1277/2163
s 148
f 1210/1278/2164 1130/1279/2165 1131/2523/2166 1209/2520/2167
s 149
f 1436/1282/2168 1110/1283/2169 1111/2603/2170 1435/2601/2171
s 150
f 1821/1195/2172 1066/1194/2173 1098/1223/2174 1820/1222/2175
s 135
f 1178/1226/2112 1180/1229/2115 1181/1286/2176 1182/1287/2177
s 117
f 1082/1191/2041 1818/1190/2040 1819/1225/2178 1099/1224/2179
s 137
f 1187/2586/2122 1186/1235/2121 1189/1288/2180 1190/2584/2181
s 151
f 1767/1207/2182 1070/1202/2183 1102/1251/2184 1766/1250/2185
s 138
f 1170/1238/2124 1172/1241/2127 1173/1290/2186 1174/1291/2187
s 114
f 1086/1145/1989 1764/1148/1992 1765/1253/2188 1103/1252/2189
s 140
f 1163/2499/2134 1162/1247/2133 1165/1292/2190 1166/2500/2191
s 152
f 1713/1214/2192 1074/1209/2193 1106/1267/2194 1712/1266/2195
s 142
f 1146/1254/2140 1148/1257/2143 1149/1294/2196 1150/1295/2197
s 115
f 1090/1151/1995 1710/1154/1998 1711/1269/2198 1107/1268/2199
s 144
f 1155/2503/2150 1154/1263/2149 1157/1296/2200 1158/2504/2201
s 153
f 1437/1221/2202 1078/1216/2203 1110/1283/2204 1436/1282/2205
s 146
f 1138/1270/2156 1140/1273/2159 1141/1298/2206 1142/1299/2207
s 116
f 1094/1157/2001 1434/1160/2004 1435/1285/2208 1111/1284/2209
s 148
f 1131/2523/2166 1130/1279/2165 1133/1300/2210 1134/2525/2211
s 150
f 1067/1198/2212 1839/1197/2213 1840/1231/2214 1114/1230/2215
s 137
f 1185/1302/2216 1188/2564/2217 1191/1304/2218 1192/1305/2219
s 117
f 1842/1306/2220 1083/1307/2221 1116/2552/2222 1841/2551/2223
s 135
f 1179/1308/2224 1177/1309/2225 1183/1310/2226 1184/2556/2227
s 151
f 1069/1204/2228 1785/1203/2229 1786/1243/2230 1118/1242/2231
s 140
f 1161/1312/2232 1164/2557/2233 1167/1314/2234 1168/1315/2235
s 114
f 1788/1316/2236 1085/1317/2237 1120/2545/2238 1787/2544/2239
s 138
f 1171/1318/2240 1169/1319/2241 1175/1320/2242 1176/2540/2243
s 152
f 1073/1211/2244 1731/1210/2245 1732/1259/2246 1122/1258/2247
s 144
f 1153/1322/2248 1156/2541/2249 1159/1324/2250 1160/1325/2251
s 115
f 1734/1326/2252 1089/1327/2253 1124/2613/2254 1733/2612/2255
s 142
f 1147/1328/2256 1145/1329/2257 1151/1330/2258 1152/2616/2259
s 153
f 1077/1218/2260 1452/1217/2261 1453/1275/2262 1126/1274/2263
s 148
f 1129/1332/2264 1132/2617/2265 1135/1334/2266 1136/1335/2267
s 116
f 1455/1336/2268 1093/1337/2269 1128/2627/2270 1454/2626/2271
s 146
f 1139/1338/2272 1137/1339/2273 1143/1340/2274 1144/2631/2275
s 153
f 1211/1220/2276 1080/1219/2277 1130/1279/2278 1210/1278/2279
s 116
f 1096/1342/2280 1208/1343/2281 1209/1281/2282 1131/1280/2283
s 153
f 1080/1219/2277 1109/1344/2284 1133/1300/2285 1130/1279/2278
s 149
f 1109/1344/2286 1112/2526/2287 1134/2525/2288 1133/1300/2289
s 116
f 1112/1345/2290 1096/1342/2280 1131/1280/2283 1134/1301/2291
f 1095/1346/2292 1127/2619/2293 1135/2618/2294 1132/1333/2295
s 147
f 1127/1347/2296 1125/1348/2297 1136/1335/2298 1135/1334/2299
s 153
f 1125/1348/2300 1079/1349/2301 1129/1332/2302 1136/1335/2303
f 1078/1216/2203 1204/1215/2304 1205/1271/2305 1138/1270/2306
s 116
f 1207/1158/2002 1094/1157/2001 1140/2605/2307 1206/2602/2308
f 1094/1157/2001 1111/1284/2209 1141/2606/2309 1140/2605/2307
s 149
f 1111/2603/2170 1110/1283/2169 1142/1299/2310 1141/1298/2311
s 153
f 1110/1283/2204 1078/1216/2203 1138/1270/2306 1142/1299/2312
f 1077/1218/2260 1126/1274/2263 1143/1340/2313 1137/1339/2314
s 147
f 1126/1274/2160 1128/1277/2163 1144/2631/2315 1143/1340/2316
s 116
f 1128/2627/2270 1093/1337/2269 1139/2630/2317 1144/1341/2318
s 152
f 1074/1209/2193 1214/1208/2319 1215/1255/2320 1146/1254/2321
s 115
f 1217/1152/1996 1090/1151/1995 1148/2522/2322 1216/2521/2323
f 1090/1151/1995 1107/1268/2199 1149/2524/2324 1148/2522/2322
s 145
f 1107/2518/2154 1106/1267/2153 1150/1295/2325 1149/1294/2326
s 152
f 1106/1267/2194 1074/1209/2193 1146/1254/2321 1150/1295/2327
f 1073/1211/2244 1122/1258/2247 1151/1330/2328 1145/1329/2329
s 143
f 1122/1258/2144 1124/1261/2147 1152/2616/2330 1151/1330/2331
s 115
f 1124/2613/2254 1089/1327/2253 1147/2615/2332 1152/1331/2333
s 152
f 1221/1213/2334 1076/1212/2335 1154/1263/2336 1220/1262/2337
s 115
f 1092/1350/2338 1218/1351/2339 1219/1265/2340 1155/1264/2341
s 152
f 1076/1212/2335 1105/1352/2342 1157/1296/2343 1154/1263/2336
s 145
f 1105/1352/2344 1108/2505/2345 1158/2504/2346 1157/1296/2347
s 115
f 1108/1353/2348 1092/1350/2338 1155/1264/2341 1158/1297/2349
f 1091/1354/2350 1123/2543/2351 1159/2542/2352 1156/1323/2353
s 143
f 1123/1355/2354 1121/1356/2355 1160/1325/2356 1159/1324/2357
s 152
f 1121/1356/2358 1075/1357/2359 1153/1322/2360 1160/1325/2361
s 151
f 1231/1206/2362 1072/1205/2363 1162/1247/2364 1230/1246/2365
s 114
f 1088/1358/2366 1228/1359/2367 1229/1249/2368 1163/1248/2369
s 151
f 1072/1205/2363 1101/1360/2370 1165/1292/2371 1162/1247/2364
s 141
f 1101/1360/2372 1104/2501/2373 1166/2500/2374 1165/1292/2375
s 114
f 1104/1361/2376 1088/1358/2366 1163/1248/2369 1166/1293/2377
f 1087/1362/2378 1119/2559/2379 1167/2558/2380 1164/1313/2381
s 139
f 1119/1363/2382 1117/1364/2383 1168/1315/2384 1167/1314/2385
s 151
f 1117/1364/2386 1071/1365/2387 1161/1312/2388 1168/1315/2389
f 1070/1202/2183 1224/1201/2390 1225/1239/2391 1170/1238/2392
s 114
f 1227/1146/1990 1086/1145/1989 1172/2507/2393 1226/2506/2394
f 1086/1145/1989 1103/1252/2189 1173/2508/2395 1172/2507/2393
s 141
f 1103/2509/2138 1102/1251/2137 1174/1291/2396 1173/1290/2397
s 151
f 1102/1251/2184 1070/1202/2183 1170/1238/2392 1174/1291/2398
f 1069/1204/2228 1118/1242/2231 1175/1320/2399 1169/1319/2400
s 139
f 1118/1242/2128 1120/1245/2131 1176/2540/2401 1175/1320/2402
s 114
f 1120/2545/2238 1085/1317/2237 1171/2539/2403 1176/1321/2404
s 150
f 1066/1194/2173 1234/1196/2405 1235/1227/2406 1178/1226/2407
s 117
f 1237/1192/2042 1082/1191/2041 1180/2573/2408 1236/2572/2409
f 1082/1191/2041 1099/1224/2179 1181/2583/2410 1180/2573/2408
s 134
f 1099/2581/2110 1098/1223/2109 1182/1287/2411 1181/1286/2412
s 150
f 1098/1223/2174 1066/1194/2173 1178/1226/2407 1182/1287/2413
f 1067/1198/2212 1114/1230/2215 1183/1310/2414 1177/1309/2415
s 136
f 1114/1230/2116 1116/1233/2119 1184/2556/2416 1183/1310/2417
s 117
f 1116/2552/2222 1083/1307/2221 1179/2555/2418 1184/1311/2419
s 150
f 1241/1200/2420 1065/1199/2421 1186/1235/2422 1240/1234/2423
s 117
f 1081/1366/2424 1238/1367/2425 1239/1237/2426 1187/1236/2427
s 150
f 1065/1199/2421 1097/1368/2428 1189/1288/2429 1186/1235/2422
s 134
f 1097/1368/2430 1100/2585/2431 1190/2584/2432 1189/1288/2433
s 117
f 1100/1369/2434 1081/1366/2424 1187/1236/2427 1190/1289/2435
f 1084/1370/2436 1115/2566/2437 1191/2565/2438 1188/1303/2439
s 136
f 1115/1371/2440 1113/1372/2441 1192/1305/2442 1191/1304/2443
s 150
f 1113/1372/2444 1068/1373/2445 1185/1302/2446 1192/1305/2447
s 70
f 1017/1103/2448 1262/1165/2449 1201/1163/2007 1193/1099/1933
f 1045/949/2450 937/952/2451 1195/937/1718 1194/957/1717
s 65
f 937/952/2452 1362/951/2453 1325/938/1698 1195/937/1697
s 69
f 938/1374/2454 1046/1375/2455 1197/954/1714 1196/953/1713
f 1198/1105/1939 1260/2388/2011 1261/1376/2456 1018/1377/2457
f 1199/1106/1940 1198/1105/1939 1018/1377/2457 944/1378/2458
s 67
f 1200/948/1708 1356/2323/1707 1357/1101/2459 943/1100/2460
s 70
f 943/1100/2461 1017/1103/2448 1193/1099/1933 1200/948/1932
f 2007/1379/2462 1263/1380/2463 1264/2782/2464 2006/1382/2465
f 2005/1383/2466 2006/1382/2465 1264/2782/2464 1265/2783/2467
s 130
f 2004/1385/2468 2005/2405/2469 1265/1384/2470 1266/1386/2471
s 153
f 2003/1387/2472 2004/1385/2473 1266/1386/2474 1267/1388/2475
s 146
f 2002/1389/2476 2003/1387/2477 1267/1388/2478 1268/2629/2479
s 116
f 1269/1391/2480 2001/1392/2481 2002/2624/2482 1268/1390/2483
f 1456/1393/2484 819/819/2485 2001/1392/2481 1269/1391/2480
f 2075/1394/2486 2076/1395/2487 1270/1396/2488 1271/2614/2489
s 148
f 1272/1398/2490 2074/1399/2491 2075/2611/2492 1271/1397/2493
s 153
f 1273/1400/2494 2073/1401/2495 2074/1399/2496 1272/1398/2497
s 132
f 1274/2466/2498 2072/1403/2499 2073/1401/2500 1273/1400/2501
s 70
f 2071/1404/2502 2072/2470/2503 1274/2784/2504 1275/2785/2505
s 126
f 2070/1406/2506 2071/2464/2507 1275/1405/2508 1276/1407/2509
s 152
f 2069/1408/2510 2070/1406/2511 1276/1407/2512 1277/1409/2513
s 142
f 2068/1410/2514 2069/1408/2515 1277/1409/2516 1278/2620/2517
s 115
f 1279/1412/2518 2067/1413/2519 2068/2621/2520 1278/1411/2521
f 702/702/2522 2067/1413/2519 1279/1412/2518 1735/1414/2523
f 2065/1415/2524 2066/1416/2525 1280/1417/2526 1281/2538/2527
s 144
f 1282/1419/2528 2064/1420/2529 2065/2531/2530 1281/1418/2531
s 152
f 1283/1421/2532 2063/1422/2533 2064/1420/2534 1282/1419/2535
s 128
f 1284/2485/2536 2062/1424/2537 2063/1422/2538 1283/1421/2539
s 70
f 2061/1425/2540 2062/2483/2541 1284/2786/2542 1285/2787/2543
s 122
f 2060/1427/2544 2061/2451/2545 1285/1426/2546 1286/1428/2547
s 151
f 2059/1429/2548 2060/1427/2549 1286/1428/2550 1287/1430/2551
s 138
f 2058/1431/2552 2059/1429/2553 1287/1430/2554 1288/2537/2555
s 114
f 1289/1433/2556 2057/1434/2557 2058/2532/2558 1288/1432/2559
f 234/234/2560 2057/1434/2557 1289/1433/2556 1789/1435/2561
f 2055/1436/2562 2056/1437/2563 1290/1438/2564 1291/2554/2565
s 140
f 1292/1440/2566 2054/1441/2567 2055/2548/2568 1291/1439/2569
s 151
f 1293/1442/2570 2053/1443/2571 2054/1441/2572 1292/1440/2573
s 124
f 1294/2488/2574 2052/1445/2575 2053/1443/2576 1293/1442/2577
s 70
f 2051/1446/2578 2052/2489/2579 1294/2788/2580 1295/2789/2581
s 119
f 2050/1448/2582 2051/2448/2583 1295/1447/2584 1296/1449/2585
s 150
f 2049/1450/2586 2050/1448/2587 1296/1449/2588 1297/1451/2589
s 135
f 2048/1452/2590 2049/1450/2591 1297/1451/2592 1298/2553/2593
s 117
f 1299/1454/2594 2047/1455/2595 2048/2549/2596 1298/1453/2597
f 468/468/2598 2047/1455/2595 1299/1454/2594 1843/1456/2599
f 2045/1457/2600 2046/1458/2601 1300/1459/2602 1301/2563/2603
s 137
f 1302/1461/2604 2044/1462/2605 2045/2562/2606 1301/1460/2607
s 150
f 1303/1463/2608 2043/1464/2609 2044/1462/2610 1302/1461/2611
s 121
f 1304/2431/2612 2042/1466/2613 2043/1464/2614 1303/1463/2615
s 70
f 2041/1467/2616 2042/2435/2617 1304/2790/2618 1305/2791/2619
s 75
f 2040/1469/2620 2041/2194/2621 1305/1468/2622 1306/1470/2623
s 74
f 2039/1471/2624 2040/1469/2625 1306/1470/2626 1307/2242/2627
s 66
f 1307/1472/2628 1308/1473/2629 2038/1474/2630 2039/2241/2631
f 1308/1473/2629 1340/1475/2632 2037/1476/2633 2038/1474/2630
f 2034/1477/2634 2035/1478/2635 1309/1479/2636 1310/2217/2637
s 72
f 1310/1480/2638 1311/1481/2639 2033/1482/2640 2034/2214/2641
s 75
f 1311/1481/2642 1312/2201/2643 2032/1484/2644 2033/1482/2645
s 69
f 1312/2288/2646 1313/1485/2647 2031/1486/2648 2032/2204/2649
f 1832/1487/2650 1314/1488/2651 2027/1489/2652 2028/1490/2653
f 1314/1488/2651 1315/1491/2654 2026/1492/2655 2027/1489/2652
f 1778/1493/2656 1316/1494/2657 2022/1495/2658 2023/1496/2659
f 1316/1494/2657 1317/1497/2660 2021/1498/2661 2022/1495/2658
f 1724/1499/2662 1318/1500/2663 2017/1501/2664 2018/1502/2665
f 1318/1500/2663 1319/1503/2666 2016/1504/2667 2017/1501/2664
f 1445/1505/2668 1320/1506/2669 2012/1507/2670 2013/1508/2671
f 1320/1506/2669 1321/1509/2672 2011/1510/2673 2012/1507/2670
f 1321/1509/2672 1322/2273/2674 2010/1512/2675 2011/1510/2673
s 70
f 1263/2317/2463 1194/957/1717 1044/958/1720 1264/1381/2464
f 1265/2402/2467 1264/1381/2464 1044/958/1720 1043/1074/1894
s 130
f 1266/1386/2471 1265/1384/2470 1043/2414/2676 1077/2806/2677
s 153
f 1267/1388/2475 1266/1386/2474 1077/2806/2260 1137/2804/2314
s 146
f 1268/2629/2479 1267/1388/2478 1137/2804/2273 1139/2805/2272
s 116
f 1093/1337/2269 1269/1391/2480 1268/1390/2483 1139/2630/2317
f 1456/1393/2484 1269/1391/2480 1093/1337/2269 1455/1336/2268
f 1271/2614/2489 1270/1396/2488 1095/1346/2292 1132/1333/2295
s 148
f 1129/1332/2264 1272/1398/2490 1271/1397/2493 1132/2617/2265
s 153
f 1079/1349/2301 1273/1400/2494 1272/1398/2497 1129/1332/2302
s 132
f 1042/1067/2678 1274/2466/2498 1273/1400/2501 1079/1349/2679
s 70
f 1275/2429/2505 1274/1402/2504 1042/2467/1886 1041/1053/1870
s 126
f 1276/1407/2509 1275/1405/2508 1041/2430/2680 1073/2802/2681
s 152
f 1277/1409/2513 1276/1407/2512 1073/2802/2244 1145/2800/2329
s 142
f 1278/2620/2517 1277/1409/2516 1145/2800/2257 1147/2801/2256
s 115
f 1089/1327/2253 1279/1412/2518 1278/1411/2521 1147/2615/2332
f 1735/1414/2523 1279/1412/2518 1089/1327/2253 1734/1326/2252
f 1281/2538/2527 1280/1417/2526 1091/1354/2350 1156/1323/2353
s 144
f 1153/1322/2248 1282/1419/2528 1281/1418/2531 1156/2541/2249
s 152
f 1075/1357/2359 1283/1421/2532 1282/1419/2535 1153/1322/2360
s 128
f 1040/1046/2682 1284/2485/2536 1283/1421/2539 1075/1357/2683
s 70
f 1285/2426/2543 1284/1423/2542 1040/2484/1862 1039/1032/1846
s 122
f 1286/1428/2547 1285/1426/2546 1039/2425/2684 1069/2798/2685
s 151
f 1287/1430/2551 1286/1428/2550 1069/2798/2228 1169/2796/2400
s 138
f 1288/2537/2555 1287/1430/2554 1169/2796/2241 1171/2797/2240
s 114
f 1085/1317/2237 1289/1433/2556 1288/1432/2559 1171/2539/2403
f 1789/1435/2561 1289/1433/2556 1085/1317/2237 1788/1316/2236
f 1291/2554/2565 1290/1438/2564 1087/1362/2378 1164/1313/2381
s 140
f 1161/1312/2232 1292/1440/2566 1291/1439/2569 1164/2557/2233
s 151
f 1071/1365/2387 1293/1442/2570 1292/1440/2573 1161/1312/2388
s 124
f 1038/1025/2686 1294/2488/2574 1293/1442/2577 1071/1365/2687
s 70
f 1295/2427/2581 1294/1444/2580 1038/2490/1838 1037/1012/1823
s 119
f 1296/1449/2585 1295/1447/2584 1037/2428/2688 1067/2794/2689
s 150
f 1297/1451/2589 1296/1449/2588 1067/2794/2212 1177/2792/2415
s 135
f 1298/2553/2593 1297/1451/2592 1177/2792/2225 1179/2793/2224
s 117
f 1083/1307/2221 1299/1454/2594 1298/1453/2597 1179/2555/2418
f 1843/1456/2599 1299/1454/2594 1083/1307/2221 1842/1306/2220
f 1301/2563/2603 1300/1459/2602 1084/1370/2436 1188/1303/2439
s 137
f 1185/1302/2216 1302/1461/2604 1301/1460/2607 1188/2564/2217
s 150
f 1068/1373/2445 1303/1463/2608 1302/1461/2611 1185/1302/2446
s 121
f 1064/1004/2690 1304/2431/2612 1303/1463/2615 1068/1373/2691
s 70
f 1305/2196/2619 1304/1465/2618 1064/2432/1806 1063/1003/1809
s 75
f 1306/1470/2623 1305/1468/2622 1063/2195/1791 1062/971/1793
s 74
f 1307/2242/2627 1306/1470/2626 1062/971/1733 1061/974/1736
s 66
f 1061/2243/1794 1060/944/1704 1308/1473/2629 1307/1472/2628
f 1060/944/1704 1339/943/1703 1340/1475/2632 1308/1473/2629
f 1310/2217/2637 1309/1479/2636 1059/995/1767 1058/965/1770
s 72
f 1058/2218/1727 1057/964/1726 1311/1481/2639 1310/1480/2638
s 75
f 1057/964/1765 1056/994/1764 1312/2201/2643 1311/1481/2642
s 69
f 1056/2202/1816 1055/1009/1815 1313/2287/2647 1312/1483/2646
f 1833/1021/1832 1054/1020/1831 1314/2285/2651 1832/2284/2650
f 1054/1020/1831 1053/1030/1843 1315/2276/2654 1314/2285/2651
f 1779/1042/1856 1052/1041/1855 1316/2269/2657 1778/2281/2656
f 1052/1041/1855 1051/1051/1867 1317/2275/2660 1316/2269/2657
f 1725/1063/1880 1050/1062/1879 1318/2270/2663 1724/2278/2662
f 1050/1062/1879 1049/1072/1891 1319/2274/2666 1318/2270/2663
f 1446/1084/1904 1048/1083/1903 1320/2271/2669 1445/2290/2668
f 1048/1083/1903 1047/955/1715 1321/2272/2672 1320/2271/2669
f 1047/955/1715 1197/954/1714 1322/1511/2674 1321/2272/2672
f 1323/1513/2692 1322/1511/2674 1197/954/1714 1046/1375/2455
s 68
f 1324/1514/2693 1360/1515/2694 1361/950/1710 1045/949/1709
s 70
f 1263/2317/2463 1324/1514/2695 1045/949/2450 1194/957/1717
s 65
f 1325/2316/1698 1363/2170/2696 1364/2250/2697 1326/939/1699
f 1327/1086/1907 1326/939/1699 1364/2250/2697 1365/2249/2698
f 1449/2308/1908 1327/1086/1907 1365/2249/2698 1448/1519/2699
f 1329/1065/1883 1328/2309/1893 1366/1520/2700 1367/2252/2701
f 1728/2304/1884 1329/1065/1883 1367/2252/2701 1727/1522/2702
f 1331/1044/1859 1330/2305/1869 1368/1523/2703 1369/2260/2704
f 1782/2302/1860 1331/1044/1859 1369/2260/2704 1781/1525/2705
f 1333/1023/1835 1332/2303/1845 1370/1526/2706 1371/2265/2707
f 1836/2300/1836 1333/1023/1835 1371/2265/2707 1835/1528/2708
f 1335/2197/1820 1334/2301/1819 1372/1529/2709 1373/2268/2710
s 75
f 1336/960/1755 1335/988/1754 1373/1530/2711 1374/1531/2712
s 71
f 1337/2247/1723 1336/960/1722 1374/1531/2713 1375/2215/2714
s 66
f 1376/1533/2715 1338/942/1702 1337/961/1760 1375/1532/2716
f 1339/943/1703 1338/942/1702 1376/1533/2715 1377/1534/2717
f 1340/1475/2632 1339/943/1703 1377/1534/2717 1378/1535/2718
f 2037/1476/2633 1340/1475/2632 1378/1535/2718 2036/1536/2719
f 1342/1137/1975 1341/1185/2032 1379/1537/2720 1380/1538/2721
f 1343/982/1746 1342/1137/1975 1380/1538/2721 1381/1539/2722
f 1344/2237/1747 1343/982/1746 1381/1539/2722 1382/2225/2723
s 73
f 1383/1541/2724 1345/967/1729 1344/970/1732 1382/1540/2725
s 75
f 1384/2182/2726 1346/2186/1737 1345/967/1740 1383/1541/2727
s 67
f 1347/1006/1812 1346/975/1811 1384/2359/2728 1385/2358/2729
f 1348/2325/1828 1824/2339/1827 1825/1544/2730 1386/1545/2731
f 1349/1027/1840 1348/2325/1828 1386/1545/2731 1387/2357/2732
f 1350/2326/1852 1770/2336/1851 1771/1547/2733 1388/1548/2734
f 1351/1048/1864 1350/2326/1852 1388/1548/2734 1389/2349/2735
f 1352/2320/1876 1716/2333/1875 1717/1550/2736 1390/1551/2737
f 1353/1069/1888 1352/2320/1876 1390/1551/2737 1391/2348/2738
f 1354/2321/1900 1440/2330/1899 1441/1553/2739 1392/1554/2740
f 1355/946/1706 1354/2321/1900 1392/1554/2740 1393/2346/2741
f 1356/2157/1707 1355/946/1706 1393/2346/2741 1394/2347/2742
s 65
f 1363/2248/2696 1196/953/2743 1008/956/2744 1364/1517/2697
f 1365/1518/2698 1364/1517/2697 1008/956/2744 1004/1082/2745
f 1448/2255/2699 1365/1518/2698 1004/1082/2745 1447/1085/2746
f 1367/1521/2701 1366/2251/2700 1000/1071/2747 996/1061/2748
f 1727/2258/2702 1367/1521/2701 996/1061/2748 1726/1064/2749
f 1369/1524/2704 1368/2259/2703 992/1050/2750 988/1040/2751
f 1781/2263/2705 1369/1524/2704 988/1040/2751 1780/1043/2752
f 1371/1527/2707 1370/2264/2706 984/1029/2753 980/1019/2754
f 1835/2267/2708 1371/1527/2707 980/1019/2754 1834/1022/2755
f 1373/2199/2710 1372/2293/2709 976/1008/2756 940/2203/2757
s 75
f 1374/1531/2712 1373/1530/2711 940/993/1763 954/1002/1789
s 71
f 1375/2215/2714 1374/1531/2713 954/1002/1786 955/2216/1785
s 66
f 946/996/1768 1376/1533/2715 1375/1532/2716 955/1001/1783
f 1377/1534/2717 1376/1533/2715 946/996/1768 1059/995/1767
f 1378/1535/2718 1377/1534/2717 1059/995/1767 1309/1479/2636
f 2036/1536/2719 1378/1535/2718 1309/1479/2636 2035/1478/2635
f 1380/1538/2721 1379/1537/2720 1247/1183/2029 1031/1135/1972
f 1381/1539/2722 1380/1538/2721 1031/1135/1972 947/1000/1780
f 1382/2225/2723 1381/1539/2722 947/1000/1780 952/2226/1779
s 73
f 950/998/1775 1383/1541/2724 1382/1540/2725 952/999/1776
s 75
f 942/2183/1771 1384/2182/2726 1383/1541/2727 950/998/1772
s 67
f 1385/1543/2729 1384/1542/2728 942/997/2758 975/1132/2759
f 1386/2356/2731 1825/2365/2730 1826/1129/2760 979/1127/2761
f 1387/1546/2732 1386/2356/2731 979/1127/2761 983/1126/2762
f 1388/2343/2734 1771/2361/2733 1772/1123/2763 987/1121/2764
f 1389/1549/2735 1388/2343/2734 987/1121/2764 991/1120/2765
f 1390/2344/2737 1717/2354/2736 1718/1117/2766 995/1115/2767
f 1391/1552/2738 1390/2344/2737 995/1115/2767 999/1114/2768
f 1392/2345/2740 1441/2350/2739 1442/1111/2769 1003/1109/2770
f 1393/1555/2741 1392/2345/2740 1003/1109/2770 1007/1107/2771
f 1394/1556/2742 1393/1555/2741 1007/1107/2771 1199/1106/2772
f 1395/1557/2773 1394/1556/2742 1199/1106/2772 944/1378/2774
s 237
f 1396/1558/2775 1395/1557/2776 944/1378/2777 1018/1377/2778
f 1397/1559/2779 1396/1558/2775 1018/1377/2778 1261/1376/2780
s 238
f 1399/1560/2781 1398/1561/2782 1323/1513/2783 1046/1375/2784
f 1400/1562/2785 1399/1560/2781 1046/1375/2784 938/1374/2786
s 65
f 1363/2248/2696 1400/1562/2787 938/1374/2788 1196/953/2743
s 239
f 1263/2164/2789 2007/2163/2790 2008/1563/2791 1402/1564/2792
f 1402/1564/2792 2008/1563/2791 2009/1565/2793 1404/1566/2794
f 1404/1566/2794 2009/1565/2793 2010/2173/2795 1322/2175/2796
s 240
f 1363/1516/2797 1325/2168/2798 1405/2166/2799 1406/2169/2800
s 241
f 1407/2155/2801 1408/2153/2802 1403/2179/2803 1401/2156/2804
s 240
f 1406/2169/2800 1405/2166/2799 1402/1564/2805 1404/1566/2806
s 241
f 1356/947/2807 1394/2154/2808 1408/2153/2802 1407/2155/2801
s off
f 1263/2317/2809 1402/2167/2810 1360/1515/2811 1324/1514/2812
s 242
f 1405/1567/2813 1325/938/2814 1362/951/2815 1361/950/2816
f 1402/2167/2817 1405/1567/2813 1361/950/2816 1360/1515/2818
s off
f 1262/1165/2819 1359/1164/2820 1401/1572/2821 1201/1163/2822
s 243
f 1358/1102/2823 1357/1101/2824 1356/2323/2825 1407/1569/2826
f 1359/1164/2827 1358/1102/2823 1407/1569/2826 1401/1572/2828
s 244
f 1395/1557/2829 1396/1558/2830 1408/1570/2831 1394/1556/2832
f 1396/1558/2830 1397/1559/2833 1403/1571/2834 1408/1570/2831
s off
f 1397/1559/2835 1261/1376/2836 1260/2388/2837 1403/1571/2838
s 245
f 1398/1561/2839 1399/1560/2840 1406/1568/2841 1404/2174/2842
f 1399/1560/2840 1400/1562/2843 1363/2248/2844 1406/1568/2841
s off
f 1323/1513/2845 1398/1561/2846 1404/2174/2847 1322/1511/2848
s 116
f 1410/1573/2849 1409/1574/2850 1208/1343/2281 1096/1342/2280
f 1411/2604/2851 1410/1573/2849 1096/1342/2280 1112/1345/2290
s 149
f 1109/1344/2286 1412/1576/2852 1411/1575/2853 1112/2526/2287
s 153
f 1080/1219/2277 1413/1577/2854 1412/1576/2855 1109/1344/2284
s 133
f 1014/1095/2856 1414/2401/2857 1413/1577/2858 1080/1219/2859
s 70
f 1415/1579/2860 1414/1578/2861 1014/2475/1925 998/1070/1924
s 67
f 998/1070/1889 1353/2324/1888 1416/2331/2862 1415/1579/2863
f 1417/2351/2864 1416/1580/2862 1353/1069/1888 1391/2348/2738
f 1418/1582/2865 1417/1581/2864 1391/1552/2738 999/1114/2768
s 69
f 1021/1113/1947 1419/1583/2866 1418/1582/2867 999/1114/1948
f 1257/2380/2015 1420/2385/2868 1419/1583/2866 1021/1113/1947
f 1319/1503/2666 1421/1585/2869 2015/1586/2870 2016/1504/2667
f 1049/1072/1891 1422/1587/2871 1421/2291/2869 1319/2274/2666
f 1423/1588/2872 1422/1587/2871 1049/1072/1891 1000/1071/1890
s 65
f 1366/2251/2700 1424/2254/2873 1423/1588/2874 1000/1071/2747
f 1328/2309/1893 1425/2307/2875 1424/1589/2873 1366/1520/2700
f 1426/1591/2876 1425/1590/2875 1328/1073/1893 997/1068/1892
s 70
f 1427/2415/2877 1426/1591/2878 997/1068/1887 1042/2467/1886
s 131
f 1428/1593/2879 1427/1592/2880 1042/1067/2881 1079/1349/2882
s 153
f 1429/1594/2883 1428/1593/2884 1079/1349/2301 1125/1348/2300
s 147
f 1430/2628/2885 1429/1594/2886 1125/1348/2297 1127/1347/2296
s 116
f 1095/1346/2292 1431/1596/2887 1430/1595/2888 1127/2619/2293
f 1270/1396/2488 1432/1597/2889 1431/1596/2887 1095/1346/2292
f 2076/1395/2487 818/817/2890 1432/1597/2889 1270/1396/2488
f 1434/1160/2004 1433/1159/2003 1589/1598/2891 1590/1599/2892
f 1435/1285/2208 1434/1160/2004 1590/1599/2892 1591/2600/2893
s 149
f 1592/1601/2894 1436/1282/2168 1435/2601/2171 1591/1600/2895
s 153
f 1593/1602/2896 1437/1221/2202 1436/1282/2205 1592/1601/2897
s 133
f 1594/2399/2898 1438/1097/2104 1437/1221/2107 1593/1602/2899
s 70
f 1439/1078/1929 1438/2400/1928 1594/1603/2900 1595/1604/2901
s 67
f 1595/1604/2902 1596/2329/2903 1440/1079/1899 1439/1078/1898
f 1441/1553/2739 1440/2330/1899 1596/1605/2903 1597/2352/2904
f 1442/1111/2769 1441/2350/2739 1597/1606/2904 1598/1607/2905
s 69
f 1599/1608/2906 1443/1110/1944 1442/1111/1945 1598/1607/2907
f 1600/2386/2908 1444/1169/2013 1443/1110/1944 1599/1608/2906
f 1603/1610/2909 1445/1505/2668 2013/1508/2671 2014/1611/2910
f 1604/1612/2911 1446/1084/1904 1445/2290/2668 1603/2289/2909
f 1447/1085/1905 1446/1084/1904 1604/1612/2911 1605/1613/2912
s 65
f 1606/2253/2913 1448/2255/2699 1447/1085/2746 1605/1613/2914
f 1607/2306/2915 1449/2308/1908 1448/1519/2699 1606/1614/2913
f 1450/1076/1909 1449/1087/1908 1607/1615/2915 1608/1616/2916
s 70
f 1451/1077/1897 1450/1076/1896 1608/1616/2917 1609/2412/2918
s 131
f 1452/1217/2098 1451/2413/2097 1609/1617/2919 1610/1618/2920
s 153
f 1453/1275/2262 1452/1217/2261 1610/1618/2921 1611/1619/2922
s 147
f 1454/1276/2162 1453/1275/2161 1611/1619/2923 1612/2625/2924
s 116
f 1613/1621/2925 1455/1336/2268 1454/2626/2271 1612/1620/2926
f 1614/1622/2927 1456/1393/2484 1455/1336/2268 1613/1621/2925
f 1614/1622/2927 817/818/2928 819/819/2485 1456/1393/2484
f 1208/1343/2281 1409/1574/2850 581/581/2929 1457/1623/2930
f 578/578/2931 580/580/2932 1589/1598/2891 1433/1159/2003
f 1458/1624/2933 578/578/2931 1433/1159/2003 1207/1158/2002
f 1459/2599/2934 1458/1624/2933 1207/1158/2002 1206/2602/2308
s 146
f 1206/1272/2158 1205/1271/2157 1460/1626/2935 1459/1625/2936
s 153
f 1205/1271/2305 1204/1215/2304 1461/1627/2937 1460/1626/2938
s 130
f 1204/1215/2094 1203/2410/2093 1462/2408/2939 1461/1627/2940
s 70
f 1203/1162/2006 1202/1161/2005 1463/1629/2941 1462/1628/2942
f 1201/2319/2007 1464/2161/2943 1463/1629/2941 1202/1161/2005
s 239
f 1465/1631/2944 1464/1630/2945 1201/2158/2946 1401/2156/2947
f 1466/1632/2948 1465/1631/2944 1401/2156/2947 1403/2179/2949
f 1467/2177/2950 1466/1632/2948 1403/2179/2949 1260/2180/2951
s 69
f 1468/1634/2952 1467/1633/2953 1260/1167/2011 1259/1166/2010
f 1469/1635/2954 1468/1634/2952 1259/1166/2010 1258/2379/2012
f 1470/1636/2955 1469/1635/2954 1258/2379/2012 1444/2384/2013
f 1601/1637/2956 1470/1636/2955 1444/2384/2013 1600/1609/2908
f 1472/1638/2957 1471/1639/2958 1420/1584/2868 1257/1171/2015
f 1473/1640/2959 1472/1638/2957 1257/1171/2015 1256/2378/2014
f 1721/1641/2960 1473/1640/2959 1256/2378/2014 1720/2383/2016
f 1475/1642/2961 1474/1643/2962 1255/1174/2018 1254/2367/2017
f 1775/1644/2963 1475/1642/2961 1254/2367/2017 1774/2377/2019
f 1477/1645/2964 1476/1646/2965 1253/1177/2021 1252/2366/2020
f 1829/1647/2966 1477/1645/2964 1252/2366/2020 1828/2374/2022
f 1479/2207/2967 1478/1649/2968 1251/1180/2024 1250/2370/2023
s 75
f 1480/1650/2969 1479/1648/2970 1250/1179/2026 1249/1181/2025
s 72
f 1481/2222/2971 1480/1650/2972 1249/1181/2028 1248/2224/2027
s 66
f 1248/1182/2030 1247/1183/2029 1482/1652/2973 1481/1651/2974
f 1379/1537/2720 1483/1653/2975 1482/1652/2973 1247/1183/2029
f 1341/1185/2032 1484/1654/2976 1483/1653/2975 1379/1537/2720
f 1485/1655/2977 1484/1654/2976 1341/1185/2032 1246/1184/2031
f 1486/2231/2978 1485/1655/2977 1246/1184/2031 1245/2232/2033
s 74
f 1245/1186/2035 1244/1187/2034 1487/1657/2979 1486/1656/2980
s 75
f 1244/1187/2037 1243/2187/2036 1488/2190/2981 1487/1657/2982
s 70
f 1243/1188/2039 1242/2439/2038 1489/2437/2983 1488/1658/2984
s 121
f 1490/1660/2985 1489/1659/2986 1242/1189/2056 1241/1200/2059
s 150
f 1491/1661/2987 1490/1660/2988 1241/1200/2420 1240/1234/2423
s 137
f 1492/2588/2989 1491/1661/2990 1240/1234/2120 1239/2590/2123
s 117
f 1239/1237/2426 1238/1367/2425 1493/1663/2991 1492/1662/2992
f 344/344/2993 1817/1193/2043 1237/1192/2042 1494/1664/2994
f 1495/2574/2995 1494/1664/2994 1237/1192/2042 1236/2572/2409
s 135
f 1236/1228/2114 1235/1227/2113 1496/1666/2996 1495/1665/2997
s 150
f 1235/1227/2406 1234/1196/2405 1497/1667/2998 1496/1666/2999
s 119
f 1234/1196/2050 1233/2442/2049 1498/2446/3000 1497/1667/3001
s 70
f 1233/1144/1988 1232/2780/1987 1499/2492/3002 1498/1668/3003
s 124
f 1500/1670/3004 1499/1669/3005 1232/1143/2068 1231/1206/2071
s 151
f 1501/1671/3006 1500/1670/3007 1231/1206/2362 1230/1246/2365
s 140
f 1502/2576/3008 1501/1671/3009 1230/1246/2132 1229/2571/2135
s 114
f 1229/1249/2368 1228/1359/2367 1503/1673/3010 1502/1672/3011
f 929/929/3012 1763/1147/1991 1227/1146/1990 1504/1674/3013
f 1505/2515/3014 1504/1674/3013 1227/1146/1990 1226/2506/2394
s 138
f 1226/1240/2126 1225/1239/2125 1506/1676/3015 1505/1675/3016
s 151
f 1225/1239/2391 1224/1201/2390 1507/1677/3017 1506/1676/3018
s 122
f 1224/1201/2062 1223/2453/2061 1508/2456/3019 1507/1677/3020
s 70
f 1223/1150/1994 1222/2778/1993 1509/2478/3021 1508/1678/3022
s 128
f 1510/1680/3023 1509/1679/3024 1222/1149/2084 1221/1213/2087
s 152
f 1511/1681/3025 1510/1680/3026 1221/1213/2334 1220/1262/2337
s 144
f 1512/2513/3027 1511/1681/3028 1220/1262/2148 1219/2502/2151
s 115
f 1219/1265/2340 1218/1351/2339 1513/1683/3029 1512/1682/3030
f 110/110/3031 1709/1153/1997 1217/1152/1996 1514/1684/3032
f 1515/2596/3033 1514/1684/3032 1217/1152/1996 1216/2521/2323
s 142
f 1216/1256/2142 1215/1255/2141 1516/1686/3034 1515/1685/3035
s 152
f 1215/1255/2320 1214/1208/2319 1517/1687/3036 1516/1686/3037
s 126
f 1214/1208/2078 1213/2458/2077 1518/2462/3038 1517/1687/3039
s 70
f 1213/1156/2000 1212/2776/1999 1519/2472/3040 1518/1688/3041
s 132
f 1520/1690/3042 1519/1689/3043 1212/1155/2100 1211/1220/2103
s 153
f 1521/1691/3044 1520/1690/3045 1211/1220/2276 1210/1278/2279
s 148
f 1522/2594/3046 1521/1691/3047 1210/1278/2164 1209/2520/2167
s 116
f 1209/1281/2282 1208/1343/2281 1457/1623/2930 1522/1692/3048
f 1615/1693/3049 582/582/3050 584/583/3051 1523/1694/3052
f 1524/1695/3053 585/585/3054 579/579/3055 1616/1696/3056
f 1525/2597/3057 1524/1695/3053 1616/1696/3056 1617/2598/3058
s 146
f 1617/1698/3059 1618/1699/3060 1526/1700/3061 1525/1697/3062
s 153
f 1618/1699/3063 1619/1701/3064 1527/1702/3065 1526/1700/3066
s 130
f 1619/1701/3067 1620/2407/3068 1528/2406/3069 1527/1702/3070
s 70
f 1620/1703/3071 1621/1705/3072 1529/1706/3073 1528/1704/3074
f 1622/2159/3075 1530/1708/3076 1529/1706/3073 1621/1705/3072
s 239
f 1531/1709/3077 1530/2160/3078 1622/1707/3079 1623/1710/3080
f 1532/1711/3081 1531/1709/3077 1623/1710/3080 1624/1712/3082
f 1533/2178/3083 1532/1711/3081 1624/1712/3082 1625/2176/3084
s 69
f 1534/1715/3085 1533/1713/3086 1625/1714/3087 1626/1716/3088
f 1535/1717/3089 1534/1715/3085 1626/1716/3088 1627/1718/3090
f 1536/1719/3091 1535/1717/3089 1627/1718/3090 1628/1720/3092
f 1602/1721/3093 1536/1719/3091 1628/1720/3092 1629/1722/3094
f 1538/1723/3095 1537/1724/3096 1630/1725/3097 1631/1726/3098
f 1539/1727/3099 1538/1723/3095 1631/1726/3098 1632/1728/3100
f 1723/1729/3101 1539/1727/3099 1632/1728/3100 1722/1730/3102
f 1541/1731/3103 1540/1732/3104 1633/1733/3105 1634/1734/3106
f 1777/1735/3107 1541/1731/3103 1634/1734/3106 1776/1736/3108
f 1543/1737/3109 1542/1738/3110 1635/1739/3111 1636/1740/3112
f 1831/1741/3113 1543/1737/3109 1636/1740/3112 1830/1742/3114
f 1545/2208/3115 1544/1744/3116 1637/1745/3117 1638/2206/3118
s 75
f 1546/1747/3119 1545/1743/3120 1638/1746/3121 1639/1748/3122
s 72
f 1547/2223/3123 1546/1747/3124 1639/1748/3125 1640/2221/3126
s 66
f 1640/1750/3127 1641/1751/3128 1548/1752/3129 1547/1749/3130
f 1642/1753/3131 1549/1754/3132 1548/1752/3129 1641/1751/3128
f 1643/1755/3133 1550/1756/3134 1549/1754/3132 1642/1753/3131
f 1551/1757/3135 1550/1756/3134 1643/1755/3133 1644/1758/3136
f 1552/2238/3137 1551/1757/3135 1644/1758/3136 1645/2230/3138
s 74
f 1645/1760/3139 1646/1761/3140 1553/1762/3141 1552/1759/3142
s 75
f 1646/1761/3143 1647/2189/3144 1554/2191/3145 1553/1762/3146
s 70
f 1647/1763/3147 1648/2436/3148 1555/2438/3149 1554/1764/3150
s 121
f 1556/1767/3151 1555/1766/3152 1648/1765/3153 1649/1768/3154
s 150
f 1557/1769/3155 1556/1767/3156 1649/1768/3157 1650/1770/3158
s 137
f 1558/2589/3159 1557/1769/3160 1650/1770/3161 1651/2587/3162
s 117
f 1651/1772/3163 1652/1773/3164 1559/1774/3165 1558/1771/3166
f 345/345/3167 1653/1775/3168 1560/1776/3169 351/351/3170
f 1561/2577/3171 1560/1776/3169 1653/1775/3168 1654/2578/3172
s 135
f 1654/1778/3173 1655/1779/3174 1562/1780/3175 1561/1777/3176
s 150
f 1655/1779/3177 1656/1781/3178 1563/1782/3179 1562/1780/3180
s 119
f 1656/1781/3181 1657/2445/3182 1564/2444/3183 1563/1782/3184
s 70
f 1657/1783/3185 1658/2491/3186 1565/2493/3187 1564/1784/3188
s 124
f 1566/1787/3189 1565/1786/3190 1658/1785/3191 1659/1788/3192
s 151
f 1567/1789/3193 1566/1787/3194 1659/1788/3195 1660/1790/3196
s 140
f 1568/2570/3197 1567/1789/3198 1660/1790/3199 1661/2575/3200
s 114
f 1661/1792/3201 1662/1793/3202 1569/1794/3203 1568/1791/3204
f 930/930/3205 1663/1795/3206 1570/1796/3207 936/936/3208
f 1571/2511/3209 1570/1796/3207 1663/1795/3206 1664/2514/3210
s 138
f 1664/1798/3211 1665/1799/3212 1572/1800/3213 1571/1797/3214
s 151
f 1665/1799/3215 1666/1801/3216 1573/1802/3217 1572/1800/3218
s 122
f 1666/1801/3219 1667/2455/3220 1574/2457/3221 1573/1802/3222
s 70
f 1667/1803/3223 1668/2477/3224 1575/2476/3225 1574/1804/3226
s 128
f 1576/1807/3227 1575/1806/3228 1668/1805/3229 1669/1808/3230
s 152
f 1577/1809/3231 1576/1807/3232 1669/1808/3233 1670/1810/3234
s 144
f 1578/2510/3235 1577/1809/3236 1670/1810/3237 1671/2512/3238
s 115
f 1671/1812/3239 1672/1813/3240 1579/1814/3241 1578/1811/3242
f 111/111/3243 1673/1815/3244 1580/1816/3245 117/117/3246
f 1581/2592/3247 1580/1816/3245 1673/1815/3244 1674/2595/3248
s 142
f 1674/1818/3249 1675/1819/3250 1582/1820/3251 1581/1817/3252
s 152
f 1675/1819/3253 1676/1821/3254 1583/1822/3255 1582/1820/3256
s 126
f 1676/1821/3257 1677/2461/3258 1584/2460/3259 1583/1822/3260
s 70
f 1677/1823/3261 1678/2471/3262 1585/2473/3263 1584/1824/3264
s 132
f 1586/1827/3265 1585/1826/3266 1678/1825/3267 1679/1828/3268
s 153
f 1587/1829/3269 1586/1827/3270 1679/1828/3271 1680/1830/3272
s 148
f 1588/2591/3273 1587/1829/3274 1680/1830/3275 1681/2593/3276
s 116
f 1681/1832/3277 1615/1693/3049 1523/1694/3052 1588/1831/3278
f 1590/1599/2892 1589/1598/2891 1409/1574/2850 1410/1573/2849
f 1591/2600/2893 1590/1599/2892 1410/1573/2849 1411/2604/2851
s 149
f 1412/1576/2852 1592/1601/2894 1591/1600/2895 1411/1575/2853
s 153
f 1413/1577/2854 1593/1602/2896 1592/1601/2897 1412/1576/2855
s 133
f 1414/2401/2857 1594/2399/2898 1593/1602/2899 1413/1577/2858
s 70
f 1595/1604/2901 1594/1603/2900 1414/1578/2861 1415/1579/2860
s 67
f 1415/1579/2863 1416/2331/2862 1596/2329/2903 1595/1604/2902
f 1597/2352/2904 1596/1605/2903 1416/1580/2862 1417/2351/2864
f 1598/1607/2905 1597/1606/2904 1417/1581/2864 1418/1582/2865
s 69
f 1419/1583/2866 1599/1608/2906 1598/1607/2907 1418/1582/2867
f 1420/2385/2868 1600/2386/2908 1599/1608/2906 1419/1583/2866
f 1471/1639/2958 1601/1637/2956 1600/1609/2908 1420/1584/2868
f 1537/1724/3096 1602/1721/3093 1629/1722/3094 1630/1725/3097
f 1421/1585/2869 1603/1610/2909 2014/1611/2910 2015/1586/2870
f 1422/1587/2871 1604/1612/2911 1603/2289/2909 1421/2291/2869
f 1605/1613/2912 1604/1612/2911 1422/1587/2871 1423/1588/2872
s 65
f 1424/2254/2873 1606/2253/2913 1605/1613/2914 1423/1588/2874
f 1425/2307/2875 1607/2306/2915 1606/1614/2913 1424/1589/2873
f 1608/1616/2916 1607/1615/2915 1425/1590/2875 1426/1591/2876
s 70
f 1609/2412/2918 1608/1616/2917 1426/1591/2878 1427/2415/2877
s 131
f 1610/1618/2920 1609/1617/2919 1427/1592/2880 1428/1593/2879
s 153
f 1611/1619/2922 1610/1618/2921 1428/1593/2884 1429/1594/2883
s 147
f 1612/2625/2924 1611/1619/2923 1429/1594/2886 1430/2628/2885
s 116
f 1431/1596/2887 1613/1621/2925 1612/1620/2926 1430/1595/2888
f 1432/1597/2889 1614/1622/2927 1613/1621/2925 1431/1596/2887
f 1432/1597/2889 818/817/2890 817/818/2928 1614/1622/2927
f 1589/1598/2891 580/580/2932 581/581/2929 1409/1574/2850
f 1457/1623/2930 581/581/2929 582/582/3050 1615/1693/3049
f 1616/1696/3056 579/579/3055 578/578/2931 1458/1624/2933
f 1617/2598/3058 1616/1696/3056 1458/1624/2933 1459/2599/2934
s 146
f 1459/1625/2936 1460/1626/2935 1618/1699/3060 1617/1698/3059
s 153
f 1460/1626/2938 1461/1627/2937 1619/1701/3064 1618/1699/3063
s 130
f 1461/1627/2940 1462/2408/2939 1620/2407/3068 1619/1701/3067
s 70
f 1462/1628/2942 1463/1629/2941 1621/1705/3072 1620/1703/3071
f 1464/2161/2943 1622/2159/3075 1621/1705/3072 1463/1629/2941
s 239
f 1623/1710/3080 1622/1707/3079 1464/1630/2945 1465/1631/2944
f 1624/1712/3082 1623/1710/3080 1465/1631/2944 1466/1632/2948
f 1625/2176/3084 1624/1712/3082 1466/1632/2948 1467/2177/2950
s 69
f 1626/1716/3088 1625/1714/3087 1467/1633/2953 1468/1634/2952
f 1627/1718/3090 1626/1716/3088 1468/1634/2952 1469/1635/2954
f 1628/1720/3092 1627/1718/3090 1469/1635/2954 1470/1636/2955
f 1629/1722/3094 1628/1720/3092 1470/1636/2955 1601/1637/2956
f 1630/1725/3097 1629/1722/3094 1601/1637/2956 1471/1639/2958
f 1631/1726/3098 1630/1725/3097 1471/1639/2958 1472/1638/2957
f 1632/1728/3100 1631/1726/3098 1472/1638/2957 1473/1640/2959
f 1722/1730/3102 1632/1728/3100 1473/1640/2959 1721/1641/2960
f 1634/1734/3106 1633/1733/3105 1474/1643/2962 1475/1642/2961
f 1776/1736/3108 1634/1734/3106 1475/1642/2961 1775/1644/2963
f 1636/1740/3112 1635/1739/3111 1476/1646/2965 1477/1645/2964
f 1830/1742/3114 1636/1740/3112 1477/1645/2964 1829/1647/2966
f 1638/2206/3118 1637/1745/3117 1478/1649/2968 1479/2207/2967
s 75
f 1639/1748/3122 1638/1746/3121 1479/1648/2970 1480/1650/2969
s 72
f 1640/2221/3126 1639/1748/3125 1480/1650/2972 1481/2222/2971
s 66
f 1481/1651/2974 1482/1652/2973 1641/1751/3128 1640/1750/3127
f 1483/1653/2975 1642/1753/3131 1641/1751/3128 1482/1652/2973
f 1484/1654/2976 1643/1755/3133 1642/1753/3131 1483/1653/2975
f 1644/1758/3136 1643/1755/3133 1484/1654/2976 1485/1655/2977
f 1645/2230/3138 1644/1758/3136 1485/1655/2977 1486/2231/2978
s 74
f 1486/1656/2980 1487/1657/2979 1646/1761/3140 1645/1760/3139
s 75
f 1487/1657/2982 1488/2190/2981 1647/2189/3144 1646/1761/3143
s 70
f 1488/1658/2984 1489/2437/2983 1648/2436/3148 1647/1763/3147
s 121
f 1649/1768/3154 1648/1765/3153 1489/1659/2986 1490/1660/2985
s 150
f 1650/1770/3158 1649/1768/3157 1490/1660/2988 1491/1661/2987
s 137
f 1651/2587/3162 1650/1770/3161 1491/1661/2990 1492/2588/2989
s 117
f 1492/1662/2992 1493/1663/2991 1652/1773/3164 1651/1772/3163
f 344/344/2993 1494/1664/2994 1653/1775/3168 345/345/3167
f 1654/2578/3172 1653/1775/3168 1494/1664/2994 1495/2574/2995
s 135
f 1495/1665/2997 1496/1666/2996 1655/1779/3174 1654/1778/3173
s 150
f 1496/1666/2999 1497/1667/2998 1656/1781/3178 1655/1779/3177
s 119
f 1497/1667/3001 1498/2446/3000 1657/2445/3182 1656/1781/3181
s 70
f 1498/1668/3003 1499/2492/3002 1658/2491/3186 1657/1783/3185
s 124
f 1659/1788/3192 1658/1785/3191 1499/1669/3005 1500/1670/3004
s 151
f 1660/1790/3196 1659/1788/3195 1500/1670/3007 1501/1671/3006
s 140
f 1661/2575/3200 1660/1790/3199 1501/1671/3009 1502/2576/3008
s 114
f 1502/1672/3011 1503/1673/3010 1662/1793/3202 1661/1792/3201
f 929/929/3012 1504/1674/3013 1663/1795/3206 930/930/3205
f 1664/2514/3210 1663/1795/3206 1504/1674/3013 1505/2515/3014
s 138
f 1505/1675/3016 1506/1676/3015 1665/1799/3212 1664/1798/3211
s 151
f 1506/1676/3018 1507/1677/3017 1666/1801/3216 1665/1799/3215
s 122
f 1507/1677/3020 1508/2456/3019 1667/2455/3220 1666/1801/3219
s 70
f 1508/1678/3022 1509/2478/3021 1668/2477/3224 1667/1803/3223
s 128
f 1669/1808/3230 1668/1805/3229 1509/1679/3024 1510/1680/3023
s 152
f 1670/1810/3234 1669/1808/3233 1510/1680/3026 1511/1681/3025
s 144
f 1671/2512/3238 1670/1810/3237 1511/1681/3028 1512/2513/3027
s 115
f 1512/1682/3030 1513/1683/3029 1672/1813/3240 1671/1812/3239
f 110/110/3031 1514/1684/3032 1673/1815/3244 111/111/3243
f 1674/2595/3248 1673/1815/3244 1514/1684/3032 1515/2596/3033
s 142
f 1515/1685/3035 1516/1686/3034 1675/1819/3250 1674/1818/3249
s 152
f 1516/1686/3037 1517/1687/3036 1676/1821/3254 1675/1819/3253
s 126
f 1517/1687/3039 1518/2462/3038 1677/2461/3258 1676/1821/3257
s 70
f 1518/1688/3041 1519/2472/3040 1678/2471/3262 1677/1823/3261
s 132
f 1679/1828/3268 1678/1825/3267 1519/1689/3043 1520/1690/3042
s 153
f 1680/1830/3272 1679/1828/3271 1520/1690/3045 1521/1691/3044
s 148
f 1681/2593/3276 1680/1830/3275 1521/1691/3047 1522/2594/3046
s 116
f 1522/1692/3048 1457/1623/2930 1615/1693/3049 1681/1832/3277
s 115
f 1683/1833/3279 1682/1834/3280 1218/1351/2339 1092/1350/2338
f 1684/2519/3281 1683/1833/3279 1092/1350/2338 1108/1353/2348
s 145
f 1105/1352/2344 1685/1836/3282 1684/1835/3283 1108/2505/2345
s 152
f 1076/1212/2335 1686/1837/3284 1685/1836/3285 1105/1352/2342
s 129
f 1012/1092/3286 1687/2392/3287 1686/1837/3288 1076/1212/3289
s 70
f 1688/1839/3290 1687/1838/3291 1012/2480/1919 990/1049/1918
s 67
f 990/1049/1865 1351/2327/1864 1689/2334/3292 1688/1839/3293
f 1690/2355/3294 1689/1840/3292 1351/1048/1864 1389/2349/2735
f 1691/1842/3295 1690/1841/3294 1389/1549/2735 991/1120/2765
s 69
f 1023/1119/1953 1692/1843/3296 1691/1842/3297 991/1120/1954
f 1255/2368/2018 1693/2381/3298 1692/1843/3296 1023/1119/1953
f 1474/1643/2962 1694/1845/3299 1693/1844/3298 1255/1174/2018
f 1633/1733/3105 1695/1846/3300 1694/1845/3299 1474/1643/2962
f 1540/1732/3104 1696/1847/3301 1695/1846/3300 1633/1733/3105
f 1317/1497/2660 1697/1848/3302 2020/1849/3303 2021/1498/2661
f 1051/1051/1867 1698/1850/3304 1697/2279/3302 1317/2275/2660
f 1699/1851/3305 1698/1850/3304 1051/1051/1867 992/1050/1866
s 65
f 1368/2259/2703 1700/2257/3306 1699/1851/3307 992/1050/2750
f 1330/2305/1869 1701/2295/3308 1700/1852/3306 1368/1523/2703
f 1702/1854/3309 1701/1853/3308 1330/1052/1869 989/1047/1868
s 70
f 1703/2418/3310 1702/1854/3311 989/1047/1863 1040/2484/1862
s 127
f 1704/1856/3312 1703/1855/3313 1040/1046/3314 1075/1357/3315
s 152
f 1705/1857/3316 1704/1856/3317 1075/1357/2359 1121/1356/2358
s 143
f 1706/2536/3318 1705/1857/3319 1121/1356/2355 1123/1355/2354
s 115
f 1091/1354/2350 1707/1859/3320 1706/1858/3321 1123/2543/2351
f 1280/1417/2526 1708/1860/3322 1707/1859/3320 1091/1354/2350
f 2066/1416/2525 701/700/3323 1708/1860/3322 1280/1417/2526
f 1672/1813/3240 114/114/3324 116/115/3325 1579/1814/3241
f 1513/1683/3029 113/113/3326 114/114/3324 1672/1813/3240
f 1218/1351/2339 1682/1834/3280 113/113/3326 1513/1683/3029
f 1710/1154/1998 1709/1153/1997 1898/1861/3327 1899/1862/3328
f 1711/1269/2198 1710/1154/1998 1899/1862/3328 1900/2516/3329
s 145
f 1901/1864/3330 1712/1266/2152 1711/2517/2155 1900/1863/3331
s 152
f 1902/1865/3332 1713/1214/2192 1712/1266/2195 1901/1864/3333
s 129
f 1903/2390/3334 1714/1094/2088 1713/1214/2091 1902/1865/3335
s 70
f 1715/1057/1923 1714/2391/1922 1903/1866/3336 1904/1867/3337
s 67
f 1904/1867/3338 1905/2332/3339 1716/1058/1875 1715/1057/1874
f 1717/1550/2736 1716/2333/1875 1905/1868/3339 1906/2353/3340
f 1718/1117/2766 1717/2354/2736 1906/1869/3340 1907/1870/3341
s 69
f 1908/1871/3342 1719/1116/1950 1718/1117/1951 1907/1870/3343
f 1909/2382/3344 1720/1172/2016 1719/1116/1950 1908/1871/3342
f 1910/1873/3345 1721/1641/2960 1720/2383/2016 1909/1872/3344
f 1911/1874/3346 1722/1730/3102 1721/1641/2960 1910/1873/3345
f 1912/1875/3347 1723/1729/3101 1722/1730/3102 1911/1874/3346
f 1913/1876/3348 1724/1499/2662 2018/1502/2665 2019/1877/3349
f 1914/1878/3350 1725/1063/1880 1724/2278/2662 1913/2277/3348
f 1726/1064/1881 1725/1063/1880 1914/1878/3350 1915/1879/3351
s 65
f 1916/2256/3352 1727/2258/2702 1726/1064/2749 1915/1879/3353
f 1917/2294/3354 1728/2304/1884 1727/1522/2702 1916/1880/3352
f 1729/1055/1885 1728/1066/1884 1917/1881/3354 1918/1882/3355
s 70
f 1730/1056/1873 1729/1055/1872 1918/1882/3356 1919/2416/3357
s 127
f 1731/1210/2082 1730/2417/2081 1919/1883/3358 1920/1884/3359
s 152
f 1732/1259/2246 1731/1210/2245 1920/1884/3360 1921/1885/3361
s 143
f 1733/1260/2146 1732/1259/2145 1921/1885/3362 1922/2533/3363
s 115
f 1923/1887/3364 1734/1326/2252 1733/2612/2255 1922/1886/3365
f 1924/1888/3366 1735/1414/2523 1734/1326/2252 1923/1887/3364
f 700/701/3367 702/702/2522 1735/1414/2523 1924/1888/3366
f 112/112/3368 1898/1861/3327 1709/1153/1997 110/110/3031
s 114
f 1737/1889/3369 1736/1890/3370 1228/1359/2367 1088/1358/2366
f 1738/2498/3371 1737/1889/3369 1088/1358/2366 1104/1361/2376
s 141
f 1101/1360/2372 1739/1892/3372 1738/1891/3373 1104/2501/2373
s 151
f 1072/1205/2363 1740/1893/3374 1739/1892/3375 1101/1360/2370
s 125
f 1010/1088/3376 1741/2395/3377 1740/1893/3378 1072/1205/3379
s 70
f 1742/1895/3380 1741/1894/3381 1010/2495/1911 982/1028/1910
s 67
f 982/1028/1841 1349/2328/1840 1743/2337/3382 1742/1895/3383
f 1744/2362/3384 1743/1896/3382 1349/1027/1840 1387/2357/2732
f 1745/1898/3385 1744/1897/3384 1387/1546/2732 983/1126/2762
s 69
f 1025/1125/1959 1746/1899/3386 1745/1898/3387 983/1126/1960
f 1253/2371/2021 1747/2375/3388 1746/1899/3386 1025/1125/1959
f 1476/1646/2965 1748/1901/3389 1747/1900/3388 1253/1177/2021
f 1635/1739/3111 1749/1902/3390 1748/1901/3389 1476/1646/2965
f 1542/1738/3110 1750/1903/3391 1749/1902/3390 1635/1739/3111
f 1315/1491/2654 1751/1904/3392 2025/1905/3393 2026/1492/2655
f 1053/1030/1843 1752/1906/3394 1751/2282/3392 1315/2276/2654
f 1753/1907/3395 1752/1906/3394 1053/1030/1843 984/1029/1842
s 65
f 1370/2264/2706 1754/2262/3396 1753/1907/3397 984/1029/2753
f 1332/2303/1845 1755/2297/3398 1754/1908/3396 1370/1526/2706
f 1756/1910/3399 1755/1909/3398 1332/1031/1845 981/1026/1844
s 70
f 1757/2421/3400 1756/1910/3401 981/1026/1839 1038/2490/1838
s 123
f 1758/1912/3402 1757/1911/3403 1038/1025/3404 1071/1365/3405
s 151
f 1759/1913/3406 1758/1912/3407 1071/1365/2387 1117/1364/2386
s 139
f 1760/2535/3408 1759/1913/3409 1117/1364/2383 1119/1363/2382
s 114
f 1087/1362/2378 1761/1915/3410 1760/1914/3411 1119/2559/2379
f 1290/1438/2564 1762/1916/3412 1761/1915/3410 1087/1362/2378
f 2056/1437/2563 233/232/3413 1762/1916/3412 1290/1438/2564
f 1662/1793/3202 933/933/3414 935/934/3415 1569/1794/3203
f 1503/1673/3010 932/932/3416 933/933/3414 1662/1793/3202
f 1228/1359/2367 1736/1890/3370 932/932/3416 1503/1673/3010
f 1764/1148/1992 1763/1147/1991 1871/1917/3417 1872/1918/3418
f 1765/1253/2188 1764/1148/1992 1872/1918/3418 1873/2496/3419
s 141
f 1874/1920/3420 1766/1250/2136 1765/2497/2139 1873/1919/3421
s 151
f 1875/1921/3422 1767/1207/2182 1766/1250/2185 1874/1920/3423
s 125
f 1876/2393/3424 1768/1091/2072 1767/1207/2075 1875/1921/3425
s 70
f 1769/1036/1917 1768/2394/1916 1876/1922/3426 1877/1923/3427
s 67
f 1877/1923/3428 1878/2335/3429 1770/1037/1851 1769/1036/1850
f 1771/1547/2733 1770/2336/1851 1878/1924/3429 1879/2360/3430
f 1772/1123/2763 1771/2361/2733 1879/1925/3430 1880/1926/3431
s 69
f 1881/1927/3432 1773/1122/1956 1772/1123/1957 1880/1926/3433
f 1882/2376/3434 1774/1175/2019 1773/1122/1956 1881/1927/3432
f 1883/1929/3435 1775/1644/2963 1774/2377/2019 1882/1928/3434
f 1884/1930/3436 1776/1736/3108 1775/1644/2963 1883/1929/3435
f 1885/1931/3437 1777/1735/3107 1776/1736/3108 1884/1930/3436
f 1886/1932/3438 1778/1493/2656 2023/1496/2659 2024/1933/3439
f 1887/1934/3440 1779/1042/1856 1778/2281/2656 1886/2280/3438
f 1780/1043/1857 1779/1042/1856 1887/1934/3440 1888/1935/3441
s 65
f 1889/2261/3442 1781/2263/2705 1780/1043/2752 1888/1935/3443
f 1890/2296/3444 1782/2302/1860 1781/1525/2705 1889/1936/3442
f 1783/1034/1861 1782/1045/1860 1890/1937/3444 1891/1938/3445
s 70
f 1784/1035/1849 1783/1034/1848 1891/1938/3446 1892/2419/3447
s 123
f 1785/1203/2066 1784/2420/2065 1892/1939/3448 1893/1940/3449
s 151
f 1786/1243/2230 1785/1203/2229 1893/1940/3450 1894/1941/3451
s 139
f 1787/1244/2130 1786/1243/2129 1894/1941/3452 1895/2534/3453
s 114
f 1896/1943/3454 1788/1316/2236 1787/2544/2239 1895/1942/3455
f 1897/1944/3456 1789/1435/2561 1788/1316/2236 1896/1943/3454
f 232/233/3457 234/234/2560 1789/1435/2561 1897/1944/3456
f 931/931/3458 1871/1917/3417 1763/1147/1991 929/929/3012
s 117
f 1081/1366/2424 1791/1945/3459 1790/1946/3460 1238/1367/2425
f 1792/2582/3461 1791/1945/3459 1081/1366/2424 1100/1369/2434
s 134
f 1097/1368/2430 1793/1948/3462 1792/1947/3463 1100/2585/2431
s 150
f 1065/1199/2421 1794/1949/3464 1793/1948/3465 1097/1368/2428
s 118
f 1036/1141/3466 1795/2398/3467 1794/1949/3468 1065/1199/3469
s 70
f 1796/1951/3470 1795/1950/3471 1036/2441/1982 974/1007/1981
s 67
f 974/1007/1813 1347/2341/1812 1797/2340/3472 1796/1951/3473
f 1798/2363/3474 1797/1952/3472 1347/1006/1812 1385/2358/2729
f 1799/1954/3475 1798/1953/3474 1385/1543/2729 975/1132/2759
s 69
f 1027/1131/1965 1800/1955/3476 1799/1954/3477 975/1132/1966
f 1251/2369/2024 1801/2372/3478 1800/1955/3476 1027/1131/1965
f 1478/1649/2968 1802/1957/3479 1801/1956/3478 1251/1180/2024
f 1637/1745/3117 1803/1958/3480 1802/1957/3479 1478/1649/2968
f 1544/1744/3116 1804/1959/3481 1803/1958/3480 1637/1745/3117
f 1313/1485/2647 1805/1960/3482 2030/1961/3483 2031/1486/2648
f 1055/1009/1815 1806/1962/3484 1805/2286/3482 1313/2287/2647
f 1807/1963/3485 1806/1962/3484 1055/1009/1815 976/1008/1814
s 65
f 1372/2293/2709 1808/2292/3486 1807/1963/3487 976/1008/2756
f 1334/2301/1819 1809/2299/3488 1808/1964/3486 1372/1529/2709
f 1810/1966/3489 1809/1965/3488 1334/1010/1819 973/1005/1818
s 70
f 1064/2432/1806 1811/2424/3490 1810/1966/3491 973/1005/1807
s 120
f 1812/1968/3492 1811/1967/3493 1064/1004/3494 1068/1373/3495
s 150
f 1813/1969/3496 1812/1968/3497 1068/1373/2445 1113/1372/2444
s 136
f 1814/2567/3498 1813/1969/3499 1113/1372/2441 1115/1371/2440
s 117
f 1084/1370/2436 1815/1971/3500 1814/1970/3501 1115/2566/2437
f 1300/1459/2602 1816/1972/3502 1815/1971/3500 1084/1370/2436
f 2046/1458/2601 467/466/3503 1816/1972/3502 1300/1459/2602
f 1652/1773/3164 348/348/3504 350/349/3505 1559/1774/3165
f 1493/1663/2991 347/347/3506 348/348/3504 1652/1773/3164
f 1238/1367/2425 1790/1946/3460 347/347/3506 1493/1663/2991
f 1845/1973/3507 1818/1190/2040 1817/1193/2043 1844/1974/3508
f 1819/1225/2178 1818/1190/2040 1845/1973/3507 1846/2579/3509
s 134
f 1847/1976/3510 1820/1222/2108 1819/2580/2111 1846/1975/3511
s 150
f 1848/1977/3512 1821/1195/2172 1820/1222/2175 1847/1976/3513
s 118
f 1849/2396/3514 1822/1142/2044 1821/1195/2047 1848/1977/3515
s 70
f 1823/1015/1986 1822/2397/1985 1849/1978/3516 1850/1979/3517
s 67
f 1850/1979/3518 1851/2338/3519 1824/1016/1827 1823/1015/1826
f 1825/1544/2730 1824/2339/1827 1851/1980/3519 1852/2364/3520
f 1826/1129/2760 1825/2365/2730 1852/1981/3520 1853/1982/3521
s 69
f 1854/1983/3522 1827/1128/1962 1826/1129/1963 1853/1982/3523
f 1855/2373/3524 1828/1178/2022 1827/1128/1962 1854/1983/3522
f 1856/1985/3525 1829/1647/2966 1828/2374/2022 1855/1984/3524
f 1857/1986/3526 1830/1742/3114 1829/1647/2966 1856/1985/3525
f 1858/1987/3527 1831/1741/3113 1830/1742/3114 1857/1986/3526
f 1859/1988/3528 1832/1487/2650 2028/1490/2653 2029/1989/3529
f 1860/1990/3530 1833/1021/1832 1832/2284/2650 1859/2283/3528
f 1834/1022/1833 1833/1021/1832 1860/1990/3530 1861/1991/3531
s 65
f 1862/2266/3532 1835/2267/2708 1834/1022/2755 1861/1991/3533
f 1863/2298/3534 1836/2300/1836 1835/1528/2708 1862/1992/3532
f 1837/1014/1837 1836/1024/1836 1863/1993/3534 1864/1994/3535
s 70
f 1865/2422/3536 1838/1011/1822 1837/1014/1825 1864/1994/3537
s 120
f 1839/1197/2054 1838/2423/2053 1865/1995/3538 1866/1996/3539
s 150
f 1840/1231/2214 1839/1197/2213 1866/1996/3540 1867/1997/3541
s 136
f 1841/1232/2118 1840/1231/2117 1867/1997/3542 1868/2550/3543
s 117
f 1869/1999/3544 1842/1306/2220 1841/2551/2223 1868/1998/3545
f 1870/2000/3546 1843/1456/2599 1842/1306/2220 1869/1999/3544
f 466/467/3547 468/468/2598 1843/1456/2599 1870/2000/3546
f 346/346/3548 1844/1974/3508 1817/1193/2043 344/344/2993
f 1791/1945/3459 1845/1973/3507 1844/1974/3508 1790/1946/3460
f 1846/2579/3509 1845/1973/3507 1791/1945/3459 1792/2582/3461
s 134
f 1793/1948/3462 1847/1976/3510 1846/1975/3511 1792/1947/3463
s 150
f 1794/1949/3464 1848/1977/3512 1847/1976/3513 1793/1948/3465
s 118
f 1795/2398/3467 1849/2396/3514 1848/1977/3515 1794/1949/3468
s 70
f 1850/1979/3517 1849/1978/3516 1795/1950/3471 1796/1951/3470
s 67
f 1796/1951/3473 1797/2340/3472 1851/2338/3519 1850/1979/3518
f 1852/2364/3520 1851/1980/3519 1797/1952/3472 1798/2363/3474
f 1853/1982/3521 1852/1981/3520 1798/1953/3474 1799/1954/3475
s 69
f 1800/1955/3476 1854/1983/3522 1853/1982/3523 1799/1954/3477
f 1801/2372/3478 1855/2373/3524 1854/1983/3522 1800/1955/3476
f 1802/1957/3479 1856/1985/3525 1855/1984/3524 1801/1956/3478
f 1803/1958/3480 1857/1986/3526 1856/1985/3525 1802/1957/3479
f 1804/1959/3481 1858/1987/3527 1857/1986/3526 1803/1958/3480
f 1805/1960/3482 1859/1988/3528 2029/1989/3529 2030/1961/3483
f 1806/1962/3484 1860/1990/3530 1859/2283/3528 1805/2286/3482
f 1861/1991/3531 1860/1990/3530 1806/1962/3484 1807/1963/3485
s 65
f 1808/2292/3486 1862/2266/3532 1861/1991/3533 1807/1963/3487
f 1809/2299/3488 1863/2298/3534 1862/1992/3532 1808/1964/3486
f 1864/1994/3535 1863/1993/3534 1809/1965/3488 1810/1966/3489
s 70
f 1811/2424/3490 1865/2422/3536 1864/1994/3537 1810/1966/3491
s 120
f 1866/1996/3539 1865/1995/3538 1811/1967/3493 1812/1968/3492
s 150
f 1867/1997/3541 1866/1996/3540 1812/1968/3497 1813/1969/3496
s 136
f 1868/2550/3543 1867/1997/3542 1813/1969/3499 1814/2567/3498
s 117
f 1815/1971/3500 1869/1999/3544 1868/1998/3545 1814/1970/3501
f 1816/1972/3502 1870/2000/3546 1869/1999/3544 1815/1971/3500
f 467/466/3503 466/467/3547 1870/2000/3546 1816/1972/3502
f 347/347/3506 1790/1946/3460 1844/1974/3508 346/346/3548
s 114
f 1872/1918/3418 1871/1917/3417 1736/1890/3370 1737/1889/3369
f 1873/2496/3419 1872/1918/3418 1737/1889/3369 1738/2498/3371
s 141
f 1739/1892/3372 1874/1920/3420 1873/1919/3421 1738/1891/3373
s 151
f 1740/1893/3374 1875/1921/3422 1874/1920/3423 1739/1892/3375
s 125
f 1741/2395/3377 1876/2393/3424 1875/1921/3425 1740/1893/3378
s 70
f 1877/1923/3427 1876/1922/3426 1741/1894/3381 1742/1895/3380
s 67
f 1742/1895/3383 1743/2337/3382 1878/2335/3429 1877/1923/3428
f 1879/2360/3430 1878/1924/3429 1743/1896/3382 1744/2362/3384
f 1880/1926/3431 1879/1925/3430 1744/1897/3384 1745/1898/3385
s 69
f 1746/1899/3386 1881/1927/3432 1880/1926/3433 1745/1898/3387
f 1747/2375/3388 1882/2376/3434 1881/1927/3432 1746/1899/3386
f 1748/1901/3389 1883/1929/3435 1882/1928/3434 1747/1900/3388
f 1749/1902/3390 1884/1930/3436 1883/1929/3435 1748/1901/3389
f 1750/1903/3391 1885/1931/3437 1884/1930/3436 1749/1902/3390
f 1751/1904/3392 1886/1932/3438 2024/1933/3439 2025/1905/3393
f 1752/1906/3394 1887/1934/3440 1886/2280/3438 1751/2282/3392
f 1888/1935/3441 1887/1934/3440 1752/1906/3394 1753/1907/3395
s 65
f 1754/2262/3396 1889/2261/3442 1888/1935/3443 1753/1907/3397
f 1755/2297/3398 1890/2296/3444 1889/1936/3442 1754/1908/3396
f 1891/1938/3445 1890/1937/3444 1755/1909/3398 1756/1910/3399
s 70
f 1892/2419/3447 1891/1938/3446 1756/1910/3401 1757/2421/3400
s 123
f 1893/1940/3449 1892/1939/3448 1757/1911/3403 1758/1912/3402
s 151
f 1894/1941/3451 1893/1940/3450 1758/1912/3407 1759/1913/3406
s 139
f 1895/2534/3453 1894/1941/3452 1759/1913/3409 1760/2535/3408
s 114
f 1761/1915/3410 1896/1943/3454 1895/1942/3455 1760/1914/3411
f 1762/1916/3412 1897/1944/3456 1896/1943/3454 1761/1915/3410
f 233/232/3413 232/233/3457 1897/1944/3456 1762/1916/3412
f 932/932/3416 1736/1890/3370 1871/1917/3417 931/931/3458
s 115
f 1899/1862/3328 1898/1861/3327 1682/1834/3280 1683/1833/3279
f 1900/2516/3329 1899/1862/3328 1683/1833/3279 1684/2519/3281
s 145
f 1685/1836/3282 1901/1864/3330 1900/1863/3331 1684/1835/3283
s 152
f 1686/1837/3284 1902/1865/3332 1901/1864/3333 1685/1836/3285
s 129
f 1687/2392/3287 1903/2390/3334 1902/1865/3335 1686/1837/3288
s 70
f 1904/1867/3337 1903/1866/3336 1687/1838/3291 1688/1839/3290
s 67
f 1688/1839/3293 1689/2334/3292 1905/2332/3339 1904/1867/3338
f 1906/2353/3340 1905/1868/3339 1689/1840/3292 1690/2355/3294
f 1907/1870/3341 1906/1869/3340 1690/1841/3294 1691/1842/3295
s 69
f 1692/1843/3296 1908/1871/3342 1907/1870/3343 1691/1842/3297
f 1693/2381/3298 1909/2382/3344 1908/1871/3342 1692/1843/3296
f 1694/1845/3299 1910/1873/3345 1909/1872/3344 1693/1844/3298
f 1695/1846/3300 1911/1874/3346 1910/1873/3345 1694/1845/3299
f 1696/1847/3301 1912/1875/3347 1911/1874/3346 1695/1846/3300
f 1697/1848/3302 1913/1876/3348 2019/1877/3349 2020/1849/3303
f 1698/1850/3304 1914/1878/3350 1913/2277/3348 1697/2279/3302
f 1915/1879/3351 1914/1878/3350 1698/1850/3304 1699/1851/3305
s 65
f 1700/2257/3306 1916/2256/3352 1915/1879/3353 1699/1851/3307
f 1701/2295/3308 1917/2294/3354 1916/1880/3352 1700/1852/3306
f 1918/1882/3355 1917/1881/3354 1701/1853/3308 1702/1854/3309
s 70
f 1919/2416/3357 1918/1882/3356 1702/1854/3311 1703/2418/3310
s 127
f 1920/1884/3359 1919/1883/3358 1703/1855/3313 1704/1856/3312
s 152
f 1921/1885/3361 1920/1884/3360 1704/1856/3317 1705/1857/3316
s 143
f 1922/2533/3363 1921/1885/3362 1705/1857/3319 1706/2536/3318
s 115
f 1707/1859/3320 1923/1887/3364 1922/1886/3365 1706/1858/3321
f 1708/1860/3322 1924/1888/3366 1923/1887/3364 1707/1859/3320
f 701/700/3323 700/701/3367 1924/1888/3366 1708/1860/3322
f 113/113/3326 1682/1834/3280 1898/1861/3327 112/112/3368
s 116
f 814/814/3549 583/584/3550 585/585/3054 812/812/3551
f 1925/2001/3552 812/812/3551 585/585/3054 1524/1695/3053
f 1926/2623/3553 1925/2001/3552 1524/1695/3053 1525/2597/3057
s 146
f 1525/1697/3062 1526/1700/3061 1927/2003/3554 1926/2002/3555
s 153
f 1526/1700/3066 1527/1702/3065 1928/2004/3556 1927/2003/3557
s 130
f 1527/1702/3070 1528/2406/3069 1929/2404/3558 1928/2004/3559
s 70
f 1528/1704/3074 1529/1706/3073 1930/2006/3560 1929/2005/3561
f 1530/1708/3076 1931/2165/3562 1930/2006/3560 1529/1706/3073
s 239
f 1932/2008/3563 1931/2007/3564 1530/2160/3078 1531/1709/3077
f 1933/2009/3565 1932/2008/3563 1531/1709/3077 1532/1711/3081
f 1934/2172/3566 1933/2009/3565 1532/1711/3081 1533/2178/3083
s 69
f 1935/2011/3567 1934/2010/3568 1533/1713/3086 1534/1715/3085
f 1936/2012/3569 1935/2011/3567 1534/1715/3085 1535/1717/3089
f 1937/2013/3570 1936/2012/3569 1535/1717/3089 1536/1719/3091
f 1938/2014/3571 1937/2013/3570 1536/1719/3091 1602/1721/3093
f 1939/2015/3572 1938/2014/3571 1602/1721/3093 1537/1724/3096
f 1940/2016/3573 1939/2015/3572 1537/1724/3096 1538/1723/3095
f 1941/2017/3574 1940/2016/3573 1538/1723/3095 1539/1727/3099
f 1942/2018/3575 1941/2017/3574 1539/1727/3099 1723/1729/3101
f 1943/2019/3576 1942/2018/3575 1723/1729/3101 1912/1875/3347
f 1944/2020/3577 1943/2019/3576 1912/1875/3347 1696/1847/3301
f 1945/2021/3578 1944/2020/3577 1696/1847/3301 1540/1732/3104
f 1946/2022/3579 1945/2021/3578 1540/1732/3104 1541/1731/3103
f 1947/2023/3580 1946/2022/3579 1541/1731/3103 1777/1735/3107
f 1948/2024/3581 1947/2023/3580 1777/1735/3107 1885/1931/3437
f 1949/2025/3582 1948/2024/3581 1885/1931/3437 1750/1903/3391
f 1950/2026/3583 1949/2025/3582 1750/1903/3391 1542/1738/3110
f 1951/2027/3584 1950/2026/3583 1542/1738/3110 1543/1737/3109
f 1952/2028/3585 1951/2027/3584 1543/1737/3109 1831/1741/3113
f 1953/2029/3586 1952/2028/3585 1831/1741/3113 1858/1987/3527
f 1954/2030/3587 1953/2029/3586 1858/1987/3527 1804/1959/3481
f 1955/2031/3588 1954/2030/3587 1804/1959/3481 1544/1744/3116
f 1956/2200/3589 1955/2031/3588 1544/1744/3116 1545/2208/3115
s 75
f 1957/2209/3590 1956/2210/3591 1545/1743/3120 1546/1747/3119
s 72
f 1958/2212/3592 1957/2209/3593 1546/1747/3124 1547/2223/3123
s 66
f 1547/1749/3130 1548/1752/3129 1959/2035/3594 1958/2034/3595
f 1549/1754/3132 1960/2036/3596 1959/2035/3594 1548/1752/3129
f 1550/1756/3134 1961/2037/3597 1960/2036/3596 1549/1754/3132
f 1962/2038/3598 1961/2037/3597 1550/1756/3134 1551/1757/3135
f 1963/2240/3599 1962/2038/3598 1551/1757/3135 1552/2238/3137
s 74
f 1552/1759/3142 1553/1762/3141 1964/2040/3600 1963/2039/3601
s 75
f 1553/1762/3146 1554/2191/3145 1965/2193/3602 1964/2040/3603
s 70
f 1554/1764/3150 1555/2438/3149 1966/2434/3604 1965/2041/3605
s 121
f 1967/2043/3606 1966/2042/3607 1555/1766/3152 1556/1767/3151
s 150
f 1968/2044/3608 1967/2043/3609 1556/1767/3156 1557/1769/3155
s 137
f 1969/2561/3610 1968/2044/3611 1557/1769/3160 1558/2589/3159
s 117
f 1558/1771/3166 1559/1774/3165 1970/2046/3612 1969/2045/3613
f 1559/1774/3165 350/349/3505 464/464/3614 1970/2046/3612
f 350/349/3505 349/350/3615 463/463/3616 464/464/3614
f 349/350/3615 351/351/3170 461/461/3617 463/463/3616
f 351/351/3170 1560/1776/3169 1971/2047/3618 461/461/3617
f 1972/2569/3619 1971/2047/3618 1560/1776/3169 1561/2577/3171
s 135
f 1561/1777/3176 1562/1780/3175 1973/2049/3620 1972/2048/3621
s 150
f 1562/1780/3180 1563/1782/3179 1974/2050/3622 1973/2049/3623
s 119
f 1563/1782/3184 1564/2444/3183 1975/2447/3624 1974/2050/3625
s 70
f 1564/1784/3188 1565/2493/3187 1976/2487/3626 1975/2051/3627
s 124
f 1977/2053/3628 1976/2052/3629 1565/1786/3190 1566/1787/3189
s 151
f 1978/2054/3630 1977/2053/3631 1566/1787/3194 1567/1789/3193
s 140
f 1979/2568/3632 1978/2054/3633 1567/1789/3198 1568/2570/3197
s 114
f 1568/1791/3204 1569/1794/3203 1980/2056/3634 1979/2055/3635
f 1569/1794/3203 935/934/3415 230/230/3636 1980/2056/3634
f 935/934/3415 934/935/3637 229/229/3638 230/230/3636
f 934/935/3637 936/936/3208 227/227/3639 229/229/3638
f 936/936/3208 1570/1796/3207 1981/2057/3640 227/227/3639
f 1982/2530/3641 1981/2057/3640 1570/1796/3207 1571/2511/3209
s 138
f 1571/1797/3214 1572/1800/3213 1983/2059/3642 1982/2058/3643
s 151
f 1572/1800/3218 1573/1802/3217 1984/2060/3644 1983/2059/3645
s 122
f 1573/1802/3222 1574/2457/3221 1985/2452/3646 1984/2060/3647
s 70
f 1574/1804/3226 1575/2476/3225 1986/2482/3648 1985/2061/3649
s 128
f 1987/2063/3650 1986/2062/3651 1575/1806/3228 1576/1807/3227
s 152
f 1988/2064/3652 1987/2063/3653 1576/1807/3232 1577/1809/3231
s 144
f 1989/2528/3654 1988/2064/3655 1577/1809/3236 1578/2510/3235
s 115
f 1578/1811/3242 1579/1814/3241 1990/2066/3656 1989/2065/3657
f 1579/1814/3241 116/115/3325 698/698/3658 1990/2066/3656
f 116/115/3325 115/116/3659 697/697/3660 698/698/3658
f 115/116/3659 117/117/3246 695/695/3661 697/697/3660
f 117/117/3246 1580/1816/3245 1991/2067/3662 695/695/3661
f 1992/2610/3663 1991/2067/3662 1580/1816/3245 1581/2592/3247
s 142
f 1581/1817/3252 1582/1820/3251 1993/2069/3664 1992/2068/3665
s 152
f 1582/1820/3256 1583/1822/3255 1994/2070/3666 1993/2069/3667
s 126
f 1583/1822/3260 1584/2460/3259 1995/2463/3668 1994/2070/3669
s 70
f 1584/1824/3264 1585/2473/3263 1996/2469/3670 1995/2071/3671
s 132
f 1997/2073/3672 1996/2072/3673 1585/1826/3266 1586/1827/3265
s 153
f 1998/2074/3674 1997/2073/3675 1586/1827/3270 1587/1829/3269
s 148
f 1999/2608/3676 1998/2074/3677 1587/1829/3274 1588/2591/3273
s 116
f 1588/1831/3278 1523/1694/3052 2000/2076/3678 1999/2075/3679
f 1523/1694/3052 584/583/3051 815/815/3680 2000/2076/3678
f 814/814/3549 815/815/3680 584/583/3051 583/584/3550
f 2001/1392/2481 819/819/2485 813/813/3681 2078/2077/3682
f 2002/2624/2482 2001/1392/2481 2078/2077/3682 2079/2622/3683
s 146
f 2079/2078/3684 2080/2079/3685 2003/1387/2477 2002/1389/2476
s 153
f 2080/2079/3686 2081/2080/3687 2004/1385/2473 2003/1387/2472
s 130
f 2081/2080/3688 2082/2403/3689 2005/2405/2469 2004/1385/2468
s 70
f 2082/2081/3690 2083/2082/3691 2006/1382/2465 2005/1383/2466
f 2084/2162/3692 2007/1379/2462 2006/1382/2465 2083/2082/3691
s 239
f 2008/1563/2791 2007/2163/2790 2084/2083/3693 2085/2084/3694
f 2009/1565/2793 2008/1563/2791 2085/2084/3694 2086/2085/3695
f 2010/2173/2795 2009/1565/2793 2086/2085/3695 2087/2171/3696
s 69
f 2011/1510/2673 2010/1512/2675 2087/2086/3697 2088/2087/3698
f 2012/1507/2670 2011/1510/2673 2088/2087/3698 2089/2088/3699
f 2013/1508/2671 2012/1507/2670 2089/2088/3699 2090/2089/3700
f 2014/1611/2910 2013/1508/2671 2090/2089/3700 2091/2090/3701
f 2015/1586/2870 2014/1611/2910 2091/2090/3701 2092/2091/3702
f 2016/1504/2667 2015/1586/2870 2092/2091/3702 2093/2092/3703
f 2017/1501/2664 2016/1504/2667 2093/2092/3703 2094/2093/3704
f 2018/1502/2665 2017/1501/2664 2094/2093/3704 2095/2094/3705
f 2019/1877/3349 2018/1502/2665 2095/2094/3705 2096/2095/3706
f 2020/1849/3303 2019/1877/3349 2096/2095/3706 2097/2096/3707
f 2021/1498/2661 2020/1849/3303 2097/2096/3707 2098/2097/3708
f 2022/1495/2658 2021/1498/2661 2098/2097/3708 2099/2098/3709
f 2023/1496/2659 2022/1495/2658 2099/2098/3709 2100/2099/3710
f 2024/1933/3439 2023/1496/2659 2100/2099/3710 2101/2100/3711
f 2025/1905/3393 2024/1933/3439 2101/2100/3711 2102/2101/3712
f 2026/1492/2655 2025/1905/3393 2102/2101/3712 2103/2102/3713
f 2027/1489/2652 2026/1492/2655 2103/2102/3713 2104/2103/3714
f 2028/1490/2653 2027/1489/2652 2104/2103/3714 2105/2104/3715
f 2029/1989/3529 2028/1490/2653 2105/2104/3715 2106/2105/3716
f 2030/1961/3483 2029/1989/3529 2106/2105/3716 2107/2106/3717
f 2031/1486/2648 2030/1961/3483 2107/2106/3717 2108/2107/3718
f 2032/2204/2649 2031/1486/2648 2108/2107/3718 2109/2205/3719
s 75
f 2033/1482/2645 2032/1484/2644 2109/2108/3720 2110/2109/3721
s 72
f 2034/2214/2641 2033/1482/2640 2110/2109/3722 2111/2211/3723
s 66
f 2111/2110/3724 2112/2111/3725 2035/1478/2635 2034/1477/2634
f 2113/2112/3726 2036/1536/2719 2035/1478/2635 2112/2111/3725
f 2114/2113/3727 2037/1476/2633 2036/1536/2719 2113/2112/3726
f 2038/1474/2630 2037/1476/2633 2114/2113/3727 2115/2114/3728
f 2039/2241/2631 2038/1474/2630 2115/2114/3728 2116/2239/3729
s 74
f 2116/2115/3730 2117/2116/3731 2040/1469/2625 2039/1471/2624
s 75
f 2117/2116/3732 2118/2192/3733 2041/2194/2621 2040/1469/2620
s 70
f 2118/2117/3734 2119/2433/3735 2042/2435/2617 2041/1467/2616
s 121
f 2043/1464/2614 2042/1466/2613 2119/2118/3736 2120/2119/3737
s 150
f 2044/1462/2610 2043/1464/2609 2120/2119/3738 2121/2120/3739
s 137
f 2045/2562/2606 2044/1462/2605 2121/2120/3740 2122/2560/3741
s 117
f 2122/2121/3742 2123/2122/3743 2046/1458/2601 2045/1457/2600
f 2123/2122/3743 465/465/3744 467/466/3503 2046/1458/2601
f 462/462/3745 2124/2123/3746 2047/1455/2595 468/468/2598
f 2048/2549/2596 2047/1455/2595 2124/2123/3746 2125/2547/3747
s 135
f 2125/2124/3748 2126/2125/3749 2049/1450/2591 2048/1452/2590
s 150
f 2126/2125/3750 2127/2126/3751 2050/1448/2587 2049/1450/2586
s 119
f 2127/2126/3752 2128/2449/3753 2051/2448/2583 2050/1448/2582
s 70
f 2128/2127/3754 2129/2486/3755 2052/2489/2579 2051/1446/2578
s 124
f 2053/1443/2576 2052/1445/2575 2129/2128/3756 2130/2129/3757
s 151
f 2054/1441/2572 2053/1443/2571 2130/2129/3758 2131/2130/3759
s 140
f 2055/2548/2568 2054/1441/2567 2131/2130/3760 2132/2546/3761
s 114
f 2132/2131/3762 2133/2132/3763 2056/1437/2563 2055/1436/2562
f 2133/2132/3763 231/231/3764 233/232/3413 2056/1437/2563
f 228/228/3765 2134/2133/3766 2057/1434/2557 234/234/2560
f 2058/2532/2558 2057/1434/2557 2134/2133/3766 2135/2529/3767
s 138
f 2135/2134/3768 2136/2135/3769 2059/1429/2553 2058/1431/2552
s 151
f 2136/2135/3770 2137/2136/3771 2060/1427/2549 2059/1429/2548
s 122
f 2137/2136/3772 2138/2450/3773 2061/2451/2545 2060/1427/2544
s 70
f 2138/2137/3774 2139/2481/3775 2062/2483/2541 2061/1425/2540
s 128
f 2063/1422/2538 2062/1424/2537 2139/2138/3776 2140/2139/3777
s 152
f 2064/1420/2534 2063/1422/2533 2140/2139/3778 2141/2140/3779
s 144
f 2065/2531/2530 2064/1420/2529 2141/2140/3780 2142/2527/3781
s 115
f 2142/2141/3782 2143/2142/3783 2066/1416/2525 2065/1415/2524
f 2143/2142/3783 699/699/3784 701/700/3323 2066/1416/2525
f 696/696/3785 2144/2143/3786 2067/1413/2519 702/702/2522
f 2068/2621/2520 2067/1413/2519 2144/2143/3786 2145/2609/3787
s 142
f 2145/2144/3788 2146/2145/3789 2069/1408/2515 2068/1410/2514
s 152
f 2146/2145/3790 2147/2146/3791 2070/1406/2511 2069/1408/2510
s 126
f 2147/2146/3792 2148/2465/3793 2071/2464/2507 2070/1406/2506
s 70
f 2148/2147/3794 2149/2468/3795 2072/2470/2503 2071/1404/2502
s 132
f 2073/1401/2500 2072/1403/2499 2149/2148/3796 2150/2149/3797
s 153
f 2074/1399/2496 2073/1401/2495 2150/2149/3798 2151/2150/3799
s 148
f 2075/2611/2492 2074/1399/2491 2151/2150/3800 2152/2607/3801
s 116
f 2152/2151/3802 2077/2152/3803 2076/1395/2487 2075/1394/2486
f 2077/2152/3803 816/816/3804 818/817/2890 2076/1395/2487
f 2000/2076/3678 815/815/3680 816/816/3804 2077/2152/3803
f 2078/2077/3682 813/813/3681 812/812/3551 1925/2001/3552
f 2079/2622/3683 2078/2077/3682 1925/2001/3552 1926/2623/3553
s 146
f 1926/2002/3555 1927/2003/3554 2080/2079/3685 2079/2078/3684
s 153
f 1927/2003/3557 1928/2004/3556 2081/2080/3687 2080/2079/3686
s 130
f 1928/2004/3559 1929/2404/3558 2082/2403/3689 2081/2080/3688
s 70
f 1929/2005/3561 1930/2006/3560 2083/2082/3691 2082/2081/3690
f 1931/2165/3562 2084/2162/3692 2083/2082/3691 1930/2006/3560
s 239
f 2085/2084/3694 2084/2083/3693 1931/2007/3564 1932/2008/3563
f 2086/2085/3695 2085/2084/3694 1932/2008/3563 1933/2009/3565
f 2087/2171/3696 2086/2085/3695 1933/2009/3565 1934/2172/3566
s 69
f 2088/2087/3698 2087/2086/3697 1934/2010/3568 1935/2011/3567
f 2089/2088/3699 2088/2087/3698 1935/2011/3567 1936/2012/3569
f 2090/2089/3700 2089/2088/3699 1936/2012/3569 1937/2013/3570
f 2091/2090/3701 2090/2089/3700 1937/2013/3570 1938/2014/3571
f 2092/2091/3702 2091/2090/3701 1938/2014/3571 1939/2015/3572
f 2093/2092/3703 2092/2091/3702 1939/2015/3572 1940/2016/3573
f 2094/2093/3704 2093/2092/3703 1940/2016/3573 1941/2017/3574
f 2095/2094/3705 2094/2093/3704 1941/2017/3574 1942/2018/3575
f 2096/2095/3706 2095/2094/3705 1942/2018/3575 1943/2019/3576
f 2097/2096/3707 2096/2095/3706 1943/2019/3576 1944/2020/3577
f 2098/2097/3708 2097/2096/3707 1944/2020/3577 1945/2021/3578
f 2099/2098/3709 2098/2097/3708 1945/2021/3578 1946/2022/3579
f 2100/2099/3710 2099/2098/3709 1946/2022/3579 1947/2023/3580
f 2101/2100/3711 2100/2099/3710 1947/2023/3580 1948/2024/3581
f 2102/2101/3712 2101/2100/3711 1948/2024/3581 1949/2025/3582
f 2103/2102/3713 2102/2101/3712 1949/2025/3582 1950/2026/3583
f 2104/2103/3714 2103/2102/3713 1950/2026/3583 1951/2027/3584
f 2105/2104/3715 2104/2103/3714 1951/2027/3584 1952/2028/3585
f 2106/2105/3716 2105/2104/3715 1952/2028/3585 1953/2029/3586
f 2107/2106/3717 2106/2105/3716 1953/2029/3586 1954/2030/3587
f 2108/2107/3718 2107/2106/3717 1954/2030/3587 1955/2031/3588
f 2109/2205/3719 2108/2107/3718 1955/2031/3588 1956/2200/3589
s 75
f 2110/2109/3721 2109/2108/3720 1956/2032/3591 1957/2033/3590
s 72
f 2111/2211/3723 2110/2109/3722 1957/2033/3593 1958/2213/3592
s 66
f 1958/2034/3595 1959/2035/3594 2112/2111/3725 2111/2110/3724
f 1960/2036/3596 2113/2112/3726 2112/2111/3725 1959/2035/3594
f 1961/2037/3597 2114/2113/3727 2113/2112/3726 1960/2036/3596
f 2115/2114/3728 2114/2113/3727 1961/2037/3597 1962/2038/3598
f 2116/2239/3729 2115/2114/3728 1962/2038/3598 1963/2240/3599
s 74
f 1963/2039/3601 1964/2040/3600 2117/2116/3731 2116/2115/3730
s 75
f 1964/2040/3603 1965/2193/3602 2118/2192/3733 2117/2116/3732
s 70
f 1965/2041/3605 1966/2434/3604 2119/2433/3735 2118/2117/3734
s 121
f 2120/2119/3737 2119/2118/3736 1966/2042/3607 1967/2043/3606
s 150
f 2121/2120/3739 2120/2119/3738 1967/2043/3609 1968/2044/3608
s 137
f 2122/2560/3741 2121/2120/3740 1968/2044/3611 1969/2561/3610
s 117
f 1969/2045/3613 1970/2046/3612 2123/2122/3743 2122/2121/3742
f 1970/2046/3612 464/464/3614 465/465/3744 2123/2122/3743
f 461/461/3617 1971/2047/3618 2124/2123/3746 462/462/3745
f 2125/2547/3747 2124/2123/3746 1971/2047/3618 1972/2569/3619
s 135
f 1972/2048/3621 1973/2049/3620 2126/2125/3749 2125/2124/3748
s 150
f 1973/2049/3623 1974/2050/3622 2127/2126/3751 2126/2125/3750
s 119
f 1974/2050/3625 1975/2447/3624 2128/2449/3753 2127/2126/3752
s 70
f 1975/2051/3627 1976/2487/3626 2129/2486/3755 2128/2127/3754
s 124
f 2130/2129/3757 2129/2128/3756 1976/2052/3629 1977/2053/3628
s 151
f 2131/2130/3759 2130/2129/3758 1977/2053/3631 1978/2054/3630
s 140
f 2132/2546/3761 2131/2130/3760 1978/2054/3633 1979/2568/3632
s 114
f 1979/2055/3635 1980/2056/3634 2133/2132/3763 2132/2131/3762
f 1980/2056/3634 230/230/3636 231/231/3764 2133/2132/3763
f 227/227/3639 1981/2057/3640 2134/2133/3766 228/228/3765
f 2135/2529/3767 2134/2133/3766 1981/2057/3640 1982/2530/3641
s 138
f 1982/2058/3643 1983/2059/3642 2136/2135/3769 2135/2134/3768
s 151
f 1983/2059/3645 1984/2060/3644 2137/2136/3771 2136/2135/3770
s 122
f 1984/2060/3647 1985/2452/3646 2138/2450/3773 2137/2136/3772
s 70
f 1985/2061/3649 1986/2482/3648 2139/2481/3775 2138/2137/3774
s 128
f 2140/2139/3777 2139/2138/3776 1986/2062/3651 1987/2063/3650
s 152
f 2141/2140/3779 2140/2139/3778 1987/2063/3653 1988/2064/3652
s 144
f 2142/2527/3781 2141/2140/3780 1988/2064/3655 1989/2528/3654
s 115
f 1989/2065/3657 1990/2066/3656 2143/2142/3783 2142/2141/3782
f 1990/2066/3656 698/698/3658 699/699/3784 2143/2142/3783
f 695/695/3661 1991/2067/3662 2144/2143/3786 696/696/3785
f 2145/2609/3787 2144/2143/3786 1991/2067/3662 1992/2610/3663
s 142
f 1992/2068/3665 1993/2069/3664 2146/2145/3789 2145/2144/3788
s 152
f 1993/2069/3667 1994/2070/3666 2147/2146/3791 2146/2145/3790
s 126
f 1994/2070/3669 1995/2463/3668 2148/2465/3793 2147/2146/3792
s 70
f 1995/2071/3671 1996/2469/3670 2149/2468/3795 2148/2147/3794
s 132
f 2150/2149/3797 2149/2148/3796 1996/2072/3673 1997/2073/3672
s 153
f 2151/2150/3799 2150/2149/3798 1997/2073/3675 1998/2074/3674
s 148
f 2152/2607/3801 2151/2150/3800 1998/2074/3677 1999/2608/3676
s 116
f 1999/2075/3679 2000/2076/3678 2077/2152/3803 2152/2151/3802
