# This file uses centimeters as units for non-parametric coordinates.

mtllib oldTV.mtl
g default
v 9.474991 7.649787 -12.590878
v 9.152719 7.649787 -12.590882
v 9.474991 9.210087 -7.832974
v 9.152719 9.210087 -7.832979
v 9.474991 6.164470 -12.625273
v 9.152736 6.164470 -12.625278
v 9.474991 4.577956 -12.625273
v 9.152736 4.577956 -12.625278
v 9.474991 3.031142 -12.625273
v 9.152736 3.031142 -12.625278
v 9.474991 1.557341 -12.625273
v 9.152736 1.557341 -12.625278
v 9.474991 0.051739 -12.625273
v 9.152736 0.051739 -12.625278
v 9.474991 -1.576194 -12.625273
v 9.152736 -1.576194 -12.625278
v 9.474991 -3.670243 -12.625277
v 9.152736 -3.670243 -12.625281
v 9.474991 -3.788295 -10.831112
v 9.152736 -3.788295 -10.831118
v 9.474991 -5.039081 -10.831116
v 9.152736 -5.039081 -10.831121
v 9.474991 -5.876572 -10.831114
v 9.152736 -5.876572 -10.831119
v 9.474991 -6.756991 -10.831112
v 9.152736 -6.756991 -10.831116
v 9.474991 -7.130139 -10.831112
v 9.152736 -7.127278 -10.831120
v 9.390301 -7.843266 -10.831116
v 9.068046 -7.843266 -10.831120
v 9.296201 -8.633707 -10.831114
v 8.973946 -8.633707 -10.831119
v 9.258561 -8.859548 -10.831114
v 8.936306 -8.859548 -10.831119
v 9.060951 -9.330049 -10.831114
v 8.750846 -9.327011 -10.831121
v 8.637501 -9.753499 -10.781072
v 8.481636 -9.753499 -10.781084
v 8.483552 -10.170173 -10.731030
v 8.319322 -10.167162 -10.731041
v 8.345790 -10.585319 -10.731030
v 8.146835 -10.585319 -10.731030
v 9.474991 9.624384 -6.513238
v 9.152719 9.624384 -6.513243
v 8.264555 7.651929 -12.590879
v 8.264555 9.210087 -7.832976
v 8.264572 6.164465 -12.625275
v 8.264572 4.577956 -12.625275
v 8.281014 3.026810 -12.625285
v 8.281014 1.557341 -12.625285
v 8.281014 0.051739 -12.625285
v 8.281014 -1.576194 -12.625285
v 8.281014 -3.670243 -12.625289
v 8.281014 -3.788295 -10.831125
v 8.281014 -5.039081 -10.831129
v 8.281014 -5.876572 -10.831126
v 8.281014 -6.756991 -10.831123
v 8.233366 -7.130135 -10.831106
v 8.177031 -7.842332 -10.831118
v 8.136510 -8.631958 -10.831112
v 8.144998 -8.995219 -10.831113
v 8.145011 -9.277030 -10.831121
v 8.055511 -9.753246 -10.781067
v 7.892653 -10.170888 -10.731031
v 7.894444 -10.587038 -10.731030
v 8.264556 9.624384 -6.513240
v 7.436700 7.649778 -12.590869
v 7.436700 9.210087 -7.832973
v 7.436718 6.164461 -12.625264
v 7.436718 4.577956 -12.625264
v 7.436718 2.994323 -12.625264
v 7.436718 1.557341 -12.625264
v 7.436718 0.051739 -12.625264
v 7.436718 -1.576194 -12.625264
v 7.431638 -3.670243 -12.625288
v 7.436718 -3.788295 -10.831104
v 7.436718 -5.039081 -10.831108
v 7.436718 -5.876572 -10.831105
v 7.436717 -6.756991 -10.831102
v 7.436701 9.624386 -6.513239
v 7.432258 -7.127982 -10.831125
v 7.310961 -7.742025 -10.831114
v 7.336618 -8.631753 -10.831113
v 7.227004 -8.901062 -10.831110
v 7.231313 -9.213076 -10.831106
v 7.233874 -9.754487 -10.781079
v 7.235093 -10.166197 -10.731024
v 7.228054 -10.584084 -10.731026
v 7.242784 7.649777 -12.590879
v 7.046483 9.210087 -7.832973
v 7.251658 6.164460 -12.625279
v 7.260516 4.577956 -12.625272
v 7.293075 2.994323 -12.625279
v 7.272080 1.557341 -12.625276
v 7.256169 0.051739 -12.625279
v 7.249964 -1.576194 -12.625278
v 7.051992 -3.675323 -12.625277
v 7.091076 -3.788295 -10.831120
v 7.102309 -5.039081 -10.831121
v 7.102309 -5.876572 -10.831121
v 7.097809 -6.755188 -10.831115
v 7.045649 9.624386 -6.513239
v 7.222115 -7.129291 -10.831120
v 7.096365 -7.710652 -10.831114
v 6.979949 -8.639470 -10.831129
v 6.980123 -9.009548 -10.831119
v 6.980613 -9.196070 -10.831122
v 6.980661 -9.755803 -10.781075
v 6.979170 -10.164243 -10.731024
v 6.979397 -10.586782 -10.731026
v 6.267941 7.662026 -12.590883
v 6.267941 9.210087 -7.832973
v 6.267958 6.164455 -12.625279
v 6.267958 4.577956 -12.625279
v 6.267958 2.984164 -12.625279
v 6.267958 1.557341 -12.625279
v 6.267958 0.051739 -12.625279
v 6.267958 -1.576194 -12.625279
v 6.267958 -3.675323 -12.625283
v 6.267958 -3.788295 -10.831121
v 6.267958 -5.039081 -10.831121
v 6.267958 -5.876577 -10.831121
v 6.267977 -6.752602 -10.831123
v 6.267941 9.624386 -6.513239
v 6.512256 -7.128817 -10.831114
v 6.526707 -7.587405 -10.831117
v 6.157972 -8.630949 -10.831119
v 6.084044 -8.882161 -10.831117
v 6.022016 -9.130789 -10.831130
v 6.021018 -9.759749 -10.781070
v 6.021558 -10.158424 -10.731026
v 6.022069 -10.587451 -10.731026
v 3.143958 7.698773 -12.590883
v 3.143958 9.210089 -7.832973
v 3.143975 6.164438 -12.625278
v 3.143975 4.577956 -12.625278
v 3.143975 2.974005 -12.625278
v 3.143975 1.557341 -12.625278
v 3.143975 0.051739 -12.625278
v 3.143975 -1.576194 -12.625278
v 3.143975 -3.675323 -12.625282
v 3.143975 -3.788295 -10.831121
v 3.143975 -5.046556 -10.831121
v 3.143975 -5.876610 -10.831120
v 3.144316 -6.759027 -10.831118
v 3.143959 9.624388 -6.513239
v 3.100602 -7.128905 -10.831116
v 3.100540 -7.501948 -10.831114
v 3.100794 -8.611481 -10.831120
v 3.100538 -8.859644 -10.831115
v 3.100200 -9.112537 -10.831116
v 3.099859 -9.751478 -10.781075
v 3.099680 -10.145066 -10.731026
v 3.100225 -10.584270 -10.731030
v 2.021334 7.711021 -12.590886
v 2.021334 9.210089 -7.832983
v 2.021351 6.164432 -12.625281
v 2.021351 4.577956 -12.625281
v 2.021351 2.974005 -12.625281
v 2.021351 1.557341 -12.625281
v 2.021351 0.051739 -12.625281
v 2.021351 -1.576194 -12.625281
v 2.021351 -3.675323 -12.625285
v 2.021351 -3.788295 -10.831123
v 2.021351 -5.046556 -10.831125
v 2.021351 -5.876827 -10.831122
v 2.010327 -6.756917 -10.831121
v 2.021334 9.624390 -6.513239
v 1.987781 -7.126593 -10.831105
v 2.017467 -7.501983 -10.831110
v 2.006692 -8.611031 -10.831122
v 2.006436 -8.858567 -10.831122
v 1.995068 -9.101799 -10.831112
v 1.973562 -9.753204 -10.781071
v 1.972676 -10.143307 -10.731026
v 1.972612 -10.594933 -10.731039
v 0.010739 7.735520 -12.590878
v 0.010739 9.210091 -7.832974
v 0.010739 6.164422 -12.625273
v 0.010739 4.577957 -12.625273
v 0.010739 2.974005 -12.625273
v 0.010739 1.557342 -12.625273
v 0.010739 0.051739 -12.625273
v 0.010739 -1.576194 -12.625273
v 0.010739 -3.681476 -12.625276
v 0.010739 -3.788295 -10.831115
v 0.010739 -5.046556 -10.831113
v 0.010739 -5.883577 -10.831114
v 0.010739 -6.752098 -10.831116
v 0.010739 9.624392 -6.513238
v 0.010739 -7.129276 -10.831111
v 0.010739 -7.505020 -10.831114
v 0.010739 -8.594114 -10.831114
v 0.010739 -8.843082 -10.831114
v 0.010739 -9.090218 -10.831114
v 0.010739 -9.748386 -10.781073
v 0.010739 -10.130383 -10.731031
v 0.010739 -10.591301 -10.731031
v 8.148416 -10.879442 -10.731030
v 7.907898 -10.838068 -10.731026
v 7.226992 -10.838413 -10.731020
v 6.979573 -10.837816 -10.731022
v 6.022027 -10.838486 -10.731022
v 3.101599 -10.838760 -10.731039
v 1.973449 -10.838499 -10.731039
v 0.010739 -10.838955 -10.731031
v 8.054220 -11.016886 -10.731030
v 7.924580 -11.130032 -10.731030
v 7.226771 -11.130178 -10.731030
v 6.979384 -11.129580 -10.731030
v 6.022145 -11.130251 -10.731030
v 3.099918 -11.125977 -10.731031
v 1.973449 -11.125715 -10.731031
v 0.010739 -11.126169 -10.731031
v 9.394126 10.060982 -6.515707
v 9.152719 10.418978 -5.388743
v 8.264557 10.418978 -5.388745
v 7.436701 10.418978 -5.388745
v 7.045650 10.418978 -5.388745
v 6.267943 10.418980 -5.388745
v 3.143959 10.418982 -5.388745
v 2.021335 10.418982 -5.388745
v 0.010739 10.418985 -5.388743
v 8.768427 10.704550 -4.422441
v 8.264557 11.103916 -3.101472
v 7.436701 11.103918 -3.101472
v 7.045650 11.103918 -3.101472
v 6.267943 11.103918 -3.101472
v 3.143959 11.103998 -3.101472
v 2.021336 11.103998 -3.101472
v 0.010739 11.103926 -3.101472
v 7.637918 -11.130089 -10.731030
v 7.637781 -10.838202 -10.731020
v 7.637444 -10.585898 -10.731030
v 7.637619 -10.163530 -10.731026
v 7.759104 -9.755164 -10.781084
v 7.892872 -9.258303 -10.831113
v 7.894239 -8.876894 -10.831127
v 7.821901 -8.631879 -10.831112
v 7.895065 -7.803648 -10.831124
v 7.978773 -7.127341 -10.831110
v 8.007314 -6.756991 -10.831123
v 8.065714 -5.876572 -10.831121
v 8.128439 -5.039081 -10.831116
v 8.152231 -3.788295 -10.831116
v 8.158751 -3.670243 -12.625278
v 8.161322 -1.576194 -12.625274
v 8.161599 0.051739 -12.625274
v 8.161724 1.557341 -12.625274
v 8.161933 3.024714 -12.625274
v 8.160898 4.577956 -12.625274
v 8.161093 6.164464 -12.625274
v 8.161075 7.649781 -12.590879
v 8.161075 9.210087 -7.832975
v 8.161076 9.624384 -6.513234
v 8.161077 10.418978 -5.388745
v 8.165436 11.103916 -3.101472
v 8.798347 -9.592653 -10.803312
v 8.560129 -9.545009 -10.831116
v 8.132099 -9.511822 -10.831114
v 7.872116 -9.506382 -10.831114
v 7.232902 -9.468271 -10.831117
v 6.982197 -9.464982 -10.831118
v 6.023576 -9.463834 -10.831120
v 3.099988 -9.421483 -10.831121
v 1.983459 -9.429256 -10.831111
v 0.010739 -9.420927 -10.831115
v 7.965000 -11.094753 -10.731030
v 8.017937 -10.850967 -10.731041
v 8.006433 -10.586502 -10.731041
v 8.102789 -10.169726 -10.731041
v 8.326812 -9.753325 -10.781076
v 8.374090 -9.509902 -10.831119
v 8.391732 -9.292614 -10.831115
v 8.391719 -8.876042 -10.831114
v 8.513272 -8.632504 -10.831110
v 8.474322 -7.842623 -10.831111
v 8.520016 -7.129244 -10.831115
v 8.575603 -6.756991 -10.831116
v 8.615640 -5.876572 -10.831121
v 8.709060 -5.039081 -10.831120
v 8.709060 -3.788295 -10.831116
v 8.709060 -3.670243 -12.625279
v 8.709060 -1.576194 -12.625276
v 8.711362 0.051739 -12.625276
v 8.710555 1.557341 -12.625276
v 8.710555 3.028161 -12.625276
v 8.709751 4.577956 -12.625276
v 8.709751 6.164467 -12.625276
v 8.709733 7.649784 -12.590880
v 8.709914 9.210087 -7.832977
v 8.710308 9.624384 -6.513241
v 8.710309 10.418978 -5.388734
v 8.421658 10.906258 -3.755791
v 9.322310 -8.417588 -10.831114
v 9.017470 -8.405149 -10.831105
v 8.397464 -8.383284 -10.831110
v 8.155252 -8.254503 -10.831114
v 7.889359 -8.386312 -10.831122
v 7.208622 -8.376078 -10.831117
v 6.980551 -8.261810 -10.831119
v 6.227279 -8.379495 -10.831118
v 3.100677 -8.336964 -10.831117
v 2.011676 -8.336737 -10.831121
v 0.010739 -8.336161 -10.831114
v 4.689125 -11.127937 -10.731031
v 4.690814 -10.838634 -10.731022
v 4.690290 -10.585730 -10.731030
v 4.690961 -10.151196 -10.731030
v 4.689294 -9.755274 -10.781070
v 4.681896 -9.423339 -10.831121
v 4.670749 -9.120912 -10.831121
v 4.660727 -8.869975 -10.831123
v 4.656120 -8.620413 -10.831118
v 4.638021 -8.338683 -10.831117
v 4.649413 -7.502734 -10.831114
v 4.649846 -7.128864 -10.831127
v 4.559917 -6.756079 -10.831117
v 4.577299 -5.876595 -10.831114
v 4.577299 -5.043127 -10.831116
v 4.577299 -3.788295 -10.831116
v 4.577299 -3.675323 -12.625277
v 4.577299 -1.576194 -12.625273
v 4.577299 0.051739 -12.625273
v 4.577299 1.557341 -12.625273
v 4.577299 2.978666 -12.625273
v 4.577299 4.577956 -12.625273
v 4.577299 6.164446 -12.625273
v 4.577282 7.674272 -12.590885
v 4.577282 9.210089 -7.832973
v 4.577282 9.624388 -6.513239
v 4.577283 10.418980 -5.388745
v 4.577284 11.103960 -3.101472
v 6.688867 -11.129848 -10.731030
v 6.688464 -10.838085 -10.731022
v 6.689491 -10.587050 -10.731026
v 6.690669 -10.161908 -10.731026
v 6.690008 -9.757387 -10.781070
v 6.708375 -9.464521 -10.831120
v 6.725275 -9.176032 -10.831122
v 6.729345 -8.882483 -10.831121
v 6.650115 -8.636051 -10.831116
v 6.732967 -8.390462 -10.831118
v 6.813276 -7.655193 -10.831120
v 6.937270 -7.129101 -10.831121
v 6.764823 -6.754150 -10.831123
v 6.765563 -5.876575 -10.831121
v 6.765563 -5.039081 -10.831121
v 6.793599 -3.788295 -10.831123
v 6.750525 -3.675323 -12.625277
v 7.030068 -1.576194 -12.625273
v 7.069879 0.051739 -12.625278
v 7.106710 1.557341 -12.625278
v 7.136195 2.990246 -12.625277
v 7.104010 4.577956 -12.625280
v 7.065598 6.164458 -12.625278
v 7.018441 7.649775 -12.590880
v 6.815301 9.210087 -7.832973
v 6.815302 9.624386 -6.513239
v 6.815303 10.418980 -5.388745
v 6.815303 11.103918 -3.101472
v 5.328181 -11.129065 -10.731031
v 5.329411 -10.838562 -10.731022
v 5.328101 -10.586569 -10.731030
v 5.328381 -10.154716 -10.731030
v 5.328408 -9.757454 -10.781070
v 5.327538 -9.426776 -10.831121
v 5.283138 -9.125723 -10.831108
v 5.260406 -8.884057 -10.831121
v 5.230518 -8.625546 -10.831119
v 5.196611 -8.337563 -10.831117
v 5.183053 -7.505023 -10.831114
v 5.240309 -7.128841 -10.831127
v 5.149876 -6.754385 -10.831120
v 5.146640 -5.876586 -10.831116
v 5.145851 -5.041156 -10.831115
v 5.145851 -3.788295 -10.831118
v 5.145851 -3.675323 -12.625278
v 5.146511 -1.576194 -12.625275
v 5.147399 0.051739 -12.625275
v 5.147398 1.557341 -12.625275
v 5.147398 2.981344 -12.625275
v 5.149457 4.577956 -12.625275
v 5.149457 6.164451 -12.625275
v 5.152503 7.677340 -12.590879
v 5.179835 9.210089 -7.832973
v 5.180309 9.624386 -6.513239
v 5.180310 10.418980 -5.388745
v 5.180310 11.103939 -3.101472
v 4.311308 -11.127506 -10.731031
v 4.313332 -10.838661 -10.731022
v 4.312703 -10.585407 -10.731030
v 4.310945 -10.149845 -10.731030
v 4.311837 -9.754437 -10.781075
v 4.306098 -9.422930 -10.831121
v 4.297453 -9.119066 -10.831121
v 4.317570 -8.867699 -10.831123
v 4.314034 -8.618444 -10.831118
v 4.309707 -8.338305 -10.831117
v 4.308749 -7.502561 -10.831114
v 4.309101 -7.128873 -10.831127
v 4.248004 -6.756728 -10.831114
v 4.261482 -5.876598 -10.831115
v 4.261482 -5.043882 -10.831118
v 4.261482 -3.788295 -10.831116
v 4.261482 -3.675323 -12.625278
v 4.261482 -1.576194 -12.625274
v 4.261482 0.051739 -12.625274
v 4.261482 1.557341 -12.625274
v 4.261482 2.977639 -12.625274
v 4.261482 4.577956 -12.625274
v 4.261482 6.164444 -12.625274
v 4.261465 7.686524 -12.590879
v 4.261465 9.210089 -7.832973
v 4.261465 9.624388 -6.513239
v 4.261466 10.418980 -5.388745
v 4.261466 11.103970 -3.101472
v 3.974047 -11.127092 -10.731031
v 3.974941 -10.838688 -10.731022
v 3.975133 -10.585100 -10.731030
v 3.975580 -10.148552 -10.731030
v 3.977155 -9.753637 -10.781075
v 3.978575 -9.422539 -10.831121
v 3.977898 -9.117300 -10.831113
v 3.977914 -8.865520 -10.831117
v 3.983762 -8.616561 -10.831114
v 3.976203 -8.337942 -10.831117
v 3.982623 -7.502396 -10.831114
v 3.982897 -7.128882 -10.831113
v 3.949403 -6.757350 -10.831120
v 3.959142 -5.876602 -10.831121
v 3.959142 -5.044606 -10.831123
v 3.959142 -3.788295 -10.831123
v 3.959142 -3.675323 -12.625284
v 3.959142 -1.576194 -12.625280
v 3.959142 0.051739 -12.625280
v 3.959142 1.557341 -12.625280
v 3.959142 2.976655 -12.625280
v 3.959142 4.577956 -12.625280
v 3.959142 6.164443 -12.625280
v 3.959124 7.686523 -12.590879
v 3.959124 9.210089 -7.832973
v 3.959125 9.624388 -6.513239
v 3.959126 10.418982 -5.388745
v 3.959126 11.103977 -3.101472
v 3.687900 -11.126726 -10.731031
v 3.689905 -10.838713 -10.731022
v 3.688714 -10.584827 -10.731030
v 3.689835 -10.147408 -10.731026
v 3.689450 -9.752929 -10.781075
v 3.683918 -9.422193 -10.831121
v 3.685360 -9.115738 -10.831113
v 3.681739 -8.863592 -10.831117
v 3.685708 -8.614895 -10.831114
v 3.689862 -8.337621 -10.831117
v 3.694131 -7.502249 -10.831112
v 3.694335 -7.128889 -10.831119
v 3.685258 -6.757900 -10.831118
v 3.691690 -5.876605 -10.831121
v 3.691690 -5.045246 -10.831123
v 3.691690 -3.788295 -10.831121
v 3.691690 -3.675323 -12.625283
v 3.691690 -1.576194 -12.625279
v 3.691690 0.051739 -12.625279
v 3.691690 1.557341 -12.625279
v 3.691690 2.975786 -12.625279
v 3.691690 4.577956 -12.625279
v 3.691690 6.164442 -12.625279
v 3.691673 7.692649 -12.590879
v 3.691673 9.210089 -7.832973
v 3.691673 9.624388 -6.513239
v 3.691674 10.418982 -5.388745
v 3.691674 11.103983 -3.101472
v 5.058217 -11.128250 -10.731031
v 5.057353 -10.838614 -10.731022
v 5.059691 -10.585962 -10.731030
v 5.057793 -10.152172 -10.731030
v 5.058211 -9.755878 -10.781070
v 5.059008 -9.424292 -10.831121
v 5.028831 -9.122246 -10.831121
v 4.992556 -8.873879 -10.831115
v 4.971017 -8.621836 -10.831118
v 4.938980 -8.341343 -10.831117
v 4.936102 -7.503649 -10.831114
v 4.936189 -7.128858 -10.831127
v 4.839999 -6.755609 -10.831117
v 4.851665 -5.876593 -10.831119
v 4.851446 -5.042580 -10.831118
v 4.851446 -3.788295 -10.831120
v 4.851446 -3.675323 -12.625281
v 4.851629 -1.576194 -12.625278
v 4.851875 0.051739 -12.625278
v 4.851875 1.557341 -12.625278
v 4.851875 2.979409 -12.625278
v 4.852446 4.577956 -12.625278
v 4.852446 6.164447 -12.625278
v 4.852428 7.677337 -12.590879
v 4.860857 9.210089 -7.832973
v 4.860988 9.624388 -6.513239
v 4.860989 10.418980 -5.388745
v 4.860990 11.103954 -3.101472
v 0.010739 -7.919344 -10.831112
v 2.014580 -7.918109 -10.831121
v 3.100608 -7.918204 -10.831114
v 3.692003 -7.918683 -10.831119
v 3.979423 -7.918917 -10.831119
v 4.304337 -7.919180 -10.831119
v 4.643734 -7.919456 -10.831119
v 4.936365 -7.926160 -10.831124
v 5.555032 -7.926923 -10.831123
v 6.394155 -7.923765 -10.831121
v 6.773242 -7.957657 -10.831120
v 7.038631 -7.985405 -10.831116
v 7.259945 -8.019103 -10.831123
v 7.892220 -8.055108 -10.831116
v 8.166174 -8.061728 -10.831124
v 8.436008 -8.089858 -10.831121
v 9.042833 -8.123364 -10.831120
v 9.356407 -8.129566 -10.831114
v 0.010739 -7.632543 -10.831114
v 2.016578 -7.630060 -10.831109
v 3.100561 -7.630066 -10.831113
v 3.693476 -7.630421 -10.831116
v 3.981638 -7.630595 -10.831116
v 4.307391 -7.630791 -10.831116
v 4.647665 -7.630995 -10.831116
v 4.936183 -7.625767 -10.831114
v 5.420428 -7.625468 -10.831111
v 6.485909 -7.690932 -10.831119
v 6.800954 -7.748287 -10.831120
v 7.078595 -7.795218 -10.831123
v 7.295259 -7.827306 -10.831123
v 7.894190 -7.881044 -10.831118
v 8.173689 -7.909859 -10.831115
v 8.462530 -7.918719 -10.831125
v 9.060286 -7.929476 -10.831120
v 9.379869 -7.931385 -10.831114
v 0.010739 -8.179590 -10.831117
v 2.012767 -8.179485 -10.831123
v 3.100651 -8.179663 -10.831120
v 3.690665 -8.180252 -10.831120
v 3.977412 -8.173182 -10.831121
v 4.308922 -8.175961 -10.831114
v 4.640167 -8.173848 -10.831121
v 4.937997 -8.175574 -10.831121
v 5.463483 -8.174422 -10.831117
v 6.289964 -8.208306 -10.831120
v 6.748096 -8.227884 -10.831120
v 7.002368 -8.157982 -10.831118
v 7.227901 -8.241985 -10.831125
v 7.890433 -8.261900 -10.831122
v 8.159355 -8.182090 -10.831121
v 8.411942 -8.273062 -10.831122
v 9.026998 -8.299300 -10.831119
v 9.335118 -8.309397 -10.831114
v 5.725688 -11.129747 -10.731030
v 5.727428 -10.838518 -10.731022
v 5.726002 -10.587078 -10.731030
v 5.727669 -10.156853 -10.731026
v 5.727369 -9.758776 -10.781070
v 5.734788 -9.448122 -10.831114
v 5.727693 -9.128641 -10.831130
v 5.734843 -8.882965 -10.831121
v 5.764756 -8.628658 -10.831117
v 5.818714 -8.361717 -10.831117
v 5.904832 -8.193940 -10.831120
v 5.975252 -7.925104 -10.831124
v 5.989977 -7.663177 -10.831121
v 5.979131 -7.552478 -10.831117
v 5.972984 -7.128827 -10.831121
v 5.793931 -6.753358 -10.831123
v 5.792549 -5.876581 -10.831114
v 5.792214 -5.039961 -10.831113
v 5.792214 -3.788295 -10.831116
v 5.792214 -3.675323 -12.625277
v 5.792494 -1.576194 -12.625273
v 5.792871 0.051739 -12.625273
v 5.792871 1.557341 -12.625273
v 5.792871 2.982968 -12.625273
v 5.793743 4.577956 -12.625279
v 5.793743 6.164454 -12.625279
v 5.793725 7.668152 -12.590885
v 5.806612 9.210089 -7.832973
v 5.806814 9.624386 -6.513239
v 5.806815 10.418980 -5.388745
v 5.806815 11.103928 -3.101472
v 1.018646 -11.125933 -10.731031
v 1.018613 -10.838717 -10.731039
v 1.019542 -10.593193 -10.731030
v 1.019220 -10.137115 -10.731026
v 1.018891 -9.750896 -10.781068
v 1.024345 -9.425266 -10.831110
v 1.035304 -9.096251 -10.831109
v 1.049299 -8.851149 -10.831126
v 1.055997 -8.602925 -10.831117
v 1.058970 -8.336461 -10.831115
v 1.059621 -8.179536 -10.831118
v 1.060703 -7.918701 -10.831113
v 1.061895 -7.631250 -10.831112
v 1.062425 -7.503438 -10.831112
v 1.060107 -7.127879 -10.831114
v 1.057819 -6.754608 -10.831118
v 1.063365 -5.880062 -10.831115
v 1.063327 -5.046556 -10.831118
v 1.063327 -3.788295 -10.831116
v 1.063327 -3.678272 -12.625278
v 1.063327 -1.576194 -12.625274
v 1.063327 0.051739 -12.625274
v 1.063327 1.557341 -12.625274
v 1.063327 2.974005 -12.625274
v 1.063327 4.577956 -12.625274
v 1.063327 6.164427 -12.625274
v 1.063310 7.723271 -12.590879
v 1.063310 9.210091 -7.832975
v 1.063311 9.624390 -6.513239
v 1.063311 10.418983 -5.388745
v 1.063312 11.103964 -3.101472
v 0.835617 -11.125980 -10.731031
v 0.835578 -10.838764 -10.731039
v 0.836411 -10.592814 -10.731030
v 0.836005 -10.135771 -10.731028
v 0.835891 -9.750395 -10.781069
v 0.840381 -9.424399 -10.831110
v 0.845817 -9.095046 -10.831119
v 0.849620 -8.849538 -10.831119
v 0.849644 -8.601166 -10.831119
v 0.852181 -8.336401 -10.831126
v 0.852736 -8.179546 -10.831129
v 0.853659 -7.918829 -10.831124
v 0.854677 -7.631509 -10.831123
v 0.855129 -7.503754 -10.831123
v 0.849239 -7.128159 -10.831118
v 0.851073 -6.754107 -10.831125
v 0.855430 -5.880764 -10.831126
v 0.855384 -5.046556 -10.831125
v 0.855384 -3.788295 -10.831127
v 0.855384 -3.678911 -12.625289
v 0.855384 -1.576194 -12.625285
v 0.855384 0.051739 -12.625285
v 0.855384 1.557341 -12.625285
v 0.855384 2.974005 -12.625285
v 0.855384 4.577956 -12.625285
v 0.855384 6.164426 -12.625285
v 0.855367 7.726334 -12.590890
v 0.855367 9.210091 -7.832987
v 0.855367 9.624390 -6.513251
v 0.855368 10.418983 -5.388745
v 0.855369 11.103956 -3.101472
v 1.799161 -11.125761 -10.731031
v 1.801365 -10.838543 -10.731039
v 1.800436 -10.594571 -10.731039
v 1.800420 -10.142021 -10.731026
v 1.801513 -9.752726 -10.781075
v 1.806065 -9.428428 -10.831111
v 1.807778 -9.100647 -10.831121
v 1.809011 -8.857026 -10.831121
v 1.809228 -8.609347 -10.831121
v 1.813794 -8.336679 -10.831128
v 1.945231 -8.179496 -10.831123
v 1.997741 -7.918232 -10.831117
v 1.926615 -7.630307 -10.831118
v 1.819100 -7.502285 -10.831116
v 1.792343 -7.126860 -10.831118
v 1.800761 -6.756438 -10.831112
v 1.822372 -5.877499 -10.831118
v 1.822364 -5.046556 -10.831120
v 1.822364 -3.788295 -10.831120
v 1.822364 -3.675935 -12.625280
v 1.822364 -1.576194 -12.625277
v 1.822364 0.051739 -12.625277
v 1.822364 1.557341 -12.625277
v 1.822364 2.974005 -12.625277
v 1.822364 4.577956 -12.625277
v 1.822364 6.164431 -12.625277
v 1.822347 7.717148 -12.590881
v 1.822347 9.210089 -7.832978
v 1.822348 9.624390 -6.513239
v 1.822348 10.418982 -5.388745
v 1.822349 11.103992 -3.101472
v 0.010739 -1.921356 -12.625272
v 0.855384 -1.920804 -12.625284
v 1.063327 -1.920666 -12.625273
v 1.822364 -1.920162 -12.625276
v 2.021351 -1.920030 -12.625281
v 3.143975 -1.920030 -12.625278
v 3.691690 -1.920030 -12.625280
v 3.959142 -1.920030 -12.625282
v 4.261482 -1.920030 -12.625275
v 4.577299 -1.920030 -12.625273
v 4.851589 -1.920030 -12.625278
v 5.146369 -1.920030 -12.625277
v 5.792434 -1.920030 -12.625273
v 6.267958 -1.920030 -12.625279
v 7.020003 -1.920030 -12.625277
v 7.226572 -1.920030 -12.625277
v 7.435623 -1.918935 -12.625265
v 8.160768 -1.918935 -12.625275
v 8.281014 -1.918935 -12.625286
v 8.709060 -1.918935 -12.625277
v 9.152736 -1.918935 -12.625278
v 9.474991 -1.918935 -12.625274
v 9.474991 -2.668783 -12.625275
v 9.152736 -2.668783 -12.625279
v 8.709060 -2.668783 -12.625278
v 8.281014 -2.668783 -12.625287
v 8.159556 -2.668783 -12.625276
v 7.433228 -2.668783 -12.625286
v 7.063281 -2.758245 -12.625275
v 6.808310 -2.469892 -12.625278
v 6.267958 -2.672273 -12.625279
v 5.792301 -2.695184 -12.625273
v 5.146057 -2.718095 -12.625274
v 4.851503 -2.729551 -12.625279
v 4.577299 -2.733369 -12.625273
v 4.261481 -2.741006 -12.625277
v 3.959141 -2.752462 -12.625277
v 3.691689 -2.767736 -12.625278
v 3.147793 -2.783010 -12.625275
v 2.021350 -2.825014 -12.625283
v 1.822363 -2.833071 -12.625278
v 1.063327 -2.861406 -12.625277
v 0.855383 -2.873301 -12.625288
v 0.010739 -2.901793 -12.625276
v 0.010739 8.889332 -8.878191
v 0.855367 8.864822 -8.966661
v 1.063310 8.864822 -8.966650
v 1.822347 8.843378 -9.037163
v 2.021333 8.843378 -9.037168
v 3.143958 8.818871 -9.120492
v 3.691673 8.800489 -9.184584
v 3.959124 8.794363 -9.224332
v 4.261465 8.785173 -9.224335
v 4.577282 8.785173 -9.224335
v 4.858138 8.775984 -9.278174
v 5.170029 8.766792 -9.278178
v 5.802455 8.754539 -9.355093
v 6.267941 8.742285 -9.355086
v 6.818861 8.527172 -9.299489
v 7.046783 8.787056 -9.310762
v 7.436701 8.742287 -9.355081
v 8.161075 8.742287 -9.355090
v 8.264555 8.742289 -9.355091
v 8.709856 8.742289 -9.355092
v 9.152719 8.742289 -9.355094
v 9.474991 8.742289 -9.355089
v -9.453513 7.649787 -12.590878
v -9.131241 7.649787 -12.590882
v -9.453513 9.210087 -7.832974
v -9.131241 9.210087 -7.832979
v -9.453513 6.164470 -12.625273
v -9.131258 6.164470 -12.625278
v -9.453513 4.577956 -12.625273
v -9.131258 4.577956 -12.625278
v -9.453513 3.031142 -12.625273
v -9.131258 3.031142 -12.625278
v -9.453513 1.557341 -12.625273
v -9.131258 1.557341 -12.625278
v -9.453513 0.051739 -12.625273
v -9.131258 0.051739 -12.625278
v -9.453513 -1.576194 -12.625273
v -9.131258 -1.576194 -12.625278
v -9.453513 -3.670243 -12.625277
v -9.131258 -3.670243 -12.625281
v -9.453513 -3.788295 -10.831112
v -9.131258 -3.788295 -10.831118
v -9.453513 -5.039081 -10.831116
v -9.131258 -5.039081 -10.831121
v -9.453513 -5.876572 -10.831114
v -9.131258 -5.876572 -10.831119
v -9.453513 -6.756991 -10.831112
v -9.131258 -6.756991 -10.831116
v -9.453513 -7.130139 -10.831112
v -9.131258 -7.127278 -10.831120
v -9.368823 -7.843266 -10.831116
v -9.046568 -7.843266 -10.831120
v -9.274723 -8.633707 -10.831114
v -8.952468 -8.633707 -10.831119
v -9.237083 -8.859548 -10.831114
v -8.914828 -8.859548 -10.831119
v -9.039474 -9.330049 -10.831114
v -8.729368 -9.327011 -10.831121
v -8.616023 -9.753499 -10.781072
v -8.460158 -9.753499 -10.781084
v -8.462074 -10.170173 -10.731030
v -8.297844 -10.167162 -10.731041
v -8.324312 -10.585319 -10.731030
v -8.125358 -10.585319 -10.731030
v -9.453513 9.624384 -6.513238
v -9.131241 9.624384 -6.513243
v -8.243077 7.651929 -12.590879
v -8.243077 9.210087 -7.832976
v -8.243094 6.164465 -12.625275
v -8.243094 4.577956 -12.625275
v -8.259537 3.026810 -12.625285
v -8.259537 1.557341 -12.625285
v -8.259537 0.051739 -12.625285
v -8.259537 -1.576194 -12.625285
v -8.259537 -3.670243 -12.625289
v -8.259537 -3.788295 -10.831125
v -8.259537 -5.039081 -10.831129
v -8.259537 -5.876572 -10.831126
v -8.259537 -6.756991 -10.831123
v -8.211888 -7.130135 -10.831106
v -8.155553 -7.842332 -10.831118
v -8.115032 -8.631958 -10.831112
v -8.123520 -8.995219 -10.831113
v -8.123533 -9.277030 -10.831121
v -8.034033 -9.753246 -10.781067
v -7.871175 -10.170888 -10.731031
v -7.872966 -10.587038 -10.731030
v -8.243078 9.624384 -6.513240
v -7.415223 7.649778 -12.590869
v -7.415223 9.210087 -7.832973
v -7.415240 6.164461 -12.625264
v -7.415240 4.577956 -12.625264
v -7.415240 2.994323 -12.625264
v -7.415240 1.557341 -12.625264
v -7.415240 0.051739 -12.625264
v -7.415240 -1.576194 -12.625264
v -7.410160 -3.670243 -12.625288
v -7.415240 -3.788295 -10.831104
v -7.415240 -5.039081 -10.831108
v -7.415240 -5.876572 -10.831105
v -7.415239 -6.756991 -10.831102
v -7.415223 9.624386 -6.513239
v -7.410780 -7.127982 -10.831125
v -7.289484 -7.742025 -10.831114
v -7.315140 -8.631753 -10.831113
v -7.205526 -8.901062 -10.831110
v -7.209835 -9.213076 -10.831106
v -7.212397 -9.754487 -10.781079
v -7.213615 -10.166197 -10.731024
v -7.206576 -10.584084 -10.731026
v -7.221306 7.649777 -12.590879
v -7.025005 9.210087 -7.832973
v -7.230181 6.164460 -12.625279
v -7.239038 4.577956 -12.625272
v -7.271597 2.994323 -12.625279
v -7.250602 1.557341 -12.625276
v -7.234692 0.051739 -12.625279
v -7.228486 -1.576194 -12.625278
v -7.030515 -3.675323 -12.625277
v -7.069598 -3.788295 -10.831120
v -7.080831 -5.039081 -10.831121
v -7.080831 -5.876572 -10.831121
v -7.076332 -6.755188 -10.831115
v -7.024171 9.624386 -6.513239
v -7.200637 -7.129291 -10.831120
v -7.074887 -7.710652 -10.831114
v -6.958471 -8.639470 -10.831129
v -6.958645 -9.009548 -10.831119
v -6.959135 -9.196070 -10.831122
v -6.959184 -9.755803 -10.781075
v -6.957692 -10.164243 -10.731024
v -6.957919 -10.586782 -10.731026
v -6.246463 7.662026 -12.590883
v -6.246463 9.210087 -7.832973
v -6.246480 6.164455 -12.625279
v -6.246480 4.577956 -12.625279
v -6.246480 2.984164 -12.625279
v -6.246480 1.557341 -12.625279
v -6.246480 0.051739 -12.625279
v -6.246480 -1.576194 -12.625279
v -6.246480 -3.675323 -12.625283
v -6.246480 -3.788295 -10.831121
v -6.246480 -5.039081 -10.831121
v -6.246480 -5.876577 -10.831121
v -6.246499 -6.752602 -10.831123
v -6.246464 9.624386 -6.513239
v -6.490778 -7.128817 -10.831114
v -6.505229 -7.587405 -10.831117
v -6.136495 -8.630949 -10.831119
v -6.062566 -8.882161 -10.831117
v -6.000538 -9.130789 -10.831130
v -5.999540 -9.759749 -10.781070
v -6.000080 -10.158424 -10.731026
v -6.000592 -10.587451 -10.731026
v -3.122480 7.698773 -12.590883
v -3.122480 9.210089 -7.832973
v -3.122498 6.164438 -12.625278
v -3.122498 4.577956 -12.625278
v -3.122498 2.974005 -12.625278
v -3.122498 1.557341 -12.625278
v -3.122498 0.051739 -12.625278
v -3.122498 -1.576194 -12.625278
v -3.122498 -3.675323 -12.625282
v -3.122498 -3.788295 -10.831121
v -3.122498 -5.046556 -10.831121
v -3.122498 -5.876610 -10.831120
v -3.122838 -6.759027 -10.831118
v -3.122481 9.624388 -6.513239
v -3.079125 -7.128905 -10.831116
v -3.079062 -7.501948 -10.831114
v -3.079317 -8.611481 -10.831120
v -3.079061 -8.859644 -10.831115
v -3.078723 -9.112537 -10.831116
v -3.078381 -9.751478 -10.781075
v -3.078202 -10.145066 -10.731026
v -3.078747 -10.584270 -10.731030
v -1.999856 7.711021 -12.590886
v -1.999856 9.210089 -7.832983
v -1.999873 6.164432 -12.625281
v -1.999873 4.577956 -12.625281
v -1.999873 2.974005 -12.625281
v -1.999873 1.557341 -12.625281
v -1.999873 0.051739 -12.625281
v -1.999873 -1.576194 -12.625281
v -1.999873 -3.675323 -12.625285
v -1.999873 -3.788295 -10.831123
v -1.999873 -5.046556 -10.831125
v -1.999873 -5.876827 -10.831122
v -1.988849 -6.756917 -10.831121
v -1.999857 9.624390 -6.513239
v -1.966304 -7.126593 -10.831105
v -1.995989 -7.501983 -10.831110
v -1.985215 -8.611031 -10.831122
v -1.984959 -8.858567 -10.831122
v -1.973591 -9.101799 -10.831112
v -1.952085 -9.753204 -10.781071
v -1.951198 -10.143307 -10.731026
v -1.951134 -10.594933 -10.731039
v -8.126938 -10.879442 -10.731030
v -7.886420 -10.838068 -10.731026
v -7.205514 -10.838413 -10.731020
v -6.958095 -10.837816 -10.731022
v -6.000549 -10.838486 -10.731022
v -3.080122 -10.838760 -10.731039
v -1.951971 -10.838499 -10.731039
v -8.032743 -11.016886 -10.731030
v -7.903102 -11.130032 -10.731030
v -7.205293 -11.130178 -10.731030
v -6.957907 -11.129580 -10.731030
v -6.000668 -11.130251 -10.731030
v -3.078440 -11.125977 -10.731031
v -1.951972 -11.125715 -10.731031
v -9.372648 10.060982 -6.515707
v -9.131241 10.418978 -5.388743
v -8.243079 10.418978 -5.388745
v -7.415224 10.418978 -5.388745
v -7.024172 10.418978 -5.388745
v -6.246465 10.418980 -5.388745
v -3.122482 10.418982 -5.388745
v -1.999858 10.418982 -5.388745
v -8.746949 10.704550 -4.422441
v -8.243079 11.103916 -3.101472
v -7.415224 11.103918 -3.101472
v -7.024173 11.103918 -3.101472
v -6.246466 11.103918 -3.101472
v -3.122482 11.103998 -3.101472
v -1.999858 11.103998 -3.101472
v -7.616441 -11.130089 -10.731030
v -7.616303 -10.838202 -10.731020
v -7.615967 -10.585898 -10.731030
v -7.616141 -10.163530 -10.731026
v -7.737626 -9.755164 -10.781084
v -7.871394 -9.258303 -10.831113
v -7.872762 -8.876894 -10.831127
v -7.800424 -8.631879 -10.831112
v -7.873588 -7.803648 -10.831124
v -7.957295 -7.127341 -10.831110
v -7.985837 -6.756991 -10.831123
v -8.044236 -5.876572 -10.831121
v -8.106961 -5.039081 -10.831116
v -8.130754 -3.788295 -10.831116
v -8.137274 -3.670243 -12.625278
v -8.139844 -1.576194 -12.625274
v -8.140121 0.051739 -12.625274
v -8.140246 1.557341 -12.625274
v -8.140455 3.024714 -12.625274
v -8.139421 4.577956 -12.625274
v -8.139615 6.164464 -12.625274
v -8.139597 7.649781 -12.590879
v -8.139597 9.210087 -7.832975
v -8.139598 9.624384 -6.513234
v -8.139599 10.418978 -5.388745
v -8.143958 11.103916 -3.101472
v -8.776870 -9.592653 -10.803312
v -8.538651 -9.545009 -10.831116
v -8.110621 -9.511822 -10.831114
v -7.850638 -9.506382 -10.831114
v -7.211424 -9.468271 -10.831117
v -6.960719 -9.464982 -10.831118
v -6.002099 -9.463834 -10.831120
v -3.078511 -9.421483 -10.831121
v -1.961981 -9.429256 -10.831111
v -7.943522 -11.094753 -10.731030
v -7.996459 -10.850967 -10.731041
v -7.984955 -10.586502 -10.731041
v -8.081311 -10.169726 -10.731041
v -8.305334 -9.753325 -10.781076
v -8.352612 -9.509902 -10.831119
v -8.370255 -9.292614 -10.831115
v -8.370241 -8.876042 -10.831114
v -8.491795 -8.632504 -10.831110
v -8.452845 -7.842623 -10.831111
v -8.498538 -7.129244 -10.831115
v -8.554125 -6.756991 -10.831116
v -8.594162 -5.876572 -10.831121
v -8.687582 -5.039081 -10.831120
v -8.687582 -3.788295 -10.831116
v -8.687582 -3.670243 -12.625279
v -8.687582 -1.576194 -12.625276
v -8.689884 0.051739 -12.625276
v -8.689077 1.557341 -12.625276
v -8.689077 3.028161 -12.625276
v -8.688273 4.577956 -12.625276
v -8.688273 6.164467 -12.625276
v -8.688255 7.649784 -12.590880
v -8.688437 9.210087 -7.832977
v -8.688830 9.624384 -6.513241
v -8.688831 10.418978 -5.388734
v -8.400180 10.906258 -3.755791
v -9.300833 -8.417588 -10.831114
v -8.995993 -8.405149 -10.831105
v -8.375986 -8.383284 -10.831110
v -8.133775 -8.254503 -10.831114
v -7.867881 -8.386312 -10.831122
v -7.187144 -8.376078 -10.831117
v -6.959073 -8.261810 -10.831119
v -6.205801 -8.379495 -10.831118
v -3.079199 -8.336964 -10.831117
v -1.990198 -8.336737 -10.831121
v -4.667647 -11.127937 -10.731031
v -4.669336 -10.838634 -10.731022
v -4.668813 -10.585730 -10.731030
v -4.669484 -10.151196 -10.731030
v -4.667817 -9.755274 -10.781070
v -4.660418 -9.423339 -10.831121
v -4.649271 -9.120912 -10.831121
v -4.639249 -8.869975 -10.831123
v -4.634642 -8.620413 -10.831118
v -4.616543 -8.338683 -10.831117
v -4.627935 -7.502734 -10.831114
v -4.628368 -7.128864 -10.831127
v -4.538439 -6.756079 -10.831117
v -4.555821 -5.876595 -10.831114
v -4.555821 -5.043127 -10.831116
v -4.555821 -3.788295 -10.831116
v -4.555821 -3.675323 -12.625277
v -4.555821 -1.576194 -12.625273
v -4.555821 0.051739 -12.625273
v -4.555821 1.557341 -12.625273
v -4.555821 2.978666 -12.625273
v -4.555821 4.577956 -12.625273
v -4.555821 6.164446 -12.625273
v -4.555804 7.674272 -12.590885
v -4.555804 9.210089 -7.832973
v -4.555805 9.624388 -6.513239
v -4.555806 10.418980 -5.388745
v -4.555806 11.103960 -3.101472
v -6.667389 -11.129848 -10.731030
v -6.666986 -10.838085 -10.731022
v -6.668013 -10.587050 -10.731026
v -6.669191 -10.161908 -10.731026
v -6.668530 -9.757387 -10.781070
v -6.686897 -9.464521 -10.831120
v -6.703797 -9.176032 -10.831122
v -6.707867 -8.882483 -10.831121
v -6.628637 -8.636051 -10.831116
v -6.711490 -8.390462 -10.831118
v -6.791798 -7.655193 -10.831120
v -6.915792 -7.129101 -10.831121
v -6.743345 -6.754150 -10.831123
v -6.744085 -5.876575 -10.831121
v -6.744085 -5.039081 -10.831121
v -6.772121 -3.788295 -10.831123
v -6.729047 -3.675323 -12.625277
v -7.008590 -1.576194 -12.625273
v -7.048401 0.051739 -12.625278
v -7.085233 1.557341 -12.625278
v -7.114717 2.990246 -12.625277
v -7.082532 4.577956 -12.625280
v -7.044120 6.164458 -12.625278
v -6.996964 7.649775 -12.590880
v -6.793824 9.210087 -7.832973
v -6.793824 9.624386 -6.513239
v -6.793825 10.418980 -5.388745
v -6.793826 11.103918 -3.101472
v -5.306703 -11.129065 -10.731031
v -5.307933 -10.838562 -10.731022
v -5.306623 -10.586569 -10.731030
v -5.306903 -10.154716 -10.731030
v -5.306931 -9.757454 -10.781070
v -5.306060 -9.426776 -10.831121
v -5.261661 -9.125723 -10.831108
v -5.238928 -8.884057 -10.831121
v -5.209041 -8.625546 -10.831119
v -5.175133 -8.337563 -10.831117
v -5.161575 -7.505023 -10.831114
v -5.218832 -7.128841 -10.831127
v -5.128398 -6.754385 -10.831120
v -5.125162 -5.876586 -10.831116
v -5.124373 -5.041156 -10.831115
v -5.124373 -3.788295 -10.831118
v -5.124373 -3.675323 -12.625278
v -5.125033 -1.576194 -12.625275
v -5.125921 0.051739 -12.625275
v -5.125921 1.557341 -12.625275
v -5.125921 2.981344 -12.625275
v -5.127979 4.577956 -12.625275
v -5.127979 6.164451 -12.625275
v -5.131025 7.677340 -12.590879
v -5.158357 9.210089 -7.832973
v -5.158831 9.624386 -6.513239
v -5.158832 10.418980 -5.388745
v -5.158833 11.103939 -3.101472
v -4.289830 -11.127506 -10.731031
v -4.291854 -10.838661 -10.731022
v -4.291225 -10.585407 -10.731030
v -4.289467 -10.149845 -10.731030
v -4.290359 -9.754437 -10.781075
v -4.284620 -9.422930 -10.831121
v -4.275976 -9.119066 -10.831121
v -4.296092 -8.867699 -10.831123
v -4.292557 -8.618444 -10.831118
v -4.288229 -8.338305 -10.831117
v -4.287271 -7.502561 -10.831114
v -4.287623 -7.128873 -10.831127
v -4.226527 -6.756728 -10.831114
v -4.240004 -5.876598 -10.831115
v -4.240004 -5.043882 -10.831118
v -4.240004 -3.788295 -10.831116
v -4.240004 -3.675323 -12.625278
v -4.240004 -1.576194 -12.625274
v -4.240004 0.051739 -12.625274
v -4.240004 1.557341 -12.625274
v -4.240004 2.977639 -12.625274
v -4.240004 4.577956 -12.625274
v -4.240004 6.164444 -12.625274
v -4.239987 7.686524 -12.590879
v -4.239987 9.210089 -7.832973
v -4.239987 9.624388 -6.513239
v -4.239988 10.418980 -5.388745
v -4.239988 11.103970 -3.101472
v -3.952569 -11.127092 -10.731031
v -3.953464 -10.838688 -10.731022
v -3.953656 -10.585100 -10.731030
v -3.954103 -10.148552 -10.731030
v -3.955678 -9.753637 -10.781075
v -3.957097 -9.422539 -10.831121
v -3.956420 -9.117300 -10.831113
v -3.956437 -8.865520 -10.831117
v -3.962284 -8.616561 -10.831114
v -3.954726 -8.337942 -10.831117
v -3.961146 -7.502396 -10.831114
v -3.961419 -7.128882 -10.831113
v -3.927925 -6.757350 -10.831120
v -3.937664 -5.876602 -10.831121
v -3.937664 -5.044606 -10.831123
v -3.937664 -3.788295 -10.831123
v -3.937664 -3.675323 -12.625284
v -3.937664 -1.576194 -12.625280
v -3.937664 0.051739 -12.625280
v -3.937664 1.557341 -12.625280
v -3.937664 2.976655 -12.625280
v -3.937664 4.577956 -12.625280
v -3.937664 6.164443 -12.625280
v -3.937647 7.686523 -12.590879
v -3.937647 9.210089 -7.832973
v -3.937648 9.624388 -6.513239
v -3.937648 10.418982 -5.388745
v -3.937649 11.103977 -3.101472
v -3.666422 -11.126726 -10.731031
v -3.668428 -10.838713 -10.731022
v -3.667237 -10.584827 -10.731030
v -3.668357 -10.147408 -10.731026
v -3.667973 -9.752929 -10.781075
v -3.662440 -9.422193 -10.831121
v -3.663883 -9.115738 -10.831113
v -3.660262 -8.863592 -10.831117
v -3.664231 -8.614895 -10.831114
v -3.668384 -8.337621 -10.831117
v -3.672653 -7.502249 -10.831112
v -3.672857 -7.128889 -10.831119
v -3.663781 -6.757900 -10.831118
v -3.670213 -5.876605 -10.831121
v -3.670213 -5.045246 -10.831123
v -3.670213 -3.788295 -10.831121
v -3.670213 -3.675323 -12.625283
v -3.670213 -1.576194 -12.625279
v -3.670213 0.051739 -12.625279
v -3.670213 1.557341 -12.625279
v -3.670213 2.975786 -12.625279
v -3.670213 4.577956 -12.625279
v -3.670213 6.164442 -12.625279
v -3.670195 7.692649 -12.590879
v -3.670195 9.210089 -7.832973
v -3.670196 9.624388 -6.513239
v -3.670197 10.418982 -5.388745
v -3.670197 11.103983 -3.101472
v -5.036739 -11.128250 -10.731031
v -5.035875 -10.838614 -10.731022
v -5.038213 -10.585962 -10.731030
v -5.036315 -10.152172 -10.731030
v -5.036733 -9.755878 -10.781070
v -5.037530 -9.424292 -10.831121
v -5.007353 -9.122246 -10.831121
v -4.971078 -8.873879 -10.831115
v -4.949540 -8.621836 -10.831118
v -4.917502 -8.341343 -10.831117
v -4.914624 -7.503649 -10.831114
v -4.914711 -7.128858 -10.831127
v -4.818521 -6.755609 -10.831117
v -4.830187 -5.876593 -10.831119
v -4.829968 -5.042580 -10.831118
v -4.829968 -3.788295 -10.831120
v -4.829968 -3.675323 -12.625281
v -4.830151 -1.576194 -12.625278
v -4.830398 0.051739 -12.625278
v -4.830398 1.557341 -12.625278
v -4.830398 2.979409 -12.625278
v -4.830968 4.577956 -12.625278
v -4.830968 6.164447 -12.625278
v -4.830951 7.677337 -12.590879
v -4.839379 9.210089 -7.832973
v -4.839510 9.624388 -6.513239
v -4.839511 10.418980 -5.388745
v -4.839512 11.103954 -3.101472
v -1.993103 -7.918109 -10.831121
v -3.079131 -7.918204 -10.831114
v -3.670525 -7.918683 -10.831119
v -3.957945 -7.918917 -10.831119
v -4.282859 -7.919180 -10.831119
v -4.622256 -7.919456 -10.831119
v -4.914887 -7.926160 -10.831124
v -5.533555 -7.926923 -10.831123
v -6.372677 -7.923765 -10.831121
v -6.751764 -7.957657 -10.831120
v -7.017154 -7.985405 -10.831116
v -7.238467 -8.019103 -10.831123
v -7.870743 -8.055108 -10.831116
v -8.144696 -8.061728 -10.831124
v -8.414531 -8.089858 -10.831121
v -9.021356 -8.123364 -10.831120
v -9.334929 -8.129566 -10.831114
v -1.995101 -7.630060 -10.831109
v -3.079083 -7.630066 -10.831113
v -3.671998 -7.630421 -10.831116
v -3.960161 -7.630595 -10.831116
v -4.285913 -7.630791 -10.831116
v -4.626187 -7.630995 -10.831116
v -4.914705 -7.625767 -10.831114
v -5.398950 -7.625468 -10.831111
v -6.464431 -7.690932 -10.831119
v -6.779476 -7.748287 -10.831120
v -7.057117 -7.795218 -10.831123
v -7.273782 -7.827306 -10.831123
v -7.872712 -7.881044 -10.831118
v -8.152211 -7.909859 -10.831115
v -8.441052 -7.918719 -10.831125
v -9.038808 -7.929476 -10.831120
v -9.358391 -7.931385 -10.831114
v -1.991289 -8.179485 -10.831123
v -3.079174 -8.179663 -10.831120
v -3.669188 -8.180252 -10.831120
v -3.955935 -8.173182 -10.831121
v -4.287445 -8.175961 -10.831114
v -4.618689 -8.173848 -10.831121
v -4.916519 -8.175574 -10.831121
v -5.442006 -8.174422 -10.831117
v -6.268486 -8.208306 -10.831120
v -6.726618 -8.227884 -10.831120
v -6.980890 -8.157982 -10.831118
v -7.206423 -8.241985 -10.831125
v -7.868956 -8.261900 -10.831122
v -8.137877 -8.182090 -10.831121
v -8.390465 -8.273062 -10.831122
v -9.005520 -8.299300 -10.831119
v -9.313641 -8.309397 -10.831114
v -5.704210 -11.129747 -10.731030
v -5.705951 -10.838518 -10.731022
v -5.704524 -10.587078 -10.731030
v -5.706191 -10.156853 -10.731026
v -5.705892 -9.758776 -10.781070
v -5.713311 -9.448122 -10.831114
v -5.706215 -9.128641 -10.831130
v -5.713366 -8.882965 -10.831121
v -5.743279 -8.628658 -10.831117
v -5.797236 -8.361717 -10.831117
v -5.883354 -8.193940 -10.831120
v -5.953774 -7.925104 -10.831124
v -5.968499 -7.663177 -10.831121
v -5.957653 -7.552478 -10.831117
v -5.951506 -7.128827 -10.831121
v -5.772453 -6.753358 -10.831123
v -5.771071 -5.876581 -10.831114
v -5.770736 -5.039961 -10.831113
v -5.770736 -3.788295 -10.831116
v -5.770736 -3.675323 -12.625277
v -5.771016 -1.576194 -12.625273
v -5.771393 0.051739 -12.625273
v -5.771393 1.557341 -12.625273
v -5.771393 2.982968 -12.625273
v -5.772265 4.577956 -12.625279
v -5.772265 6.164454 -12.625279
v -5.772248 7.668152 -12.590885
v -5.785135 9.210089 -7.832973
v -5.785336 9.624386 -6.513239
v -5.785337 10.418980 -5.388745
v -5.785337 11.103928 -3.101472
v -0.997168 -11.125933 -10.731031
v -0.997136 -10.838717 -10.731039
v -0.998065 -10.593193 -10.731030
v -0.997743 -10.137115 -10.731026
v -0.997413 -9.750896 -10.781068
v -1.002868 -9.425266 -10.831110
v -1.013826 -9.096251 -10.831109
v -1.027821 -8.851149 -10.831126
v -1.034519 -8.602925 -10.831117
v -1.037493 -8.336461 -10.831115
v -1.038143 -8.179536 -10.831118
v -1.039225 -7.918701 -10.831113
v -1.040418 -7.631250 -10.831112
v -1.040948 -7.503438 -10.831112
v -1.038629 -7.127879 -10.831114
v -1.036342 -6.754608 -10.831118
v -1.041887 -5.880062 -10.831115
v -1.041850 -5.046556 -10.831118
v -1.041850 -3.788295 -10.831116
v -1.041850 -3.678272 -12.625278
v -1.041850 -1.576194 -12.625274
v -1.041850 0.051739 -12.625274
v -1.041850 1.557341 -12.625274
v -1.041850 2.974005 -12.625274
v -1.041850 4.577956 -12.625274
v -1.041850 6.164427 -12.625274
v -1.041832 7.723271 -12.590879
v -1.041832 9.210091 -7.832975
v -1.041833 9.624390 -6.513239
v -1.041834 10.418983 -5.388745
v -1.041835 11.103964 -3.101472
v -0.814140 -11.125980 -10.731031
v -0.814101 -10.838764 -10.731039
v -0.814933 -10.592813 -10.731030
v -0.814527 -10.135771 -10.731028
v -0.814413 -9.750395 -10.781069
v -0.818904 -9.424399 -10.831110
v -0.824339 -9.095046 -10.831119
v -0.828142 -8.849538 -10.831119
v -0.828166 -8.601166 -10.831119
v -0.830703 -8.336401 -10.831126
v -0.831259 -8.179546 -10.831129
v -0.832182 -7.918829 -10.831124
v -0.833199 -7.631509 -10.831123
v -0.833652 -7.503754 -10.831123
v -0.827762 -7.128159 -10.831118
v -0.829596 -6.754107 -10.831125
v -0.833952 -5.880764 -10.831126
v -0.833906 -5.046556 -10.831125
v -0.833906 -3.788295 -10.831127
v -0.833906 -3.678911 -12.625289
v -0.833906 -1.576194 -12.625285
v -0.833906 0.051739 -12.625285
v -0.833906 1.557341 -12.625285
v -0.833906 2.974005 -12.625285
v -0.833906 4.577956 -12.625285
v -0.833906 6.164425 -12.625285
v -0.833889 7.726334 -12.590890
v -0.833889 9.210091 -7.832987
v -0.833890 9.624390 -6.513251
v -0.833891 10.418983 -5.388745
v -0.833891 11.103956 -3.101472
v -1.777684 -11.125761 -10.731031
v -1.779888 -10.838543 -10.731039
v -1.778958 -10.594571 -10.731039
v -1.778942 -10.142021 -10.731026
v -1.780035 -9.752726 -10.781075
v -1.784588 -9.428428 -10.831111
v -1.786300 -9.100647 -10.831121
v -1.787534 -8.857026 -10.831121
v -1.787750 -8.609347 -10.831121
v -1.792316 -8.336679 -10.831128
v -1.923753 -8.179496 -10.831123
v -1.976263 -7.918232 -10.831117
v -1.905138 -7.630307 -10.831118
v -1.797622 -7.502285 -10.831116
v -1.770865 -7.126860 -10.831118
v -1.779284 -6.756438 -10.831112
v -1.800894 -5.877499 -10.831118
v -1.800887 -5.046556 -10.831120
v -1.800887 -3.788295 -10.831120
v -1.800887 -3.675935 -12.625280
v -1.800887 -1.576194 -12.625277
v -1.800887 0.051739 -12.625277
v -1.800887 1.557341 -12.625277
v -1.800887 2.974005 -12.625277
v -1.800887 4.577956 -12.625277
v -1.800887 6.164431 -12.625277
v -1.800869 7.717148 -12.590881
v -1.800869 9.210089 -7.832978
v -1.800870 9.624390 -6.513239
v -1.800871 10.418982 -5.388745
v -1.800871 11.103992 -3.101472
v -0.833906 -1.920804 -12.625284
v -1.041850 -1.920666 -12.625273
v -1.800887 -1.920162 -12.625276
v -1.999873 -1.920030 -12.625281
v -3.122498 -1.920030 -12.625278
v -3.670213 -1.920030 -12.625280
v -3.937664 -1.920030 -12.625282
v -4.240004 -1.920030 -12.625275
v -4.555821 -1.920030 -12.625273
v -4.830112 -1.920030 -12.625278
v -5.124891 -1.920030 -12.625277
v -5.770956 -1.920030 -12.625273
v -6.246480 -1.920030 -12.625279
v -6.998526 -1.920030 -12.625277
v -7.205094 -1.920030 -12.625277
v -7.414145 -1.918935 -12.625265
v -8.139290 -1.918935 -12.625275
v -8.259537 -1.918935 -12.625286
v -8.687582 -1.918935 -12.625277
v -9.131258 -1.918935 -12.625278
v -9.453513 -1.918935 -12.625274
v -9.453513 -2.668783 -12.625275
v -9.131258 -2.668783 -12.625279
v -8.687582 -2.668783 -12.625278
v -8.259537 -2.668783 -12.625287
v -8.138079 -2.668783 -12.625276
v -7.411750 -2.668783 -12.625286
v -7.041803 -2.758245 -12.625275
v -6.786832 -2.469892 -12.625278
v -6.246480 -2.672273 -12.625279
v -5.770823 -2.695184 -12.625273
v -5.124579 -2.718095 -12.625274
v -4.830025 -2.729551 -12.625279
v -4.555821 -2.733369 -12.625273
v -4.240004 -2.741006 -12.625277
v -3.937664 -2.752462 -12.625277
v -3.670212 -2.767736 -12.625278
v -3.126316 -2.783010 -12.625275
v -1.999873 -2.825014 -12.625283
v -1.800886 -2.833071 -12.625278
v -1.041849 -2.861406 -12.625277
v -0.833906 -2.873301 -12.625288
v -0.833889 8.864822 -8.966661
v -1.041832 8.864822 -8.966650
v -1.800869 8.843378 -9.037163
v -1.999856 8.843378 -9.037168
v -3.122480 8.818871 -9.120492
v -3.670195 8.800489 -9.184584
v -3.937647 8.794363 -9.224332
v -4.239987 8.785173 -9.224335
v -4.555804 8.785173 -9.224335
v -4.836660 8.775984 -9.278174
v -5.148551 8.766792 -9.278178
v -5.780977 8.754539 -9.355093
v -6.246463 8.742285 -9.355086
v -6.710949 8.527172 -9.289886
v -7.025306 8.787056 -9.301158
v -7.415223 8.742287 -9.355081
v -8.139597 8.742287 -9.355090
v -8.243077 8.742289 -9.355091
v -8.688378 8.742289 -9.355092
v -9.131241 8.742289 -9.355094
v -9.453513 8.742289 -9.355089
v 9.474750 7.993736 2.157681
v 9.474752 8.742289 2.080374
v 9.152549 8.742091 2.080417
v 9.152626 7.993727 2.157677
v 9.152657 6.164470 2.370267
v 9.474756 6.164470 2.370273
v 9.152653 4.577956 2.428246
v 9.474763 4.577956 2.428251
v 9.152648 3.031142 2.454015
v 9.474772 3.031142 2.454020
v 9.152661 1.557341 2.428246
v 9.474799 1.557341 2.428252
v 9.152658 0.051738 2.383151
v 9.474792 0.051739 2.383156
v 9.152654 -1.576194 2.241424
v 9.474784 -1.576194 2.241428
v 9.152661 -1.918935 2.209213
v 9.152658 -2.668783 2.090032
v 9.474760 -2.668783 2.090037
v 9.474774 -1.918935 2.209219
v 9.152663 -3.166487 2.090032
v 9.152660 -4.646397 1.781840
v 9.474770 -4.646397 1.781844
v 9.474792 -3.166487 2.090037
v 9.152631 -4.733264 1.427359
v 9.474750 -4.733253 1.427361
v 9.152617 -5.876566 1.427358
v 9.474757 -5.876572 1.427363
v 9.152644 -6.756982 1.447384
v 9.474744 -6.756991 1.447391
v 9.152684 -7.127267 1.447384
v 9.474771 -7.130126 1.447391
v 9.068010 -7.843535 1.447383
v 9.390105 -7.843241 1.447389
v 9.026953 -8.298616 1.317229
v 9.017541 -8.404680 1.275370
v 9.322452 -8.417358 1.268695
v 9.335099 -8.308922 1.290020
v 8.973971 -8.633958 1.200629
v 8.936263 -8.859590 1.205255
v 9.258318 -8.859492 1.205258
v 9.296155 -8.633922 1.200634
v 8.750791 -9.326883 1.523156
v 9.060707 -9.329815 1.523166
v 8.560005 -9.545045 1.793444
v 8.797985 -9.592491 1.793446
v 8.481288 -9.753551 1.793433
v 8.318955 -10.166964 1.793433
v 8.482723 -10.169744 1.793446
v 8.636645 -9.753312 1.793446
v 8.145891 -10.585128 1.668379
v 8.345317 -10.584905 1.668379
v 9.474781 9.210087 2.070711
v 9.474818 9.950579 1.970858
v 9.152682 9.950558 1.970853
v 9.152642 9.210087 2.070706
v 8.711423 8.726595 2.084171
v 8.709977 7.975435 2.160002
v 8.709800 6.164467 2.370269
v 8.709750 4.577943 2.428248
v 8.710455 3.028148 2.454017
v 8.710420 1.557341 2.428248
v 8.711223 0.051739 2.383153
v 8.708926 -1.576194 2.241425
v 8.708930 -1.918935 2.209215
v 8.708924 -2.668783 2.090034
v 8.708916 -3.166487 2.090034
v 8.708919 -4.646397 1.781840
v 8.708923 -4.733271 1.427360
v 8.615466 -5.876554 1.427356
v 8.575484 -6.756885 1.447389
v 8.520009 -7.129146 1.447390
v 8.474355 -7.843273 1.447392
v 8.412057 -8.272115 1.337234
v 8.397511 -8.382639 1.290025
v 8.513332 -8.632710 1.200638
v 8.391791 -8.876185 1.205258
v 8.391764 -9.292655 1.501306
v 8.374237 -9.509954 1.793441
v 8.327198 -9.753588 1.793441
v 8.103103 -10.169857 1.793433
v 8.006735 -10.586392 1.668366
v 8.710330 9.950550 1.970855
v 8.710104 9.212418 2.069937
v 8.078974 8.701504 2.105410
v 8.303556 8.704153 2.090619
v 8.131866 7.944376 2.170522
v 8.280669 7.945885 2.164197
v 8.161273 6.164464 2.370271
v 8.264664 6.164465 2.370270
v 8.161291 4.577945 2.428250
v 8.264834 4.577932 2.428249
v 8.162651 3.024702 2.454018
v 8.281507 3.026785 2.454007
v 8.162546 1.557341 2.428250
v 8.281586 1.557341 2.428239
v 8.162422 0.051738 2.383155
v 8.281583 0.051738 2.383143
v 8.162139 -1.576195 2.241427
v 8.281577 -1.576195 2.241416
v 8.161524 -1.918986 2.209217
v 8.281557 -1.918936 2.209206
v 8.160213 -2.668834 2.090035
v 8.281552 -2.668784 2.090024
v 8.281532 -3.166492 2.090024
v 8.159386 -3.166471 2.090035
v 8.152899 -4.646339 1.781838
v 8.281443 -4.646385 1.781830
v 8.129035 -4.733255 1.427363
v 8.281339 -4.733268 1.427348
v 8.066166 -5.876626 1.427354
v 8.281137 -5.876589 1.427348
v 8.007508 -6.756921 1.447383
v 8.280940 -6.756763 1.447376
v 8.264758 9.950594 1.970853
v 8.160949 9.950686 1.970783
v 8.108225 9.238342 2.068020
v 8.287422 9.229716 2.064490
v 7.978659 -7.127329 1.447390
v 8.233192 -7.129962 1.447395
v 7.894914 -7.803607 1.447378
v 8.176847 -7.842554 1.447386
v 7.890366 -8.261742 1.337232
v 8.159482 -8.181654 1.437860
v 7.889209 -8.385928 1.279940
v 8.155209 -8.253827 1.362250
v 8.136277 -8.632001 1.200637
v 7.821818 -8.631883 1.200635
v 7.894142 -8.877024 1.205245
v 8.144819 -8.995347 1.265448
v 7.892969 -9.258211 1.462797
v 8.144996 -9.276972 1.485166
v 7.872044 -9.506534 1.793446
v 8.132201 -9.511741 1.793446
v 8.055613 -9.753379 1.793450
v 7.758951 -9.755155 1.793433
v 7.637668 -10.163359 1.793448
v 7.892972 -10.170938 1.793443
v 7.637564 -10.585717 1.668378
v 7.895228 -10.586905 1.668379
v 7.082563 8.731854 2.106237
v 7.473024 8.719576 2.191250
v 7.190530 7.641633 2.252913
v 7.525407 7.733068 2.282461
v 7.251112 6.164460 2.370265
v 7.436342 6.164464 2.507243
v 7.259870 4.577951 2.428252
v 7.436309 4.577953 2.565223
v 7.292374 2.994315 2.454013
v 7.436208 2.994318 2.590991
v 7.271454 1.557343 2.428248
v 7.436211 1.557345 2.565223
v 7.255622 0.051739 2.383149
v 7.436248 0.051737 2.520127
v 7.249495 -1.576163 2.241423
v 7.436292 -1.576168 2.378400
v 7.226354 -1.920052 2.209215
v 7.435434 -1.919004 2.346189
v 7.063380 -2.758233 2.090036
v 7.433271 -2.668881 2.226988
v 7.431700 -3.166445 2.090025
v 7.052056 -3.171538 2.227000
v 7.090869 -4.646423 1.781840
v 7.436628 -4.646351 1.781852
v 7.101962 -4.733284 1.427355
v 7.436501 -4.733267 1.427373
v 7.101960 -5.876543 1.427357
v 7.436547 -5.876582 1.427369
v 7.097562 -6.755318 1.447387
v 7.436648 -6.757170 1.447398
v 7.459394 9.958696 1.965556
v 7.057534 9.959185 1.965223
v 7.077283 9.261810 2.116199
v 7.498899 9.262906 2.116512
v 7.222073 -7.129400 1.447384
v 7.432279 -7.128136 1.447378
v 7.096356 -7.711092 1.447389
v 7.311024 -7.742400 1.447391
v 7.002538 -8.158004 1.437865
v 7.228063 -8.241924 1.362244
v 6.980632 -8.261988 1.337234
v 7.208474 -8.376018 1.290018
v 7.336476 -8.631693 1.200636
v 6.979831 -8.639441 1.200620
v 6.979790 -9.009491 1.265440
v 7.226699 -8.900868 1.205263
v 6.980260 -9.196093 1.409707
v 7.231085 -9.213099 1.409723
v 6.982111 -9.464943 1.793442
v 7.232821 -9.468543 1.793442
v 7.233972 -9.754419 1.793438
v 6.980789 -9.755636 1.793443
v 6.979235 -10.164124 1.793450
v 7.235187 -10.166014 1.793450
v 6.979400 -10.586670 1.668383
v 7.228105 -10.583944 1.668383
v 6.802163 8.599780 2.135488
v 6.894858 7.671674 2.284670
v 7.065446 6.164483 2.510858
v 7.103871 4.577956 2.568871
v 7.136103 2.990245 2.594644
v 7.106671 1.557337 2.568872
v 7.069874 0.051748 2.523777
v 7.030098 -1.576198 2.382055
v 7.019972 -1.920044 2.349842
v 6.808232 -2.469866 2.182567
v 6.750422 -3.171549 2.227000
v 6.793523 -4.646429 1.781836
v 6.765567 -4.733258 1.427355
v 6.765552 -5.876560 1.427354
v 6.764791 -6.754138 1.447383
v 6.802129 9.955062 1.967813
v 6.784717 9.220084 2.135901
v 6.937238 -7.129085 1.447381
v 6.813236 -7.655365 1.447387
v 6.748087 -8.227952 1.384759
v 6.733145 -8.390603 1.279946
v 6.650272 -8.636091 1.200632
v 6.729454 -8.882570 1.205250
v 6.725209 -9.176033 1.396176
v 6.708354 -9.464236 1.793440
v 6.690057 -9.757171 1.793447
v 6.690693 -10.161862 1.793449
v 6.689478 -10.586931 1.668382
v 5.802410 8.754431 2.111603
v 6.267930 8.742199 2.111609
v 5.800449 7.638652 2.308996
v 6.339425 7.715261 2.292996
v 5.807090 6.257386 2.511457
v 6.334763 6.227774 2.509741
v 5.828615 4.658870 2.614539
v 6.332820 4.596308 2.614696
v 5.846811 3.092549 2.665263
v 6.401288 3.052131 2.629518
v 5.810710 1.558279 2.687995
v 6.326687 1.546715 2.629148
v 5.800230 0.106841 2.622592
v 6.316082 0.045674 2.572519
v 5.785803 -1.183155 2.506236
v 6.283844 -1.495907 2.446676
v 5.790740 -1.923883 2.355105
v 6.268397 -1.920520 2.303125
v 5.792388 -2.695184 2.101135
v 6.268005 -2.672254 2.101129
v 6.268005 -3.171557 2.226994
v 5.792301 -3.171567 2.227000
v 5.792293 -4.646397 1.781845
v 6.268045 -4.646401 1.781837
v 5.792299 -4.734134 1.427364
v 6.268068 -4.733248 1.427356
v 5.792626 -5.876610 1.427363
v 6.268030 -5.876592 1.427356
v 5.793941 -6.753457 1.447381
v 6.267969 -6.752594 1.447383
v 6.268034 9.950795 1.970776
v 5.806803 9.950659 1.970857
v 5.806571 9.210035 2.163751
v 6.268193 9.211237 2.162656
v 5.972906 -7.128784 1.447380
v 6.512285 -7.128750 1.447386
v 5.979100 -7.552411 1.447383
v 6.526687 -7.587504 1.447387
v 5.904843 -8.193833 1.437861
v 6.289916 -8.208248 1.396638
v 5.818735 -8.361731 1.290018
v 6.227261 -8.379485 1.290016
v 6.157966 -8.630996 1.200630
v 5.764740 -8.628734 1.200631
v 5.734906 -8.883172 1.205251
v 6.084008 -8.882457 1.205255
v 5.727874 -9.128604 1.347219
v 6.022003 -9.130839 1.347218
v 5.734903 -9.447812 1.793445
v 6.023631 -9.463446 1.793440
v 6.021052 -9.759558 1.793447
v 5.727357 -9.758642 1.793447
v 5.727601 -10.156873 1.793449
v 6.021537 -10.158418 1.793449
v 5.725927 -10.586905 1.668379
v 6.022021 -10.587316 1.668382
v 2.021821 8.843128 2.111686
v 3.137719 8.813527 2.113832
v 2.246505 7.563055 2.361417
v 2.938894 7.542496 2.351800
v 2.281110 6.147237 2.542070
v 2.856231 6.129037 2.518880
v 2.281051 4.683970 2.665332
v 2.820801 4.676145 2.634540
v 2.283271 3.212007 2.734530
v 2.814612 3.214870 2.704791
v 2.293681 1.770578 2.724668
v 2.828863 1.774772 2.706235
v 2.313933 0.374433 2.658605
v 2.866748 0.379451 2.649573
v 2.336004 -0.958684 2.550693
v 2.937429 -0.944356 2.545796
v 2.301112 -1.979838 2.347998
v 3.018483 -1.966218 2.345860
v 2.021490 -2.825032 2.101126
v 3.147806 -2.783041 2.101135
v 3.143982 -3.171623 2.226994
v 2.021516 -3.171596 2.226992
v 2.021534 -4.646397 1.781836
v 3.143966 -4.646397 1.781837
v 2.021545 -4.740729 1.427354
v 3.143970 -4.740729 1.427357
v 2.021540 -5.876809 1.427354
v 3.143965 -5.876600 1.427357
v 2.010387 -6.756766 1.447384
v 3.144322 -6.758922 1.447384
v 3.143943 9.950634 1.970857
v 2.021367 9.950594 1.970857
v 2.021438 9.210018 2.163740
v 3.143883 9.210026 2.163751
v 1.987561 -7.126534 1.447397
v 3.100654 -7.128798 1.447389
v 2.017125 -7.502162 1.447391
v 3.100589 -7.502017 1.447387
v 2.012792 -8.179505 1.437859
v 3.100626 -8.179599 1.437862
v 2.011470 -8.336691 1.290013
v 3.100629 -8.336905 1.290018
v 3.100732 -8.611463 1.200629
v 2.006611 -8.610992 1.200625
v 2.006375 -8.858376 1.205250
v 3.100490 -8.859499 1.205256
v 1.994933 -9.101600 1.331622
v 3.100200 -9.112542 1.347234
v 1.983368 -9.429253 1.793447
v 3.100028 -9.421544 1.793438
v 3.099894 -9.751317 1.793442
v 1.973525 -9.753147 1.793447
v 1.972640 -10.143394 1.793449
v 3.099663 -10.145061 1.793449
v 1.972601 -10.595185 1.668368
v 3.100134 -10.584459 1.668378
v 1.822568 8.843378 2.111603
v 1.741706 7.563734 2.372659
v 1.733241 6.164441 2.567478
v 1.731296 4.692936 2.701489
v 1.733597 3.203767 2.775908
v 1.739389 1.761949 2.748040
v 1.749161 0.370191 2.669021
v 1.756425 -0.957037 2.554720
v 1.751737 -1.980621 2.347297
v 1.822576 -2.833071 2.101131
v 1.822589 -3.172179 2.226995
v 1.822597 -4.646397 1.781840
v 1.822610 -4.740729 1.427359
v 1.822599 -5.877472 1.427358
v 1.800818 -6.756404 1.447392
v 1.822403 9.950598 1.970857
v 1.822514 9.210054 2.163745
v 1.792137 -7.126894 1.447386
v 1.818838 -7.502418 1.447384
v 1.945271 -8.179619 1.437859
v 1.813785 -8.336741 1.290006
v 1.809229 -8.609353 1.200627
v 1.808992 -8.856883 1.205251
v 1.807677 -9.100310 1.331613
v 1.805973 -9.428393 1.793447
v 1.801474 -9.752730 1.793442
v 1.800431 -10.142120 1.793449
v 1.800490 -10.594827 1.668369
v 8.018089 -10.850676 1.611305
v 8.147215 -10.879011 1.611318
v 7.637845 -10.838184 1.611326
v 7.908836 -10.837967 1.611320
v 6.688457 -10.838171 1.611325
v 6.979562 -10.837908 1.611325
v 5.727391 -10.838539 1.611325
v 6.022001 -10.838543 1.611325
v 1.973446 -10.838383 1.611308
v 3.101487 -10.838745 1.611308
v 1.801385 -10.838436 1.611308
v 7.227007 -10.838465 1.611326
v 7.965312 -11.094240 1.668379
v 8.053234 -11.015991 1.668379
v 7.637971 -11.130468 1.668380
v 7.925425 -11.130123 1.668379
v 6.688866 -11.130291 1.668378
v 6.979357 -11.130022 1.668378
v 5.725671 -11.130203 1.668378
v 6.022150 -11.130693 1.668378
v 1.973428 -11.125353 1.668376
v 3.099826 -11.125801 1.668377
v 1.799132 -11.125399 1.668376
v 7.226761 -11.130621 1.668380
v 9.393962 10.414330 1.880667
v 9.152730 10.789862 1.719612
v 8.710331 10.789776 1.719621
v 8.264524 10.789660 1.719609
v 8.161147 10.789679 1.719609
v 7.436689 10.789669 1.719609
v 7.045652 10.789656 1.719609
v 6.815305 10.789656 1.719609
v 6.267952 10.789656 1.719609
v 5.806825 10.789656 1.719609
v 3.143960 10.789658 1.719609
v 2.021336 10.789660 1.719609
v 1.822348 10.789660 1.719609
v 8.768614 11.075672 1.442599
v 8.421596 11.163017 1.355630
v 8.264401 11.250940 0.791621
v 8.165436 11.250887 0.791622
v 7.436701 11.250887 0.791622
v 7.045641 11.250887 0.791623
v 6.815294 11.250889 0.791623
v 6.267962 11.250889 0.791622
v 5.806834 11.250898 0.791622
v 2.021334 11.250969 0.791622
v 1.822349 11.250961 0.791622
v 3.143957 11.250967 0.791622
v 4.311317 -11.127953 1.668378
v 4.313333 -10.838680 1.611324
v 4.689125 -11.128384 1.668378
v 4.690820 -10.838659 1.611324
v 4.312687 -10.585190 1.668379
v 4.690308 -10.585514 1.668379
v 4.690949 -10.151206 1.793445
v 4.310909 -10.149806 1.793445
v 4.689225 -9.755138 1.793447
v 4.311772 -9.754313 1.793442
v 4.306119 -9.422861 1.793438
v 4.681849 -9.423154 1.793438
v 4.670697 -9.120901 1.347229
v 4.297609 -9.119028 1.347229
v 4.660620 -8.870094 1.205248
v 4.317705 -8.867783 1.205248
v 4.656060 -8.620550 1.200629
v 4.314111 -8.618595 1.200631
v 4.309731 -8.338391 1.290018
v 4.638066 -8.338710 1.290018
v 4.308933 -8.175882 1.437871
v 4.640258 -8.173727 1.437863
v 4.649852 -7.128855 1.447379
v 4.309249 -7.128869 1.447379
v 4.308848 -7.502580 1.447387
v 4.649385 -7.502620 1.447387
v 4.559978 -6.756291 1.447388
v 4.248008 -6.756853 1.447389
v 4.577391 -5.876602 1.427363
v 4.261329 -5.876595 1.427361
v 4.577412 -4.737299 1.427362
v 4.261295 -4.738055 1.427361
v 4.577414 -4.646397 1.781844
v 4.261287 -4.646397 1.781842
v 4.577406 -3.171583 2.227000
v 4.261292 -3.171596 2.226999
v 4.251343 -1.941942 2.340346
v 4.564077 -1.940956 2.340751
v 4.261314 -2.741020 2.101134
v 4.577404 -2.733377 2.101137
v 4.571447 0.282872 2.656356
v 4.205762 0.332678 2.651349
v 4.233843 -0.969607 2.542072
v 4.565673 -1.019900 2.543919
v 4.573928 1.696331 2.708102
v 4.188454 1.736092 2.698762
v 4.574426 3.178444 2.688098
v 4.181764 3.196275 2.681251
v 4.572427 4.676422 2.608268
v 4.185579 4.670865 2.605729
v 4.570359 6.150265 2.493884
v 4.204513 6.127499 2.492920
v 4.570385 7.541988 2.328660
v 4.235264 7.524324 2.331982
v 4.261524 8.785053 2.111599
v 4.577215 8.785040 2.111599
v 4.577282 9.950659 1.970857
v 4.261465 9.950659 1.970857
v 4.261479 9.209961 2.163751
v 4.577252 9.209967 2.163751
v 4.577283 10.789658 1.719609
v 4.261466 10.789658 1.719609
v 4.577284 11.250931 0.791622
v 4.261466 11.250938 0.791622
v 5.058189 -11.128708 1.668377
v 5.057351 -10.838636 1.611324
v 5.328129 -11.129534 1.668378
v 5.329390 -10.838575 1.611325
v 5.059714 -10.585740 1.668379
v 5.328075 -10.586352 1.668379
v 5.328327 -10.154752 1.793445
v 5.057805 -10.152210 1.793445
v 5.328373 -9.757326 1.793447
v 5.058215 -9.755737 1.793447
v 5.058895 -9.424175 1.793438
v 5.327511 -9.426661 1.793438
v 5.283136 -9.125728 1.347242
v 5.028627 -9.122306 1.347229
v 5.260472 -8.884027 1.205250
v 4.992452 -8.873900 1.205256
v 5.230562 -8.625602 1.200630
v 4.971001 -8.621881 1.200631
v 4.938954 -8.341309 1.290019
v 5.196574 -8.337557 1.290017
v 4.937956 -8.175413 1.437861
v 5.463503 -8.174300 1.437865
v 5.240310 -7.128830 1.447376
v 4.936193 -7.128847 1.447375
v 4.936064 -7.503394 1.447386
v 5.183050 -7.504737 1.447387
v 5.149893 -6.754561 1.447389
v 4.839994 -6.755805 1.447388
v 5.146588 -5.876596 1.427361
v 4.851700 -5.876591 1.427358
v 5.145755 -4.735329 1.427362
v 4.851522 -4.736753 1.427360
v 5.145751 -4.646397 1.781842
v 4.851509 -4.646397 1.781840
v 5.145753 -3.171567 2.226998
v 4.851502 -3.171575 2.226994
v 4.859709 -1.947121 2.344110
v 5.191247 -1.944992 2.350733
v 4.851588 -2.729554 2.101131
v 5.145977 -2.718095 2.101132
v 5.338444 0.176710 2.645820
v 4.935625 0.221452 2.658038
v 4.890506 -1.098313 2.546951
v 5.285421 -1.104394 2.533070
v 5.360397 1.600053 2.710097
v 4.955643 1.648028 2.713323
v 5.377249 3.125854 2.687678
v 4.964020 3.154533 2.692969
v 5.367576 4.684845 2.614558
v 4.957658 4.683062 2.611922
v 5.329857 6.235459 2.506427
v 4.934142 6.189386 2.499565
v 5.287835 7.622750 2.319660
v 4.904311 7.574537 2.325476
v 4.858086 8.775848 2.111612
v 5.170180 8.766540 2.111663
v 5.180324 9.950659 1.970857
v 4.861003 9.950659 1.970857
v 4.860855 9.209986 2.163751
v 5.179856 9.209988 2.163751
v 5.180310 10.789656 1.719609
v 4.860989 10.789658 1.719609
v 5.180310 11.250910 0.791622
v 4.860990 11.250925 0.791622
v 3.974053 -11.127541 1.668378
v 3.974941 -10.838694 1.611324
v 3.975161 -10.584897 1.668378
v 3.975627 -10.148491 1.793445
v 3.977165 -9.753495 1.793442
v 3.978624 -9.422608 1.793438
v 3.978050 -9.117338 1.347238
v 3.978065 -8.865532 1.205255
v 3.983839 -8.616618 1.200635
v 3.976176 -8.337889 1.290018
v 3.977331 -8.173070 1.437863
v 3.982951 -7.128833 1.447391
v 3.982702 -7.502529 1.447387
v 3.949330 -6.757341 1.447385
v 3.959004 -5.876585 1.427355
v 3.959020 -4.738779 1.427355
v 3.959016 -4.646398 1.781836
v 3.958988 -3.171610 2.226993
v 3.921243 -1.947037 2.341076
v 3.958989 -2.752483 2.101132
v 3.812784 0.361057 2.647658
v 3.872917 -0.945317 2.542084
v 3.778540 1.759506 2.695746
v 3.765776 3.207834 2.680037
v 3.774584 4.668842 2.606797
v 3.813382 6.116907 2.495111
v 3.883907 7.519642 2.336643
v 3.959275 8.793252 2.112006
v 3.959125 9.950661 1.970857
v 3.959187 9.210014 2.163751
v 3.959142 10.789658 1.719609
v 3.959158 11.250946 0.791622
v 3.687797 -11.126963 1.668378
v 3.689805 -10.838724 1.611324
v 3.688701 -10.584784 1.668378
v 3.689887 -10.147346 1.793449
v 3.689469 -9.752741 1.793442
v 3.683916 -9.422297 1.793438
v 3.685349 -9.115829 1.347237
v 3.681714 -8.863543 1.205255
v 3.685678 -8.614885 1.200635
v 3.689846 -8.337491 1.290018
v 3.690672 -8.180140 1.437862
v 3.694282 -7.128814 1.447385
v 3.694136 -7.502383 1.447389
v 3.685240 -6.757857 1.447387
v 3.691714 -5.876588 1.427356
v 3.691726 -4.739419 1.427356
v 3.691736 -4.646398 1.781836
v 3.691728 -3.171616 2.226994
v 3.545429 -1.951876 2.342669
v 3.691709 -2.767762 2.101129
v 3.370365 0.376490 2.646031
v 3.452925 -0.936307 2.542714
v 3.327009 1.771302 2.697118
v 3.311914 3.213021 2.687840
v 3.322435 4.670367 2.615184
v 3.372835 6.117386 2.503219
v 3.483818 7.523914 2.343281
v 3.690089 8.797822 2.112712
v 3.691673 9.950661 1.970857
v 3.691689 9.210056 2.163751
v 3.691690 10.789658 1.719609
v 3.691707 11.250954 0.791622
v 1.926272 -7.630525 1.447381
v 2.016271 -7.630316 1.447391
v 1.997828 -7.918384 1.447385
v 2.014599 -7.918319 1.447381
v 3.100597 -7.630217 1.447387
v 3.100622 -7.918313 1.447387
v 3.693532 -7.630641 1.447384
v 3.692040 -7.918699 1.447382
v 3.981653 -7.630841 1.447384
v 3.979381 -7.918854 1.447384
v 4.307382 -7.631009 1.447384
v 4.304327 -7.919062 1.447384
v 4.647608 -7.631180 1.447385
v 4.643745 -7.919423 1.447384
v 4.936124 -7.625873 1.447388
v 4.936331 -7.926215 1.447381
v 5.420495 -7.625525 1.447388
v 5.555067 -7.926948 1.447384
v 5.989990 -7.663273 1.447384
v 6.485849 -7.691082 1.447386
v 5.975250 -7.925082 1.447382
v 6.394118 -7.923728 1.447384
v 6.800908 -7.748462 1.447384
v 6.773203 -7.957570 1.447384
v 7.078685 -7.795648 1.447381
v 7.038843 -7.985318 1.447388
v 7.295315 -7.827692 1.447380
v 7.260110 -8.019107 1.447379
v 7.894154 -7.880962 1.447385
v 7.892282 -8.055217 1.447389
v 8.173697 -7.910217 1.447387
v 8.166314 -8.061868 1.447377
v 8.462509 -7.919478 1.447380
v 8.435960 -8.089898 1.447381
v 9.060179 -7.929787 1.447386
v 9.042676 -8.123347 1.447385
v 9.356190 -8.129542 1.447389
v 9.379663 -7.931362 1.447390
v 0.835648 -11.125681 1.668376
v 0.835611 -10.838840 1.611307
v 1.018634 -11.125546 1.668376
v 1.018621 -10.838743 1.611307
v 0.836397 -10.593080 1.668378
v 1.019554 -10.593511 1.668378
v 1.019212 -10.137191 1.793448
v 0.835937 -10.135829 1.793447
v 1.018886 -9.750917 1.793449
v 0.835827 -9.750424 1.793448
v 0.840268 -9.424320 1.793448
v 1.024287 -9.425211 1.793448
v 1.035226 -9.095886 1.331625
v 0.845714 -9.094825 1.331615
v 1.049336 -8.851030 1.205245
v 0.849679 -8.849479 1.205253
v 1.055975 -8.602996 1.200632
v 0.849634 -8.601142 1.200630
v 0.851943 -8.336304 1.290008
v 1.058738 -8.336474 1.290019
v 0.852443 -8.179545 1.437855
v 1.059286 -8.179653 1.437866
v 0.853360 -7.918828 1.447377
v 1.060336 -7.918715 1.447389
v 0.854370 -7.631507 1.447377
v 1.061523 -7.631252 1.447390
v 1.062150 -7.503495 1.447388
v 0.854905 -7.503830 1.447377
v 1.059857 -7.127913 1.447389
v 0.849047 -7.128159 1.447385
v 1.057445 -6.754589 1.447390
v 0.850789 -6.754029 1.447378
v 1.062937 -5.880048 1.427361
v 0.855094 -5.880763 1.427349
v 1.062926 -4.740729 1.427361
v 0.855066 -4.740729 1.427348
v 1.062953 -4.646397 1.781843
v 0.855090 -4.646397 1.781832
v 1.062940 -3.174515 2.226998
v 0.855076 -3.175155 2.226987
v 0.689112 -1.994939 2.347466
v 1.177044 -1.994942 2.348255
v 0.855061 -2.873301 2.101123
v 1.062925 -2.861406 2.101134
v 1.182688 0.360435 2.678388
v 0.614976 0.353150 2.682151
v 0.640972 -0.982067 2.561815
v 1.189196 -0.973421 2.559898
v 1.175427 1.754425 2.765368
v 0.604500 1.752252 2.770616
v 1.172427 3.196647 2.812787
v 0.602221 3.201868 2.821391
v 1.171513 4.704106 2.728936
v 0.602269 4.716808 2.738919
v 1.173104 6.180106 2.586800
v 0.614570 6.191178 2.596461
v 1.162207 7.571337 2.381530
v 0.665099 7.579132 2.389589
v 0.855055 8.864822 2.111594
v 1.062924 8.864822 2.111606
v 1.063004 9.950600 1.970857
v 0.855144 9.950579 1.970845
v 0.855067 9.210091 2.163736
v 1.062920 9.210083 2.163748
v 1.063209 10.789635 1.719609
v 0.855307 10.789618 1.719608
v 1.063312 11.250935 0.791622
v 0.855390 11.250954 0.791622
v 0.010741 -10.839014 1.611315
v 0.010741 -11.125969 1.668376
v 0.010738 -10.591484 1.668377
v 0.010739 -10.130426 1.793444
v 0.010742 -9.748416 1.793445
v 0.010743 -9.420851 1.793444
v 0.010742 -9.090131 1.331620
v 0.010738 -8.843082 1.205257
v 0.010737 -8.594005 1.200635
v 0.010738 -8.336052 1.290023
v 0.010738 -8.179590 1.437867
v 0.010737 -7.919345 1.447391
v 0.010740 -7.632545 1.447391
v 0.010742 -7.505096 1.447388
v 0.010739 -7.129276 1.447390
v 0.010736 -6.752022 1.447389
v 0.010738 -5.883578 1.427362
v 0.010739 -4.740729 1.427361
v 0.010741 -4.646397 1.781843
v 0.010740 -3.177721 2.227000
v 0.053974 -1.999112 2.347628
v 0.010736 -2.887775 2.101135
v 0.028834 0.344046 2.680926
v 0.041832 -1.008637 2.562517
v 0.022807 1.751405 2.768487
v 0.018806 3.208338 2.817676
v 0.013241 4.727118 2.742320
v 0.009533 6.203226 2.603097
v 0.009910 7.590549 2.399602
v 0.010737 8.888420 2.145231
v 0.010740 9.950575 1.970859
v 0.010741 9.210091 2.163749
v 0.010739 10.789629 1.719613
v 0.010742 11.250950 0.791622
v -9.453272 7.993736 2.157680
v -9.131152 7.993736 2.157676
v -9.131154 8.742289 2.080369
v -9.453275 8.742289 2.080374
v -9.453279 6.164470 2.370272
v -9.131177 6.164470 2.370267
v -9.453285 4.577956 2.428251
v -9.131174 4.577956 2.428246
v -9.453307 3.031142 2.454020
v -9.131173 3.031142 2.454015
v -9.453334 1.557341 2.428252
v -9.131186 1.557341 2.428246
v -9.453315 0.051739 2.383156
v -9.131180 0.051738 2.383151
v -9.453306 -1.576194 2.241428
v -9.131176 -1.576194 2.241424
v -9.131184 -1.918935 2.209213
v -9.453297 -1.918935 2.209219
v -9.453282 -2.668783 2.090037
v -9.131181 -2.668783 2.090032
v -9.453315 -3.166487 2.090037
v -9.131186 -3.166487 2.090032
v -9.453292 -4.646397 1.781844
v -9.131183 -4.646397 1.781840
v -9.453272 -4.733253 1.427361
v -9.131153 -4.733264 1.427359
v -9.453279 -5.876572 1.427363
v -9.131140 -5.876566 1.427358
v -9.453266 -6.756991 1.447391
v -9.131166 -6.756982 1.447384
v -9.453300 -7.130126 1.447391
v -9.131209 -7.127267 1.447384
v -9.368633 -7.843241 1.447389
v -9.046531 -7.843535 1.447383
v -9.005483 -8.298616 1.317229
v -9.313625 -8.308922 1.290021
v -9.300966 -8.417358 1.268696
v -8.996062 -8.404680 1.275370
v -9.274676 -8.633922 1.200635
v -8.952496 -8.633958 1.200629
v -9.236840 -8.859492 1.205258
v -8.914785 -8.859590 1.205255
v -9.039228 -9.329815 1.523166
v -8.729305 -9.326883 1.523156
v -8.776495 -9.592491 1.793446
v -8.538524 -9.545045 1.793444
v -8.615156 -9.753312 1.793446
v -8.459810 -9.753551 1.793433
v -8.461246 -10.169744 1.793446
v -8.297477 -10.166964 1.793433
v -8.323839 -10.584905 1.668379
v -8.124408 -10.585128 1.668379
v -9.453303 9.210087 2.070711
v -9.131165 9.210087 2.070706
v -9.131215 9.950558 1.970853
v -9.453362 9.950579 1.970859
v -8.688299 7.993732 2.157678
v -8.688430 8.742289 2.080371
v -8.688316 6.164467 2.370269
v -8.688267 4.577943 2.428248
v -8.688971 3.028148 2.454017
v -8.688935 1.557341 2.428248
v -8.689745 0.051739 2.383153
v -8.687449 -1.576194 2.241425
v -8.687447 -2.668783 2.090034
v -8.687452 -1.918935 2.209215
v -8.687441 -4.646397 1.781840
v -8.687438 -3.166487 2.090034
v -8.687446 -4.733271 1.427360
v -8.593988 -5.876554 1.427356
v -8.554007 -6.756885 1.447389
v -8.498531 -7.129146 1.447390
v -8.452874 -7.843273 1.447392
v -8.376028 -8.382639 1.290025
v -8.390592 -8.272115 1.337234
v -8.370301 -8.876185 1.205258
v -8.491852 -8.632710 1.200638
v -8.370267 -9.292655 1.523163
v -8.352752 -9.509954 1.793441
v -8.081614 -10.169857 1.793433
v -8.305711 -9.753588 1.793441
v -7.985241 -10.586392 1.668366
v -8.688484 9.210088 2.070708
v -8.688852 9.950550 1.970855
v -8.243136 7.995877 2.157679
v -8.246545 8.739605 2.081038
v -8.139747 7.993729 2.157680
v -8.127471 8.737120 2.084515
v -8.243154 6.164465 2.370270
v -8.139769 6.164464 2.370271
v -8.243332 4.577932 2.428249
v -8.139793 4.577945 2.428250
v -8.260036 3.026785 2.454007
v -8.141185 3.024702 2.454019
v -8.260115 1.557341 2.428239
v -8.141081 1.557341 2.428250
v -8.260105 0.051738 2.383143
v -8.140944 0.051738 2.383155
v -8.260099 -1.576195 2.241416
v -8.140661 -1.576195 2.241427
v -8.260079 -1.918936 2.209206
v -8.260075 -2.668784 2.090024
v -8.138736 -2.668834 2.090035
v -8.140046 -1.918986 2.209217
v -8.260055 -3.166492 2.090024
v -8.259965 -4.646385 1.781830
v -8.131421 -4.646339 1.781838
v -8.137908 -3.166471 2.090035
v -8.259861 -4.733268 1.427348
v -8.107557 -4.733255 1.427363
v -8.259659 -5.876589 1.427348
v -8.044688 -5.876626 1.427354
v -8.259462 -6.756763 1.447376
v -7.986031 -6.756921 1.447383
v -8.256521 9.222183 2.067103
v -8.244462 9.950942 1.970322
v -8.097198 9.231556 2.076889
v -8.134765 9.951458 1.969659
v -8.211722 -7.129962 1.447395
v -7.957193 -7.127329 1.447390
v -8.155386 -7.842554 1.447386
v -7.873453 -7.803607 1.447378
v -8.137995 -8.181654 1.437860
v -8.133701 -8.253827 1.362250
v -7.867712 -8.385928 1.279940
v -7.868863 -8.261742 1.337232
v -8.114792 -8.632001 1.200637
v -8.123343 -8.995347 1.265448
v -7.872681 -8.877024 1.205245
v -7.800343 -8.631883 1.200635
v -8.123514 -9.276972 1.481002
v -7.871504 -9.258211 1.462797
v -8.110713 -9.511741 1.793446
v -7.850566 -9.506534 1.793446
v -8.034120 -9.753379 1.793450
v -7.871485 -10.170938 1.793443
v -7.616185 -10.163359 1.793448
v -7.737474 -9.755155 1.793433
v -7.873736 -10.586905 1.668379
v -7.616087 -10.585717 1.668378
v -7.434428 7.944694 2.304559
v -7.439060 8.728286 2.216656
v -7.175868 7.689900 2.261478
v -7.107593 8.661736 2.156383
v -7.414988 6.164529 2.520818
v -7.229543 6.165489 2.370796
v -7.414835 4.577953 2.578909
v -7.238403 4.577955 2.428468
v -7.414732 2.994318 2.604688
v -7.270885 2.994315 2.454013
v -7.415032 1.557309 2.578750
v -7.249966 1.557117 2.429134
v -7.414770 0.051737 2.533823
v -7.234140 0.051738 2.383306
v -7.429624 -1.537587 2.387485
v -7.218917 -1.456195 2.273431
v -7.418716 -1.922518 2.356371
v -7.411797 -2.668881 2.240684
v -7.041895 -2.758233 2.090036
v -7.198481 -1.932562 2.215800
v -7.410226 -3.166445 2.226988
v -7.415154 -4.646351 1.781852
v -7.069402 -4.646423 1.781840
v -7.030584 -3.171538 2.227000
v -7.415023 -4.733267 1.427373
v -7.080484 -4.733284 1.427355
v -7.415069 -5.876582 1.427369
v -7.080487 -5.876543 1.427357
v -7.415177 -6.757170 1.447398
v -7.076087 -6.755318 1.447387
v -7.466207 9.256428 2.189110
v -7.429133 9.955303 1.972625
v -7.047771 9.251263 2.138021
v -7.030433 9.954844 1.968519
v -7.410807 -7.128136 1.447378
v -7.200597 -7.129400 1.447384
v -7.289526 -7.742400 1.447391
v -7.074860 -7.711092 1.447389
v -7.206583 -8.241924 1.362244
v -7.186989 -8.376018 1.290017
v -6.959175 -8.261988 1.337234
v -6.981070 -8.158004 1.437865
v -7.314996 -8.631693 1.200636
v -7.205225 -8.900868 1.205263
v -6.958292 -9.009491 1.265440
v -6.958337 -8.639441 1.200620
v -7.209617 -9.213099 1.409723
v -6.958782 -9.196093 1.409707
v -7.211346 -9.468543 1.793442
v -6.960637 -9.464943 1.793442
v -7.212493 -9.754419 1.793438
v -7.213713 -10.166014 1.793450
v -6.957769 -10.164124 1.793450
v -6.959309 -9.755636 1.793443
v -7.206625 -10.583944 1.668383
v -6.957930 -10.586670 1.668383
v -6.879641 7.687332 2.288313
v -6.761255 8.597933 2.168755
v -7.023301 6.175836 2.499395
v -7.080456 4.578007 2.568514
v -7.114080 2.990386 2.594544
v -7.077734 1.556431 2.567687
v -7.045478 0.052634 2.522986
v -6.921221 -1.274536 2.389066
v -6.786736 -2.469894 2.166208
v -6.932979 -1.918575 2.324425
v -6.772048 -4.646429 1.781836
v -6.728942 -3.171549 2.227000
v -6.744090 -4.733258 1.427355
v -6.744081 -5.876560 1.427354
v -6.743318 -6.754138 1.447383
v -6.768261 9.217681 2.141813
v -6.783885 9.953885 1.968792
v -6.915758 -7.129085 1.447381
v -6.791768 -7.655365 1.447387
v -6.711688 -8.390603 1.279946
v -6.726635 -8.227952 1.362249
v -6.707947 -8.882570 1.205250
v -6.628788 -8.636091 1.200632
v -6.703727 -9.176033 1.396176
v -6.686879 -9.464236 1.793440
v -6.669222 -10.161862 1.793449
v -6.668578 -9.757171 1.793447
v -6.668013 -10.586931 1.668382
v -6.328776 7.628056 2.308073
v -6.261338 8.656156 2.144160
v -5.789646 7.563899 2.326861
v -5.779711 8.748504 2.113769
v -6.327808 6.239789 2.517006
v -5.785837 6.241097 2.535189
v -6.281159 4.588786 2.624074
v -5.783154 4.639226 2.658940
v -6.321095 3.024877 2.651782
v -5.797395 3.079758 2.700730
v -6.325366 1.555728 2.626496
v -5.801268 1.595880 2.673429
v -6.306212 0.083783 2.573832
v -5.784229 0.162420 2.617324
v -6.308179 -1.094515 2.450601
v -5.763713 -1.111627 2.509803
v -6.266909 -1.923646 2.320170
v -6.246526 -2.672254 2.101129
v -5.770914 -2.695184 2.101135
v -5.765668 -1.925086 2.353379
v -6.246530 -3.171557 2.226994
v -6.246568 -4.646401 1.781837
v -5.770816 -4.646397 1.781845
v -5.770827 -3.171567 2.227000
v -6.246590 -4.733248 1.427356
v -5.770817 -4.734134 1.427364
v -6.246556 -5.876592 1.427356
v -5.771146 -5.876610 1.427363
v -6.246502 -6.752594 1.447383
v -5.772468 -6.753457 1.447382
v -6.247507 9.214285 2.159827
v -6.246925 9.951283 1.970478
v -5.785095 9.210035 2.163751
v -5.785326 9.950659 1.970857
v -6.490812 -7.128750 1.447386
v -5.951436 -7.128784 1.447380
v -6.505215 -7.587504 1.447387
v -5.957629 -7.552411 1.447383
v -6.268455 -8.208248 1.396638
v -6.205796 -8.379485 1.290016
v -5.797258 -8.361731 1.290018
v -5.883379 -8.193833 1.437861
v -6.136485 -8.630996 1.200630
v -6.062521 -8.882457 1.205255
v -5.713418 -8.883172 1.205251
v -5.743256 -8.628734 1.200631
v -6.000527 -9.130839 1.347218
v -5.706402 -9.128604 1.347219
v -6.002163 -9.463446 1.793440
v -5.713435 -9.447812 1.793445
v -5.999576 -9.759558 1.793447
v -6.000059 -10.158418 1.793449
v -5.706123 -10.156873 1.793449
v -5.705881 -9.758642 1.793447
v -6.000547 -10.587316 1.668382
v -5.704455 -10.586905 1.668379
v -2.938088 7.559868 2.385278
v -3.121049 8.817307 2.112182
v -2.229367 7.573004 2.386847
v -2.010168 8.835190 2.114576
v -2.880048 6.196284 2.607318
v -2.274914 6.207757 2.609527
v -2.843562 4.701256 2.745400
v -2.277549 4.714245 2.753652
v -2.818957 3.184565 2.782807
v -2.273363 3.182524 2.805259
v -2.808470 1.724795 2.739337
v -2.263128 1.726113 2.751630
v -2.822421 0.302299 2.663199
v -2.259102 0.315139 2.666738
v -2.854554 -1.081814 2.555840
v -2.245737 -1.028813 2.550469
v -2.911575 -1.954347 2.343581
v -3.126325 -2.783041 2.101135
v -2.000021 -2.825032 2.101126
v -2.201468 -1.965147 2.340370
v -3.122501 -3.171623 2.226994
v -3.122481 -4.646397 1.781837
v -2.000049 -4.646397 1.781836
v -2.000040 -3.171596 2.226992
v -3.122488 -4.740729 1.427357
v -2.000068 -4.740729 1.427354
v -3.122488 -5.876600 1.427357
v -2.000072 -5.876809 1.427354
v -3.122846 -6.758922 1.447384
v -1.988919 -6.756766 1.447384
v -3.122405 9.210026 2.163751
v -3.122462 9.950634 1.970857
v -1.999960 9.210018 2.163740
v -1.999887 9.950594 1.970857
v -3.079178 -7.128798 1.447389
v -1.966078 -7.126534 1.447397
v -3.079112 -7.502017 1.447387
v -1.995651 -7.502162 1.447391
v -3.079149 -8.179599 1.437862
v -3.079153 -8.336905 1.290018
v -1.989992 -8.336691 1.290013
v -1.991344 -8.179505 1.437859
v -3.079251 -8.611463 1.200629
v -3.079008 -8.859499 1.205256
v -1.984901 -8.858376 1.205250
v -1.985139 -8.610992 1.200625
v -3.078718 -9.112542 1.347234
v -1.973442 -9.101600 1.331622
v -3.078547 -9.421544 1.793438
v -1.961891 -9.429253 1.793447
v -3.078413 -9.751317 1.793442
v -3.078186 -10.145061 1.793449
v -1.951149 -10.143394 1.793449
v -1.952050 -9.753147 1.793447
v -3.078657 -10.584459 1.668378
v -1.951120 -10.595185 1.668369
v -1.719170 7.578526 2.387964
v -1.794302 8.834110 2.115212
v -1.712724 6.207236 2.605548
v -1.712248 4.722026 2.753798
v -1.712116 3.181578 2.821649
v -1.704633 1.728137 2.761994
v -1.700133 0.319815 2.671687
v -1.693557 -1.028998 2.550622
v -1.801105 -2.833071 2.101131
v -1.692297 -1.974756 2.342183
v -1.801111 -4.646397 1.781840
v -1.801109 -3.172179 2.226995
v -1.801133 -4.740729 1.427359
v -1.801133 -5.877472 1.427358
v -1.779353 -6.756404 1.447392
v -1.801035 9.210054 2.163745
v -1.800921 9.950598 1.970857
v -1.770659 -7.126894 1.447386
v -1.797361 -7.502418 1.447384
v -1.792307 -8.336741 1.290005
v -1.923820 -8.179619 1.437859
v -1.787524 -8.856883 1.205251
v -1.787762 -8.609353 1.200627
v -1.786189 -9.100310 1.331613
v -1.784498 -9.428393 1.793447
v -1.778937 -10.142120 1.793449
v -1.780000 -9.752730 1.793442
v -1.779007 -10.594827 1.668369
v -8.125755 -10.879011 1.611318
v -7.996613 -10.850676 1.611305
v -7.887352 -10.837967 1.611321
v -7.616377 -10.838184 1.611326
v -6.958083 -10.837908 1.611325
v -6.666991 -10.838171 1.611324
v -6.000529 -10.838543 1.611325
v -5.705919 -10.838539 1.611325
v -3.080007 -10.838745 1.611308
v -1.951962 -10.838383 1.611308
v -1.779901 -10.838436 1.611308
v -7.205526 -10.838465 1.611326
v -8.031804 -11.015991 1.668379
v -7.943863 -11.094240 1.668379
v -7.903956 -11.130123 1.668379
v -7.616500 -11.130468 1.668379
v -6.957882 -11.130022 1.668378
v -6.667398 -11.130291 1.668378
v -6.000677 -11.130693 1.668378
v -5.704195 -11.130203 1.668378
v -3.078345 -11.125801 1.668377
v -1.951935 -11.125353 1.668376
v -1.777640 -11.125399 1.668376
v -7.205283 -11.130621 1.668379
v -9.131273 10.789862 1.719613
v -9.372526 10.414330 1.880668
v -8.688854 10.789776 1.719621
v -8.139669 10.789679 1.719609
v -8.243048 10.789660 1.719609
v -7.024172 10.789656 1.719609
v -7.415211 10.789669 1.719609
v -6.793825 10.789656 1.719609
v -5.785347 10.789656 1.719609
v -6.246475 10.789656 1.719609
v -1.999858 10.789660 1.719609
v -3.122480 10.789658 1.719609
v -1.800867 10.789660 1.719609
v -8.400122 11.163017 1.355631
v -8.747136 11.075672 1.442599
v -8.143961 11.250887 0.791623
v -8.242928 11.250940 0.791623
v -7.024173 11.250887 0.791623
v -7.415226 11.250887 0.791623
v -6.793826 11.250889 0.791623
v -5.785357 11.250898 0.791622
v -6.246485 11.250889 0.791622
v -1.800868 11.250961 0.791622
v -1.999858 11.250969 0.791623
v -3.122478 11.250967 0.791623
v -4.669328 -10.838659 1.611324
v -4.291844 -10.838680 1.611324
v -4.667631 -11.128384 1.668377
v -4.289833 -11.127953 1.668377
v -4.668817 -10.585514 1.668379
v -4.291197 -10.585190 1.668379
v -4.669458 -10.151206 1.793444
v -4.289425 -10.149806 1.793445
v -4.667730 -9.755138 1.793447
v -4.290292 -9.754313 1.793442
v -4.660357 -9.423154 1.793438
v -4.284636 -9.422861 1.793438
v -4.649214 -9.120901 1.347229
v -4.276126 -9.119028 1.347229
v -4.639138 -8.870094 1.205248
v -4.296224 -8.867783 1.205248
v -4.634587 -8.620550 1.200629
v -4.292630 -8.618595 1.200631
v -4.616586 -8.338710 1.290018
v -4.288246 -8.338391 1.290018
v -4.618771 -8.173727 1.437863
v -4.287442 -8.175882 1.437871
v -4.627901 -7.502620 1.447387
v -4.628380 -7.128855 1.447379
v -4.287366 -7.502580 1.447387
v -4.287776 -7.128869 1.447379
v -4.538511 -6.756291 1.447388
v -4.226531 -6.756853 1.447389
v -4.555919 -5.876602 1.427363
v -4.239849 -5.876595 1.427361
v -4.555936 -4.737299 1.427362
v -4.239827 -4.738055 1.427361
v -4.555936 -4.646397 1.781844
v -4.239822 -4.646397 1.781842
v -4.555936 -3.171583 2.227000
v -4.239820 -3.171596 2.226999
v -4.555935 -2.733377 2.101137
v -4.551342 -1.928053 2.344829
v -4.239842 -2.741020 2.101134
v -4.241811 -1.931016 2.343549
v -4.556147 -1.015575 2.547996
v -4.559527 0.307289 2.647639
v -4.231576 -1.007524 2.548134
v -4.196735 0.324371 2.648067
v -4.559373 1.709700 2.706538
v -4.178421 1.726762 2.709556
v -4.558758 3.161442 2.733708
v -4.178762 3.174064 2.739793
v -4.558228 4.667800 2.701602
v -4.192632 4.671626 2.713830
v -4.556704 6.184293 2.577046
v -4.211835 6.179598 2.589330
v -4.556391 7.521645 2.360449
v -4.226117 7.524737 2.369835
v -4.554697 8.758015 2.121301
v -4.240032 8.763268 2.119862
v -4.555775 9.209967 2.163751
v -4.555805 9.950659 1.970857
v -4.239995 9.209961 2.163751
v -4.239976 9.950659 1.970857
v -4.555801 10.789658 1.719609
v -4.239986 10.789658 1.719609
v -4.555798 11.250931 0.791622
v -4.239995 11.250938 0.791622
v -5.307915 -10.838575 1.611325
v -5.035865 -10.838636 1.611324
v -5.306642 -11.129534 1.668377
v -5.036693 -11.128708 1.668377
v -5.306614 -10.586352 1.668379
v -5.038240 -10.585740 1.668379
v -5.306859 -10.154752 1.793445
v -5.036325 -10.152210 1.793445
v -5.306901 -9.757326 1.793447
v -5.036735 -9.755737 1.793447
v -5.306041 -9.426661 1.793438
v -5.037419 -9.424175 1.793438
v -5.261661 -9.125728 1.347242
v -5.007143 -9.122306 1.347229
v -5.238994 -8.884027 1.205250
v -4.970967 -8.873900 1.205256
v -5.209091 -8.625602 1.200630
v -4.949532 -8.621881 1.200631
v -5.175093 -8.337557 1.290017
v -4.917481 -8.341309 1.290019
v -5.442017 -8.174300 1.437865
v -4.916475 -8.175413 1.437861
v -5.161580 -7.504737 1.447387
v -5.218835 -7.128830 1.447376
v -4.914584 -7.503394 1.447386
v -4.914715 -7.128847 1.447375
v -5.128411 -6.754561 1.447389
v -4.818523 -6.755805 1.447388
v -5.125106 -5.876596 1.427361
v -4.830226 -5.876591 1.427358
v -5.124277 -4.735329 1.427362
v -4.830043 -4.736753 1.427360
v -5.124270 -4.646397 1.781842
v -4.830031 -4.646397 1.781840
v -5.124269 -3.171567 2.226998
v -4.830022 -3.171575 2.226995
v -5.124496 -2.718095 2.101132
v -5.187134 -1.927162 2.347742
v -4.830109 -2.729554 2.101131
v -4.849566 -1.926286 2.345913
v -5.261874 -1.075026 2.539147
v -5.322484 0.229539 2.637893
v -4.884476 -1.031902 2.546088
v -4.923972 0.278434 2.645202
v -5.347084 1.645013 2.694018
v -4.940228 1.683948 2.702094
v -5.345020 3.119562 2.719028
v -4.938999 3.145575 2.726609
v -5.328857 4.660308 2.676982
v -4.927230 4.666781 2.689628
v -5.302751 6.218952 2.545683
v -4.905847 6.201349 2.562383
v -5.277296 7.537028 2.337845
v -4.890158 7.525793 2.349422
v -5.161438 8.744026 2.119638
v -4.839217 8.751379 2.120373
v -5.158373 9.209988 2.163751
v -5.158835 9.950659 1.970857
v -4.839372 9.209986 2.163751
v -4.839515 9.950659 1.970857
v -5.158827 10.789656 1.719609
v -4.839499 10.789658 1.719609
v -5.158833 11.250910 0.791622
v -4.839497 11.250925 0.791622
v -3.953452 -10.838694 1.611324
v -3.952566 -11.127541 1.668377
v -3.953668 -10.584897 1.668378
v -3.954147 -10.148491 1.793445
v -3.955699 -9.753495 1.793442
v -3.957150 -9.422608 1.793438
v -3.956568 -9.117338 1.347238
v -3.956586 -8.865532 1.205255
v -3.962360 -8.616618 1.200635
v -3.954704 -8.337889 1.290018
v -3.955854 -8.173070 1.437863
v -3.961218 -7.502529 1.447387
v -3.961465 -7.128833 1.447391
v -3.927853 -6.757341 1.447385
v -3.937524 -5.876585 1.427355
v -3.937547 -4.738779 1.427355
v -3.937551 -4.646398 1.781836
v -3.937510 -3.171610 2.226993
v -3.937510 -2.752483 2.101132
v -3.931506 -1.935539 2.342662
v -3.886259 -1.010486 2.549214
v -3.807012 0.327816 2.650668
v -3.771898 1.733797 2.715167
v -3.773149 3.182338 2.747531
v -3.800663 4.677175 2.721988
v -3.839833 6.176337 2.593728
v -3.882094 7.532539 2.376275
v -3.937470 8.781804 2.116337
v -3.937704 9.210014 2.163751
v -3.937636 9.950661 1.970857
v -3.937655 10.789658 1.719609
v -3.937673 11.250946 0.791622
v -3.668316 -10.838724 1.611324
v -3.666305 -11.126963 1.668377
v -3.667214 -10.584784 1.668378
v -3.668408 -10.147346 1.793449
v -3.667992 -9.752741 1.793442
v -3.662431 -9.422297 1.793438
v -3.663868 -9.115829 1.347237
v -3.660241 -8.863543 1.205255
v -3.664206 -8.614885 1.200635
v -3.668375 -8.337491 1.290018
v -3.669197 -8.180140 1.437862
v -3.672657 -7.502383 1.447389
v -3.672803 -7.128814 1.447385
v -3.663768 -6.757857 1.447387
v -3.670241 -5.876588 1.427356
v -3.670245 -4.739419 1.427356
v -3.670251 -4.646398 1.781836
v -3.670244 -3.171616 2.226994
v -3.670224 -2.767762 2.101129
v -3.565455 -1.945653 2.343201
v -3.462808 -1.039841 2.552555
v -3.357058 0.316567 2.656213
v -3.318141 1.731234 2.725297
v -3.322430 3.185580 2.761218
v -3.355286 4.687777 2.730464
v -3.409760 6.184901 2.601907
v -3.488617 7.544871 2.382315
v -3.666213 8.793154 2.114474
v -3.670211 9.210056 2.163751
v -3.670196 9.950661 1.970857
v -3.670207 10.789658 1.719609
v -3.670218 11.250954 0.791622
v -1.994813 -7.630316 1.447391
v -1.993164 -7.918319 1.447381
v -1.976401 -7.918384 1.447385
v -1.904817 -7.630525 1.447381
v -3.079116 -7.630217 1.447387
v -3.079140 -7.918313 1.447387
v -3.670558 -7.918699 1.447382
v -3.672057 -7.630641 1.447384
v -3.957898 -7.918854 1.447384
v -3.960180 -7.630841 1.447384
v -4.282842 -7.919062 1.447384
v -4.285904 -7.631009 1.447384
v -4.622269 -7.919423 1.447384
v -4.626129 -7.631180 1.447385
v -4.914856 -7.926215 1.447381
v -4.914645 -7.625873 1.447388
v -5.533590 -7.926948 1.447384
v -5.399023 -7.625525 1.447388
v -6.464380 -7.691082 1.447386
v -6.372648 -7.923728 1.447384
v -5.953777 -7.925082 1.447382
v -5.968514 -7.663273 1.447384
v -6.751730 -7.957570 1.447384
v -6.779437 -7.748462 1.447384
v -7.057192 -7.795648 1.447381
v -7.017365 -7.985318 1.447388
v -7.273829 -7.827692 1.447380
v -7.238639 -8.019107 1.447379
v -7.870800 -8.055217 1.447389
v -7.872684 -7.880962 1.447385
v -8.152223 -7.910217 1.447387
v -8.144834 -8.061868 1.447377
v -8.414493 -8.089898 1.447381
v -8.441031 -7.919478 1.447380
v -9.038695 -7.929787 1.447386
v -9.021206 -8.123347 1.447385
v -9.358179 -7.931362 1.447390
v -9.334717 -8.129542 1.447390
v -0.997146 -10.838743 1.611307
v -0.814134 -10.838840 1.611307
v -0.997160 -11.125546 1.668376
v -0.814170 -11.125681 1.668376
v -0.998082 -10.593511 1.668378
v -0.814927 -10.593080 1.668378
v -0.997730 -10.137191 1.793448
v -0.814459 -10.135829 1.793447
v -0.997411 -9.750917 1.793449
v -0.814349 -9.750424 1.793448
v -1.002833 -9.425211 1.793448
v -0.818806 -9.424320 1.793448
v -1.013771 -9.095886 1.331625
v -0.824253 -9.094825 1.331615
v -1.027862 -8.851030 1.205245
v -0.828201 -8.849479 1.205253
v -1.034500 -8.602996 1.200632
v -0.828157 -8.601142 1.200630
v -1.037268 -8.336474 1.290019
v -0.830473 -8.336304 1.290008
v -1.037802 -8.179653 1.437866
v -0.830959 -8.179545 1.437855
v -1.038858 -7.918715 1.447389
v -0.831880 -7.918828 1.447377
v -1.040054 -7.631253 1.447390
v -0.832899 -7.631507 1.447377
v -1.040668 -7.503495 1.447388
v -0.833419 -7.503831 1.447377
v -1.038377 -7.127914 1.447389
v -0.827564 -7.128160 1.447385
v -1.035970 -6.754590 1.447390
v -0.829314 -6.754029 1.447378
v -1.041457 -5.880049 1.427361
v -0.833614 -5.880763 1.427349
v -1.041448 -4.740729 1.427361
v -0.833588 -4.740729 1.427348
v -1.041478 -4.646397 1.781843
v -0.833615 -4.646397 1.781832
v -1.041472 -3.174515 2.226998
v -0.833608 -3.175155 2.226987
v -1.041455 -2.861406 2.101134
v -1.145174 -1.982148 2.341929
v -0.833594 -2.873301 2.101123
v -0.657621 -1.990404 2.346162
v -1.149072 -1.004420 2.552423
v -1.139591 0.330622 2.675979
v -0.593499 -1.018161 2.559251
v -0.567081 0.336090 2.678664
v -1.138299 1.736882 2.766627
v -0.562711 1.746137 2.767024
v -1.143090 3.194065 2.822694
v -0.567471 3.205562 2.818601
v -1.145979 4.730580 2.750838
v -0.576034 4.732911 2.746406
v -1.148783 6.208791 2.603391
v -0.593134 6.209242 2.603850
v -1.140577 7.584543 2.389988
v -0.642512 7.585595 2.392488
v -1.111445 8.751105 2.150403
v -0.736642 8.758334 2.153548
v -1.093358 9.249655 2.138561
v -1.041523 9.950600 1.970856
v -0.761297 9.250074 2.137678
v -0.833665 9.950579 1.970845
v -1.041727 10.789635 1.719609
v -0.833829 10.789618 1.719609
v -1.041831 11.250935 0.791622
v -0.833909 11.250954 0.791622
vt 0.522346 0.627800
vt 0.270912 0.344054
vt 0.516406 0.640571
vt 0.516740 0.627539
vt 0.518661 0.595503
vt 0.524245 0.595712
vt 0.519069 0.567649
vt 0.524669 0.567756
vt 0.519514 0.540567
vt 0.525110 0.540612
vt 0.519453 0.514667
vt 0.525051 0.514618
vt 0.518993 0.488189
vt 0.524581 0.488028
vt 0.517725 0.459595
vt 0.523320 0.459382
vt 0.517494 0.453609
vt 0.517108 0.440399
vt 0.522677 0.440199
vt 0.268666 0.158860
vt 0.516608 0.431784
vt 0.516200 0.405531
vt 0.521794 0.405420
vt 0.270735 0.137189
vt 0.516110 0.399193
vt 0.871372 1.000000
vt 0.866331 0.979854
vt 0.871936 0.980041
vt 0.866695 0.964418
vt 0.872301 0.964620
vt 0.866860 0.957906
vt 0.872475 0.958082
vt 0.865719 0.945204
vt 0.871339 0.945435
vt 0.865248 0.936279
vt 0.865118 0.934221
vt 0.870430 0.934000
vt 0.284629 0.047716
vt 0.864321 0.929848
vt 0.863709 0.925646
vt 0.869314 0.925647
vt 0.286181 0.042030
vt 0.860345 0.914895
vt 0.865716 0.914906
vt 0.856503 0.908765
vt 0.860682 0.908006
vt 0.854952 0.905068
vt 0.851746 0.897844
vt 0.854600 0.897671
vt 0.275882 0.018785
vt 0.848379 0.890297
vt 0.278055 0.003477
vt 0.521864 0.648783
vt 0.272815 0.365043
vt 0.516151 0.661638
vt 0.516271 0.648684
vt 0.508760 0.640089
vt 0.509023 0.626894
vt 0.511019 0.595227
vt 0.511351 0.567519
vt 0.511842 0.540463
vt 0.511766 0.514742
vt 0.511342 0.488398
vt 0.509995 0.459869
vt 0.509755 0.453880
vt 0.509519 0.440654
vt 0.508812 0.432027
vt 0.508513 0.405651
vt 0.508463 0.399304
vt 0.856998 0.979578
vt 0.856652 0.964133
vt 0.855838 0.957577
vt 0.855303 0.945056
vt 0.854333 0.937060
vt 0.850787 0.930307
vt 0.856080 0.930520
vt 0.855124 0.923802
vt 0.853945 0.915544
vt 0.853213 0.909310
vt 0.852219 0.905117
vt 0.847969 0.897940
vt 0.845960 0.890371
vt 0.508464 0.661606
vt 0.508587 0.648590
vt 0.501698 0.639513
vt 0.436730 0.946164
vt 0.437758 0.932998
vt 0.501499 0.626040
vt 0.439276 0.901883
vt 0.503380 0.594948
vt 0.439693 0.874105
vt 0.503570 0.567411
vt 0.439864 0.846976
vt 0.504413 0.540399
vt 0.439864 0.821343
vt 0.504308 0.514819
vt 0.439728 0.795043
vt 0.503912 0.488603
vt 0.439537 0.766503
vt 0.441611 0.766484
vt 0.502238 0.454119
vt 0.439433 0.760468
vt 0.439172 0.747208
vt 0.441280 0.747166
vt 0.501197 0.432326
vt 0.438914 0.738559
vt 0.498916 0.405673
vt 0.501135 0.405683
vt 0.498551 0.399306
vt 0.850695 0.999394
vt 0.847466 0.979354
vt 0.851195 0.979436
vt 0.846762 0.963927
vt 0.851524 0.964020
vt 0.500764 0.661579
vt 0.498970 0.661568
vt 0.437088 0.955516
vt 0.440204 0.955421
vt 0.846377 0.957433
vt 0.850827 0.957466
vt 0.845099 0.945567
vt 0.850064 0.945003
vt 0.849837 0.939185
vt 0.845080 0.937028
vt 0.845065 0.934625
vt 0.849432 0.927832
vt 0.853072 0.927958
vt 0.852988 0.927908
vt 0.844761 0.925135
vt 0.849701 0.921895
vt 0.844876 0.916909
vt 0.849446 0.916070
vt 0.844287 0.909702
vt 0.848916 0.909436
vt 0.847418 0.905270
vt 0.842189 0.905403
vt 0.839830 0.898326
vt 0.844292 0.898052
vt 0.839540 0.890626
vt 0.844021 0.890437
vt 0.426126 0.946180
vt 0.419217 0.946493
vt 0.421275 0.927313
vt 0.427157 0.928937
vt 0.422558 0.901513
vt 0.426528 0.901422
vt 0.422984 0.873948
vt 0.426867 0.873917
vt 0.423575 0.846399
vt 0.427025 0.846408
vt 0.423282 0.821379
vt 0.427005 0.821429
vt 0.422953 0.795134
vt 0.426891 0.795256
vt 0.422716 0.766698
vt 0.426726 0.766874
vt 0.426613 0.760911
vt 0.422288 0.760594
vt 0.419601 0.745854
vt 0.426359 0.747799
vt 0.426216 0.738861
vt 0.419153 0.738310
vt 0.480647 0.405050
vt 0.486609 0.405371
vt 0.480895 0.398713
vt 0.836132 0.999113
vt 0.830737 0.979107
vt 0.836542 0.979173
vt 0.830906 0.963760
vt 0.836816 0.963780
vt 0.486805 0.661624
vt 0.479826 0.661536
vt 0.419144 0.955692
vt 0.426466 0.955708
vt 0.833172 0.957232
vt 0.836840 0.957286
vt 0.831091 0.947036
vt 0.834854 0.946498
vt 0.833458 0.937398
vt 0.829476 0.939255
vt 0.066125 0.466718
vt 0.070617 0.466698
vt 0.835450 0.930013
vt 0.069404 0.460552
vt 0.072478 0.454783
vt 0.833406 0.925279
vt 0.828877 0.919111
vt 0.833275 0.918712
vt 0.828676 0.910856
vt 0.833055 0.910656
vt 0.832969 0.905672
vt 0.828538 0.905773
vt 0.828326 0.898644
vt 0.832792 0.898489
vt 0.828091 0.890955
vt 0.832415 0.890882
vt 0.414360 0.944159
vt 0.416048 0.927797
vt 0.418550 0.901324
vt 0.419335 0.873857
vt 0.419924 0.846320
vt 0.419515 0.821448
vt 0.418906 0.795297
vt 0.418208 0.766972
vt 0.418054 0.761057
vt 0.414857 0.750897
vt 0.413900 0.738531
vt 0.475360 0.404770
vt 0.474927 0.398431
vt 0.824898 0.979056
vt 0.825104 0.963751
vt 0.475393 0.661399
vt 0.414057 0.954964
vt 0.828199 0.957212
vt 0.826123 0.948006
vt 0.824995 0.937831
vt 0.824676 0.934443
vt 0.823100 0.929977
vt 0.824457 0.925670
vt 0.824395 0.919567
vt 0.823895 0.910980
vt 0.823460 0.905867
vt 0.823297 0.898799
vt 0.823056 0.891073
vt 0.405075 0.946691
vt 0.396981 0.946934
vt 0.396904 0.927276
vt 0.406325 0.928575
vt 0.396809 0.903053
vt 0.405941 0.902511
vt 0.397161 0.875248
vt 0.405913 0.874149
vt 0.397499 0.848065
vt 0.407150 0.847373
vt 0.396902 0.821460
vt 0.405922 0.821257
vt 0.396784 0.796281
vt 0.405781 0.795205
vt 0.396603 0.773833
vt 0.405264 0.768396
vt 0.405149 0.760613
vt 0.396805 0.760718
vt 0.397039 0.746651
vt 0.405322 0.747177
vt 0.405498 0.738260
vt 0.397174 0.738100
vt 0.457633 0.404567
vt 0.466027 0.404531
vt 0.457514 0.398231
vt 0.815995 0.998933
vt 0.807992 0.978996
vt 0.816254 0.979017
vt 0.808156 0.963745
vt 0.816438 0.963755
vt 0.466128 0.661242
vt 0.458122 0.661188
vt 0.397079 0.954900
vt 0.405094 0.954886
vt 0.811339 0.957226
vt 0.820778 0.957205
vt 0.811505 0.949875
vt 0.821097 0.949205
vt 0.816949 0.938317
vt 0.810255 0.938843
vt 0.808727 0.934983
vt 0.815830 0.934785
vt 0.814557 0.930134
vt 0.807670 0.930212
vt 0.807089 0.925850
vt 0.813208 0.925776
vt 0.806899 0.920959
vt 0.812054 0.920835
vt 0.806838 0.911448
vt 0.811901 0.911164
vt 0.811771 0.905998
vt 0.806643 0.906055
vt 0.806529 0.899134
vt 0.811645 0.899052
vt 0.806340 0.891346
vt 0.811477 0.891274
vt 0.350602 0.948133
vt 0.331172 0.948703
vt 0.335029 0.926033
vt 0.347074 0.925675
vt 0.335592 0.901226
vt 0.345589 0.900936
vt 0.335582 0.875698
vt 0.344961 0.875591
vt 0.335631 0.850078
vt 0.344861 0.850149
vt 0.335848 0.825015
vt 0.345137 0.825104
vt 0.336247 0.800715
vt 0.345843 0.800823
vt 0.336691 0.777463
vt 0.347138 0.777737
vt 0.348629 0.759641
vt 0.336154 0.759363
vt 0.331351 0.744044
vt 0.350965 0.744831
vt 0.350939 0.737735
vt 0.331383 0.737639
vt 0.392174 0.406315
vt 0.411454 0.405876
vt 0.392054 0.399944
vt 0.761869 0.998882
vt 0.742332 0.979166
vt 0.761887 0.979102
vt 0.742119 0.963852
vt 0.761901 0.963753
vt 0.411934 0.661009
vt 0.392474 0.660946
vt 0.331180 0.955140
vt 0.350730 0.955076
vt 0.741710 0.957421
vt 0.761136 0.957327
vt 0.933852 0.388447
vt 0.952673 0.388446
vt 0.952671 0.376673
vt 0.933775 0.376677
vt 0.742056 0.936085
vt 0.761075 0.936028
vt 0.761056 0.931012
vt 0.741954 0.931072
vt 0.741935 0.926772
vt 0.761032 0.926701
vt 0.741716 0.922009
vt 0.760997 0.921659
vt 0.741474 0.912159
vt 0.760933 0.912226
vt 0.760887 0.906495
vt 0.741278 0.906522
vt 0.741234 0.899727
vt 0.760832 0.899648
vt 0.741204 0.891561
vt 0.760784 0.891699
vt 0.327702 0.948716
vt 0.326245 0.926033
vt 0.326066 0.901489
vt 0.326025 0.875816
vt 0.326074 0.849909
vt 0.326223 0.824851
vt 0.326443 0.800623
vt 0.326622 0.777466
vt 0.326599 0.759313
vt 0.327887 0.743898
vt 0.327916 0.737614
vt 0.388764 0.406362
vt 0.388685 0.399992
vt 0.738866 0.979167
vt 0.738463 0.963869
vt 0.389025 0.660935
vt 0.327712 0.955151
vt 0.738300 0.957424
vt 0.738752 0.950891
vt 0.932602 0.376676
vt 0.930317 0.372928
vt 0.738508 0.931107
vt 0.738491 0.926803
vt 0.738452 0.922033
vt 0.738381 0.912177
vt 0.738282 0.906532
vt 0.738240 0.899752
vt 0.738214 0.891571
vt 0.845957 0.885612
vt 0.848189 0.885035
vt 0.839356 0.886103
vt 0.844066 0.885915
vt 0.822900 0.886586
vt 0.827941 0.886467
vt 0.806264 0.886856
vt 0.811362 0.886786
vt 0.741204 0.887210
vt 0.760779 0.887160
vt 0.738218 0.887212
vt 0.832229 0.886339
vt 0.844823 0.881282
vt 0.651128 0.664501
vt 0.839120 0.880916
vt 0.654104 0.664501
vt 0.822737 0.881399
vt 0.670538 0.664504
vt 0.806115 0.881681
vt 0.687166 0.664507
vt 0.741190 0.882112
vt 0.737929 0.664517
vt 0.738169 0.882115
vt 0.666241 0.664503
vt 0.274387 0.373220
vt 0.277233 0.380955
vt 0.508520 0.676852
vt 0.500680 0.677080
vt 0.498869 0.677020
vt 0.486202 0.676729
vt 0.479398 0.676605
vt 0.475398 0.676547
vt 0.465905 0.676452
vt 0.457913 0.676388
vt 0.411796 0.676203
vt 0.392355 0.676144
vt 0.388910 0.676133
vt 0.282195 0.389183
vt 0.283951 0.395334
vt 0.499751 0.695293
vt 0.528889 0.025658
vt 0.485609 0.694713
vt 0.528967 0.045099
vt 0.528982 0.049097
vt 0.465547 0.694435
vt 0.529036 0.066596
vt 0.392208 0.694142
vt 0.529115 0.135749
vt 0.411626 0.694195
vt 0.781779 0.887066
vt 0.781684 0.881931
vt 0.710322 0.664512
vt 0.788317 0.887020
vt 0.781821 0.891588
vt 0.788372 0.891536
vt 0.788490 0.899390
vt 0.781884 0.899464
vt 0.788545 0.906267
vt 0.781976 0.906335
vt 0.781943 0.912096
vt 0.788485 0.912034
vt 0.788417 0.921398
vt 0.781904 0.921476
vt 0.788295 0.926410
vt 0.782301 0.926489
vt 0.788250 0.930753
vt 0.782267 0.930821
vt 0.973676 0.372916
vt 0.787964 0.935901
vt 0.979417 0.376766
vt 0.973661 0.376732
vt 0.788192 0.957251
vt 0.782241 0.957267
vt 0.973660 0.388429
vt 0.979574 0.388428
vt 0.786608 0.963727
vt 0.781162 0.963732
vt 0.786847 0.979025
vt 0.781345 0.979040
vt 0.786755 0.998859
vt 0.430582 0.398893
vt 0.436327 0.405072
vt 0.430817 0.405245
vt 0.375937 0.737883
vt 0.370421 0.737847
vt 0.375500 0.760184
vt 0.370063 0.760133
vt 0.370358 0.745640
vt 0.375865 0.745803
vt 0.375433 0.799268
vt 0.369083 0.800099
vt 0.369653 0.777397
vt 0.375418 0.776571
vt 0.375421 0.823814
vt 0.368728 0.824487
vt 0.375400 0.849545
vt 0.368585 0.849855
vt 0.375362 0.875600
vt 0.368649 0.875515
vt 0.375355 0.901291
vt 0.369005 0.900912
vt 0.375463 0.925644
vt 0.369630 0.925350
vt 0.375660 0.947557
vt 0.370165 0.947578
vt 0.436789 0.661090
vt 0.431311 0.661071
vt 0.370191 0.955015
vt 0.375689 0.954993
vt 0.436617 0.676286
vt 0.431148 0.676266
vt 0.436399 0.694278
vt 0.529087 0.093411
vt 0.794664 0.886970
vt 0.794592 0.881825
vt 0.699222 0.664509
vt 0.799375 0.886931
vt 0.794780 0.891479
vt 0.799437 0.891427
vt 0.799578 0.899233
vt 0.794871 0.899318
vt 0.799680 0.906124
vt 0.794970 0.906195
vt 0.795049 0.911943
vt 0.799725 0.911844
vt 0.799112 0.921177
vt 0.794666 0.921300
vt 0.798776 0.926048
vt 0.794095 0.926288
vt 0.798301 0.930557
vt 0.793762 0.930684
vt 0.984607 0.372881
vt 0.797749 0.935851
vt 0.802818 0.939160
vt 0.984589 0.376740
vt 0.798513 0.957225
vt 0.793197 0.957238
vt 0.984554 0.388416
vt 0.797522 0.950697
vt 0.796908 0.963732
vt 0.791496 0.963723
vt 0.796752 0.979007
vt 0.791621 0.979015
vt 0.796601 0.998869
vt 0.440903 0.398585
vt 0.446270 0.404798
vt 0.441116 0.404933
vt 0.385868 0.737966
vt 0.380725 0.737920
vt 0.386401 0.760241
vt 0.380640 0.760129
vt 0.380644 0.745903
vt 0.385774 0.746137
vt 0.388756 0.797479
vt 0.381758 0.798235
vt 0.381065 0.775270
vt 0.387916 0.775180
vt 0.389074 0.822174
vt 0.382048 0.822992
vt 0.389336 0.848634
vt 0.382162 0.849129
vt 0.389160 0.875715
vt 0.382046 0.875701
vt 0.388538 0.902708
vt 0.381671 0.901942
vt 0.387964 0.927011
vt 0.381279 0.926193
vt 0.385980 0.947196
vt 0.380549 0.947380
vt 0.447250 0.661134
vt 0.441710 0.661110
vt 0.380627 0.954974
vt 0.386179 0.954949
vt 0.447061 0.676330
vt 0.441530 0.676305
vt 0.446808 0.694319
vt 0.529071 0.083008
vt 0.775917 0.887100
vt 0.775852 0.881971
vt 0.775966 0.891628
vt 0.776057 0.899521
vt 0.776154 0.906390
vt 0.776238 0.912140
vt 0.776325 0.921532
vt 0.776365 0.926555
vt 0.776491 0.930879
vt 0.967883 0.372925
vt 0.967899 0.376774
vt 0.776542 0.957283
vt 0.967996 0.388430
vt 0.775949 0.963739
vt 0.776081 0.979056
vt 0.425328 0.399062
vt 0.425562 0.405416
vt 0.365148 0.737814
vt 0.364325 0.760020
vt 0.365092 0.745417
vt 0.362262 0.800560
vt 0.363385 0.777782
vt 0.361615 0.824876
vt 0.361367 0.850052
vt 0.361518 0.875485
vt 0.362215 0.900739
vt 0.363515 0.925276
vt 0.364904 0.947738
vt 0.426068 0.661053
vt 0.364927 0.955033
vt 0.425913 0.676248
vt 0.529094 0.098657
vt 0.770977 0.887122
vt 0.770902 0.882005
vt 0.770997 0.891653
vt 0.771091 0.899569
vt 0.771147 0.906430
vt 0.771104 0.912175
vt 0.771214 0.921577
vt 0.771186 0.926607
vt 0.771278 0.930926
vt 0.962908 0.372914
vt 0.962919 0.376664
vt 0.771501 0.957297
vt 0.962984 0.388436
vt 0.771340 0.963743
vt 0.771427 0.979070
vt 0.420700 0.399214
vt 0.420926 0.405570
vt 0.360487 0.737787
vt 0.357791 0.759912
vt 0.360437 0.745136
vt 0.354583 0.800798
vt 0.356091 0.777905
vt 0.353781 0.825063
vt 0.353492 0.850132
vt 0.353671 0.875508
vt 0.354564 0.900747
vt 0.356554 0.925352
vt 0.360218 0.947832
vt 0.421430 0.661038
vt 0.360269 0.955048
vt 0.421282 0.676233
vt 0.529100 0.103299
vt 0.933837 0.386220
vt 0.932273 0.386217
vt 0.933515 0.381216
vt 0.933807 0.381217
vt 0.952672 0.386219
vt 0.952672 0.381215
vt 0.962973 0.386208
vt 0.962946 0.381206
vt 0.967977 0.386201
vt 0.967937 0.381197
vt 0.973635 0.386198
vt 0.973581 0.381194
vt 0.979544 0.386195
vt 0.979477 0.381187
vt 0.984555 0.386289
vt 0.984559 0.381072
vt 0.801680 0.948593
vt 0.804124 0.943462
vt 0.820395 0.947402
vt 0.811714 0.947961
vt 0.811486 0.943443
vt 0.818806 0.943349
vt 0.825916 0.946377
vt 0.825443 0.942714
vt 0.830794 0.945558
vt 0.830110 0.942250
vt 0.834593 0.944994
vt 0.834003 0.941615
vt 0.845100 0.944210
vt 0.845101 0.941150
vt 0.850027 0.943834
vt 0.849935 0.941228
vt 0.855127 0.943722
vt 0.854717 0.940748
vt 0.865626 0.943666
vt 0.865426 0.940203
vt 0.870901 0.940311
vt 0.281895 0.054320
vt 0.721444 0.887208
vt 0.721445 0.882111
vt 0.774081 0.664523
vt 0.724623 0.887212
vt 0.721460 0.891604
vt 0.724643 0.891598
vt 0.724651 0.899840
vt 0.721462 0.899862
vt 0.724657 0.906568
vt 0.721470 0.906575
vt 0.721556 0.912255
vt 0.724761 0.912241
vt 0.724985 0.922119
vt 0.721682 0.922136
vt 0.725240 0.926918
vt 0.721759 0.926944
vt 0.725361 0.931238
vt 0.721762 0.931273
vt 0.913609 0.372937
vt 0.725420 0.936133
vt 0.917211 0.376678
vt 0.913618 0.376680
vt 0.917230 0.381213
vt 0.913635 0.381212
vt 0.917252 0.386207
vt 0.913653 0.386203
vt 0.917263 0.388426
vt 0.721929 0.950909
vt 0.725523 0.957442
vt 0.721845 0.957448
vt 0.725498 0.963940
vt 0.721895 0.963962
vt 0.725631 0.979170
vt 0.722010 0.979172
vt 0.725671 0.999016
vt 0.372197 0.400035
vt 0.375733 0.406406
vt 0.372166 0.406405
vt 0.314679 0.737520
vt 0.311055 0.737494
vt 0.316602 0.759042
vt 0.308114 0.759016
vt 0.311037 0.743175
vt 0.314657 0.743383
vt 0.316609 0.800439
vt 0.306753 0.800295
vt 0.307240 0.777002
vt 0.316766 0.777168
vt 0.316435 0.824705
vt 0.306531 0.824648
vt 0.316328 0.849762
vt 0.306445 0.849838
vt 0.316301 0.875978
vt 0.306425 0.876184
vt 0.316331 0.901733
vt 0.306629 0.901911
vt 0.316163 0.926158
vt 0.307512 0.926282
vt 0.314474 0.949105
vt 0.310857 0.949107
vt 0.375862 0.660895
vt 0.372260 0.660884
vt 0.310828 0.955166
vt 0.314465 0.955169
vt 0.375769 0.676089
vt 0.372171 0.676077
vt 0.375642 0.694084
vt 0.529117 0.152539
vt 0.707103 0.887188
vt 0.707109 0.882090
vt 0.707100 0.891614
vt 0.707102 0.899936
vt 0.707107 0.906591
vt 0.707113 0.912297
vt 0.707125 0.922196
vt 0.707130 0.927032
vt 0.707134 0.931373
vt 0.898997 0.372942
vt 0.898997 0.376682
vt 0.898998 0.381205
vt 0.898999 0.386187
vt 0.707193 0.950924
vt 0.707223 0.957476
vt 0.707249 0.964051
vt 0.707301 0.979184
vt 0.357764 0.399897
vt 0.357673 0.406272
vt 0.296337 0.737413
vt 0.297064 0.758924
vt 0.296330 0.742903
vt 0.296578 0.800117
vt 0.296830 0.776530
vt 0.296441 0.824613
vt 0.296333 0.849939
vt 0.296208 0.876352
vt 0.296121 0.902105
vt 0.296114 0.926463
vt 0.296129 0.949450
vt 0.357625 0.660844
vt 0.357684 0.647579
vt 0.357557 0.676032
vt 0.529116 0.167205
vt 0.005136 0.067190
vt 0.197978 0.628133
vt 0.198611 0.641011
vt 0.193031 0.641296
vt 0.001448 0.098966
vt 0.194859 0.596202
vt 0.000444 0.126525
vt 0.193820 0.568143
vt 0.000000 0.153395
vt 0.193828 0.540873
vt 0.000451 0.178996
vt 0.194375 0.514991
vt 0.001238 0.205150
vt 0.194870 0.488518
vt 0.003704 0.233428
vt 0.196649 0.459878
vt 0.197012 0.453901
vt 0.191418 0.453669
vt 0.006336 0.252407
vt 0.197624 0.440739
vt 0.197950 0.432127
vt 0.192342 0.432039
vt 0.011694 0.286759
vt 0.198034 0.405677
vt 0.017852 0.288267
vt 0.548087 0.999897
vt 0.017855 0.308127
vt 0.547996 0.979971
vt 0.017509 0.323421
vt 0.547926 0.964620
vt 0.017510 0.329903
vt 0.547893 0.958163
vt 0.017511 0.342377
vt 0.549295 0.945660
vt 0.549964 0.936954
vt 0.544573 0.936573
vt 0.020616 0.352419
vt 0.550139 0.934959
vt 0.550918 0.930746
vt 0.545306 0.930711
vt 0.021720 0.360181
vt 0.551581 0.926802
vt 0.016198 0.369044
vt 0.554846 0.916926
vt 0.011504 0.375498
vt 0.558257 0.910928
vt 0.559524 0.907241
vt 0.556810 0.907331
vt 0.011506 0.387167
vt 0.562233 0.899965
vt 0.013679 0.394763
vt 0.940042 0.664554
vt 0.006644 0.046060
vt 0.198901 0.649036
vt 0.199171 0.661903
vt 0.193578 0.662008
vt 0.205713 0.627607
vt 0.206277 0.640619
vt 0.202478 0.595702
vt 0.201511 0.567948
vt 0.201514 0.540838
vt 0.202083 0.515119
vt 0.202496 0.488772
vt 0.204364 0.460221
vt 0.205311 0.440986
vt 0.204748 0.454224
vt 0.205727 0.405639
vt 0.205726 0.432309
vt 0.555816 0.999861
vt 0.557355 0.979927
vt 0.557983 0.964570
vt 0.558917 0.958071
vt 0.559644 0.945605
vt 0.560951 0.935447
vt 0.560693 0.937549
vt 0.561023 0.926529
vt 0.019513 0.457609
vt 0.561130 0.917430
vt 0.561491 0.911395
vt 0.565999 0.899847
vt 0.562217 0.907170
vt 0.567569 0.892233
vt 0.206573 0.648733
vt 0.206870 0.661748
vt 0.152044 0.946600
vt 0.213557 0.627100
vt 0.153781 0.933602
vt 0.154112 0.946525
vt 0.210090 0.595220
vt 0.152938 0.901569
vt 0.209251 0.567777
vt 0.152528 0.873788
vt 0.208953 0.540841
vt 0.152388 0.846621
vt 0.209579 0.515247
vt 0.152495 0.820950
vt 0.209880 0.489014
vt 0.152794 0.794596
vt 0.211802 0.460583
vt 0.153373 0.766089
vt 0.151366 0.760054
vt 0.212678 0.441257
vt 0.153600 0.746858
vt 0.153450 0.760078
vt 0.151767 0.738153
vt 0.213116 0.405497
vt 0.215337 0.405425
vt 0.153888 0.738218
vt 0.213010 0.399122
vt 0.565916 0.999819
vt 0.563179 0.979901
vt 0.566924 0.979885
vt 0.563115 0.964549
vt 0.567881 0.964526
vt 0.214572 0.661629
vt 0.214084 0.648623
vt 0.154791 0.955084
vt 0.216466 0.661604
vt 0.563916 0.958037
vt 0.568356 0.958063
vt 0.564836 0.945620
vt 0.569762 0.946258
vt 0.565102 0.939776
vt 0.021820 0.466797
vt 0.027155 0.466535
vt 0.569831 0.937763
vt 0.025367 0.460573
vt 0.028152 0.454783
vt 0.569831 0.926574
vt 0.571007 0.930866
vt 0.565445 0.918153
vt 0.569827 0.918587
vt 0.565681 0.911337
vt 0.570209 0.911364
vt 0.566946 0.907099
vt 0.569662 0.899766
vt 0.574114 0.899823
vt 0.572106 0.906981
vt 0.569515 0.892193
vt 0.574012 0.892144
vt 0.166292 0.946036
vt 0.166280 0.932279
vt 0.170891 0.927879
vt 0.172154 0.944938
vt 0.165750 0.901137
vt 0.169868 0.901258
vt 0.165395 0.873611
vt 0.169424 0.873653
vt 0.165271 0.846089
vt 0.168888 0.846090
vt 0.165401 0.821106
vt 0.169275 0.821066
vt 0.165649 0.794939
vt 0.169717 0.794838
vt 0.165986 0.767188
vt 0.170215 0.768483
vt 0.166194 0.760479
vt 0.166481 0.747335
vt 0.173335 0.745691
vt 0.170689 0.760055
vt 0.166763 0.738618
vt 0.227757 0.404725
vt 0.233936 0.404483
vt 0.173454 0.738248
vt 0.227686 0.398401
vt 0.583803 0.999757
vt 0.577893 0.979847
vt 0.583722 0.979831
vt 0.577830 0.964485
vt 0.583739 0.964502
vt 0.228721 0.661546
vt 0.165894 0.955253
vt 0.173172 0.955179
vt 0.235659 0.661447
vt 0.577882 0.958012
vt 0.581546 0.957981
vt 0.579958 0.947282
vt 0.583706 0.947832
vt 0.581407 0.938247
vt 0.581750 0.935574
vt 0.050036 0.464010
vt 0.585329 0.940133
vt 0.053132 0.455337
vt 0.581444 0.926270
vt 0.585737 0.924092
vt 0.056203 0.460731
vt 0.581356 0.919786
vt 0.585719 0.919980
vt 0.581331 0.911787
vt 0.585684 0.911815
vt 0.581246 0.906826
vt 0.581133 0.899669
vt 0.585598 0.899642
vt 0.585656 0.906755
vt 0.581161 0.892071
vt 0.585503 0.891969
vt 0.176105 0.927834
vt 0.178166 0.943826
vt 0.174072 0.901289
vt 0.173086 0.873568
vt 0.172542 0.846023
vt 0.173121 0.821136
vt 0.173777 0.795035
vt 0.175681 0.771867
vt 0.177955 0.750644
vt 0.175589 0.760658
vt 0.239230 0.404366
vt 0.178800 0.738277
vt 0.589663 0.999741
vt 0.589583 0.979816
vt 0.589538 0.964512
vt 0.178008 0.954610
vt 0.239946 0.661355
vt 0.586512 0.957975
vt 0.588653 0.948784
vt 0.590053 0.935264
vt 0.589794 0.938482
vt 0.590099 0.926520
vt 0.591608 0.930786
vt 0.590161 0.920378
vt 0.590442 0.911797
vt 0.590629 0.899625
vt 0.590717 0.906681
vt 0.590565 0.891903
vt 0.186864 0.944940
vt 0.185751 0.926850
vt 0.195171 0.925779
vt 0.195241 0.946653
vt 0.186101 0.902483
vt 0.195498 0.902538
vt 0.186997 0.873766
vt 0.195659 0.874649
vt 0.186336 0.846633
vt 0.195461 0.847592
vt 0.186239 0.821144
vt 0.195378 0.821859
vt 0.186605 0.795599
vt 0.195682 0.796990
vt 0.186421 0.775034
vt 0.195950 0.774830
vt 0.187108 0.760474
vt 0.187376 0.746965
vt 0.195631 0.746452
vt 0.195843 0.760497
vt 0.187201 0.738039
vt 0.248564 0.404293
vt 0.256973 0.404351
vt 0.195509 0.737899
vt 0.248605 0.397960
vt 0.606624 0.999683
vt 0.598253 0.979797
vt 0.606539 0.979779
vt 0.598195 0.964529
vt 0.606460 0.964507
vt 0.249256 0.661187
vt 0.187033 0.954650
vt 0.195073 0.954704
vt 0.257259 0.661089
vt 0.593916 0.957972
vt 0.603318 0.957980
vt 0.593650 0.949963
vt 0.603189 0.950612
vt 0.597822 0.939038
vt 0.598901 0.935495
vt 0.606013 0.935652
vt 0.604527 0.939514
vt 0.600095 0.930809
vt 0.601349 0.926401
vt 0.607423 0.926345
vt 0.606924 0.930764
vt 0.602412 0.921408
vt 0.607530 0.921419
vt 0.602372 0.911695
vt 0.607415 0.911869
vt 0.602369 0.906516
vt 0.602297 0.899554
vt 0.607424 0.899519
vt 0.607487 0.906457
vt 0.602219 0.891764
vt 0.607391 0.891716
vt 0.241534 0.948188
vt 0.244832 0.925860
vt 0.257162 0.926129
vt 0.260890 0.948564
vt 0.245946 0.901875
vt 0.256453 0.902105
vt 0.246662 0.875807
vt 0.256479 0.876050
vt 0.247136 0.849464
vt 0.256602 0.849438
vt 0.247329 0.824102
vt 0.256791 0.824131
vt 0.247086 0.799363
vt 0.256863 0.799580
vt 0.246498 0.775259
vt 0.257078 0.776139
vt 0.245467 0.759672
vt 0.241679 0.744681
vt 0.261302 0.743946
vt 0.257824 0.759457
vt 0.241719 0.737586
vt 0.303417 0.405190
vt 0.322949 0.405610
vt 0.261285 0.737541
vt 0.303607 0.398821
vt 0.672357 0.999280
vt 0.652714 0.979599
vt 0.672272 0.979488
vt 0.652645 0.964229
vt 0.672403 0.964156
vt 0.303362 0.660809
vt 0.241478 0.955068
vt 0.261053 0.955130
vt 0.322790 0.660761
vt 0.653379 0.957785
vt 0.672773 0.957714
vt 0.845325 0.388463
vt 0.864146 0.388458
vt 0.845323 0.376690
vt 0.845323 0.372940
vt 0.672266 0.936075
vt 0.864219 0.376688
vt 0.653287 0.931015
vt 0.653288 0.926691
vt 0.672349 0.926738
vt 0.672348 0.931049
vt 0.653291 0.921633
vt 0.672548 0.921964
vt 0.653283 0.912174
vt 0.672743 0.912095
vt 0.653283 0.906428
vt 0.653283 0.899567
vt 0.672931 0.899645
vt 0.672915 0.906448
vt 0.653272 0.891606
vt 0.672937 0.891474
vt 0.266038 0.926247
vt 0.264650 0.948553
vt 0.266215 0.902131
vt 0.266282 0.876208
vt 0.266334 0.849434
vt 0.266480 0.824175
vt 0.266566 0.799661
vt 0.266672 0.776129
vt 0.264768 0.743809
vt 0.266682 0.759299
vt 0.326400 0.405689
vt 0.264754 0.737525
vt 0.675822 0.999261
vt 0.675738 0.979456
vt 0.676055 0.964142
vt 0.264529 0.955133
vt 0.326233 0.660762
vt 0.676178 0.957688
vt 0.867591 0.388453
vt 0.675710 0.936079
vt 0.865392 0.376686
vt 0.675787 0.926767
vt 0.675788 0.931081
vt 0.675808 0.921988
vt 0.675837 0.912115
vt 0.675932 0.899674
vt 0.675913 0.906462
vt 0.675937 0.891488
vt 0.934937 0.665544
vt 0.567303 0.887516
vt 0.569216 0.887705
vt 0.573948 0.887634
vt 0.585447 0.887480
vt 0.590533 0.887413
vt 0.602177 0.887275
vt 0.607328 0.887220
vt 0.653250 0.887064
vt 0.672929 0.887121
vt 0.675928 0.887128
vt 0.581124 0.887528
vt 0.932052 0.664553
vt 0.930007 0.664552
vt 0.568873 0.882517
vt 0.924081 0.664551
vt 0.585389 0.882294
vt 0.907594 0.664548
vt 0.602124 0.882087
vt 0.890863 0.664545
vt 0.653285 0.881965
vt 0.825683 0.664533
vt 0.822655 0.664532
vt 0.581064 0.882342
vt 0.199290 0.676986
vt 0.009947 0.025021
vt 0.206943 0.676990
vt 0.216548 0.677055
vt 0.214741 0.677126
vt 0.236003 0.676569
vt 0.229205 0.676719
vt 0.239999 0.676495
vt 0.257454 0.676270
vt 0.249478 0.676364
vt 0.322807 0.675959
vt 0.303429 0.675987
vt 0.326242 0.675962
vt 0.211288 0.686108
vt 0.017753 0.009055
vt 0.217433 0.695236
vt 0.029378 0.000010
vt 0.236533 0.694558
vt 0.528897 0.296094
vt 0.240474 0.694491
vt 0.257757 0.694261
vt 0.528975 0.275810
vt 0.326231 0.693964
vt 0.529106 0.202114
vt 0.529087 0.221600
vt 0.632069 0.887063
vt 0.625464 0.887085
vt 0.625471 0.881939
vt 0.866294 0.664540
vt 0.632095 0.891589
vt 0.625494 0.891603
vt 0.625521 0.899471
vt 0.632154 0.899478
vt 0.625586 0.906362
vt 0.632164 0.906365
vt 0.632279 0.912135
vt 0.625739 0.912137
vt 0.625939 0.921506
vt 0.632434 0.921530
vt 0.626120 0.926516
vt 0.632090 0.926551
vt 0.626206 0.930855
vt 0.632158 0.930886
vt 0.632234 0.936003
vt 0.818613 0.372942
vt 0.818578 0.376791
vt 0.824334 0.376756
vt 0.626385 0.957924
vt 0.818424 0.388454
vt 0.824338 0.388453
vt 0.632321 0.957896
vt 0.627974 0.964399
vt 0.633412 0.964365
vt 0.627727 0.979716
vt 0.633238 0.979693
vt 0.278516 0.398328
vt 0.633321 0.999526
vt 0.278351 0.404684
vt 0.283892 0.404790
vt 0.216714 0.737703
vt 0.222229 0.737671
vt 0.216951 0.760235
vt 0.216775 0.745623
vt 0.222281 0.745463
vt 0.222333 0.760150
vt 0.216938 0.799482
vt 0.216945 0.776462
vt 0.222582 0.776578
vt 0.223234 0.799765
vt 0.216946 0.823835
vt 0.223557 0.824129
vt 0.216952 0.849032
vt 0.223543 0.849258
vt 0.216916 0.875185
vt 0.223260 0.875260
vt 0.216837 0.901603
vt 0.222826 0.901527
vt 0.216670 0.925123
vt 0.222420 0.925186
vt 0.216562 0.946991
vt 0.222044 0.947125
vt 0.278555 0.660924
vt 0.216484 0.954877
vt 0.221985 0.954923
vt 0.284022 0.660892
vt 0.278690 0.676103
vt 0.284141 0.676070
vt 0.529052 0.246475
vt 0.284297 0.694056
vt 0.619050 0.887119
vt 0.614289 0.887154
vt 0.614274 0.881990
vt 0.879268 0.664543
vt 0.619035 0.891634
vt 0.614343 0.891659
vt 0.614392 0.899480
vt 0.619116 0.899486
vt 0.614443 0.906386
vt 0.619155 0.906378
vt 0.619179 0.912136
vt 0.614510 0.912118
vt 0.615275 0.921449
vt 0.619708 0.921490
vt 0.615678 0.926306
vt 0.620343 0.926460
vt 0.616211 0.930783
vt 0.620728 0.930838
vt 0.621286 0.935956
vt 0.616808 0.936006
vt 0.612155 0.939819
vt 0.813406 0.376768
vt 0.616092 0.957962
vt 0.617073 0.951428
vt 0.813445 0.388444
vt 0.621394 0.957945
vt 0.617689 0.964466
vt 0.623092 0.964427
vt 0.617803 0.979750
vt 0.622945 0.979733
vt 0.268507 0.398165
vt 0.623028 0.999588
vt 0.268367 0.404512
vt 0.273539 0.404598
vt 0.206794 0.737778
vt 0.211931 0.737736
vt 0.205899 0.760339
vt 0.206875 0.745950
vt 0.212000 0.745719
vt 0.211766 0.760302
vt 0.203699 0.798156
vt 0.204684 0.775479
vt 0.211242 0.776202
vt 0.210614 0.798994
vt 0.203272 0.822716
vt 0.210336 0.823390
vt 0.203314 0.848291
vt 0.210357 0.848750
vt 0.203544 0.875031
vt 0.210513 0.875157
vt 0.203879 0.902189
vt 0.210772 0.901893
vt 0.204108 0.925359
vt 0.210855 0.925185
vt 0.205997 0.946666
vt 0.211607 0.946838
vt 0.268114 0.660999
vt 0.205989 0.954798
vt 0.211545 0.954840
vt 0.273644 0.660957
vt 0.268278 0.676176
vt 0.273792 0.676135
vt 0.529030 0.256938
vt 0.273997 0.694118
vt 0.637987 0.887054
vt 0.860436 0.664539
vt 0.637992 0.891586
vt 0.638003 0.899496
vt 0.637995 0.906375
vt 0.637982 0.912139
vt 0.637998 0.921554
vt 0.638004 0.926586
vt 0.637908 0.930921
vt 0.638041 0.936016
vt 0.830095 0.376796
vt 0.830002 0.388452
vt 0.638007 0.957868
vt 0.638617 0.964331
vt 0.638508 0.979670
vt 0.638592 0.999490
vt 0.289183 0.404894
vt 0.227503 0.737644
vt 0.227547 0.745246
vt 0.227729 0.760044
vt 0.228580 0.776509
vt 0.229997 0.799815
vt 0.230611 0.824251
vt 0.230578 0.849409
vt 0.230059 0.875368
vt 0.229283 0.901492
vt 0.228408 0.925337
vt 0.227313 0.947486
vt 0.227254 0.954970
vt 0.289255 0.660864
vt 0.289359 0.676043
vt 0.289492 0.694029
vt 0.642972 0.887053
vt 0.855463 0.664538
vt 0.642996 0.891589
vt 0.642988 0.899515
vt 0.643009 0.906390
vt 0.643115 0.912148
vt 0.643095 0.921578
vt 0.643164 0.926620
vt 0.643099 0.930951
vt 0.643026 0.936027
vt 0.835076 0.376684
vt 0.835014 0.388457
vt 0.643037 0.957841
vt 0.643219 0.964298
vt 0.643167 0.979648
vt 0.643252 0.999458
vt 0.293856 0.404988
vt 0.232165 0.737622
vt 0.232203 0.744970
vt 0.234094 0.759851
vt 0.235934 0.775993
vt 0.237806 0.799614
vt 0.238485 0.824209
vt 0.238398 0.849473
vt 0.237784 0.875565
vt 0.236750 0.901655
vt 0.235254 0.925566
vt 0.232038 0.947716
vt 0.231920 0.955007
vt 0.293884 0.660843
vt 0.293975 0.676021
vt 0.294088 0.694008
vt 0.864160 0.386231
vt 0.864188 0.381229
vt 0.864480 0.381227
vt 0.865724 0.386228
vt 0.845325 0.386236
vt 0.845324 0.381232
vt 0.835024 0.386229
vt 0.835050 0.381226
vt 0.830020 0.386223
vt 0.830059 0.381219
vt 0.824363 0.386222
vt 0.824415 0.381218
vt 0.818454 0.386221
vt 0.818519 0.381213
vt 0.813442 0.386316
vt 0.813436 0.381099
vt 0.612930 0.949339
vt 0.610574 0.944119
vt 0.594360 0.948153
vt 0.595958 0.944083
vt 0.603256 0.944141
vt 0.602996 0.948685
vt 0.588870 0.947156
vt 0.589351 0.943491
vt 0.584009 0.946363
vt 0.584702 0.943085
vt 0.580228 0.945789
vt 0.580833 0.942436
vt 0.569769 0.944907
vt 0.569785 0.941860
vt 0.564883 0.944449
vt 0.564996 0.941832
vt 0.559843 0.944271
vt 0.560288 0.941285
vt 0.549421 0.944154
vt 0.549698 0.940771
vt 0.543853 0.944176
vt 0.017512 0.347385
vt 0.692750 0.887163
vt 0.689563 0.887157
vt 0.689574 0.882061
vt 0.805919 0.664529
vt 0.692730 0.891559
vt 0.689541 0.891544
vt 0.689542 0.899790
vt 0.692734 0.899819
vt 0.689550 0.906521
vt 0.692738 0.906535
vt 0.692666 0.912218
vt 0.689460 0.912197
vt 0.689265 0.922079
vt 0.692568 0.922101
vt 0.689024 0.926880
vt 0.692503 0.926910
vt 0.688914 0.931202
vt 0.692510 0.931237
vt 0.692473 0.936107
vt 0.880792 0.372940
vt 0.880783 0.376683
vt 0.884376 0.376685
vt 0.880766 0.381219
vt 0.884361 0.381217
vt 0.880746 0.386213
vt 0.884344 0.386208
vt 0.688867 0.951057
vt 0.884335 0.388425
vt 0.688939 0.957598
vt 0.692613 0.957573
vt 0.689009 0.964100
vt 0.692610 0.964090
vt 0.688973 0.979338
vt 0.692593 0.979306
vt 0.339704 0.399609
vt 0.692668 0.999169
vt 0.339549 0.405976
vt 0.343139 0.406053
vt 0.277993 0.737468
vt 0.281618 0.737453
vt 0.276201 0.759171
vt 0.278002 0.743331
vt 0.281622 0.743134
vt 0.284683 0.759052
vt 0.276295 0.799855
vt 0.276135 0.776555
vt 0.285791 0.776343
vt 0.286234 0.799963
vt 0.276303 0.824336
vt 0.286286 0.824507
vt 0.276195 0.849663
vt 0.286172 0.849877
vt 0.276103 0.876379
vt 0.285987 0.876437
vt 0.276007 0.902182
vt 0.285656 0.902201
vt 0.276102 0.926367
vt 0.284766 0.926391
vt 0.276561 0.947065
vt 0.283096 0.947190
vt 0.339388 0.660810
vt 0.276879 0.955731
vt 0.282663 0.955734
vt 0.342990 0.660818
vt 0.339356 0.675987
vt 0.342950 0.675995
vt 0.529112 0.185481
vt 0.342887 0.693986
vt 0.525763 0.325066
vt 0.543764 0.340036
vt 0.714352 0.007194
vt 0.469556 0.344046
vt 0.526360 0.299265
vt 0.569572 0.340035
vt 0.526359 0.271706
vt 0.597131 0.340034
vt 0.526357 0.244836
vt 0.624001 0.340033
vt 0.526356 0.219235
vt 0.649604 0.340033
vt 0.526355 0.193082
vt 0.675759 0.340033
vt 0.526354 0.164803
vt 0.704039 0.340034
vt 0.709993 0.340035
vt 0.526354 0.158849
vt 0.526353 0.145824
vt 0.723020 0.340036
vt 0.740415 0.340034
vt 0.526353 0.128428
vt 0.495187 0.126378
vt 0.775326 0.005617
vt 0.495186 0.104651
vt 0.797053 0.005614
vt 0.495185 0.090103
vt 0.811601 0.005612
vt 0.495184 0.074809
vt 0.826894 0.005609
vt 0.495184 0.068327
vt 0.833326 0.005608
vt 0.495184 0.055853
vt 0.845764 0.007078
vt 0.853686 0.007790
vt 0.495183 0.047699
vt 0.495183 0.045807
vt 0.855524 0.007955
vt 0.859495 0.008711
vt 0.495183 0.042025
vt 0.495183 0.038048
vt 0.863418 0.009365
vt 0.495183 0.029183
vt 0.871539 0.012586
vt 0.494699 0.022732
vt 0.875310 0.015907
vt 0.879028 0.017262
vt 0.494313 0.018781
vt 0.493443 0.011065
vt 0.886265 0.020079
vt 0.493443 0.003467
vt 0.493443 0.000011
vt 0.443115 0.352173
vt 0.686446 0.007472
vt 0.662040 0.007088
vt 0.420191 0.359371
vt 0.773737 0.016314
vt 0.714219 0.014851
vt 0.569572 0.347730
vt 0.597131 0.347729
vt 0.624053 0.347715
vt 0.649603 0.347714
vt 0.675758 0.347700
vt 0.704039 0.347741
vt 0.723020 0.347742
vt 0.709993 0.347741
vt 0.771654 0.347717
vt 0.740419 0.347742
vt 0.797054 0.013321
vt 0.811602 0.014942
vt 0.826895 0.015635
vt 0.833361 0.016599
vt 0.845753 0.017391
vt 0.855144 0.018726
vt 0.853229 0.018474
vt 0.863702 0.018825
vt 0.859473 0.016713
vt 0.870934 0.018827
vt 0.874709 0.019134
vt 0.886310 0.023840
vt 0.879026 0.019952
vt 0.893549 0.025512
vt 0.686345 0.015155
vt 0.662131 0.014925
vt 0.714107 0.022524
vt 0.773542 0.024047
vt 0.773513 0.025845
vt 0.714082 0.024304
vt 0.569572 0.355463
vt 0.569572 0.357261
vt 0.597131 0.355463
vt 0.597131 0.357263
vt 0.624077 0.355176
vt 0.624113 0.357245
vt 0.649603 0.355175
vt 0.649603 0.357248
vt 0.675758 0.355175
vt 0.675757 0.357250
vt 0.704038 0.355176
vt 0.704038 0.357255
vt 0.709993 0.355176
vt 0.723021 0.355178
vt 0.723021 0.357287
vt 0.709992 0.357265
vt 0.740423 0.355179
vt 0.771660 0.355151
vt 0.771662 0.357387
vt 0.740424 0.357303
vt 0.797055 0.020757
vt 0.797055 0.023407
vt 0.811602 0.020755
vt 0.811603 0.024495
vt 0.826896 0.020752
vt 0.826896 0.025507
vt 0.662167 0.022819
vt 0.686294 0.022917
vt 0.686288 0.024725
vt 0.662181 0.024649
vt 0.833377 0.021579
vt 0.833329 0.026002
vt 0.845748 0.022556
vt 0.845077 0.027454
vt 0.851649 0.022862
vt 0.852907 0.022934
vt 0.855197 0.027552
vt 0.853036 0.027534
vt 0.859463 0.023259
vt 0.865771 0.023111
vt 0.863717 0.027467
vt 0.859462 0.028724
vt 0.870665 0.023111
vt 0.870342 0.027490
vt 0.874743 0.023335
vt 0.874651 0.027849
vt 0.879025 0.024664
vt 0.886331 0.027491
vt 0.886204 0.031921
vt 0.879058 0.029812
vt 0.893559 0.027458
vt 0.893540 0.031922
vt 0.713985 0.036721
vt 0.773183 0.038451
vt 0.543764 0.373213
vt 0.712958 0.043377
vt 0.569572 0.369844
vt 0.569572 0.373059
vt 0.597131 0.369843
vt 0.597131 0.372904
vt 0.624641 0.369842
vt 0.624641 0.372338
vt 0.649602 0.369842
vt 0.649602 0.372702
vt 0.675757 0.369841
vt 0.675756 0.372978
vt 0.704036 0.369841
vt 0.704035 0.373085
vt 0.709990 0.369860
vt 0.723018 0.369903
vt 0.724565 0.376328
vt 0.710008 0.373491
vt 0.740431 0.369937
vt 0.771678 0.369813
vt 0.775331 0.041431
vt 0.740476 0.376533
vt 0.797057 0.035423
vt 0.797058 0.041232
vt 0.811605 0.035421
vt 0.811606 0.041230
vt 0.826898 0.035419
vt 0.826867 0.041306
vt 0.662219 0.037435
vt 0.686289 0.037428
vt 0.686376 0.044322
vt 0.662253 0.044323
vt 0.833342 0.035495
vt 0.833365 0.039146
vt 0.844008 0.037601
vt 0.843464 0.041329
vt 0.852693 0.039043
vt 0.855022 0.039378
vt 0.853039 0.043340
vt 0.851235 0.042961
vt 0.859463 0.037154
vt 0.864142 0.039057
vt 0.866028 0.043345
vt 0.859599 0.043349
vt 0.869562 0.038981
vt 0.869268 0.043335
vt 0.873996 0.038952
vt 0.873940 0.043307
vt 0.879044 0.038935
vt 0.886249 0.038913
vt 0.886215 0.043358
vt 0.879067 0.043333
vt 0.893508 0.039034
vt 0.893556 0.043353
vt 0.773095 0.045741
vt 0.714309 0.049107
vt 0.569572 0.376291
vt 0.597131 0.375623
vt 0.624711 0.375063
vt 0.649602 0.375574
vt 0.675756 0.376214
vt 0.704034 0.376905
vt 0.719555 0.380757
vt 0.710006 0.377080
vt 0.771697 0.380985
vt 0.740480 0.381768
vt 0.797059 0.047082
vt 0.811607 0.047080
vt 0.826851 0.047091
vt 0.686440 0.048421
vt 0.662263 0.048373
vt 0.833363 0.044094
vt 0.842502 0.046247
vt 0.855274 0.047640
vt 0.852450 0.047377
vt 0.863822 0.047701
vt 0.859541 0.049078
vt 0.868921 0.047771
vt 0.873933 0.048063
vt 0.886175 0.048370
vt 0.879094 0.048382
vt 0.893560 0.048389
vt 0.713849 0.059206
vt 0.772997 0.058840
vt 0.772984 0.067088
vt 0.713719 0.067168
vt 0.569572 0.390147
vt 0.569572 0.398385
vt 0.597131 0.390146
vt 0.597131 0.398384
vt 0.624817 0.390145
vt 0.624838 0.398398
vt 0.649602 0.390144
vt 0.649602 0.398397
vt 0.675755 0.390144
vt 0.675755 0.398397
vt 0.704032 0.390144
vt 0.704032 0.398403
vt 0.710004 0.390144
vt 0.723067 0.390145
vt 0.723466 0.398408
vt 0.710004 0.398405
vt 0.740485 0.390147
vt 0.771709 0.390119
vt 0.771715 0.398385
vt 0.740489 0.398409
vt 0.797060 0.055726
vt 0.797077 0.063990
vt 0.811608 0.055724
vt 0.811610 0.063982
vt 0.826825 0.055721
vt 0.826840 0.063956
vt 0.662240 0.057980
vt 0.686277 0.058108
vt 0.686188 0.066233
vt 0.662209 0.066069
vt 0.833360 0.051477
vt 0.833362 0.060845
vt 0.841326 0.051225
vt 0.840721 0.060737
vt 0.852112 0.055335
vt 0.855086 0.056424
vt 0.854779 0.063521
vt 0.851864 0.062026
vt 0.859454 0.057627
vt 0.863819 0.058910
vt 0.863834 0.064976
vt 0.859416 0.064457
vt 0.868138 0.059987
vt 0.868102 0.065099
vt 0.873922 0.059958
vt 0.873652 0.064974
vt 0.879135 0.060002
vt 0.886115 0.059992
vt 0.886087 0.065098
vt 0.879118 0.065103
vt 0.893568 0.059983
vt 0.893561 0.065126
vt 0.709363 0.112956
vt 0.772737 0.113019
vt 0.542702 0.463919
vt 0.707833 0.132386
vt 0.569573 0.444415
vt 0.569574 0.463917
vt 0.597132 0.444413
vt 0.597133 0.463915
vt 0.624994 0.444412
vt 0.624995 0.463913
vt 0.649602 0.444411
vt 0.649603 0.463911
vt 0.675756 0.444410
vt 0.675757 0.463910
vt 0.704036 0.444409
vt 0.704036 0.463908
vt 0.710010 0.444409
vt 0.725003 0.444343
vt 0.725734 0.463909
vt 0.710010 0.463908
vt 0.740506 0.444408
vt 0.771735 0.444390
vt 0.775346 0.129498
vt 0.740512 0.463912
vt 0.797200 0.109993
vt 0.797204 0.129494
vt 0.811619 0.109990
vt 0.811626 0.129491
vt 0.826948 0.109982
vt 0.826914 0.129680
vt 0.662044 0.112641
vt 0.686008 0.112756
vt 0.685993 0.132284
vt 0.662016 0.132211
vt 0.833373 0.110740
vt 0.833336 0.130071
vt 0.839853 0.110740
vt 0.839857 0.129554
vt 0.851626 0.110736
vt 0.854358 0.110735
vt 0.854357 0.129652
vt 0.851626 0.129634
vt 0.859127 0.110732
vt 0.863438 0.110736
vt 0.863422 0.129742
vt 0.859122 0.129738
vt 0.867831 0.110741
vt 0.867647 0.129938
vt 0.873198 0.110744
vt 0.873335 0.130139
vt 0.878996 0.110746
vt 0.885888 0.110748
vt 0.885861 0.130325
vt 0.879029 0.130310
vt 0.893517 0.110737
vt 0.893706 0.130324
vt 0.772599 0.135888
vt 0.707831 0.135833
vt 0.569575 0.467373
vt 0.597133 0.467372
vt 0.624995 0.467370
vt 0.649603 0.467368
vt 0.675757 0.467366
vt 0.704036 0.467364
vt 0.725873 0.467365
vt 0.710012 0.467364
vt 0.771753 0.467345
vt 0.740519 0.467369
vt 0.797204 0.132951
vt 0.811638 0.132948
vt 0.826907 0.133321
vt 0.685989 0.135743
vt 0.662014 0.135678
vt 0.833341 0.133466
vt 0.839863 0.133000
vt 0.854357 0.133090
vt 0.851626 0.130807
vt 0.863396 0.133171
vt 0.859093 0.133168
vt 0.867628 0.133192
vt 0.873321 0.133221
vt 0.885839 0.133317
vt 0.879021 0.133299
vt 0.893701 0.133315
vt 0.648196 0.879889
vt 0.898143 0.025311
vt 0.897919 0.027223
vt 0.897922 0.031915
vt 0.897916 0.043349
vt 0.897921 0.048406
vt 0.897928 0.059983
vt 0.897929 0.065100
vt 0.897938 0.110712
vt 0.897937 0.130309
vt 0.897939 0.133298
vt 0.897927 0.039051
vt 0.651090 0.879889
vt 0.653147 0.879889
vt 0.654079 0.879890
vt 0.659059 0.879890
vt 0.670498 0.879893
vt 0.675545 0.879894
vt 0.687126 0.879896
vt 0.692276 0.879897
vt 0.737888 0.879905
vt 0.757456 0.879909
vt 0.760483 0.879909
vt 0.666201 0.879892
vt 0.400723 0.374740
vt 0.420239 0.367084
vt 0.638012 0.015773
vt 0.638161 0.025256
vt 0.638142 0.023465
vt 0.638279 0.044615
vt 0.638260 0.037818
vt 0.638286 0.048621
vt 0.638283 0.066184
vt 0.638292 0.058150
vt 0.638162 0.132189
vt 0.638185 0.112620
vt 0.638159 0.135657
vt 0.372732 0.390693
vt 0.384116 0.383409
vt 0.596584 0.025449
vt 0.596573 0.023728
vt 0.596687 0.044886
vt 0.596658 0.038098
vt 0.596702 0.048885
vt 0.596748 0.066400
vt 0.596733 0.058389
vt 0.596757 0.135690
vt 0.596759 0.132227
vt 0.596768 0.112694
vt 0.897933 0.089664
vt 0.897932 0.083107
vt 0.710282 0.879900
vt 0.716845 0.879901
vt 0.893534 0.089675
vt 0.893539 0.083116
vt 0.885990 0.083106
vt 0.885967 0.089707
vt 0.879057 0.083135
vt 0.879044 0.089692
vt 0.873220 0.089793
vt 0.873226 0.083265
vt 0.867972 0.083459
vt 0.867941 0.089944
vt 0.863613 0.083634
vt 0.863575 0.089595
vt 0.859278 0.083715
vt 0.859245 0.089657
vt 0.854378 0.089733
vt 0.854384 0.084030
vt 0.851520 0.083994
vt 0.851558 0.089748
vt 0.833367 0.083829
vt 0.839862 0.083835
vt 0.839860 0.089753
vt 0.833369 0.089748
vt 0.826892 0.085392
vt 0.826904 0.090810
vt 0.811614 0.085092
vt 0.811615 0.090578
vt 0.797136 0.085095
vt 0.797150 0.090581
vt 0.771725 0.419492
vt 0.771727 0.424978
vt 0.740497 0.419510
vt 0.740499 0.424995
vt 0.710006 0.419512
vt 0.724135 0.419512
vt 0.724269 0.424998
vt 0.710007 0.424998
vt 0.675755 0.419512
vt 0.704034 0.419512
vt 0.704034 0.424998
vt 0.675756 0.424998
vt 0.649602 0.419513
vt 0.649602 0.424999
vt 0.624912 0.419514
vt 0.624930 0.425000
vt 0.597131 0.419515
vt 0.597131 0.425001
vt 0.569573 0.419516
vt 0.569573 0.425002
vt 0.772929 0.088196
vt 0.772849 0.093671
vt 0.711304 0.088211
vt 0.711293 0.093656
vt 0.662112 0.087605
vt 0.686067 0.087770
vt 0.686045 0.093283
vt 0.662092 0.093127
vt 0.638239 0.087623
vt 0.638226 0.093131
vt 0.596769 0.087767
vt 0.596770 0.093258
vt 0.897931 0.076740
vt 0.897930 0.072014
vt 0.699181 0.879898
vt 0.703871 0.879899
vt 0.893542 0.076700
vt 0.893552 0.072037
vt 0.886050 0.072033
vt 0.886006 0.076734
vt 0.879094 0.072033
vt 0.879067 0.076727
vt 0.873242 0.076714
vt 0.873284 0.072049
vt 0.868054 0.072821
vt 0.867994 0.077239
vt 0.863856 0.073217
vt 0.863680 0.077870
vt 0.859365 0.073737
vt 0.859301 0.078245
vt 0.854429 0.078802
vt 0.854362 0.074327
vt 0.851527 0.069692
vt 0.851549 0.078820
vt 0.833365 0.073572
vt 0.839900 0.074565
vt 0.839877 0.078855
vt 0.833366 0.078855
vt 0.826860 0.075144
vt 0.826883 0.080527
vt 0.811612 0.075202
vt 0.811613 0.080326
vt 0.797100 0.075218
vt 0.797126 0.080332
vt 0.771721 0.409614
vt 0.771723 0.414729
vt 0.740494 0.409634
vt 0.740496 0.414748
vt 0.710005 0.409627
vt 0.723867 0.409633
vt 0.724067 0.414749
vt 0.710006 0.414748
vt 0.675755 0.409609
vt 0.704033 0.409625
vt 0.704033 0.414747
vt 0.675755 0.414743
vt 0.649602 0.409609
vt 0.649602 0.414743
vt 0.624866 0.409610
vt 0.624899 0.414744
vt 0.597131 0.409576
vt 0.597131 0.414735
vt 0.569573 0.409577
vt 0.569573 0.414736
vt 0.772935 0.078224
vt 0.772923 0.083427
vt 0.712317 0.078010
vt 0.712256 0.083377
vt 0.662156 0.077050
vt 0.686119 0.077231
vt 0.686085 0.082813
vt 0.662131 0.082641
vt 0.638263 0.077106
vt 0.638250 0.082675
vt 0.596764 0.077285
vt 0.596768 0.082835
vt 0.897934 0.095542
vt 0.722704 0.879902
vt 0.893529 0.095539
vt 0.885946 0.095532
vt 0.879031 0.095506
vt 0.873214 0.095482
vt 0.867911 0.095495
vt 0.863538 0.095495
vt 0.859213 0.095395
vt 0.854373 0.095527
vt 0.851511 0.095506
vt 0.839858 0.095418
vt 0.833370 0.095414
vt 0.826916 0.095997
vt 0.811616 0.095830
vt 0.797164 0.095833
vt 0.771729 0.430230
vt 0.740501 0.430247
vt 0.724469 0.430250
vt 0.710008 0.430250
vt 0.704035 0.430250
vt 0.675756 0.430250
vt 0.649602 0.430251
vt 0.624948 0.430252
vt 0.597132 0.430253
vt 0.569573 0.430254
vt 0.772836 0.098907
vt 0.711234 0.098875
vt 0.686033 0.098556
vt 0.662077 0.098410
vt 0.638214 0.098404
vt 0.596770 0.098516
vt 0.897935 0.100493
vt 0.727674 0.879903
vt 0.893525 0.100514
vt 0.885927 0.100496
vt 0.879019 0.100504
vt 0.873209 0.100601
vt 0.867885 0.100577
vt 0.863505 0.100640
vt 0.859185 0.100572
vt 0.854368 0.100501
vt 0.851634 0.100487
vt 0.839857 0.100429
vt 0.833371 0.100427
vt 0.826926 0.100585
vt 0.811617 0.100476
vt 0.797176 0.100479
vt 0.771731 0.434876
vt 0.740502 0.434893
vt 0.724735 0.434895
vt 0.710009 0.434895
vt 0.704036 0.434895
vt 0.675756 0.434896
vt 0.649602 0.434896
vt 0.624963 0.434898
vt 0.597132 0.434899
vt 0.569573 0.434900
vt 0.772792 0.103538
vt 0.710535 0.103493
vt 0.686023 0.103217
vt 0.662064 0.103081
vt 0.638204 0.103068
vt 0.596770 0.103167
vt 0.842082 0.129569
vt 0.847085 0.129603
vt 0.847088 0.129895
vt 0.842086 0.131132
vt 0.842079 0.110739
vt 0.847084 0.110738
vt 0.842083 0.100440
vt 0.847091 0.100465
vt 0.842085 0.095434
vt 0.847094 0.095472
vt 0.842088 0.089776
vt 0.847097 0.089828
vt 0.842090 0.083865
vt 0.847101 0.083932
vt 0.841998 0.078853
vt 0.847216 0.078849
vt 0.841991 0.070442
vt 0.847227 0.068103
vt 0.843124 0.051933
vt 0.847169 0.053526
vt 0.847194 0.060803
vt 0.842644 0.060548
vt 0.844119 0.046461
vt 0.847756 0.046941
vt 0.844933 0.041637
vt 0.848237 0.042331
vt 0.845490 0.037874
vt 0.848821 0.038487
vt 0.846421 0.027469
vt 0.849444 0.027503
vt 0.846921 0.022614
vt 0.849559 0.022744
vt 0.847075 0.017596
vt 0.850047 0.018056
vt 0.847261 0.007212
vt 0.850630 0.007515
vt 0.495184 0.054311
vt 0.495183 0.050845
vt 0.897946 0.150074
vt 0.897944 0.146895
vt 0.774041 0.879912
vt 0.777221 0.879912
vt 0.893673 0.150061
vt 0.893679 0.146880
vt 0.885757 0.146887
vt 0.885734 0.150069
vt 0.878992 0.146894
vt 0.878984 0.150072
vt 0.873254 0.149995
vt 0.873269 0.146800
vt 0.867554 0.146610
vt 0.867533 0.149902
vt 0.863296 0.146368
vt 0.863269 0.149837
vt 0.858984 0.146252
vt 0.858954 0.149837
vt 0.854355 0.149794
vt 0.854355 0.146202
vt 0.851629 0.146191
vt 0.851630 0.149784
vt 0.847098 0.146173
vt 0.847101 0.149769
vt 0.842105 0.146153
vt 0.842110 0.149752
vt 0.839885 0.146144
vt 0.839891 0.149745
vt 0.833361 0.146185
vt 0.833367 0.149848
vt 0.826877 0.146226
vt 0.826869 0.149818
vt 0.811685 0.146133
vt 0.811698 0.149745
vt 0.797207 0.146136
vt 0.797207 0.149748
vt 0.771770 0.480532
vt 0.771774 0.484145
vt 0.740545 0.480554
vt 0.740552 0.484165
vt 0.710017 0.480548
vt 0.726357 0.480548
vt 0.726561 0.484160
vt 0.710018 0.484160
vt 0.675756 0.480551
vt 0.704033 0.480549
vt 0.704033 0.484161
vt 0.675756 0.484163
vt 0.649604 0.480553
vt 0.649604 0.484165
vt 0.624995 0.480555
vt 0.624996 0.484167
vt 0.597134 0.480557
vt 0.597134 0.484169
vt 0.569575 0.480559
vt 0.569576 0.484172
vt 0.772551 0.149018
vt 0.772533 0.152615
vt 0.706545 0.148984
vt 0.706545 0.152588
vt 0.662005 0.148899
vt 0.685984 0.148937
vt 0.685982 0.152551
vt 0.662003 0.152520
vt 0.638148 0.148884
vt 0.638146 0.152507
vt 0.596753 0.148898
vt 0.596751 0.152517
vt 0.897952 0.164403
vt 0.791550 0.879915
vt 0.893650 0.164403
vt 0.885643 0.164405
vt 0.878951 0.164406
vt 0.873197 0.164407
vt 0.867452 0.164408
vt 0.863159 0.164409
vt 0.858834 0.164409
vt 0.854353 0.164410
vt 0.851633 0.164411
vt 0.847113 0.164411
vt 0.842131 0.164412
vt 0.839916 0.164413
vt 0.833389 0.164414
vt 0.826837 0.164415
vt 0.811750 0.164418
vt 0.797210 0.164420
vt 0.775353 0.164424
vt 0.740579 0.498830
vt 0.727048 0.498831
vt 0.710025 0.498832
vt 0.704032 0.498833
vt 0.675757 0.498835
vt 0.649605 0.498838
vt 0.624997 0.498840
vt 0.597135 0.498842
vt 0.569577 0.498844
vt 0.542279 0.498847
vt 0.704950 0.167230
vt 0.685984 0.167229
vt 0.661999 0.167227
vt 0.638140 0.167223
vt 0.596749 0.167216
vt 0.261332 0.073130
vt 0.205121 0.054160
vt 0.714318 0.327120
vt 0.773878 0.325789
vt 0.569600 0.657654
vt 0.261933 0.098931
vt 0.597159 0.657650
vt 0.261937 0.126491
vt 0.624029 0.657646
vt 0.261940 0.153360
vt 0.649631 0.657642
vt 0.261944 0.178961
vt 0.675786 0.657638
vt 0.261947 0.205115
vt 0.704067 0.657632
vt 0.261951 0.233393
vt 0.710021 0.657630
vt 0.723047 0.657627
vt 0.261954 0.252373
vt 0.261952 0.239347
vt 0.740443 0.657626
vt 0.771676 0.657644
vt 0.230790 0.271824
vt 0.261956 0.269769
vt 0.797108 0.323226
vt 0.230793 0.293551
vt 0.811656 0.323223
vt 0.230795 0.308099
vt 0.826950 0.323221
vt 0.230797 0.323393
vt 0.833382 0.323219
vt 0.230798 0.329874
vt 0.845819 0.321746
vt 0.230800 0.342349
vt 0.853740 0.321031
vt 0.855579 0.320865
vt 0.230801 0.352395
vt 0.230800 0.350503
vt 0.859549 0.320108
vt 0.863472 0.319453
vt 0.230802 0.360154
vt 0.230801 0.356177
vt 0.871592 0.316228
vt 0.230803 0.369018
vt 0.875362 0.312906
vt 0.230321 0.375470
vt 0.879079 0.311549
vt 0.886315 0.308731
vt 0.229067 0.387137
vt 0.229935 0.379421
vt 0.940013 0.879942
vt 0.229068 0.394736
vt 0.178680 0.046038
vt 0.155754 0.038844
vt 0.662008 0.327347
vt 0.686422 0.326934
vt 0.714185 0.319460
vt 0.773702 0.318098
vt 0.569598 0.649959
vt 0.597158 0.649955
vt 0.624079 0.649965
vt 0.649629 0.649961
vt 0.675784 0.649971
vt 0.704065 0.649925
vt 0.710019 0.649923
vt 0.723047 0.649920
vt 0.740445 0.649918
vt 0.771680 0.649938
vt 0.797106 0.315519
vt 0.811654 0.313894
vt 0.826947 0.313195
vt 0.833413 0.312228
vt 0.845804 0.311432
vt 0.853280 0.310347
vt 0.855195 0.310095
vt 0.859524 0.312105
vt 0.863753 0.309992
vt 0.870985 0.309988
vt 0.874759 0.309679
vt 0.879076 0.308860
vt 0.886360 0.304969
vt 0.893598 0.303295
vt 0.662095 0.319512
vt 0.686314 0.319255
vt 0.714071 0.311778
vt 0.714045 0.309997
vt 0.773491 0.308570
vt 0.543752 0.642229
vt 0.569597 0.640428
vt 0.569597 0.642226
vt 0.597156 0.640421
vt 0.597156 0.642222
vt 0.624138 0.640435
vt 0.624102 0.642503
vt 0.649628 0.640427
vt 0.649628 0.642500
vt 0.675782 0.640421
vt 0.675783 0.642495
vt 0.704062 0.640411
vt 0.704063 0.642490
vt 0.710018 0.642488
vt 0.710017 0.640400
vt 0.723045 0.640375
vt 0.723046 0.642485
vt 0.740447 0.642481
vt 0.740449 0.640357
vt 0.771686 0.640267
vt 0.775378 0.308088
vt 0.797104 0.305433
vt 0.797105 0.308084
vt 0.811652 0.304341
vt 0.811653 0.308081
vt 0.826945 0.303323
vt 0.826946 0.308078
vt 0.662126 0.311620
vt 0.662139 0.309790
vt 0.686247 0.309695
vt 0.686255 0.311501
vt 0.833378 0.302826
vt 0.833427 0.307249
vt 0.845125 0.301369
vt 0.845798 0.306267
vt 0.851699 0.305959
vt 0.853084 0.301287
vt 0.855245 0.301268
vt 0.852956 0.305888
vt 0.859512 0.305560
vt 0.859510 0.300095
vt 0.863765 0.301350
vt 0.865820 0.305705
vt 0.870389 0.301325
vt 0.870715 0.305703
vt 0.874698 0.300964
vt 0.874792 0.305478
vt 0.879074 0.304148
vt 0.879105 0.299000
vt 0.886250 0.296888
vt 0.886379 0.301318
vt 0.893586 0.296885
vt 0.893607 0.301349
vt 0.713934 0.297557
vt 0.712741 0.290888
vt 0.773108 0.292603
vt 0.543786 0.627849
vt 0.569594 0.624630
vt 0.569595 0.627845
vt 0.597153 0.624780
vt 0.597154 0.627841
vt 0.624662 0.625342
vt 0.624663 0.627837
vt 0.649624 0.624973
vt 0.649625 0.627833
vt 0.675778 0.624693
vt 0.675779 0.627829
vt 0.704057 0.624580
vt 0.704058 0.627824
vt 0.710012 0.627804
vt 0.710029 0.624173
vt 0.724586 0.621334
vt 0.723040 0.627759
vt 0.740453 0.627723
vt 0.740497 0.621126
vt 0.771710 0.621838
vt 0.775375 0.293422
vt 0.797101 0.287608
vt 0.797102 0.293417
vt 0.811648 0.287605
vt 0.811650 0.293414
vt 0.826910 0.287524
vt 0.826943 0.293411
vt 0.662172 0.297009
vt 0.662207 0.290124
vt 0.686300 0.290139
vt 0.686233 0.297014
vt 0.833409 0.289682
vt 0.833387 0.293332
vt 0.843507 0.287495
vt 0.844053 0.291223
vt 0.852737 0.289778
vt 0.851277 0.285861
vt 0.853081 0.285481
vt 0.855066 0.289443
vt 0.859507 0.291665
vt 0.859641 0.285470
vt 0.866070 0.285472
vt 0.864186 0.289760
vt 0.869310 0.285480
vt 0.869606 0.289834
vt 0.873982 0.285507
vt 0.874040 0.289862
vt 0.879088 0.289877
vt 0.879109 0.285479
vt 0.886258 0.285451
vt 0.886293 0.289896
vt 0.893598 0.285454
vt 0.893552 0.289773
vt 0.714043 0.284049
vt 0.773097 0.288693
vt 0.569594 0.621398
vt 0.597153 0.622061
vt 0.624733 0.622617
vt 0.649624 0.622101
vt 0.675777 0.621457
vt 0.704055 0.620761
vt 0.710028 0.620585
vt 0.719576 0.616906
vt 0.740500 0.615892
vt 0.771718 0.616669
vt 0.797100 0.281758
vt 0.811648 0.281755
vt 0.826892 0.281740
vt 0.662219 0.286074
vt 0.686351 0.286054
vt 0.833405 0.284734
vt 0.842543 0.282578
vt 0.852491 0.281444
vt 0.855315 0.281180
vt 0.859581 0.279740
vt 0.863862 0.281116
vt 0.868962 0.281045
vt 0.873973 0.280750
vt 0.879135 0.280430
vt 0.886215 0.280440
vt 0.893601 0.280418
vt 0.713881 0.275254
vt 0.713737 0.267293
vt 0.772962 0.267363
vt 0.543570 0.607546
vt 0.569590 0.599304
vt 0.569591 0.607542
vt 0.597149 0.599301
vt 0.597150 0.607538
vt 0.624855 0.599282
vt 0.624836 0.607534
vt 0.649619 0.599278
vt 0.649621 0.607531
vt 0.675772 0.599274
vt 0.675774 0.607527
vt 0.704049 0.599262
vt 0.704051 0.607522
vt 0.710023 0.607520
vt 0.710021 0.599260
vt 0.723484 0.599254
vt 0.723086 0.607517
vt 0.740504 0.607512
vt 0.740507 0.599251
vt 0.771732 0.599269
vt 0.775371 0.273119
vt 0.797112 0.264850
vt 0.797098 0.273114
vt 0.811645 0.264853
vt 0.811646 0.273112
vt 0.826875 0.264874
vt 0.826863 0.273109
vt 0.662212 0.276466
vt 0.662191 0.268381
vt 0.686189 0.268243
vt 0.686279 0.276371
vt 0.833398 0.267983
vt 0.833399 0.277351
vt 0.840757 0.268088
vt 0.841365 0.277600
vt 0.852150 0.273486
vt 0.851900 0.266796
vt 0.854814 0.265299
vt 0.855124 0.272396
vt 0.859492 0.271192
vt 0.859451 0.264361
vt 0.863869 0.263841
vt 0.863855 0.269907
vt 0.868137 0.263716
vt 0.868174 0.268829
vt 0.873687 0.263840
vt 0.873959 0.268856
vt 0.879172 0.268810
vt 0.879153 0.263709
vt 0.886122 0.263712
vt 0.886151 0.268817
vt 0.893596 0.263681
vt 0.893604 0.268824
vt 0.709360 0.221504
vt 0.707830 0.202073
vt 0.772632 0.202008
vt 0.542924 0.553277
vt 0.569580 0.533772
vt 0.569583 0.553274
vt 0.597139 0.533769
vt 0.597141 0.553271
vt 0.625001 0.533766
vt 0.625003 0.553267
vt 0.649609 0.533764
vt 0.649612 0.553265
vt 0.675763 0.533761
vt 0.675766 0.553261
vt 0.704042 0.533757
vt 0.704046 0.553257
vt 0.710019 0.553256
vt 0.710016 0.533756
vt 0.725740 0.533753
vt 0.725012 0.553319
vt 0.740515 0.553251
vt 0.740519 0.533747
vt 0.771755 0.533766
vt 0.775362 0.218851
vt 0.797216 0.199346
vt 0.797219 0.218847
vt 0.811638 0.199344
vt 0.811638 0.218845
vt 0.826926 0.199150
vt 0.826967 0.218848
vt 0.662038 0.221814
vt 0.662013 0.202243
vt 0.685991 0.202175
vt 0.686005 0.221706
vt 0.833348 0.198757
vt 0.833392 0.218088
vt 0.839869 0.199271
vt 0.839872 0.218085
vt 0.851645 0.218085
vt 0.851638 0.199188
vt 0.854369 0.199168
vt 0.854377 0.218085
vt 0.859146 0.218086
vt 0.859134 0.199081
vt 0.863434 0.199076
vt 0.863457 0.218081
vt 0.867659 0.198877
vt 0.867850 0.218074
vt 0.873347 0.198675
vt 0.873217 0.218070
vt 0.879014 0.218066
vt 0.879041 0.198502
vt 0.885873 0.198485
vt 0.885907 0.218062
vt 0.893718 0.198483
vt 0.893536 0.218070
vt 0.707828 0.198627
vt 0.772595 0.198564
vt 0.569580 0.530316
vt 0.597138 0.530313
vt 0.625000 0.530310
vt 0.649609 0.530307
vt 0.675762 0.530304
vt 0.704041 0.530301
vt 0.710017 0.530300
vt 0.725878 0.530297
vt 0.740525 0.530290
vt 0.771759 0.530309
vt 0.797215 0.195890
vt 0.811649 0.195887
vt 0.826918 0.195509
vt 0.662010 0.198776
vt 0.685987 0.198716
vt 0.833352 0.195362
vt 0.839874 0.195826
vt 0.851638 0.198015
vt 0.854368 0.195731
vt 0.859104 0.195651
vt 0.863407 0.195646
vt 0.867639 0.195624
vt 0.873332 0.195593
vt 0.879032 0.195513
vt 0.885850 0.195493
vt 0.893712 0.195492
vt 0.898191 0.303494
vt 0.934903 0.879942
vt 0.897969 0.296890
vt 0.897967 0.301582
vt 0.897962 0.280399
vt 0.897959 0.285456
vt 0.897964 0.263705
vt 0.897965 0.268822
vt 0.897949 0.198496
vt 0.897957 0.218093
vt 0.897949 0.195507
vt 0.897970 0.289754
vt 0.929952 0.879941
vt 0.932009 0.879941
vt 0.924040 0.879939
vt 0.929020 0.879940
vt 0.907555 0.879936
vt 0.912601 0.879937
vt 0.890823 0.879933
vt 0.895973 0.879934
vt 0.825644 0.879921
vt 0.845211 0.879925
vt 0.822616 0.879921
vt 0.916898 0.879938
vt 0.155801 0.031131
vt 0.136283 0.023478
vt 0.637973 0.318667
vt 0.638102 0.310975
vt 0.638120 0.309183
vt 0.638221 0.296621
vt 0.638242 0.289825
vt 0.638251 0.285819
vt 0.638262 0.276290
vt 0.638258 0.268257
vt 0.638177 0.221826
vt 0.638157 0.202258
vt 0.638154 0.198790
vt 0.119676 0.014812
vt 0.108290 0.007530
vt 0.096987 0.002983
vt 0.596542 0.308980
vt 0.596620 0.296333
vt 0.596652 0.289544
vt 0.596668 0.285545
vt 0.596702 0.276042
vt 0.596720 0.268031
vt 0.596750 0.202205
vt 0.596749 0.198742
vt 0.596757 0.221738
vt 0.897959 0.239142
vt 0.866254 0.879929
vt 0.872817 0.879930
vt 0.897960 0.245698
vt 0.893560 0.239131
vt 0.893567 0.245690
vt 0.886018 0.245704
vt 0.885993 0.239102
vt 0.879086 0.245676
vt 0.879070 0.239120
vt 0.873246 0.239021
vt 0.873254 0.245549
vt 0.868001 0.245356
vt 0.867967 0.238872
vt 0.863641 0.245183
vt 0.863601 0.239222
vt 0.859306 0.245104
vt 0.859271 0.239161
vt 0.854404 0.239087
vt 0.854412 0.244790
vt 0.851548 0.244828
vt 0.851584 0.239074
vt 0.833395 0.244999
vt 0.833395 0.239080
vt 0.839886 0.239073
vt 0.839890 0.244990
vt 0.826919 0.243438
vt 0.826930 0.238020
vt 0.811642 0.243743
vt 0.811641 0.238257
vt 0.797164 0.243746
vt 0.797176 0.238260
vt 0.775366 0.243750
vt 0.771740 0.572676
vt 0.740511 0.578150
vt 0.740512 0.572664
vt 0.710020 0.578152
vt 0.710020 0.572666
vt 0.724281 0.572664
vt 0.724148 0.578150
vt 0.675769 0.578158
vt 0.675768 0.572672
vt 0.704047 0.572668
vt 0.704047 0.578153
vt 0.649616 0.578162
vt 0.649615 0.572676
vt 0.624926 0.578166
vt 0.624943 0.572680
vt 0.597145 0.578169
vt 0.597144 0.572683
vt 0.569587 0.578173
vt 0.569586 0.572687
vt 0.543353 0.578176
vt 0.772839 0.240780
vt 0.711305 0.246251
vt 0.711293 0.240805
vt 0.662104 0.246849
vt 0.662085 0.241327
vt 0.686043 0.241182
vt 0.686065 0.246697
vt 0.638224 0.246821
vt 0.638213 0.241314
vt 0.596749 0.246664
vt 0.596752 0.241174
vt 0.897961 0.252065
vt 0.879229 0.879931
vt 0.883918 0.879932
vt 0.897962 0.256791
vt 0.893573 0.252107
vt 0.893585 0.256769
vt 0.886083 0.256776
vt 0.886037 0.252076
vt 0.879127 0.256778
vt 0.879098 0.252085
vt 0.873272 0.252100
vt 0.873316 0.256765
vt 0.868086 0.255994
vt 0.868025 0.251577
vt 0.863887 0.255600
vt 0.863710 0.250947
vt 0.859397 0.255081
vt 0.859332 0.250574
vt 0.854459 0.250018
vt 0.854394 0.254493
vt 0.851560 0.259129
vt 0.851579 0.250001
vt 0.833396 0.255256
vt 0.833396 0.249973
vt 0.839907 0.249970
vt 0.839931 0.254260
vt 0.826892 0.253686
vt 0.826912 0.248303
vt 0.811643 0.253633
vt 0.811642 0.248509
vt 0.797131 0.253622
vt 0.797155 0.248508
vt 0.775368 0.253626
vt 0.771737 0.582925
vt 0.740509 0.588025
vt 0.740510 0.582912
vt 0.710020 0.588037
vt 0.710020 0.582917
vt 0.724082 0.582913
vt 0.723882 0.588029
vt 0.675771 0.588062
vt 0.675770 0.582928
vt 0.704048 0.582919
vt 0.704048 0.588041
vt 0.649617 0.588066
vt 0.649616 0.582932
vt 0.624881 0.588069
vt 0.624914 0.582936
vt 0.597147 0.588108
vt 0.597146 0.582949
vt 0.569588 0.588112
vt 0.569587 0.582953
vt 0.543301 0.588169
vt 0.772910 0.251024
vt 0.712324 0.256451
vt 0.712260 0.251084
vt 0.662145 0.257403
vt 0.662122 0.251813
vt 0.686084 0.251655
vt 0.686118 0.257239
vt 0.638243 0.257336
vt 0.638233 0.251769
vt 0.596739 0.257146
vt 0.596745 0.251596
vt 0.897958 0.233264
vt 0.860396 0.879928
vt 0.893553 0.233268
vt 0.885970 0.233277
vt 0.879055 0.233306
vt 0.873238 0.233332
vt 0.867935 0.233321
vt 0.863562 0.233322
vt 0.859237 0.233424
vt 0.854397 0.233294
vt 0.851535 0.233315
vt 0.833394 0.233414
vt 0.839882 0.233408
vt 0.826940 0.232833
vt 0.811640 0.233005
vt 0.797188 0.233008
vt 0.771741 0.567424
vt 0.740513 0.567412
vt 0.710020 0.567415
vt 0.724481 0.567412
vt 0.675768 0.567421
vt 0.704047 0.567416
vt 0.649614 0.567425
vt 0.624959 0.567428
vt 0.597143 0.567431
vt 0.569585 0.567435
vt 0.772827 0.235544
vt 0.711232 0.235585
vt 0.662070 0.236044
vt 0.686030 0.235908
vt 0.638202 0.236041
vt 0.596754 0.235916
vt 0.897958 0.228312
vt 0.855425 0.879927
vt 0.893547 0.228292
vt 0.885949 0.228313
vt 0.879042 0.228308
vt 0.873231 0.228213
vt 0.867907 0.228239
vt 0.863527 0.228177
vt 0.859207 0.228247
vt 0.854390 0.228320
vt 0.851657 0.228334
vt 0.833393 0.228401
vt 0.839879 0.228396
vt 0.826949 0.228245
vt 0.811639 0.228359
vt 0.797198 0.228362
vt 0.771742 0.562778
vt 0.740513 0.562766
vt 0.710020 0.562769
vt 0.724746 0.562767
vt 0.675767 0.562775
vt 0.704046 0.562770
vt 0.649613 0.562779
vt 0.624974 0.562782
vt 0.597143 0.562785
vt 0.569584 0.562789
vt 0.772783 0.230913
vt 0.710533 0.230968
vt 0.662058 0.231373
vt 0.686019 0.231246
vt 0.638194 0.231377
vt 0.596756 0.231265
vt 0.842094 0.199256
vt 0.842098 0.197693
vt 0.847100 0.198927
vt 0.847098 0.199220
vt 0.842097 0.218085
vt 0.847103 0.218085
vt 0.842105 0.228385
vt 0.847113 0.228358
vt 0.842109 0.233390
vt 0.847118 0.233351
vt 0.842114 0.239049
vt 0.847123 0.238995
vt 0.842118 0.244960
vt 0.847129 0.244890
vt 0.842028 0.249971
vt 0.847246 0.249974
vt 0.842024 0.258383
vt 0.847261 0.260720
vt 0.843163 0.276891
vt 0.842680 0.268277
vt 0.847230 0.268020
vt 0.847208 0.275297
vt 0.844160 0.282364
vt 0.847797 0.281881
vt 0.844976 0.287186
vt 0.848280 0.286491
vt 0.845534 0.290950
vt 0.848865 0.290336
vt 0.846469 0.301354
vt 0.849492 0.301319
vt 0.846971 0.306209
vt 0.849608 0.306078
vt 0.847126 0.311227
vt 0.850098 0.310765
vt 0.847316 0.321611
vt 0.850684 0.321307
vt 0.230800 0.347357
vt 0.230800 0.343891
vt 0.897951 0.178731
vt 0.805878 0.879918
vt 0.809058 0.879918
vt 0.897950 0.181910
vt 0.893678 0.178746
vt 0.893686 0.181927
vt 0.885763 0.181923
vt 0.885739 0.178740
vt 0.878998 0.181918
vt 0.878989 0.178739
vt 0.873259 0.178819
vt 0.873275 0.182014
vt 0.867560 0.182205
vt 0.867538 0.178914
vt 0.863302 0.182449
vt 0.863274 0.178981
vt 0.858990 0.182566
vt 0.858959 0.178982
vt 0.854360 0.179027
vt 0.854362 0.182619
vt 0.851636 0.182631
vt 0.851635 0.179037
vt 0.847105 0.182650
vt 0.847106 0.179054
vt 0.842112 0.182672
vt 0.842115 0.179072
vt 0.839891 0.182681
vt 0.839896 0.179081
vt 0.833367 0.182642
vt 0.833372 0.178979
vt 0.826883 0.182604
vt 0.826874 0.179012
vt 0.811692 0.182703
vt 0.811703 0.179091
vt 0.797213 0.182705
vt 0.797212 0.179092
vt 0.775356 0.182709
vt 0.771777 0.513508
vt 0.740548 0.517105
vt 0.740554 0.513494
vt 0.710020 0.517117
vt 0.710021 0.513504
vt 0.726563 0.513502
vt 0.726360 0.517114
vt 0.675760 0.517120
vt 0.675759 0.513507
vt 0.704035 0.513505
vt 0.704037 0.517117
vt 0.649607 0.517122
vt 0.649606 0.513510
vt 0.624999 0.517124
vt 0.624998 0.513512
vt 0.597137 0.517127
vt 0.597137 0.513515
vt 0.569579 0.517130
vt 0.569578 0.513517
vt 0.542494 0.517132
vt 0.772531 0.181837
vt 0.706544 0.185475
vt 0.706543 0.181871
vt 0.662003 0.185555
vt 0.662002 0.181934
vt 0.685981 0.181907
vt 0.685983 0.185521
vt 0.638145 0.185563
vt 0.638144 0.181939
vt 0.596748 0.185534
vt 0.596749 0.181915
vt 0.714462 0.001604
vt 0.686589 0.001872
vt 0.723019 0.334438
vt 0.740413 0.334436
vt 0.709993 0.334437
vt 0.853861 0.002437
vt 0.855741 0.002660
vt 0.847294 0.001661
vt 0.850737 0.002068
vt 0.859495 0.003113
vt 0.876185 0.011759
vt 0.879023 0.014552
vt 0.662937 0.001480
vt 0.886316 0.017225
vt 0.871592 0.007200
vt 0.863419 0.003767
vt 0.845764 0.001480
vt 0.833376 0.000011
vt 0.826894 0.000012
vt 0.811600 0.000014
vt 0.797052 0.000016
vt 0.771645 0.334412
vt 0.704039 0.334436
vt 0.675759 0.334435
vt 0.649604 0.334435
vt 0.624001 0.334436
vt 0.597131 0.334436
vt 0.569572 0.334437
vt 0.774064 0.003025
vt 0.902939 0.195468
vt 0.902940 0.181910
vt 0.902940 0.178731
vt 0.902941 0.164402
vt 0.903022 0.263674
vt 0.903008 0.256769
vt 0.902993 0.252079
vt 0.902986 0.245668
vt 0.902961 0.228277
vt 0.902946 0.218063
vt 0.902968 0.233247
vt 0.902977 0.239105
vt 0.903030 0.280405
vt 0.903033 0.268823
vt 0.902426 0.302574
vt 0.903039 0.301872
vt 0.903039 0.296892
vt 0.903039 0.289749
vt 0.903027 0.285452
vt 0.902938 0.198496
vt 0.902928 0.133335
vt 0.902934 0.146893
vt 0.902935 0.150073
vt 0.902988 0.065130
vt 0.902976 0.072035
vt 0.902962 0.076724
vt 0.902957 0.083135
vt 0.902939 0.100527
vt 0.902927 0.110740
vt 0.902944 0.095556
vt 0.902950 0.089698
vt 0.902989 0.048398
vt 0.902996 0.059980
vt 0.902378 0.026230
vt 0.902991 0.026932
vt 0.902993 0.031912
vt 0.902995 0.039054
vt 0.902985 0.043352
vt 0.902927 0.130308
vt 0.901025 0.024680
vt 0.898637 0.023045
vt 0.893528 0.023073
vt 0.893527 0.019616
vt 0.714427 0.332712
vt 0.686572 0.332533
vt 0.723048 0.663225
vt 0.740441 0.663223
vt 0.710022 0.663228
vt 0.853918 0.326383
vt 0.855797 0.326160
vt 0.847351 0.327162
vt 0.850794 0.326754
vt 0.859552 0.325706
vt 0.876238 0.317054
vt 0.879076 0.314260
vt 0.662909 0.332954
vt 0.898686 0.305760
vt 0.901073 0.304124
vt 0.893578 0.305734
vt 0.893578 0.309190
vt 0.886367 0.311584
vt 0.871647 0.321615
vt 0.863475 0.325050
vt 0.845820 0.327344
vt 0.833433 0.328817
vt 0.826951 0.328818
vt 0.811657 0.328821
vt 0.797109 0.328824
vt 0.775382 0.328829
vt 0.704068 0.663230
vt 0.675787 0.663236
vt 0.649632 0.663240
vt 0.624030 0.663244
vt 0.597160 0.663248
vt 0.569600 0.663252
vt 0.543792 0.663256
vt 0.637791 0.326261
vt 0.656520 0.334437
vt 0.637830 0.008179
vt 0.656551 -0.000000
vt 0.440635 0.946283
vt 0.501263 0.648778
vt 0.502536 0.460137
vt 0.441518 0.760437
vt 0.498158 0.648875
vt 0.441798 0.795031
vt 0.441931 0.821339
vt 0.441929 0.847019
vt 0.441491 0.874123
vt 0.441071 0.901922
vt 0.440345 0.933095
vt 0.502380 0.440935
vt 0.441036 0.738503
vt 0.389022 0.433126
vt 0.457915 0.431148
vt 0.446734 0.431477
vt 0.441641 0.431631
vt 0.436895 0.431776
vt 0.421547 0.432249
vt 0.412040 0.432543
vt 0.426179 0.432106
vt 0.431418 0.431944
vt 0.474377 0.430779
vt 0.466118 0.430931
vt 0.499051 0.432386
vt 0.486360 0.432595
vt 0.392485 0.433138
vt 0.479503 0.430860
vt 0.325870 0.432362
vt 0.339100 0.432612
vt 0.342718 0.432681
vt 0.357455 0.432958
vt 0.256742 0.431073
vt 0.268000 0.431277
vt 0.273124 0.431372
vt 0.277898 0.431460
vt 0.293324 0.431749
vt 0.302863 0.431928
vt 0.288670 0.431662
vt 0.283405 0.431563
vt 0.240099 0.430798
vt 0.248468 0.430930
vt 0.322410 0.432297
vt 0.234876 0.430731
vt 0.375793 0.433067
vt 0.372173 0.433050
vt 0.389123 0.647666
vt 0.375945 0.647629
vt 0.372337 0.647619
vt 0.458253 0.647901
vt 0.447377 0.647853
vt 0.441840 0.647832
vt 0.436917 0.647814
vt 0.421549 0.647765
vt 0.412044 0.647735
vt 0.426191 0.647779
vt 0.431437 0.647795
vt 0.475237 0.648207
vt 0.466264 0.647964
vt 0.392575 0.647675
vt 0.480291 0.649088
vt 0.487581 0.649212
vt 0.326217 0.647497
vt 0.338513 0.648339
vt 0.344279 0.648368
vt 0.296113 0.955053
vt 0.257146 0.647827
vt 0.268009 0.647739
vt 0.273539 0.647701
vt 0.278455 0.647669
vt 0.293806 0.647589
vt 0.303303 0.647550
vt 0.289169 0.647610
vt 0.283929 0.647637
vt 0.240096 0.648131
vt 0.249129 0.647974
vt 0.227967 0.648870
vt 0.322767 0.647502
vt 0.235268 0.648922
vt 0.151493 0.746818
vt 0.213275 0.432557
vt 0.151298 0.766053
vt 0.212247 0.454566
vt 0.215445 0.432652
vt 0.228341 0.430704
vt 0.150725 0.794566
vt 0.150324 0.846658
vt 0.150427 0.820935
vt 0.150730 0.873803
vt 0.213907 0.640180
vt 0.152014 0.954976
vt 0.216858 0.648625
vt 0.151143 0.901603
vt 0.151986 0.933674
vt 0.058827 0.465831
vt 0.054204 0.466654
vt 0.050056 0.459518
vt 0.579418 0.930907
vt 0.030232 0.463081
vt 0.569854 0.935379
vt 0.558961 0.930801
vt 0.019225 0.462620
vt 0.565187 0.937988
vt 0.023288 0.454784
vt 0.565412 0.924374
vt 0.061971 0.462631
vt 0.061971 0.457656
vt 0.585733 0.937680
vt 0.058139 0.454781
vt 0.031074 0.458735
vt 0.064304 0.457928
vt 0.063481 0.462551
vt 0.833142 0.934710
vt 0.074798 0.463622
vt 0.843910 0.930066
vt 0.852539 0.927636
vt 0.854069 0.935007
vt 0.849769 0.937412
vt 0.853041 0.927819
vt 0.828949 0.923373
vt 0.067503 0.454783
vt 0.829105 0.936745
vt 0.075353 0.458614
vt 0.853011 0.927918
vt 0.229068 0.398192
vt 0.643086 0.879887
vt 0.675978 0.882029
vt 0.809097 0.664530
vt 0.692759 0.882066
vt 0.791589 0.664527
vt 0.607313 0.882042
vt 0.883957 0.664544
vt 0.619005 0.881968
vt 0.872857 0.664542
vt 0.643006 0.881933
vt 0.845249 0.664537
vt 0.637995 0.881924
vt 0.632090 0.881925
vt 0.590468 0.882227
vt 0.896013 0.664546
vt 0.568175 0.883139
vt 0.929075 0.664552
vt 0.573883 0.882446
vt 0.916938 0.664550
vt 0.912641 0.664549
vt 0.672940 0.882022
vt 0.760523 0.664521
vt 0.724621 0.882116
vt 0.777260 0.664524
vt 0.692316 0.664508
vt 0.799252 0.881765
vt 0.703911 0.664510
vt 0.788215 0.881879
vt 0.727716 0.664515
vt 0.760723 0.882062
vt 0.722743 0.664514
vt 0.716885 0.664513
vt 0.675584 0.664505
vt 0.811227 0.881605
vt 0.653172 0.664501
vt 0.844091 0.880702
vt 0.659098 0.664502
vt 0.832011 0.881152
vt 0.827745 0.881287
vt 0.757496 0.664520
vt 0.521997 0.640732
vt 0.271080 0.352180
vt 0.270736 0.145834
vt 0.522218 0.431623
vt 0.268107 0.164814
vt 0.523093 0.453412
vt 0.281895 0.050854
vt 0.870653 0.936006
vt 0.281896 0.055862
vt 0.871202 0.943862
vt 0.284999 0.045820
vt 0.869979 0.929828
vt 0.275883 0.022742
vt 0.857689 0.905023
vt 0.521747 0.661664
vt 0.275882 0.011073
vt 0.280578 0.029196
vt 0.286101 0.038057
vt 0.281896 0.068336
vt 0.281896 0.074818
vt 0.282245 0.090112
vt 0.282246 0.109972
vt 0.276088 0.111481
vt 0.265646 0.193092
vt 0.264864 0.219246
vt 0.264417 0.244847
vt 0.264866 0.271717
vt 0.265874 0.299276
vt 0.269568 0.331051
vt 0.648242 0.665491
vt 0.846449 0.882525
vt 0.278054 0.000012
vt 0.643137 0.664499
vt 0.851842 0.890153
vt 0.006477 0.054186
vt 0.193310 0.649233
vt 0.192032 0.440567
vt 0.006337 0.261052
vt 0.191061 0.459613
vt 0.004264 0.239382
vt 0.544232 0.940725
vt 0.020246 0.350522
vt 0.543682 0.945711
vt 0.017511 0.343919
vt 0.544826 0.934658
vt 0.021799 0.356208
vt 0.554086 0.910290
vt 0.011505 0.379455
vt 0.008377 0.033197
vt 0.559374 0.899974
vt 0.549448 0.916864
vt 0.545974 0.926780
vt 0.542279 0.958148
vt 0.542313 0.964650
vt 0.542383 0.979999
vt 0.192416 0.399334
vt 0.192435 0.405668
vt 0.189287 0.488323
vt 0.188772 0.514907
vt 0.188234 0.540857
vt 0.188229 0.568288
vt 0.189282 0.596584
vt 0.192380 0.628575
vt 0.565037 0.887083
vt 0.566622 0.884477
vt 0.013680 0.398227
vt 0.561659 0.892364
vt 0.565141 0.892297
vt 0.529107 0.198660
vt 0.339303 0.693977
vt 0.529112 0.181871
vt 0.357460 0.694018
vt 0.529001 0.267809
vt 0.268513 0.694157
vt 0.529042 0.251397
vt 0.278871 0.694088
vt 0.529076 0.231107
vt 0.303500 0.693966
vt 0.529069 0.235748
vt 0.529061 0.240994
vt 0.528941 0.285308
vt 0.249850 0.694335
vt 0.019508 0.002904
vt 0.215746 0.695339
vt 0.528842 0.308750
vt 0.229849 0.694688
vt 0.322807 0.693962
vt 0.528925 0.289306
vt 0.012792 0.017284
vt 0.205573 0.683823
vt 0.194982 0.670083
vt 0.388766 0.694131
vt 0.529116 0.148928
vt 0.372048 0.694073
vt 0.457610 0.694386
vt 0.529060 0.077467
vt 0.441298 0.694296
vt 0.529079 0.087931
vt 0.421097 0.694227
vt 0.529109 0.112806
vt 0.425720 0.694241
vt 0.430944 0.694259
vt 0.474953 0.694553
vt 0.529013 0.058595
vt 0.504185 0.686033
vt 0.528882 0.023939
vt 0.293821 0.398226
vt 0.498060 0.695199
vt 0.528941 0.038311
vt 0.529114 0.132295
vt 0.478906 0.694606
vt 0.516184 0.676766
vt 0.509919 0.683687
vt 0.520425 0.669788
vt 0.688869 0.936100
vt 0.884384 0.372941
vt 0.707137 0.936130
vt 0.738604 0.936094
vt 0.917201 0.372934
vt 0.721807 0.936146
vt 0.993718 0.376760
vt 0.995308 0.381061
vt 0.992969 0.386296
vt 0.793234 0.935823
vt 0.979380 0.372917
vt 0.771373 0.935988
vt 0.952671 0.372923
vt 0.776380 0.935964
vt 0.782216 0.935934
vt 0.989083 0.372931
vt 0.933751 0.372929
vt 0.880735 0.388432
vt 0.692479 0.951030
vt 0.898999 0.388401
vt 0.930407 0.388443
vt 0.725546 0.950906
vt 0.913663 0.388421
vt 0.793203 0.950734
vt 0.788190 0.950761
vt 0.771495 0.950809
vt 0.761129 0.950841
vt 0.776537 0.950793
vt 0.782237 0.950778
vt 0.988844 0.388394
vt 0.742214 0.950887
vt 0.621378 0.951434
vt 0.626372 0.951423
vt 0.813386 0.372908
vt 0.626521 0.935994
vt 0.643013 0.951338
vt 0.653352 0.951286
vt 0.835086 0.372935
vt 0.653289 0.936048
vt 0.637986 0.951363
vt 0.830111 0.372947
vt 0.632304 0.951393
vt 0.824317 0.372940
vt 0.864242 0.372940
vt 0.867676 0.372938
vt 0.672228 0.951176
vt 0.675683 0.951151
vt 0.804277 0.376791
vt 0.802688 0.381091
vt 0.805028 0.386326
vt 0.809154 0.388422
vt 0.808911 0.372960
vt 0.257075 0.398009
vt 0.617896 0.999629
vt 0.273694 0.398244
vt 0.627808 0.999561
vt 0.294040 0.398624
vt 0.289362 0.398532
vt 0.284065 0.398431
vt 0.239704 0.398030
vt 0.598331 0.999719
vt 0.205659 0.399280
vt 0.563264 0.999829
vt 0.215620 0.399027
vt 0.577977 0.999775
vt 0.233665 0.398169
vt 0.198001 0.399333
vt 0.542475 0.999925
vt 0.326578 0.399323
vt 0.689050 0.999188
vt 0.343274 0.399684
vt 0.707362 0.999092
vt 0.323132 0.399243
vt 0.652801 0.999387
vt 0.738889 0.998964
vt 0.375729 0.400037
vt 0.722054 0.999031
vt 0.807781 0.998894
vt 0.446080 0.398456
vt 0.791506 0.998855
vt 0.436099 0.398722
vt 0.771386 0.998872
vt 0.411267 0.399509
vt 0.776027 0.998866
vt 0.781273 0.998862
vt 0.824573 0.998988
vt 0.466016 0.398209
vt 0.858082 0.999583
vt 0.501141 0.399326
vt 0.848068 0.999336
vt 0.486689 0.398998
vt 0.742350 0.998949
vt 0.830369 0.999041
vt 0.865772 0.999816
vt 0.521692 0.399085
vt 0.608407 0.313500
vt 0.620450 0.319572
vt 0.608449 0.020932
vt 0.361430 0.395242
vt 0.620491 0.014863
vt 0.596530 0.310701
vt 0.528834 0.310469
vt 0.543791 0.657658
vt 0.774012 0.331386
vt 0.543462 0.599308
vt 0.772920 0.256226
vt 0.543300 0.582956
vt 0.772917 0.246255
vt 0.543031 0.562792
vt 0.772731 0.221432
vt 0.543138 0.567438
vt 0.543139 0.572690
vt 0.543445 0.398385
vt 0.542914 0.444416
vt 0.772967 0.275613
vt 0.543790 0.649963
vt 0.543786 0.624480
vt 0.543785 0.620583
vt 0.542601 0.530318
vt 0.772549 0.185434
vt 0.542440 0.513520
vt 0.772476 0.167226
vt 0.542708 0.533775
vt 0.542596 0.467375
vt 0.542490 0.480561
vt 0.542437 0.484174
vt 0.772636 0.132444
vt 0.543286 0.414737
vt 0.543339 0.419517
vt 0.543126 0.430255
vt 0.543020 0.434902
vt 0.543126 0.425003
vt 0.543285 0.409524
vt 0.543764 0.377110
vt 0.543551 0.390148
vt 0.543764 0.347731
vt 0.543764 0.369845
vt 0.773092 0.041826
vt 0.773923 0.008621
vt 0.543764 0.334437
vt 0.543727 0.355464
vt 0.543764 0.357262
vt 0.771783 0.498827
vt 0.771673 0.663242
vt 0.775343 0.109997
vt 0.775358 0.195894
vt 0.771773 0.517122
vt 0.775355 0.179096
vt 0.775359 0.199350
vt 0.775381 0.323231
vt 0.775370 0.264854
vt 0.771736 0.588039
vt 0.775367 0.248512
vt 0.771739 0.578162
vt 0.775364 0.228366
vt 0.771744 0.553264
vt 0.775364 0.233012
vt 0.775365 0.238264
vt 0.775373 0.282250
vt 0.771727 0.607535
vt 0.775379 0.315524
vt 0.771685 0.642503
vt 0.775377 0.305851
vt 0.771701 0.627841
vt 0.775374 0.287417
vt 0.775347 0.132954
vt 0.775349 0.146140
vt 0.775350 0.149752
vt 0.775334 0.063994
vt 0.775337 0.075222
vt 0.775337 0.080336
vt 0.775338 0.085098
vt 0.775340 0.095836
vt 0.775341 0.100482
vt 0.775339 0.090584
vt 0.775331 0.046598
vt 0.775333 0.055729
vt 0.775327 0.013324
vt 0.775328 0.020760
vt 0.775328 0.022997
vt 0.775330 0.035426
vt 0.771749 0.463888
vt 0.771689 0.375816
vt 0.771648 0.340010
vt 0.775325 0.000019
vt 0.773189 0.295974
vt 0.773518 0.310367
vt 0.543788 0.640432
vn -0.000005 0.111749 0.993737
vn 0.000035 0.071302 0.997455
vn 0.001741 0.071226 0.997459
vn 0.000603 0.111440 0.993771
vn 0.000064 0.078888 0.996884
vn -0.000017 0.078965 0.996877
vn -0.000021 0.026713 0.999643
vn -0.000017 0.026718 0.999643
vn -0.000005 0.000046 1.000000
vn -0.000016 -0.000000 1.000000
vn 0.000013 -0.023783 0.999717
vn -0.000014 -0.023778 0.999717
vn -0.000003 -0.059529 0.998227
vn -0.000013 -0.059515 0.998227
vn -0.000003 -0.087923 0.996127
vn -0.000015 -0.087921 0.996127
vn -0.000005 -0.137251 0.990536
vn -0.000005 -0.095099 0.995468
vn -0.000017 -0.095098 0.995468
vn -0.000016 -0.137250 0.990537
vn -0.000005 -0.153982 0.988074
vn -0.000002 -0.389538 0.921011
vn -0.000011 -0.389535 0.921012
vn -0.000016 -0.153983 0.988073
vn 0.000000 -0.263092 0.964771
vn -0.000002 -0.276894 0.960901
vn -0.000003 0.010339 0.999947
vn -0.000010 0.009896 0.999951
vn -0.000004 0.015744 0.999876
vn -0.000016 0.015992 0.999872
vn -0.000000 0.000000 1.000000
vn -0.000020 0.000000 1.000000
vn 0.000003 -0.000002 1.000000
vn -0.000018 0.000002 1.000000
vn 0.005343 -0.507914 0.861391
vn 0.010520 -0.328771 0.944351
vn 0.016897 -0.299128 0.954063
vn 0.025530 -0.530578 0.847252
vn 0.002821 -0.164506 0.986372
vn -0.001995 0.402515 0.915411
vn 0.001645 0.378755 0.925495
vn 0.002200 -0.160641 0.987011
vn 0.019843 0.629012 0.777142
vn 0.016981 0.598644 0.800835
vn 0.054918 0.585984 0.808460
vn 0.058137 0.632478 0.772393
vn -0.000027 -0.000000 1.000000
vn -0.000029 -0.149341 0.988786
vn -0.000966 -0.128795 0.991671
vn -0.000054 0.000011 1.000000
vn -0.002968 -0.270724 0.962652
vn -0.002053 -0.286776 0.957996
vn 0.000008 0.090279 0.995917
vn -0.045269 0.179320 0.982749
vn -0.018112 0.204181 0.978766
vn 0.000506 0.090759 0.995873
vn 0.003587 0.073431 0.997294
vn 0.001773 0.110794 0.993842
vn 0.000293 0.078460 0.996917
vn -0.000019 0.026743 0.999642
vn -0.000006 0.000061 1.000000
vn 0.000012 -0.023798 0.999717
vn -0.000008 -0.059515 0.998227
vn -0.000008 -0.087921 0.996127
vn -0.000009 -0.137251 0.990536
vn -0.000009 -0.095099 0.995468
vn -0.000010 -0.153985 0.988073
vn -0.000011 -0.389558 0.921002
vn -0.000010 -0.275313 0.961355
vn -0.000009 0.009979 0.999950
vn -0.000006 0.015673 0.999877
vn 0.000005 0.000003 1.000000
vn 0.000007 -0.000008 1.000000
vn 0.013394 -0.488280 0.872584
vn 0.021027 -0.369681 0.928921
vn 0.018338 -0.161848 0.986645
vn 0.009511 0.382935 0.923726
vn -0.000431 0.656722 0.754133
vn 0.029667 0.586047 0.809734
vn 0.000027 -0.000019 1.000000
vn 0.001190 -0.129938 0.991522
vn -0.003635 -0.262904 0.964815
vn -0.000943 0.217106 0.976148
vn -0.000424 0.092572 0.995706
vn 0.018987 0.076601 0.996881
vn 0.116087 0.093085 0.988868
vn 0.132796 0.110074 0.985012
vn 0.010792 0.109291 0.993951
vn 0.151793 0.078691 0.985275
vn 0.003294 0.078635 0.996898
vn 0.162259 0.026208 0.986400
vn -0.000022 0.026706 0.999643
vn 0.160802 0.000297 0.986987
vn 0.000003 0.000050 1.000000
vn 0.159971 -0.023644 0.986839
vn 0.000032 -0.023813 0.999717
vn 0.159759 -0.058921 0.985396
vn 0.000003 -0.059501 0.998228
vn 0.159197 -0.086885 0.983416
vn 0.000003 -0.087920 0.996128
vn 0.000015 -0.137273 0.990533
vn 0.158399 -0.136210 0.977935
vn 0.126492 -0.140126 0.982021
vn 0.000012 -0.095031 0.995474
vn -0.000010 -0.154239 0.988034
vn 0.020031 -0.182341 0.983031
vn 0.000001 -0.384354 0.923186
vn -0.000026 -0.393904 0.919151
vn 0.000020 -0.288330 0.957531
vn -0.000015 -0.278256 0.960507
vn 0.000023 0.009682 0.999953
vn -0.000002 0.009838 0.999952
vn 0.000019 0.022744 0.999741
vn -0.000006 0.016016 0.999872
vn 0.000592 0.215156 0.976580
vn 0.013566 0.232899 0.972406
vn 0.060297 0.132585 0.989336
vn 0.007748 0.095718 0.995378
vn 0.000003 -0.000000 1.000000
vn -0.000005 -0.000003 1.000000
vn -0.000011 0.000005 1.000000
vn -0.000008 -0.000004 1.000000
vn -0.000016 -0.000009 1.000000
vn -0.020256 -0.416261 0.909019
vn -0.017258 -0.435558 0.899995
vn -0.016929 -0.377461 0.925871
vn -0.009729 -0.439445 0.898217
vn -0.005989 -0.145744 0.989304
vn -0.018262 -0.151517 0.988286
vn -0.026589 0.363627 0.931165
vn -0.009760 0.451091 0.892425
vn 0.008069 0.702264 0.711871
vn -0.005139 0.698334 0.715754
vn 0.017439 0.588421 0.808366
vn 0.004790 0.530272 0.847814
vn 0.000007 -0.000010 1.000000
vn -0.000005 0.000002 1.000000
vn -0.000798 -0.136236 0.990676
vn -0.001147 -0.133601 0.991035
vn -0.001208 -0.261081 0.965316
vn -0.002861 -0.263238 0.964727
vn 0.014364 0.093440 0.995521
vn -0.044127 0.081766 0.995674
vn -0.033255 0.125695 0.991511
vn 0.045108 0.113962 0.992461
vn -0.001621 0.092029 0.995755
vn 0.014842 0.078502 0.996803
vn 0.014279 0.031865 0.999390
vn -0.000451 0.025610 0.999672
vn 0.004524 0.000444 0.999990
vn 0.000694 -0.000582 1.000000
vn 0.011475 -0.029291 0.999505
vn 0.001228 -0.023060 0.999733
vn 0.011061 -0.066302 0.997738
vn 0.001239 -0.058879 0.998264
vn 0.006863 -0.092332 0.995705
vn -0.002078 -0.086866 0.996218
vn 0.002211 -0.125907 0.992040
vn -0.097688 -0.158072 0.982583
vn 0.023120 -0.021773 0.999496
vn 0.012038 -0.124405 0.992158
vn 0.063962 -0.188201 0.980046
vn 0.103966 -0.183233 0.977557
vn 0.089804 -0.433704 0.896569
vn 0.055155 -0.393833 0.917526
vn -0.000012 -0.272083 0.962274
vn 0.000012 -0.288437 0.957499
vn -0.000003 0.009907 0.999951
vn 0.000008 0.009557 0.999954
vn 0.000019 0.016586 0.999863
vn 0.000016 0.016516 0.999864
vn 0.008656 0.243235 0.969929
vn 0.004368 0.251451 0.967860
vn -0.005551 0.139370 0.990225
vn 0.025576 0.144758 0.989137
vn -0.000007 -0.000003 1.000000
vn -0.000000 -0.000006 1.000000
vn -0.000004 -0.000000 1.000000
vn 0.000001 -0.000002 1.000000
vn 0.011097 -0.429680 0.902913
vn -0.002962 -0.323003 0.946393
vn 0.009180 -0.454481 0.890709
vn 0.008484 -0.376300 0.926459
vn 0.015049 -0.148635 0.988778
vn -0.000175 -0.119725 0.992807
vn 0.014686 0.397622 0.917432
vn 0.007416 0.358008 0.933689
vn 0.022795 0.737452 0.675015
vn 0.005350 0.703473 0.710702
vn 0.017278 0.562049 0.826924
vn 0.021677 0.589293 0.807629
vn 0.000006 0.000007 1.000000
vn 0.000007 0.000013 1.000000
vn -0.000159 -0.148636 0.988892
vn 0.000194 -0.143449 0.989658
vn 0.000010 -0.260804 0.965392
vn 0.000279 -0.261144 0.965300
vn 0.034929 0.112148 0.993077
vn 0.075439 0.151338 0.985599
vn 0.146963 0.091117 0.984936
vn 0.185800 0.033647 0.982011
vn 0.199595 0.001431 0.979877
vn 0.200493 -0.025315 0.979368
vn 0.201131 -0.061561 0.977628
vn 0.191656 -0.110416 0.975231
vn 0.105636 -0.242130 0.964476
vn 0.036926 -0.163823 0.985798
vn 0.001206 -0.171769 0.985137
vn -0.000011 -0.459092 0.888389
vn -0.000010 -0.278015 0.960577
vn 0.000015 0.009896 0.999951
vn 0.000026 0.016109 0.999870
vn 0.011925 0.259825 0.965582
vn 0.027288 0.115993 0.992875
vn 0.000001 0.000003 1.000000
vn 0.000002 0.000002 1.000000
vn 0.000216 -0.370134 0.928978
vn -0.002267 -0.402722 0.915320
vn -0.014320 -0.139450 0.990126
vn -0.022101 0.318218 0.947760
vn 0.006763 0.721604 0.692273
vn 0.006132 0.575058 0.818090
vn 0.000001 0.000014 1.000000
vn -0.000394 -0.149127 0.988818
vn -0.000417 -0.259713 0.965686
vn 0.004973 0.086331 0.996254
vn 0.004637 0.091586 0.995786
vn 0.006220 0.156832 0.987606
vn 0.012432 0.156477 0.987603
vn 0.003439 0.103733 0.994599
vn 0.018321 0.098670 0.994952
vn 0.016023 0.048788 0.998681
vn 0.034513 0.036835 0.998725
vn 0.050488 0.019488 0.998535
vn 0.060065 0.006777 0.998172
vn 0.072488 -0.017176 0.997221
vn 0.078641 -0.021219 0.996677
vn 0.067427 -0.065178 0.995593
vn 0.077711 -0.062501 0.995015
vn 0.047872 -0.127421 0.990693
vn 0.057602 -0.127838 0.990121
vn 0.006850 -0.258238 0.966057
vn 0.024802 -0.264056 0.964189
vn 0.016784 -0.089986 0.995802
vn -0.027319 -0.066998 0.997379
vn -0.017177 -0.165029 0.986139
vn -0.001297 -0.161641 0.986849
vn 0.000191 -0.455525 0.890223
vn 0.000090 -0.456791 0.889574
vn 0.000261 -0.277019 0.960864
vn 0.000131 -0.280507 0.959852
vn -0.000004 0.009905 0.999951
vn 0.000012 0.009907 0.999951
vn -0.000010 0.015460 0.999881
vn 0.000007 0.015942 0.999873
vn 0.006674 0.266694 0.963758
vn 0.000178 0.270577 0.962698
vn -0.000024 0.116515 0.993189
vn 0.007241 0.116940 0.993113
vn -0.000004 0.000003 1.000000
vn -0.000000 0.000004 1.000000
vn -0.000003 0.000011 1.000000
vn -0.000001 0.000003 1.000000
vn 0.019968 -0.346071 0.937996
vn 0.009507 -0.347727 0.937548
vn -0.010146 -0.463562 0.886006
vn 0.004117 -0.433554 0.901118
vn -0.001135 -0.153232 0.988190
vn -0.004291 -0.170798 0.985297
vn 0.000605 0.265324 0.964159
vn -0.005902 0.322999 0.946381
vn 0.015983 0.717743 0.696125
vn 0.004378 0.710059 0.704129
vn 0.017040 0.582789 0.812445
vn 0.008190 0.573949 0.818850
vn 0.000002 0.000013 1.000000
vn -0.000002 0.000009 1.000000
vn -0.000503 -0.149403 0.988776
vn -0.000389 -0.149074 0.988826
vn -0.000651 -0.258015 0.966141
vn -0.000451 -0.259058 0.965862
vn 0.007919 0.103174 0.994632
vn 0.008069 0.110766 0.993814
vn 0.021501 0.159257 0.987003
vn 0.018733 0.153886 0.987911
vn 0.043225 0.105404 0.993490
vn 0.035285 0.099111 0.994451
vn 0.058760 0.066083 0.996082
vn 0.045129 0.063774 0.996943
vn 0.057947 0.020524 0.998109
vn 0.041633 0.024611 0.998830
vn 0.040273 -0.027454 0.998811
vn 0.027774 -0.019890 0.999416
vn 0.020636 -0.064255 0.997720
vn 0.014829 -0.059524 0.998117
vn 0.010008 -0.133400 0.991012
vn 0.009980 -0.131175 0.991309
vn 0.009850 -0.239824 0.970766
vn 0.007144 -0.238620 0.971087
vn 0.002549 -0.081568 0.996665
vn 0.004914 -0.078738 0.996883
vn -0.001152 -0.169731 0.985490
vn -0.001241 -0.170901 0.985287
vn 0.000054 -0.454055 0.890974
vn 0.000078 -0.454098 0.890952
vn 0.000002 -0.276850 0.960913
vn 0.000108 -0.276723 0.960950
vn 0.000009 0.010005 0.999950
vn 0.000002 0.009934 0.999951
vn 0.000013 0.015894 0.999874
vn 0.000005 0.016062 0.999871
vn -0.000008 0.270671 0.962672
vn -0.000004 0.270669 0.962672
vn -0.000799 0.125791 0.992057
vn -0.000705 0.125099 0.992144
vn -0.000001 0.000006 1.000000
vn 0.000003 0.000006 1.000000
vn -0.000002 -0.000010 1.000000
vn 0.000004 -0.000006 1.000000
vn -0.000149 -0.351923 0.936029
vn -0.000023 -0.366833 0.930287
vn -0.000185 -0.475604 0.879660
vn -0.000385 -0.481116 0.876657
vn -0.000217 -0.160274 0.987073
vn -0.000138 -0.159399 0.987214
vn -0.001457 0.270240 0.962792
vn -0.000679 0.273648 0.961830
vn -0.002084 0.720761 0.693180
vn -0.001060 0.722961 0.690888
vn -0.001195 0.569550 0.821956
vn -0.000638 0.574285 0.818655
vn 0.000003 0.000012 1.000000
vn 0.000002 0.000008 1.000000
vn 0.000419 -0.147663 0.989038
vn 0.000278 -0.147956 0.988994
vn 0.000801 -0.253579 0.967314
vn 0.000556 -0.254024 0.967198
vn 0.009813 0.131309 0.991293
vn 0.022896 0.166667 0.985748
vn 0.041550 0.113154 0.992708
vn 0.057295 0.070258 0.995882
vn 0.058740 0.016155 0.998143
vn 0.040720 -0.037247 0.998476
vn 0.020809 -0.070006 0.997330
vn 0.010724 -0.134509 0.990854
vn 0.006928 -0.233314 0.972377
vn 0.003234 -0.112673 0.993627
vn -0.001034 -0.174170 0.984715
vn 0.000392 -0.454384 0.890806
vn 0.000008 -0.276500 0.961014
vn 0.000002 0.009859 0.999951
vn -0.000006 0.016188 0.999869
vn 0.000004 0.270674 0.962671
vn -0.000539 0.127034 0.991898
vn -0.000004 -0.000006 1.000000
vn -0.000004 -0.000005 1.000000
vn 0.000024 -0.284413 0.958702
vn -0.000733 -0.507400 0.861710
vn -0.000659 -0.161270 0.986910
vn 0.001771 0.258300 0.966063
vn 0.003910 0.716614 0.697459
vn 0.002943 0.578495 0.815681
vn 0.000001 0.000002 1.000000
vn -0.000605 -0.147072 0.989126
vn -0.000765 -0.252347 0.967637
vn -0.030566 -0.041175 0.998684
vn -0.037744 -0.039346 0.998513
vn -0.000259 0.002427 0.999997
vn -0.005111 -0.006369 0.999967
vn -0.000002 -0.000100 1.000000
vn 0.000321 -0.000278 1.000000
vn 0.000014 -0.000006 1.000000
vn 0.000002 0.000014 1.000000
vn 0.000441 -0.000158 1.000000
vn 0.000364 -0.000030 1.000000
vn -0.000104 -0.000111 1.000000
vn 0.000111 0.000281 1.000000
vn -0.040776 0.231709 0.971930
vn -0.071756 0.311831 0.947424
vn -0.000134 0.191625 0.981468
vn -0.004311 0.194028 0.980986
vn -0.000132 0.191677 0.981458
vn 0.000107 0.191681 0.981457
vn 0.000157 0.192035 0.981388
vn -0.000027 0.191718 0.981450
vn 0.000053 0.195021 0.980799
vn 0.000105 0.194868 0.980830
vn -0.000057 0.195093 0.980785
vn 0.000102 0.191643 0.981465
vn -0.111736 0.245390 0.962964
vn -0.013837 0.350554 0.936440
vn -0.056007 0.436248 0.898082
vn -0.120476 0.520313 0.845435
vn -0.000849 0.674568 0.738212
vn -0.000649 0.674164 0.738581
vn 0.000446 0.668155 0.744022
vn 0.000936 0.671435 0.741063
vn 0.000413 0.672929 0.739707
vn 0.000014 0.671797 0.740735
vn -0.000000 0.671774 0.740757
vn -0.000003 0.671772 0.740758
vn -0.000018 0.671738 0.740789
vn -0.002142 0.696098 0.717944
vn -0.347811 0.725009 0.594466
vn -0.147543 0.855633 0.496108
vn -0.000024 0.895496 0.445069
vn -0.000009 0.895496 0.445069
vn -0.000008 0.895492 0.445077
vn 0.000001 0.895491 0.445081
vn 0.000004 0.895489 0.445083
vn 0.000008 0.895486 0.445090
vn -0.000018 0.895462 0.445138
vn -0.000028 0.895464 0.445135
vn 0.000001 0.895461 0.445140
vn 0.000001 0.895461 0.445140
vn 0.000017 0.000011 1.000000
vn 0.000108 0.193491 0.981102
vn 0.000094 0.193231 0.981153
vn 0.000016 -0.000016 1.000000
vn -0.000441 -0.255614 0.966779
vn -0.000375 -0.256072 0.966658
vn -0.000297 -0.149003 0.988837
vn -0.000351 -0.148981 0.988840
vn -0.000004 0.000009 1.000000
vn -0.000006 0.000009 1.000000
vn 0.001686 0.572359 0.820002
vn 0.001774 0.573474 0.819222
vn 0.002876 0.732646 0.680604
vn 0.002667 0.728440 0.685104
vn 0.001913 0.287535 0.957768
vn 0.001685 0.283075 0.959096
vn -0.000740 -0.154578 0.987980
vn -0.000530 -0.156858 0.987621
vn -0.000956 -0.470657 0.882316
vn -0.001406 -0.468177 0.883633
vn -0.000754 -0.350406 0.936598
vn -0.000392 -0.352483 0.935818
vn 0.000004 -0.000001 1.000000
vn 0.000007 -0.000001 1.000000
vn 0.000004 0.000004 1.000000
vn 0.000001 0.000014 1.000000
vn -0.000010 0.015790 0.999875
vn -0.000018 0.015810 0.999875
vn -0.000006 0.009923 0.999951
vn -0.000022 0.009886 0.999951
vn 0.000308 -0.276921 0.960893
vn 0.000316 -0.276878 0.960905
vn 0.000232 -0.454816 0.890585
vn 0.000235 -0.454661 0.890664
vn -0.000622 -0.164719 0.986340
vn -0.001016 -0.165341 0.986236
vn -0.016781 -0.249636 0.968194
vn -0.003828 -0.241143 0.970482
vn 0.002553 -0.095684 0.995409
vn -0.001966 -0.095717 0.995407
vn -0.020572 -0.058573 0.998071
vn -0.016483 -0.057055 0.998235
vn -0.014335 -0.132064 0.991138
vn -0.025070 -0.134873 0.990546
vn -0.017345 -0.010409 0.999795
vn -0.014322 -0.010188 0.999846
vn -0.013186 0.033139 0.999364
vn -0.008593 0.031941 0.999453
vn -0.011370 0.064287 0.997867
vn -0.003762 0.063967 0.997945
vn -0.011075 0.095895 0.995330
vn -0.000293 0.094629 0.995513
vn -0.005780 0.142668 0.989754
vn 0.003021 0.140432 0.990086
vn -0.000642 0.100671 0.994920
vn 0.003326 0.103387 0.994636
vn -0.000002 0.270665 0.962674
vn 0.000006 0.270665 0.962674
vn -0.000172 0.120168 0.992754
vn -0.000346 0.119870 0.992790
vn 0.000006 0.671787 0.740744
vn 0.000007 0.671783 0.740748
vn 0.000011 0.895475 0.445113
vn 0.000011 0.895472 0.445118
vn 0.000027 0.000042 1.000000
vn 0.000163 0.192931 0.981212
vn 0.000197 0.192401 0.981316
vn 0.000024 0.000082 1.000000
vn -0.000655 -0.256538 0.966534
vn -0.000837 -0.257401 0.966304
vn -0.000655 -0.149086 0.988824
vn -0.000509 -0.148758 0.988874
vn -0.000005 0.000008 1.000000
vn 0.000001 0.000009 1.000000
vn 0.003863 0.571150 0.820836
vn 0.013115 0.589232 0.807857
vn 0.013408 0.725415 0.688181
vn 0.006417 0.734863 0.678186
vn 0.003099 0.271102 0.962546
vn 0.004195 0.285782 0.958286
vn -0.002896 -0.167279 0.985905
vn -0.000382 -0.153108 0.988209
vn -0.000457 -0.485791 0.874075
vn -0.004849 -0.475911 0.879480
vn -0.010591 -0.339213 0.940650
vn 0.000006 -0.317631 0.948214
vn 0.000001 -0.000000 1.000000
vn 0.000003 -0.000003 1.000000
vn 0.000003 0.000021 1.000000
vn 0.000000 0.000018 1.000000
vn -0.000019 0.016035 0.999871
vn -0.000022 0.015917 0.999873
vn -0.000016 0.009949 0.999951
vn -0.000013 0.010026 0.999950
vn 0.000379 -0.276953 0.960883
vn 0.000482 -0.276414 0.961039
vn 0.000277 -0.455324 0.890326
vn 0.000354 -0.455011 0.890486
vn -0.001177 -0.162867 0.986647
vn -0.000866 -0.164117 0.986441
vn 0.006445 -0.262253 0.964978
vn -0.010565 -0.257092 0.966329
vn -0.004820 -0.100190 0.994957
vn 0.000433 -0.095587 0.995421
vn 0.031897 -0.064951 0.997379
vn 0.001569 -0.061759 0.998090
vn -0.003648 -0.142287 0.989819
vn 0.024032 -0.135821 0.990442
vn 0.031172 -0.014042 0.999415
vn 0.000348 -0.011939 0.999929
vn 0.023928 0.029373 0.999282
vn -0.000974 0.032837 0.999460
vn 0.002935 0.057023 0.998369
vn -0.009224 0.062321 0.998014
vn -0.008722 0.100809 0.994868
vn -0.016465 0.097372 0.995112
vn -0.001414 0.154986 0.987916
vn -0.010109 0.146801 0.989115
vn 0.002660 0.094065 0.995563
vn -0.001704 0.103345 0.994644
vn -0.000003 0.270668 0.962673
vn -0.000002 0.270668 0.962673
vn -0.000700 0.119643 0.992817
vn -0.000495 0.117455 0.993078
vn 0.000008 0.671800 0.740733
vn 0.000010 0.671790 0.740741
vn 0.000014 0.895482 0.445097
vn 0.000018 0.895478 0.445106
vn 0.000050 -0.000022 1.000000
vn 0.000149 0.193793 0.981043
vn -0.000423 -0.255142 0.966903
vn -0.000339 -0.148837 0.988862
vn 0.000002 0.000011 1.000000
vn 0.001750 0.572596 0.819836
vn 0.002732 0.725279 0.688450
vn 0.001679 0.279479 0.960150
vn -0.000553 -0.157600 0.987503
vn 0.000144 -0.472866 0.881135
vn 0.000933 -0.349674 0.936871
vn 0.000005 0.000001 1.000000
vn 0.000005 -0.000005 1.000000
vn -0.000019 0.015820 0.999875
vn -0.000019 0.009891 0.999951
vn 0.000321 -0.276842 0.960915
vn 0.000235 -0.454510 0.890742
vn -0.001548 -0.166287 0.986076
vn 0.003444 -0.233907 0.972253
vn 0.004867 -0.108585 0.994075
vn -0.006225 -0.056396 0.998389
vn -0.004502 -0.129097 0.991622
vn -0.001156 -0.011642 0.999932
vn 0.006486 0.030314 0.999519
vn 0.010446 0.063231 0.997944
vn 0.011925 0.093484 0.995549
vn 0.011914 0.138719 0.990260
vn 0.008397 0.108925 0.994015
vn 0.000010 0.270669 0.962672
vn -0.000140 0.120870 0.992668
vn 0.000008 0.671781 0.740750
vn 0.000012 0.895469 0.445124
vn 0.000068 -0.000108 1.000000
vn 0.000178 0.194382 0.980926
vn -0.000406 -0.254548 0.967060
vn -0.000325 -0.148593 0.988899
vn 0.000002 0.000015 1.000000
vn 0.001910 0.572842 0.819664
vn 0.002911 0.724839 0.688912
vn 0.001732 0.280760 0.959777
vn -0.000533 -0.159563 0.987188
vn 0.000310 -0.478593 0.878037
vn 0.001134 -0.352743 0.935720
vn -0.000002 0.000003 1.000000
vn 0.000001 -0.000004 1.000000
vn -0.000015 0.015787 0.999875
vn -0.000009 0.009880 0.999951
vn 0.000332 -0.277043 0.960857
vn 0.000246 -0.454279 0.890860
vn -0.001235 -0.168023 0.985782
vn 0.008308 -0.233251 0.972381
vn 0.005745 -0.097705 0.995199
vn 0.004126 -0.057000 0.998366
vn 0.004015 -0.128273 0.991731
vn 0.012436 -0.014862 0.999812
vn 0.023349 0.027936 0.999337
vn 0.027851 0.062990 0.997625
vn 0.025106 0.094398 0.995218
vn 0.018394 0.142565 0.989615
vn 0.010606 0.109203 0.993963
vn -0.000004 0.270674 0.962671
vn -0.000150 0.122562 0.992461
vn 0.000004 0.671783 0.740748
vn 0.000012 0.895465 0.445132
vn 0.000011 0.895464 0.445135
vn -0.000003 -0.000014 1.000000
vn 0.000001 0.000001 1.000000
vn 0.000010 -0.017579 0.999846
vn -0.000002 -0.017334 0.999850
vn 0.000002 -0.000011 1.000000
vn -0.000005 -0.017338 0.999850
vn 0.000005 -0.000009 1.000000
vn 0.000062 -0.017325 0.999850
vn 0.000000 -0.000009 1.000000
vn 0.000050 -0.017513 0.999847
vn -0.000002 -0.000007 1.000000
vn -0.000019 -0.017480 0.999847
vn -0.000004 -0.000008 1.000000
vn -0.000090 -0.017343 0.999850
vn -0.000003 -0.000011 1.000000
vn -0.000086 -0.017726 0.999843
vn 0.000002 -0.000006 1.000000
vn -0.000186 -0.017030 0.999855
vn -0.000003 -0.000006 1.000000
vn 0.000001 -0.000003 1.000000
vn 0.013298 -0.041149 0.999065
vn 0.010256 -0.090030 0.995886
vn -0.000001 -0.000008 1.000000
vn -0.015887 -0.104398 0.994409
vn 0.000005 -0.000015 1.000000
vn 0.000366 -0.100147 0.994973
vn -0.000002 -0.000009 1.000000
vn 0.013332 -0.224461 0.974392
vn -0.000004 0.000000 1.000000
vn -0.017071 -0.230118 0.973013
vn 0.000004 -0.000020 1.000000
vn -0.010974 -0.177616 0.984039
vn -0.000003 -0.000024 1.000000
vn 0.006620 -0.291972 0.956404
vn -0.000006 -0.000010 1.000000
vn -0.001439 -0.332630 0.943056
vn 0.009259 -0.339607 0.940522
vn -0.000011 0.000006 1.000000
vn -0.000126 -0.000192 1.000000
vn -0.000063 0.195093 0.980785
vn -0.000070 0.195111 0.980781
vn -0.000111 0.000153 1.000000
vn -0.000817 -0.250081 0.968225
vn -0.000772 -0.251957 0.967738
vn -0.000607 -0.146460 0.989216
vn -0.000644 -0.147169 0.989111
vn 0.000004 0.000001 1.000000
vn -0.000004 -0.000001 1.000000
vn 0.002865 0.578102 0.815959
vn 0.002850 0.574173 0.818729
vn 0.003826 0.718120 0.695909
vn 0.003799 0.713082 0.701071
vn 0.001759 0.259938 0.965624
vn 0.001712 0.254875 0.966972
vn -0.000692 -0.161383 0.986892
vn -0.000699 -0.163795 0.986494
vn -0.000902 -0.493297 0.869861
vn -0.000880 -0.492731 0.870182
vn -0.000079 -0.338049 0.941128
vn -0.000069 -0.352382 0.935856
vn -0.000003 -0.017471 0.999847
vn 0.000005 -0.017346 0.999850
vn -0.000006 0.000004 1.000000
vn -0.000000 0.000003 1.000000
vn -0.000005 -0.000004 1.000000
vn -0.000000 -0.000007 1.000000
vn -0.000007 -0.000006 1.000000
vn 0.000001 -0.000001 1.000000
vn -0.000019 0.016110 0.999870
vn -0.000008 0.016081 0.999871
vn -0.000016 0.009918 0.999951
vn -0.000005 0.009912 0.999951
vn -0.000010 -0.276359 0.961054
vn 0.000000 -0.275804 0.961214
vn 0.000380 -0.454526 0.890733
vn 0.000387 -0.455087 0.890447
vn -0.001173 -0.175348 0.984506
vn -0.000607 -0.177466 0.984127
vn 0.007239 -0.235797 0.971775
vn 0.003995 -0.236507 0.971622
vn 0.001181 -0.100318 0.994955
vn 0.003066 -0.102541 0.994724
vn 0.013561 -0.074188 0.997152
vn 0.003558 -0.075382 0.997148
vn 0.004326 -0.139552 0.990205
vn 0.009030 -0.137812 0.990417
vn 0.023321 -0.045273 0.998702
vn 0.003134 -0.048164 0.998835
vn 0.033616 0.012499 0.999357
vn 0.006062 0.010643 0.999925
vn 0.034261 0.073943 0.996674
vn 0.011592 0.074273 0.997171
vn 0.027594 0.118451 0.992576
vn 0.015927 0.120127 0.992631
vn 0.017927 0.172194 0.984900
vn 0.022272 0.172847 0.984697
vn 0.009084 0.131499 0.991275
vn 0.024023 0.140750 0.989754
vn -0.000012 0.270676 0.962671
vn -0.000001 0.270684 0.962668
vn 0.004536 0.141864 0.989876
vn -0.000533 0.127568 0.991830
vn -0.000021 0.671722 0.740804
vn 0.000002 0.671796 0.740736
vn -0.000024 0.895463 0.445137
vn 0.000005 0.895455 0.445153
vn -0.000117 -0.000024 1.000000
vn -0.000050 0.195082 0.980787
vn -0.000795 -0.249891 0.968274
vn -0.000624 -0.146267 0.989245
vn -0.000005 -0.000001 1.000000
vn 0.002828 0.577036 0.816714
vn 0.003767 0.713453 0.700693
vn 0.001706 0.254563 0.967055
vn -0.000683 -0.164941 0.986303
vn -0.000843 -0.493757 0.869599
vn -0.000019 -0.352871 0.935672
vn 0.000020 -0.017386 0.999849
vn 0.000014 0.000003 1.000000
vn 0.000010 -0.000007 1.000000
vn 0.000010 -0.000001 1.000000
vn 0.000004 0.016100 0.999870
vn 0.000010 0.009962 0.999950
vn 0.000015 -0.275731 0.961235
vn 0.000399 -0.455160 0.890410
vn -0.000313 -0.178280 0.983980
vn 0.004639 -0.240474 0.970645
vn 0.001359 -0.076574 0.997063
vn -0.000072 -0.075437 0.997151
vn 0.003889 -0.143343 0.989666
vn -0.003779 -0.048265 0.998828
vn -0.002256 0.010264 0.999945
vn 0.005360 0.073706 0.997266
vn 0.013004 0.120838 0.992587
vn 0.025055 0.174490 0.984340
vn 0.030034 0.131040 0.990922
vn 0.000012 0.270684 0.962668
vn 0.005677 0.145158 0.989392
vn 0.000009 0.671782 0.740748
vn 0.000006 0.895454 0.445155
vn 0.000016 0.111754 0.993736
vn 0.000005 0.111754 0.993736
vn 0.000004 0.071320 0.997454
vn 0.000016 0.071317 0.997454
vn 0.000016 0.078965 0.996877
vn 0.000004 0.078964 0.996877
vn 0.000015 0.026718 0.999643
vn 0.000020 0.026713 0.999643
vn 0.000016 -0.000000 1.000000
vn 0.000005 0.000046 1.000000
vn 0.000014 -0.023778 0.999717
vn -0.000013 -0.023783 0.999717
vn 0.000013 -0.059514 0.998227
vn 0.000003 -0.059528 0.998227
vn 0.000015 -0.087921 0.996127
vn 0.000004 -0.087923 0.996127
vn 0.000005 -0.137251 0.990536
vn 0.000016 -0.137250 0.990536
vn 0.000017 -0.095098 0.995468
vn 0.000005 -0.095098 0.995468
vn 0.000005 -0.153982 0.988074
vn 0.000016 -0.153984 0.988073
vn 0.000011 -0.389534 0.921012
vn 0.000002 -0.389538 0.921011
vn 0.000000 -0.276892 0.960901
vn -0.000001 -0.263091 0.964771
vn 0.000009 0.009896 0.999951
vn 0.000003 0.010339 0.999947
vn 0.000015 0.015992 0.999872
vn 0.000003 0.015744 0.999876
vn 0.000020 0.000000 1.000000
vn 0.000001 0.000000 1.000000
vn 0.000020 0.000002 1.000000
vn -0.000002 -0.000002 1.000000
vn -0.005343 -0.507916 0.861390
vn -0.025529 -0.530586 0.847246
vn -0.016894 -0.299130 0.954063
vn -0.010519 -0.328773 0.944350
vn -0.002821 -0.164506 0.986372
vn -0.002198 -0.160638 0.987011
vn -0.001645 0.378757 0.925495
vn -0.004622 0.406922 0.913451
vn -0.016980 0.598643 0.800836
vn -0.030601 0.629120 0.776706
vn -0.058135 0.632479 0.772393
vn -0.065131 0.572582 0.817256
vn 0.000028 -0.000000 1.000000
vn 0.000056 0.000011 1.000000
vn 0.000967 -0.128799 0.991670
vn 0.000030 -0.149342 0.988786
vn 0.002053 -0.286776 0.957996
vn 0.002969 -0.270722 0.962653
vn 0.000021 0.090271 0.995917
vn 0.000007 0.090263 0.995918
vn 0.017955 0.204233 0.978758
vn 0.045271 0.179323 0.982748
vn -0.000200 0.111732 0.993738
vn 0.000385 0.071978 0.997406
vn -0.000077 0.078954 0.996878
vn 0.000020 0.026743 0.999642
vn 0.000006 0.000061 1.000000
vn -0.000013 -0.023798 0.999717
vn 0.000008 -0.059515 0.998227
vn 0.000008 -0.087921 0.996127
vn 0.000009 -0.095099 0.995468
vn 0.000009 -0.137251 0.990536
vn 0.000010 -0.389558 0.921002
vn 0.000009 -0.153985 0.988073
vn 0.000011 -0.275314 0.961354
vn 0.000010 0.009979 0.999950
vn 0.000005 0.015673 0.999877
vn -0.000006 0.000003 1.000000
vn -0.000007 -0.000008 1.000000
vn -0.021025 -0.369684 0.928920
vn -0.013394 -0.488278 0.872585
vn -0.012385 0.391819 0.919959
vn -0.018337 -0.161849 0.986645
vn 0.000584 0.659968 0.751294
vn -0.026231 0.570591 0.820815
vn -0.001188 -0.129938 0.991521
vn -0.000027 -0.000019 1.000000
vn 0.003635 -0.262903 0.964816
vn 0.001446 0.090019 0.995939
vn 0.000775 0.217089 0.976152
vn -0.005886 0.071362 0.997433
vn -0.000962 0.111498 0.993764
vn -0.171140 0.111429 0.978925
vn -0.164478 0.075702 0.983472
vn -0.000003 0.078942 0.996879
vn -0.176374 0.078281 0.981206
vn 0.000022 0.026706 0.999643
vn -0.177982 0.026155 0.983686
vn -0.000003 0.000051 1.000000
vn -0.176375 0.000287 0.984323
vn -0.000031 -0.023813 0.999716
vn -0.175415 -0.023584 0.984212
vn -0.000004 -0.059501 0.998228
vn -0.173499 -0.059190 0.983054
vn -0.000004 -0.087920 0.996128
vn -0.170805 -0.087186 0.981440
vn -0.000014 -0.137273 0.990533
vn -0.000013 -0.095031 0.995474
vn -0.169997 -0.097247 0.980635
vn -0.172017 -0.133446 0.976013
vn 0.000008 -0.154238 0.988034
vn 0.000025 -0.393904 0.919152
vn -0.069528 -0.412175 0.908448
vn -0.100714 -0.184982 0.977568
vn 0.000016 -0.278256 0.960507
vn -0.000020 -0.288330 0.957531
vn 0.000002 0.009838 0.999952
vn -0.000023 0.009682 0.999953
vn 0.000006 0.016016 0.999872
vn -0.000020 0.022744 0.999741
vn -0.002841 0.216204 0.976344
vn -0.007714 0.091150 0.995807
vn -0.115201 0.135673 0.984033
vn -0.036660 0.252320 0.966949
vn 0.000010 0.000005 1.000000
vn 0.000005 -0.000003 1.000000
vn -0.000003 -0.000000 1.000000
vn 0.000014 -0.000009 1.000000
vn 0.000007 -0.000004 1.000000
vn 0.020256 -0.416260 0.909020
vn 0.009732 -0.439447 0.898216
vn 0.016929 -0.377460 0.925871
vn 0.017257 -0.435556 0.899996
vn 0.005991 -0.145751 0.989303
vn 0.024803 0.455490 0.889895
vn 0.025928 0.363079 0.931398
vn 0.018263 -0.151517 0.988286
vn 0.023569 0.696213 0.717448
vn -0.009513 0.702405 0.711714
vn 0.003426 0.526783 0.849993
vn -0.018392 0.589007 0.807919
vn -0.000006 -0.000010 1.000000
vn 0.001147 -0.133601 0.991035
vn 0.000797 -0.136236 0.990676
vn 0.000005 0.000002 1.000000
vn 0.002860 -0.263237 0.964727
vn 0.001207 -0.261081 0.965316
vn -0.056254 0.075577 0.995552
vn -0.078474 0.109954 0.990834
vn 0.117651 0.108645 0.987094
vn 0.079873 0.081164 0.993495
vn -0.026978 0.076078 0.996737
vn 0.065894 0.081076 0.994527
vn 0.000218 0.025512 0.999675
vn 0.034098 0.033621 0.998853
vn -0.001073 -0.000613 0.999999
vn 0.039969 -0.000098 0.999201
vn -0.001922 -0.022965 0.999735
vn 0.031673 -0.029111 0.999074
vn -0.009814 -0.058831 0.998220
vn 0.048012 -0.069314 0.996439
vn -0.033988 -0.087193 0.995612
vn 0.121671 -0.095492 0.987966
vn -0.002568 -0.124050 0.992273
vn -0.018707 -0.075199 0.996993
vn 0.061892 0.023967 0.997795
vn 0.117650 -0.141497 0.982923
vn -0.062100 -0.188799 0.980050
vn -0.054637 -0.427659 0.902287
vn -0.001011 -0.454014 0.890994
vn -0.000689 -0.184625 0.982809
vn -0.000012 -0.288436 0.957499
vn 0.000013 -0.272084 0.962273
vn -0.000008 0.009557 0.999954
vn 0.000004 0.009907 0.999951
vn -0.000016 0.016516 0.999864
vn -0.000018 0.016586 0.999862
vn -0.012075 0.266088 0.963873
vn -0.043854 0.154900 0.986956
vn 0.054079 0.159303 0.985748
vn 0.021935 0.269802 0.962666
vn -0.000000 -0.000006 1.000000
vn 0.000006 -0.000003 1.000000
vn -0.000002 -0.000002 1.000000
vn 0.000004 -0.000000 1.000000
vn -0.011099 -0.429679 0.902913
vn -0.008486 -0.376298 0.926460
vn 0.007322 -0.439183 0.898368
vn 0.029475 -0.327403 0.944425
vn -0.015050 -0.148630 0.988778
vn -0.007416 0.358006 0.933690
vn -0.014687 0.397621 0.917432
vn 0.000173 -0.119715 0.992808
vn -0.005350 0.703472 0.710703
vn -0.022794 0.737452 0.675015
vn -0.021677 0.589292 0.807629
vn -0.017277 0.562052 0.826922
vn -0.000006 0.000007 1.000000
vn -0.000194 -0.143449 0.989658
vn 0.000159 -0.148636 0.988892
vn -0.000007 0.000013 1.000000
vn -0.000279 -0.261143 0.965300
vn -0.000009 -0.260804 0.965392
vn -0.072770 0.137454 0.987831
vn -0.010370 0.098782 0.995055
vn -0.149223 0.089549 0.984740
vn -0.192383 0.036872 0.980627
vn -0.205918 0.000492 0.978569
vn -0.204618 -0.027965 0.978442
vn -0.197856 -0.067272 0.977920
vn -0.168315 -0.112975 0.979238
vn -0.046076 -0.154464 0.986924
vn -0.095909 -0.189857 0.977116
vn 0.000012 -0.459092 0.888389
vn -0.001858 -0.167986 0.985788
vn 0.000011 -0.278016 0.960576
vn -0.000015 0.009896 0.999951
vn -0.000025 0.016109 0.999870
vn -0.007228 0.138018 0.990403
vn -0.004279 0.263047 0.964774
vn 0.000000 0.000003 1.000000
vn -0.000000 0.000002 1.000000
vn 0.000971 -0.386555 0.922266
vn -0.000365 -0.368817 0.929502
vn 0.022100 0.318218 0.947760
vn 0.014321 -0.139450 0.990125
vn -0.006763 0.721607 0.692270
vn -0.006132 0.575058 0.818090
vn 0.000394 -0.149128 0.988818
vn -0.000002 0.000014 1.000000
vn 0.000418 -0.259714 0.965686
vn 0.009421 0.101209 0.994821
vn -0.014653 0.151436 0.988358
vn -0.011987 0.162903 0.986569
vn 0.002406 0.091746 0.995780
vn -0.041329 0.100941 0.994034
vn -0.031983 0.112506 0.993136
vn -0.064824 0.040279 0.997083
vn -0.052956 0.051310 0.997278
vn -0.078343 0.001732 0.996925
vn -0.065680 0.004476 0.997831
vn -0.078379 -0.027099 0.996555
vn -0.064971 -0.028265 0.997487
vn -0.076647 -0.065167 0.994927
vn -0.064624 -0.061725 0.995999
vn -0.070091 -0.117900 0.990549
vn -0.060230 -0.131552 0.989478
vn -0.038161 -0.215786 0.975695
vn 0.017543 -0.068336 0.997508
vn -0.009473 -0.091203 0.995787
vn -0.035136 -0.245293 0.968812
vn 0.015150 -0.163125 0.986489
vn -0.000089 -0.456792 0.889574
vn -0.000191 -0.455524 0.890224
vn 0.001297 -0.161641 0.986849
vn -0.000130 -0.280506 0.959852
vn -0.000261 -0.277019 0.960864
vn -0.000012 0.009907 0.999951
vn 0.000004 0.009905 0.999951
vn -0.000008 0.015942 0.999873
vn 0.000010 0.015460 0.999881
vn -0.005099 0.266959 0.963695
vn 0.001760 0.133429 0.991057
vn 0.004266 0.121910 0.992532
vn -0.000673 0.270331 0.962767
vn 0.000001 0.000004 1.000000
vn 0.000003 0.000002 1.000000
vn 0.000002 0.000003 1.000000
vn 0.000003 0.000011 1.000000
vn -0.031493 -0.342191 0.939103
vn -0.008175 -0.425551 0.904898
vn 0.010146 -0.463565 0.886005
vn -0.009508 -0.347726 0.937548
vn 0.001135 -0.153234 0.988189
vn 0.005903 0.322996 0.946382
vn -0.000605 0.265325 0.964159
vn 0.004291 -0.170800 0.985296
vn -0.004378 0.710058 0.704129
vn -0.015983 0.717743 0.696124
vn -0.008190 0.573947 0.818851
vn -0.017041 0.582790 0.812444
vn -0.000002 0.000013 1.000000
vn 0.000389 -0.149074 0.988826
vn 0.000504 -0.149403 0.988776
vn 0.000002 0.000009 1.000000
vn 0.000451 -0.259058 0.965862
vn 0.000650 -0.258014 0.966141
vn -0.004542 0.122695 0.992434
vn -0.007428 0.187613 0.982215
vn -0.003781 0.186479 0.982452
vn -0.003891 0.127136 0.991878
vn -0.012157 0.125732 0.991990
vn -0.003318 0.127472 0.991837
vn -0.023749 0.058900 0.997981
vn -0.012728 0.065045 0.997801
vn -0.032649 -0.001724 0.999465
vn -0.024469 -0.000108 0.999701
vn -0.025333 -0.042223 0.998787
vn -0.020678 -0.047719 0.998647
vn -0.009900 -0.066837 0.997715
vn -0.006242 -0.071882 0.997394
vn -0.001090 -0.147008 0.989135
vn 0.003064 -0.141157 0.989983
vn -0.002915 -0.254133 0.967165
vn -0.002289 -0.079948 0.996796
vn -0.002895 -0.076845 0.997039
vn -0.000965 -0.248821 0.968549
vn 0.001152 -0.169732 0.985490
vn -0.000077 -0.454099 0.890951
vn -0.000054 -0.454054 0.890974
vn 0.001241 -0.170903 0.985287
vn -0.000108 -0.276722 0.960950
vn -0.000002 -0.276854 0.960912
vn -0.000002 0.009934 0.999951
vn -0.000009 0.010005 0.999950
vn -0.000004 0.016062 0.999871
vn -0.000013 0.015894 0.999874
vn 0.000008 0.270671 0.962672
vn 0.000569 0.125415 0.992104
vn -0.000102 0.126970 0.991907
vn 0.000003 0.270669 0.962672
vn -0.000003 0.000006 1.000000
vn 0.000001 0.000006 1.000000
vn -0.000004 -0.000006 1.000000
vn 0.000002 -0.000010 1.000000
vn 0.000149 -0.351926 0.936028
vn 0.000385 -0.481115 0.876658
vn 0.000185 -0.475598 0.879663
vn 0.000023 -0.366854 0.930278
vn 0.000217 -0.160274 0.987073
vn 0.000679 0.273648 0.961830
vn 0.001457 0.270245 0.962791
vn 0.000138 -0.159400 0.987214
vn 0.001060 0.722961 0.690888
vn 0.002084 0.720763 0.693179
vn 0.000637 0.574286 0.818655
vn 0.001195 0.569554 0.821953
vn -0.000003 0.000012 1.000000
vn -0.000278 -0.147955 0.988994
vn -0.000419 -0.147663 0.989038
vn -0.000001 0.000008 1.000000
vn -0.000557 -0.254024 0.967198
vn -0.000801 -0.253579 0.967314
vn -0.005029 0.180136 0.983629
vn -0.010123 0.140929 0.989968
vn 0.001879 0.126350 0.991984
vn -0.001953 0.069870 0.997554
vn -0.010423 0.002222 0.999943
vn -0.012042 -0.051088 0.998622
vn -0.006814 -0.075880 0.997094
vn -0.002329 -0.142228 0.989831
vn -0.003899 -0.101524 0.994826
vn -0.004086 -0.239878 0.970794
vn -0.000392 -0.454386 0.890805
vn 0.001034 -0.174168 0.984715
vn -0.000008 -0.276495 0.961016
vn -0.000002 0.009859 0.999951
vn 0.000006 0.016188 0.999869
vn 0.002364 0.134611 0.990896
vn 0.003582 0.267688 0.963499
vn 0.000003 -0.000006 1.000000
vn 0.000003 -0.000005 1.000000
vn 0.000732 -0.507403 0.861708
vn -0.000024 -0.284393 0.958708
vn -0.001771 0.258294 0.966065
vn 0.000658 -0.161268 0.986910
vn -0.003910 0.716612 0.697461
vn -0.002943 0.578489 0.815685
vn 0.000606 -0.147071 0.989126
vn -0.000001 0.000002 1.000000
vn 0.000766 -0.252347 0.967637
vn 0.037739 -0.039324 0.998514
vn 0.030564 -0.041164 0.998685
vn 0.005112 -0.006361 0.999967
vn 0.000259 0.002427 0.999997
vn -0.000320 -0.000278 1.000000
vn 0.000002 -0.000100 1.000000
vn -0.000003 0.000015 1.000000
vn -0.000015 -0.000004 1.000000
vn -0.000365 -0.000032 1.000000
vn -0.000441 -0.000157 1.000000
vn 0.000103 -0.000113 1.000000
vn -0.000111 0.000281 1.000000
vn 0.071743 0.311814 0.947431
vn 0.040783 0.231711 0.971929
vn 0.004314 0.194026 0.980987
vn 0.000135 0.191622 0.981469
vn -0.000107 0.191681 0.981457
vn 0.000132 0.191679 0.981458
vn 0.000027 0.191719 0.981450
vn -0.000157 0.192034 0.981388
vn -0.000106 0.194867 0.980830
vn -0.000054 0.195021 0.980799
vn 0.000056 0.195093 0.980785
vn -0.000102 0.191641 0.981465
vn 0.013838 0.350550 0.936442
vn 0.111728 0.245393 0.962964
vn 0.056203 0.436252 0.898068
vn -0.001025 0.674470 0.738302
vn 0.120730 0.519644 0.845810
vn 0.001617 0.669798 0.742542
vn 0.000049 0.674336 0.738425
vn -0.000274 0.671883 0.740657
vn -0.000047 0.671779 0.740751
vn -0.000263 0.672692 0.739923
vn 0.000002 0.671772 0.740758
vn 0.000000 0.671773 0.740758
vn 0.000017 0.671738 0.740789
vn 0.347809 0.725008 0.594467
vn 0.002145 0.696099 0.717943
vn 0.000025 0.895496 0.445069
vn 0.147546 0.855632 0.496108
vn 0.000008 0.895492 0.445077
vn 0.000009 0.895496 0.445069
vn -0.000001 0.895491 0.445081
vn -0.000008 0.895486 0.445090
vn -0.000004 0.895489 0.445083
vn 0.000028 0.895463 0.445136
vn 0.000018 0.895462 0.445138
vn -0.000002 0.895461 0.445141
vn -0.000002 0.895460 0.445141
vn -0.000018 0.000008 1.000000
vn -0.000015 -0.000020 1.000000
vn -0.000093 0.193228 0.981154
vn -0.000111 0.193488 0.981103
vn 0.000442 -0.255614 0.966779
vn 0.000375 -0.256072 0.966658
vn 0.000297 -0.149004 0.988837
vn 0.000350 -0.148983 0.988840
vn 0.000004 0.000009 1.000000
vn 0.000004 0.000009 1.000000
vn -0.001685 0.572363 0.819999
vn -0.001774 0.573474 0.819222
vn -0.002876 0.732646 0.680604
vn -0.002666 0.728440 0.685104
vn -0.001913 0.287534 0.957768
vn -0.001685 0.283075 0.959096
vn 0.000740 -0.154579 0.987980
vn 0.000530 -0.156858 0.987621
vn 0.000957 -0.470656 0.882316
vn 0.001407 -0.468177 0.883634
vn 0.000754 -0.350406 0.936598
vn 0.000391 -0.352481 0.935819
vn -0.000005 -0.000001 1.000000
vn -0.000002 0.000014 1.000000
vn -0.000005 0.000004 1.000000
vn -0.000008 -0.000001 1.000000
vn 0.000010 0.015790 0.999875
vn 0.000018 0.015810 0.999875
vn 0.000005 0.009923 0.999951
vn 0.000021 0.009886 0.999951
vn -0.000309 -0.276917 0.960894
vn -0.000318 -0.276873 0.960906
vn -0.000230 -0.454816 0.890585
vn -0.000235 -0.454660 0.890665
vn 0.000624 -0.164719 0.986340
vn 0.001016 -0.165339 0.986236
vn 0.001028 -0.250666 0.968073
vn -0.000417 -0.097231 0.995262
vn -0.001518 -0.094795 0.995496
vn -0.001901 -0.249291 0.968427
vn -0.002264 -0.057310 0.998354
vn 0.001565 -0.130546 0.991441
vn -0.000860 -0.130094 0.991501
vn -0.004158 -0.058196 0.998297
vn -0.008708 -0.029989 0.999512
vn -0.010149 -0.031869 0.999441
vn -0.019153 0.001415 0.999816
vn -0.018189 -0.001136 0.999834
vn -0.030001 0.051030 0.998246
vn -0.023815 0.049734 0.998479
vn -0.033374 0.117356 0.992529
vn -0.024376 0.118099 0.992703
vn -0.025003 0.173999 0.984428
vn -0.018862 0.177011 0.984028
vn -0.012462 0.118541 0.992871
vn -0.008849 0.125033 0.992113
vn 0.000002 0.270664 0.962674
vn 0.000512 0.124669 0.992198
vn 0.002205 0.124488 0.992219
vn -0.000006 0.270665 0.962674
vn -0.000006 0.671784 0.740747
vn -0.000007 0.671782 0.740749
vn -0.000010 0.895474 0.445113
vn -0.000011 0.895472 0.445118
vn -0.000025 0.000038 1.000000
vn -0.000024 0.000083 1.000000
vn -0.000197 0.192400 0.981317
vn -0.000159 0.192929 0.981213
vn 0.000655 -0.256538 0.966534
vn 0.000837 -0.257401 0.966304
vn 0.000655 -0.149085 0.988824
vn 0.000510 -0.148758 0.988873
vn 0.000005 0.000008 1.000000
vn 0.000000 0.000009 1.000000
vn -0.003863 0.571147 0.820838
vn -0.013115 0.589233 0.807857
vn -0.013407 0.725415 0.688181
vn -0.006417 0.734863 0.678185
vn -0.003100 0.271105 0.962545
vn -0.004195 0.285782 0.958286
vn 0.002896 -0.167279 0.985905
vn 0.000382 -0.153108 0.988209
vn 0.000457 -0.485792 0.874074
vn 0.004850 -0.475913 0.879479
vn 0.010590 -0.339216 0.940649
vn -0.000005 -0.317632 0.948214
vn -0.000001 -0.000001 1.000000
vn -0.000001 0.000018 1.000000
vn -0.000004 0.000021 1.000000
vn -0.000003 -0.000003 1.000000
vn 0.000020 0.016035 0.999871
vn 0.000022 0.015917 0.999873
vn 0.000016 0.009949 0.999951
vn 0.000013 0.010026 0.999950
vn -0.000380 -0.276955 0.960883
vn -0.000481 -0.276416 0.961038
vn -0.000279 -0.455323 0.890326
vn -0.000355 -0.455013 0.890485
vn 0.001175 -0.162867 0.986647
vn 0.000864 -0.164118 0.986440
vn -0.003740 -0.256573 0.966518
vn 0.000620 -0.091714 0.995785
vn 0.000235 -0.100575 0.994929
vn 0.002093 -0.251958 0.967736
vn -0.028000 -0.058344 0.997904
vn -0.019194 -0.133305 0.990889
vn -0.001609 -0.129519 0.991576
vn -0.008329 -0.056793 0.998351
vn -0.029244 -0.028378 0.999169
vn -0.013433 -0.028564 0.999502
vn -0.032353 0.005489 0.999461
vn -0.021159 0.004146 0.999768
vn -0.033390 0.055158 0.997919
vn -0.030652 0.053819 0.998080
vn -0.027160 0.116816 0.992782
vn -0.033317 0.117693 0.992491
vn -0.016512 0.167653 0.985708
vn -0.024948 0.170222 0.985090
vn -0.009953 0.102497 0.994684
vn -0.013518 0.114902 0.993285
vn 0.000003 0.270668 0.962673
vn -0.001280 0.121511 0.992589
vn -0.000105 0.123443 0.992352
vn 0.000002 0.270668 0.962673
vn -0.000008 0.671800 0.740733
vn -0.000010 0.671793 0.740739
vn -0.000014 0.895483 0.445096
vn -0.000018 0.895478 0.445106
vn -0.000049 -0.000023 1.000000
vn -0.000148 0.193790 0.981043
vn 0.000425 -0.255142 0.966903
vn 0.000339 -0.148837 0.988862
vn -0.000003 0.000011 1.000000
vn -0.001750 0.572596 0.819836
vn -0.002732 0.725279 0.688450
vn -0.001679 0.279479 0.960150
vn 0.000552 -0.157599 0.987503
vn -0.000144 -0.472866 0.881134
vn -0.000933 -0.349672 0.936872
vn -0.000005 -0.000005 1.000000
vn -0.000005 0.000001 1.000000
vn 0.000018 0.015820 0.999875
vn 0.000019 0.009891 0.999951
vn -0.000320 -0.276848 0.960914
vn -0.000236 -0.454509 0.890742
vn 0.001547 -0.166287 0.986076
vn -0.004323 -0.106321 0.994323
vn -0.009490 -0.247206 0.968916
vn -0.009766 -0.129655 0.991511
vn -0.012095 -0.059534 0.998153
vn -0.017926 -0.033935 0.999263
vn -0.022138 -0.002231 0.999752
vn -0.020854 0.050366 0.998513
vn -0.018798 0.118242 0.992807
vn -0.016198 0.178215 0.983858
vn -0.008349 0.132312 0.991173
vn 0.002756 0.123395 0.992354
vn -0.000010 0.270670 0.962672
vn -0.000008 0.671785 0.740746
vn -0.000012 0.895469 0.445124
vn -0.000068 -0.000108 1.000000
vn -0.000178 0.194379 0.980926
vn 0.000406 -0.254548 0.967060
vn 0.000325 -0.148591 0.988899
vn -0.000002 0.000015 1.000000
vn -0.001910 0.572839 0.819666
vn -0.002911 0.724838 0.688913
vn -0.001732 0.280759 0.959777
vn 0.000533 -0.159564 0.987188
vn -0.000310 -0.478592 0.878037
vn -0.001134 -0.352745 0.935719
vn 0.000000 -0.000004 1.000000
vn 0.000002 0.000003 1.000000
vn 0.000015 0.015787 0.999875
vn 0.000009 0.009880 0.999951
vn -0.000332 -0.277045 0.960857
vn -0.000246 -0.454280 0.890859
vn 0.001236 -0.168024 0.985782
vn -0.004080 -0.106341 0.994321
vn -0.010964 -0.251491 0.967798
vn -0.013291 -0.137661 0.990390
vn -0.016384 -0.062306 0.997923
vn -0.025456 -0.037190 0.998984
vn -0.031075 -0.002263 0.999515
vn -0.026117 0.053431 0.998230
vn -0.018516 0.121126 0.992465
vn -0.013031 0.182074 0.983199
vn -0.006771 0.133583 0.991015
vn 0.001841 0.123515 0.992341
vn 0.000004 0.270674 0.962671
vn -0.000004 0.671783 0.740748
vn -0.000012 0.895465 0.445132
vn -0.000011 0.895464 0.445135
vn 0.000003 -0.000014 1.000000
vn 0.000002 -0.017334 0.999850
vn -0.000010 -0.017579 0.999846
vn -0.000001 0.000001 1.000000
vn -0.000002 -0.000011 1.000000
vn 0.000005 -0.017338 0.999850
vn -0.000004 -0.000009 1.000000
vn -0.000062 -0.017325 0.999850
vn -0.000000 -0.000009 1.000000
vn -0.000050 -0.017513 0.999847
vn 0.000002 -0.000007 1.000000
vn 0.000018 -0.017480 0.999847
vn 0.000004 -0.000008 1.000000
vn 0.000090 -0.017343 0.999850
vn 0.000003 -0.000011 1.000000
vn 0.000086 -0.017726 0.999843
vn -0.000002 -0.000006 1.000000
vn 0.000186 -0.017030 0.999855
vn 0.000002 -0.000006 1.000000
vn -0.017833 -0.104527 0.994362
vn -0.013298 -0.041149 0.999065
vn -0.000001 -0.000003 1.000000
vn -0.000000 -0.000008 1.000000
vn 0.014002 -0.129636 0.991463
vn -0.000006 -0.000015 1.000000
vn 0.010028 -0.111909 0.993668
vn 0.000001 -0.000009 1.000000
vn -0.013333 -0.224457 0.974393
vn 0.000003 0.000000 1.000000
vn 0.017071 -0.230109 0.973015
vn -0.000003 -0.000020 1.000000
vn 0.010972 -0.177617 0.984039
vn 0.000004 -0.000024 1.000000
vn -0.006620 -0.291969 0.956405
vn 0.000008 -0.000009 1.000000
vn 0.001439 -0.332632 0.943056
vn 0.000014 0.000007 1.000000
vn -0.009257 -0.339610 0.940521
vn 0.000126 -0.000193 1.000000
vn 0.000111 0.000154 1.000000
vn 0.000069 0.195111 0.980781
vn 0.000063 0.195093 0.980785
vn 0.000816 -0.250081 0.968225
vn 0.000772 -0.251956 0.967738
vn 0.000607 -0.146459 0.989217
vn 0.000644 -0.147170 0.989111
vn -0.000003 0.000001 1.000000
vn 0.000004 -0.000001 1.000000
vn -0.002865 0.578108 0.815955
vn -0.002850 0.574165 0.818735
vn -0.003827 0.718117 0.695912
vn -0.003799 0.713085 0.701067
vn -0.001759 0.259933 0.965625
vn -0.001712 0.254880 0.966971
vn 0.000691 -0.161381 0.986892
vn 0.000698 -0.163796 0.986494
vn 0.000901 -0.493295 0.869862
vn 0.000879 -0.492733 0.870180
vn 0.000078 -0.338043 0.941131
vn 0.000069 -0.352387 0.935854
vn 0.000002 -0.017471 0.999847
vn -0.000006 -0.017346 0.999850
vn 0.000006 0.000004 1.000000
vn -0.000001 0.000003 1.000000
vn 0.000004 -0.000004 1.000000
vn -0.000000 -0.000007 1.000000
vn 0.000006 -0.000006 1.000000
vn -0.000001 -0.000001 1.000000
vn 0.000019 0.016110 0.999870
vn 0.000008 0.016081 0.999871
vn 0.000017 0.009918 0.999951
vn 0.000005 0.009912 0.999951
vn 0.000011 -0.276356 0.961056
vn -0.000000 -0.275806 0.961213
vn -0.000381 -0.454528 0.890733
vn -0.000387 -0.455086 0.890448
vn 0.001173 -0.175347 0.984506
vn 0.000607 -0.177466 0.984127
vn -0.007681 -0.237779 0.971289
vn -0.004964 -0.096188 0.995351
vn -0.004668 -0.102121 0.994761
vn -0.007863 -0.238198 0.971185
vn -0.005087 -0.076597 0.997049
vn -0.006041 -0.139645 0.990183
vn -0.006950 -0.142861 0.989718
vn -0.004033 -0.075584 0.997131
vn -0.002194 -0.050812 0.998706
vn -0.000138 -0.049047 0.998797
vn 0.001909 0.005031 0.999986
vn 0.003763 0.007174 0.999967
vn 0.003668 0.071880 0.997407
vn 0.004899 0.071758 0.997410
vn 0.000893 0.124939 0.992164
vn 0.000163 0.122561 0.992461
vn -0.007096 0.177104 0.984167
vn -0.008968 0.172190 0.985023
vn -0.011550 0.149681 0.988667
vn -0.013053 0.152916 0.988153
vn 0.003542 0.265123 0.964208
vn 0.002583 0.145517 0.989352
vn -0.007726 0.157892 0.987426
vn -0.003037 0.265263 0.964171
vn 0.000021 0.671721 0.740804
vn -0.000002 0.671796 0.740736
vn 0.000023 0.895462 0.445138
vn -0.000005 0.895455 0.445153
vn 0.000118 -0.000023 1.000000
vn 0.000049 0.195082 0.980787
vn 0.000795 -0.249891 0.968274
vn 0.000623 -0.146267 0.989245
vn 0.000004 -0.000001 1.000000
vn -0.002828 0.577038 0.816712
vn -0.003767 0.713456 0.700690
vn -0.001706 0.254568 0.967053
vn 0.000683 -0.164941 0.986303
vn 0.000843 -0.493757 0.869599
vn 0.000019 -0.352874 0.935671
vn -0.000020 -0.017386 0.999849
vn -0.000014 0.000003 1.000000
vn -0.000010 -0.000007 1.000000
vn -0.000010 -0.000001 1.000000
vn -0.000005 0.016100 0.999870
vn -0.000011 0.009962 0.999950
vn -0.000017 -0.275734 0.961234
vn -0.000399 -0.455158 0.890411
vn 0.000313 -0.178282 0.983980
vn -0.002597 -0.091109 0.995838
vn -0.004119 -0.240636 0.970607
vn -0.003272 -0.143698 0.989616
vn -0.002842 -0.074884 0.997188
vn -0.001320 -0.048208 0.998836
vn 0.002138 0.007963 0.999966
vn 0.004680 0.071393 0.997437
vn 0.000101 0.121458 0.992597
vn -0.011491 0.171991 0.985032
vn -0.016072 0.135391 0.990662
vn -0.010389 0.155426 0.987793
vn -0.004339 0.266731 0.963761
vn -0.000009 0.671784 0.740748
vn -0.000005 0.895454 0.445154
vn 0.000009 0.785345 -0.619059
vn 0.000001 0.785326 -0.619082
vn -0.000000 0.950210 -0.311611
vn 0.000005 0.950210 -0.311610
vn 0.000015 0.011196 -0.999937
vn 0.000004 0.011196 -0.999937
vn 0.000015 0.000000 -1.000000
vn 0.000004 -0.000000 -1.000000
vn 0.000015 0.000000 -1.000000
vn 0.000004 -0.000000 -1.000000
vn 0.000015 0.000000 -1.000000
vn 0.000004 -0.000000 -1.000000
vn 0.000015 0.000000 -1.000000
vn 0.000004 0.000000 -1.000000
vn 0.000015 0.000000 -1.000000
vn 0.000004 0.000000 -1.000000
vn 0.000004 0.000002 -1.000000
vn 0.000015 0.000002 -1.000000
vn 0.000015 0.000002 -1.000000
vn 0.000004 0.000002 -1.000000
vn 0.000002 -0.848388 -0.529375
vn 0.000008 -0.848390 -0.529371
vn 0.000011 -0.795031 -0.606569
vn 0.000003 -0.795036 -0.606562
vn 0.000017 0.000001 -1.000000
vn 0.000006 0.000001 -1.000000
vn 0.000015 -0.000003 -1.000000
vn 0.000007 -0.000003 -1.000000
vn 0.000015 -0.000000 -1.000000
vn 0.000006 -0.000001 -1.000000
vn 0.000018 0.000002 -1.000000
vn 0.000001 0.000001 -1.000000
vn 0.000017 -0.000001 -1.000000
vn -0.000001 0.000004 -1.000000
vn 0.000005 -0.000038 -1.000000
vn 0.000008 -0.000024 -1.000000
vn -0.000006 -0.000001 -1.000000
vn -0.000003 -0.000016 -1.000000
vn -0.000002 0.000018 -1.000000
vn 0.000004 0.000015 -1.000000
vn 0.000018 -0.000004 -1.000000
vn 0.000002 0.000003 -1.000000
vn 0.006867 -0.015962 -0.999849
vn 0.008808 -0.020523 -0.999751
vn 0.041746 -0.122056 -0.991645
vn 0.014512 -0.103165 -0.994558
vn 0.000913 -0.153791 -0.988103
vn 0.022292 -0.172609 -0.984738
vn -0.000586 -0.068176 -0.997673
vn 0.000076 -0.059851 -0.998207
vn 0.000031 -0.000025 -1.000000
vn 0.000043 -0.000019 -1.000000
vn 0.000004 0.955051 -0.296443
vn 0.000001 0.955051 -0.296442
vn -0.132601 0.883593 -0.449088
vn -0.334793 0.837858 -0.431170
vn 0.000944 0.784992 -0.619505
vn 0.000778 0.950241 -0.311514
vn 0.000010 0.011194 -0.999937
vn -0.000000 0.000001 -1.000000
vn 0.000006 0.000001 -1.000000
vn 0.000009 0.000000 -1.000000
vn 0.000009 -0.000000 -1.000000
vn 0.000009 0.000000 -1.000000
vn 0.000009 0.000002 -1.000000
vn 0.000009 0.000002 -1.000000
vn 0.000005 -0.795033 -0.606567
vn 0.000005 -0.848391 -0.529370
vn 0.000009 0.000001 -1.000000
vn 0.000009 -0.000003 -1.000000
vn 0.000005 -0.000005 -1.000000
vn -0.000007 -0.000002 -1.000000
vn -0.000008 0.000009 -1.000000
vn 0.000002 -0.000023 -1.000000
vn -0.000002 -0.000049 -1.000000
vn -0.000006 0.000009 -1.000000
vn -0.000004 0.000015 -1.000000
vn -0.000006 0.000005 -1.000000
vn -0.003840 -0.089711 -0.995960
vn 0.000211 -0.067661 -0.997708
vn -0.002292 -0.152650 -0.988278
vn -0.000016 -0.000007 -1.000000
vn -0.000001 0.955051 -0.296443
vn -0.000001 0.896359 -0.443329
vn -0.000005 0.950274 -0.311417
vn -0.000011 0.786476 -0.617621
vn -0.001025 0.784965 -0.619540
vn -0.000844 0.950217 -0.311588
vn -0.000004 0.011191 -0.999937
vn -0.000027 0.011196 -0.999937
vn -0.000004 0.000002 -1.000000
vn -0.000016 0.000000 -1.000000
vn -0.000003 0.000002 -1.000000
vn -0.000022 0.000000 -1.000000
vn -0.000003 0.000000 -1.000000
vn -0.000025 0.000000 -1.000000
vn -0.000004 -0.000000 -1.000000
vn -0.000025 0.000000 -1.000000
vn -0.000004 0.000000 -1.000000
vn -0.000025 0.000000 -1.000000
vn -0.000003 0.000002 -1.000000
vn -0.000003 0.000002 -1.000000
vn -0.000006 0.000007 -1.000000
vn -0.000017 0.000010 -1.000000
vn -0.000002 -0.849790 -0.527121
vn -0.000002 -0.787733 -0.616017
vn -0.000014 -0.798420 -0.602101
vn -0.000001 -0.847531 -0.530746
vn -0.000004 0.000002 -1.000000
vn -0.000025 0.000002 -1.000000
vn 0.000001 -0.000001 -1.000000
vn -0.000025 0.000001 -1.000000
vn 0.000005 -0.000011 -1.000000
vn -0.000025 0.000001 -1.000000
vn -0.000000 0.896347 -0.443353
vn -0.000003 0.955051 -0.296443
vn -0.000002 0.955050 -0.296444
vn 0.000001 0.896358 -0.443331
vn 0.000006 -0.000004 -1.000000
vn 0.000006 0.000003 -1.000000
vn -0.000001 -0.000006 -1.000000
vn 0.000008 0.000010 -1.000000
vn 0.000009 0.000005 -1.000000
vn -0.000006 -0.000018 -1.000000
vn 0.000009 -0.000031 -1.000000
vn 0.000007 -0.000028 -1.000000
vn 0.000005 -0.000004 -1.000000
vn 0.000015 0.000003 -1.000000
vn 0.000011 0.000009 -1.000000
vn -0.000003 0.000001 -1.000000
vn 0.000001 -0.000000 -1.000000
vn 0.000002 -0.000003 -1.000000
vn -0.000009 -0.000007 -1.000000
vn -0.000074 -0.107878 -0.994164
vn -0.001972 -0.091820 -0.995774
vn -0.000404 -0.151123 -0.988515
vn -0.000384 -0.066070 -0.997815
vn -0.000095 -0.065408 -0.997859
vn -0.002584 -0.150976 -0.988534
vn -0.000036 -0.000006 -1.000000
vn -0.000008 -0.000008 -1.000000
vn 0.014058 0.950302 -0.311014
vn 0.011639 0.802393 -0.596683
vn -0.174558 0.813881 -0.554191
vn -0.197790 0.929431 -0.311509
vn 0.000003 0.011253 -0.999937
vn 0.000036 0.011860 -0.999930
vn 0.000002 0.000000 -1.000000
vn 0.000043 0.000000 -1.000000
vn 0.000003 0.000000 -1.000000
vn 0.000044 0.000001 -1.000000
vn 0.000004 -0.000000 -1.000000
vn 0.000042 -0.000000 -1.000000
vn 0.000005 0.000000 -1.000000
vn 0.000035 -0.000000 -1.000000
vn 0.000005 0.000000 -1.000000
vn 0.000029 -0.000001 -1.000000
vn 0.000001 0.000010 -1.000000
vn 0.000001 0.000007 -1.000000
vn -0.000009 0.000002 -1.000000
vn 0.000006 0.000005 -1.000000
vn 0.001990 -0.847574 -0.530674
vn 0.001885 -0.805310 -0.592851
vn 0.003114 -0.798214 -0.602366
vn 0.003219 -0.851226 -0.524789
vn 0.000004 0.000001 -1.000000
vn 0.000023 0.000000 -1.000000
vn -0.000001 -0.000000 -1.000000
vn 0.000024 -0.000002 -1.000000
vn -0.000003 0.000005 -1.000000
vn 0.000024 0.000003 -1.000000
vn 0.000002 0.896346 -0.443356
vn 0.007170 0.955542 -0.294767
vn -0.092874 0.948215 -0.303748
vn 0.000001 0.896355 -0.443337
vn 0.000000 0.000007 -1.000000
vn 0.000006 0.000005 -1.000000
vn -0.000000 0.000004 -1.000000
vn 0.000003 0.000001 -1.000000
vn -0.000004 -0.000003 -1.000000
vn 0.000010 -0.000011 -1.000000
vn -0.000001 0.000005 -1.000000
vn -0.000008 0.000001 -1.000000
vn 0.000004 -0.000003 -1.000000
vn 0.000006 -0.000014 -1.000000
vn 0.000023 -0.000006 -1.000000
vn 0.000009 -0.000002 -1.000000
vn 0.000001 -0.000004 -1.000000
vn 0.000023 0.000001 -1.000000
vn -0.002124 -0.088186 -0.996102
vn -0.000066 -0.090103 -0.995933
vn -0.001873 -0.146729 -0.989175
vn 0.000053 -0.062514 -0.998044
vn -0.000080 -0.060291 -0.998181
vn -0.000153 -0.141654 -0.989916
vn -0.000003 -0.000006 -1.000000
vn 0.000002 -0.000004 -1.000000
vn -0.017933 0.770670 -0.636982
vn -0.010204 0.950538 -0.310441
vn 0.000071 0.011003 -0.999940
vn 0.000004 -0.000000 -1.000000
vn 0.000003 -0.000000 -1.000000
vn 0.000002 0.000000 -1.000000
vn 0.000001 -0.000001 -1.000000
vn 0.000001 -0.000001 -1.000000
vn 0.000005 0.000000 -1.000000
vn 0.000003 0.000001 -1.000000
vn 0.000001 -0.787616 -0.616167
vn 0.000004 -0.833031 -0.553227
vn 0.000001 -0.000001 -1.000000
vn 0.000003 0.000000 -1.000000
vn 0.000003 -0.000003 -1.000000
vn -0.007414 0.943774 -0.330508
vn 0.000000 0.896377 -0.443293
vn 0.000003 -0.000004 -1.000000
vn -0.000001 0.000001 -1.000000
vn -0.000010 0.000003 -1.000000
vn 0.000003 -0.000005 -1.000000
vn -0.000004 0.000010 -1.000000
vn -0.000007 0.000003 -1.000000
vn 0.000004 -0.000001 -1.000000
vn 0.000123 -0.082309 -0.996607
vn -0.000059 -0.060244 -0.998184
vn 0.000033 -0.142388 -0.989811
vn 0.000001 -0.000005 -1.000000
vn 0.111911 0.945868 -0.304645
vn 0.089970 0.773485 -0.627397
vn 0.005012 0.783886 -0.620885
vn 0.004314 0.951199 -0.308550
vn 0.000082 0.010969 -0.999940
vn 0.000072 0.011117 -0.999938
vn -0.000001 -0.000000 -1.000000
vn -0.000004 -0.000001 -1.000000
vn -0.000003 -0.000001 -1.000000
vn -0.000004 -0.000001 -1.000000
vn -0.000004 0.000000 -1.000000
vn -0.000004 0.000000 -1.000000
vn -0.000003 -0.000001 -1.000000
vn -0.000004 0.000000 -1.000000
vn -0.000002 -0.000000 -1.000000
vn -0.000004 0.000000 -1.000000
vn -0.000004 0.000001 -1.000000
vn -0.000003 0.000001 -1.000000
vn -0.000004 0.000002 -1.000000
vn -0.000004 -0.000000 -1.000000
vn -0.000001 -0.838105 -0.545510
vn -0.000005 -0.794025 -0.607886
vn -0.000003 -0.795898 -0.605431
vn -0.000002 -0.854371 -0.519663
vn -0.000008 -0.000001 -1.000000
vn -0.000005 -0.000001 -1.000000
vn -0.000006 0.000002 -1.000000
vn -0.000005 0.000004 -1.000000
vn -0.000002 -0.000001 -1.000000
vn -0.000002 0.000006 -1.000000
vn 0.000000 0.896362 -0.443323
vn 0.061690 0.947351 -0.314198
vn 0.000362 0.955659 -0.294475
vn 0.000000 0.896365 -0.443316
vn -0.000002 -0.000008 -1.000000
vn 0.000004 -0.000009 -1.000000
vn -0.000003 0.000003 -1.000000
vn 0.000002 -0.000009 -1.000000
vn 0.000001 -0.000010 -1.000000
vn -0.000000 -0.000005 -1.000000
vn -0.000001 -0.000001 -1.000000
vn -0.000002 -0.000014 -1.000000
vn -0.000000 0.000003 -1.000000
vn 0.000002 0.000019 -1.000000
vn -0.000004 0.000012 -1.000000
vn 0.000001 0.000005 -1.000000
vn 0.000002 -0.000000 -1.000000
vn -0.000014 -0.000005 -1.000000
vn -0.000646 -0.081564 -0.996668
vn -0.002225 -0.078293 -0.996928
vn -0.000692 -0.141993 -0.989867
vn -0.000114 -0.060377 -0.998176
vn -0.000257 -0.060243 -0.998184
vn -0.002277 -0.139321 -0.990245
vn 0.000002 -0.000006 -1.000000
vn 0.000005 -0.000007 -1.000000
vn 0.002767 0.953256 -0.302151
vn 0.003304 0.797529 -0.603272
vn 0.004902 0.800182 -0.599737
vn 0.004192 0.953575 -0.301127
vn 0.000062 0.011010 -0.999939
vn 0.000075 0.010994 -0.999940
vn 0.000001 0.000000 -1.000000
vn -0.000001 0.000000 -1.000000
vn 0.000001 0.000000 -1.000000
vn -0.000001 0.000000 -1.000000
vn 0.000001 0.000000 -1.000000
vn -0.000001 0.000000 -1.000000
vn 0.000001 0.000000 -1.000000
vn -0.000001 0.000000 -1.000000
vn 0.000001 0.000000 -1.000000
vn -0.000001 -0.000000 -1.000000
vn 0.000002 -0.000001 -1.000000
vn 0.000002 0.000002 -1.000000
vn 0.000000 0.000002 -1.000000
vn -0.000001 -0.000000 -1.000000
vn 0.000001 -0.874643 -0.484768
vn 0.000001 -0.794568 -0.607175
vn 0.000183 -0.794533 -0.607221
vn 0.000203 -0.877200 -0.480126
vn 0.000001 -0.000001 -1.000000
vn -0.000001 -0.000001 -1.000000
vn 0.000001 -0.000003 -1.000000
vn -0.000002 -0.000003 -1.000000
vn 0.000000 -0.000006 -1.000000
vn -0.000003 -0.000008 -1.000000
vn 0.000001 0.896358 -0.443330
vn -0.000270 0.955421 -0.295247
vn -0.000147 0.955365 -0.295428
vn 0.000001 0.896358 -0.443330
vn -0.000004 -0.000009 -1.000000
vn 0.000000 -0.000009 -1.000000
vn -0.000004 -0.000001 -1.000000
vn 0.000001 0.000002 -1.000000
vn 0.000002 0.000003 -1.000000
vn 0.000003 -0.000003 -1.000000
vn 0.000006 -0.000002 -1.000000
vn 0.000004 0.000003 -1.000000
vn 0.000004 -0.000001 -1.000000
vn 0.000003 -0.000011 -1.000000
vn 0.000004 -0.000014 -1.000000
vn 0.000004 -0.000001 -1.000000
vn -0.000001 -0.000000 -1.000000
vn 0.000001 -0.000007 -1.000000
vn 0.000163 -0.077659 -0.996980
vn 0.000249 -0.078765 -0.996893
vn 0.000068 -0.137543 -0.990496
vn -0.000066 -0.059787 -0.998211
vn -0.000039 -0.059576 -0.998224
vn 0.000164 -0.137923 -0.990443
vn 0.000005 0.000015 -1.000000
vn 0.000004 0.000019 -1.000000
vn 0.004777 0.802597 -0.596502
vn 0.004277 0.954172 -0.299228
vn 0.000062 0.010950 -0.999940
vn -0.000008 0.000000 -1.000000
vn -0.000008 0.000000 -1.000000
vn -0.000008 0.000000 -1.000000
vn -0.000008 0.000000 -1.000000
vn -0.000008 -0.000000 -1.000000
vn -0.000008 0.000003 -1.000000
vn -0.000008 0.000001 -1.000000
vn 0.001218 -0.794837 -0.606822
vn 0.001358 -0.884604 -0.466342
vn -0.000008 -0.000001 -1.000000
vn -0.000007 -0.000002 -1.000000
vn -0.000003 -0.000002 -1.000000
vn -0.000008 0.955292 -0.295665
vn 0.000000 0.896359 -0.443330
vn 0.000004 -0.000002 -1.000000
vn 0.000004 0.000000 -1.000000
vn -0.000007 -0.000001 -1.000000
vn -0.000005 0.000018 -1.000000
vn -0.000000 -0.000009 -1.000000
vn -0.000004 0.000003 -1.000000
vn -0.000001 -0.000022 -1.000000
vn -0.000253 -0.076122 -0.997099
vn -0.000267 -0.059229 -0.998244
vn -0.000540 -0.139068 -0.990283
vn -0.000005 0.000019 -1.000000
vn 0.000078 -0.000016 -1.000000
vn -0.000000 -0.000013 -1.000000
vn -0.000036 -0.000002 -1.000000
vn -0.000005 0.000002 -1.000000
vn 0.000002 0.000007 -1.000000
vn 0.000000 0.000007 -1.000000
vn 0.000001 0.000006 -1.000000
vn 0.000002 0.000003 -1.000000
vn 0.000006 -0.000002 -1.000000
vn 0.000002 -0.000006 -1.000000
vn -0.000002 -0.000007 -1.000000
vn 0.000000 0.000005 -1.000000
vn 0.000062 -0.000055 -1.000000
vn -0.000067 -0.000017 -1.000000
vn -0.000022 0.000019 -1.000000
vn -0.000004 0.000029 -1.000000
vn 0.000002 0.000028 -1.000000
vn 0.000000 0.000026 -1.000000
vn 0.000000 0.000026 -1.000000
vn 0.000001 0.000028 -1.000000
vn 0.000005 -0.000016 -1.000000
vn 0.000000 -0.000027 -1.000000
vn 0.000000 -0.000027 -1.000000
vn 0.000002 0.000031 -1.000000
vn -0.057577 0.865385 -0.497790
vn -0.754499 0.414312 -0.508997
vn 0.001971 0.891051 -0.453899
vn 0.000001 0.917474 -0.397796
vn 0.001275 0.901622 -0.432523
vn 0.000001 0.917448 -0.397857
vn 0.000001 0.917506 -0.397721
vn 0.000001 0.917448 -0.397856
vn 0.000006 0.917447 -0.397859
vn 0.000003 0.917448 -0.397857
vn -0.000001 0.917440 -0.397874
vn 0.000003 0.917440 -0.397873
vn -0.000010 0.917442 -0.397870
vn 0.003597 0.958198 -0.286082
vn 0.005421 0.958895 -0.283711
vn 0.000001 0.957969 -0.286870
vn 0.000875 0.958016 -0.286714
vn 0.000002 0.957969 -0.286870
vn 0.000001 0.957969 -0.286871
vn 0.000001 0.957969 -0.286870
vn 0.000009 0.957968 -0.286874
vn 0.000005 0.957969 -0.286871
vn -0.000016 0.957963 -0.286894
vn -0.000014 0.957961 -0.286899
vn 0.000000 0.957961 -0.286900
vn 0.000000 0.957961 -0.286900
vn -0.000000 0.000004 -1.000000
vn 0.000000 0.000004 -1.000000
vn 0.000000 0.000033 -1.000000
vn -0.000000 0.000033 -1.000000
vn -0.000000 -0.000011 -1.000000
vn 0.000000 -0.000011 -1.000000
vn -0.000150 -0.060113 -0.998192
vn -0.000178 -0.060055 -0.998195
vn -0.000296 -0.136298 -0.990668
vn -0.000318 -0.136353 -0.990660
vn -0.000137 -0.078969 -0.996877
vn -0.000145 -0.079005 -0.996874
vn 0.000003 -0.000001 -1.000000
vn -0.000009 -0.000002 -1.000000
vn 0.000006 0.000008 -1.000000
vn -0.000009 0.000005 -1.000000
vn 0.000003 0.000009 -1.000000
vn -0.000005 0.000010 -1.000000
vn -0.000002 -0.000002 -1.000000
vn -0.000002 -0.000004 -1.000000
vn -0.000009 -0.000008 -1.000000
vn -0.000000 -0.000005 -1.000000
vn -0.000001 -0.000004 -1.000000
vn 0.000000 -0.000024 -1.000000
vn -0.000008 -0.000016 -1.000000
vn -0.000010 -0.000003 -1.000000
vn -0.000005 0.000010 -1.000000
vn 0.000003 0.000005 -1.000000
vn -0.000005 -0.000000 -1.000000
vn 0.000010 -0.000002 -1.000000
vn -0.000003 -0.000001 -1.000000
vn 0.000012 -0.000001 -1.000000
vn -0.000002 -0.795238 -0.606297
vn 0.000008 -0.795095 -0.606484
vn -0.000003 -0.862265 -0.506457
vn 0.000005 -0.863812 -0.503814
vn -0.000006 0.000001 -1.000000
vn -0.000006 0.000002 -1.000000
vn 0.000010 0.000002 -1.000000
vn 0.000012 0.000000 -1.000000
vn -0.000007 0.000000 -1.000000
vn -0.000007 0.000000 -1.000000
vn 0.000013 0.000000 -1.000000
vn 0.000012 0.000000 -1.000000
vn -0.000006 0.000000 -1.000000
vn 0.000012 0.000000 -1.000000
vn -0.000007 -0.000000 -1.000000
vn 0.000012 0.000000 -1.000000
vn -0.000008 -0.000000 -1.000000
vn 0.000012 0.000000 -1.000000
vn 0.000080 0.011092 -0.999938
vn 0.000117 0.011075 -0.999939
vn 0.000455 0.788422 -0.615135
vn 0.013725 0.794540 -0.607057
vn -0.000753 0.952088 -0.305824
vn 0.013752 0.952084 -0.305528
vn 0.000000 0.896354 -0.443338
vn -0.002956 0.955449 -0.295141
vn 0.003645 0.955496 -0.294980
vn 0.000001 0.896358 -0.443330
vn 0.000008 0.917444 -0.397866
vn 0.000010 0.917443 -0.397868
vn 0.000012 0.957965 -0.286887
vn 0.000015 0.957964 -0.286889
vn 0.000000 0.000004 -1.000000
vn 0.000001 0.000002 -1.000000
vn 0.000002 0.000031 -1.000000
vn 0.000000 0.000033 -1.000000
vn 0.000000 -0.000011 -1.000000
vn 0.000002 -0.000009 -1.000000
vn -0.000338 -0.060287 -0.998181
vn -0.000270 -0.060300 -0.998180
vn -0.001755 -0.137307 -0.990527
vn -0.000602 -0.136279 -0.990670
vn -0.000343 -0.079857 -0.996806
vn -0.001492 -0.075930 -0.997112
vn -0.000005 -0.000001 -1.000000
vn 0.000011 0.000004 -1.000000
vn -0.000006 -0.000000 -1.000000
vn 0.000007 0.000002 -1.000000
vn -0.000001 0.000005 -1.000000
vn 0.000000 0.000003 -1.000000
vn 0.000001 -0.000007 -1.000000
vn 0.000002 -0.000004 -1.000000
vn 0.000000 -0.000015 -1.000000
vn 0.000001 -0.000017 -1.000000
vn 0.000000 -0.000008 -1.000000
vn 0.000001 -0.000023 -1.000000
vn 0.000001 -0.000026 -1.000000
vn -0.000001 -0.000004 -1.000000
vn -0.000001 0.000008 -1.000000
vn -0.000004 0.000008 -1.000000
vn 0.000002 0.000003 -1.000000
vn -0.000003 0.000001 -1.000000
vn 0.000005 -0.000001 -1.000000
vn -0.000001 -0.000001 -1.000000
vn 0.000003 -0.795717 -0.605668
vn -0.000001 -0.795425 -0.606052
vn 0.000003 -0.857547 -0.514406
vn -0.000001 -0.860762 -0.509008
vn 0.000006 -0.000000 -1.000000
vn 0.000006 0.000002 -1.000000
vn -0.000003 0.000002 -1.000000
vn -0.000005 0.000001 -1.000000
vn 0.000005 -0.000000 -1.000000
vn 0.000005 0.000001 -1.000000
vn -0.000004 0.000000 -1.000000
vn -0.000003 -0.000000 -1.000000
vn 0.000005 0.000000 -1.000000
vn -0.000003 0.000000 -1.000000
vn 0.000003 -0.000001 -1.000000
vn -0.000003 -0.000000 -1.000000
vn 0.000000 -0.000001 -1.000000
vn -0.000003 -0.000000 -1.000000
vn 0.000052 0.011105 -0.999938
vn -0.000030 0.011115 -0.999938
vn 0.002185 0.788860 -0.614569
vn -0.001786 0.793292 -0.608838
vn 0.001481 0.951824 -0.306640
vn -0.001490 0.951640 -0.307212
vn 0.000001 0.896360 -0.443328
vn -0.000584 0.955635 -0.294551
vn 0.000931 0.955591 -0.294696
vn 0.000001 0.896345 -0.443358
vn 0.000009 0.917446 -0.397861
vn 0.000011 0.917445 -0.397864
vn 0.000013 0.957967 -0.286878
vn 0.000016 0.957966 -0.286883
vn -0.000000 0.000004 -1.000000
vn -0.000000 0.000033 -1.000000
vn -0.000002 -0.000010 -1.000000
vn -0.000194 -0.060045 -0.998196
vn -0.000341 -0.136567 -0.990631
vn -0.000145 -0.078713 -0.996897
vn -0.000010 0.000004 -1.000000
vn -0.000010 0.000001 -1.000000
vn -0.000005 0.000003 -1.000000
vn -0.000000 -0.000009 -1.000000
vn 0.000005 -0.000004 -1.000000
vn -0.000007 -0.000005 -1.000000
vn -0.000007 -0.000006 -1.000000
vn 0.000005 -0.000002 -1.000000
vn 0.000009 -0.000003 -1.000000
vn 0.000010 -0.000001 -1.000000
vn 0.000007 -0.794951 -0.606674
vn 0.000004 -0.866143 -0.499797
vn 0.000007 0.000001 -1.000000
vn 0.000008 -0.000001 -1.000000
vn 0.000010 0.000001 -1.000000
vn 0.000010 0.000000 -1.000000
vn 0.000010 0.000000 -1.000000
vn 0.000010 0.000000 -1.000000
vn 0.000010 0.000000 -1.000000
vn 0.000067 0.011060 -0.999939
vn 0.005833 0.790463 -0.612482
vn 0.005796 0.952313 -0.305067
vn 0.001485 0.955807 -0.293993
vn 0.000001 0.896358 -0.443330
vn 0.000009 0.917442 -0.397869
vn 0.000013 0.957963 -0.286892
vn 0.000010 0.000004 -1.000000
vn 0.000010 0.000013 -1.000000
vn 0.000002 0.000002 -1.000000
vn -0.000195 -0.060033 -0.998196
vn -0.000347 -0.136782 -0.990601
vn -0.000143 -0.078342 -0.996927
vn 0.000001 0.000008 -1.000000
vn 0.000001 -0.000004 -1.000000
vn 0.000003 -0.000001 -1.000000
vn 0.000002 -0.000010 -1.000000
vn -0.000003 -0.000001 -1.000000
vn 0.000001 -0.000004 -1.000000
vn 0.000001 -0.000007 -1.000000
vn -0.000001 -0.000003 -1.000000
vn -0.000002 -0.000003 -1.000000
vn -0.000002 -0.000001 -1.000000
vn -0.000002 -0.794731 -0.606962
vn -0.000002 -0.870205 -0.492689
vn -0.000003 0.000002 -1.000000
vn -0.000003 -0.000002 -1.000000
vn -0.000003 0.000000 -1.000000
vn -0.000002 0.000000 -1.000000
vn -0.000002 0.000000 -1.000000
vn -0.000002 0.000000 -1.000000
vn -0.000002 0.000000 -1.000000
vn 0.000082 0.011040 -0.999939
vn 0.001510 0.794502 -0.607260
vn 0.000182 0.952761 -0.303723
vn -0.002076 0.955636 -0.294544
vn 0.000000 0.896358 -0.443331
vn 0.000008 0.917441 -0.397871
vn 0.000012 0.957962 -0.286895
vn 0.000013 0.957962 -0.286897
vn 0.000003 0.000013 -1.000000
vn 0.000003 0.000019 -1.000000
vn -0.000004 0.000011 -1.000000
vn 0.000000 0.000003 -1.000000
vn -0.000002 0.000011 -1.000000
vn -0.000000 0.000016 -1.000000
vn -0.000004 0.000010 -1.000000
vn -0.000004 0.000009 -1.000000
vn -0.000001 0.000013 -1.000000
vn 0.000002 0.000006 -1.000000
vn 0.000000 0.000011 -1.000000
vn 0.000000 0.000004 -1.000000
vn -0.000002 0.000015 -1.000000
vn -0.000006 0.000008 -1.000000
vn 0.000001 0.000025 -1.000000
vn 0.000000 0.000012 -1.000000
vn -0.000003 0.000022 -1.000000
vn -0.000003 0.000008 -1.000000
vn 0.000003 0.000014 -1.000000
vn 0.000003 0.000001 -1.000000
vn -0.000002 0.000003 -1.000000
vn -0.000003 0.000017 -1.000000
vn 0.000001 0.000006 -1.000000
vn 0.000003 -0.000003 -1.000000
vn -0.000003 0.000011 -1.000000
vn -0.000009 -0.000005 -1.000000
vn 0.000003 0.000007 -1.000000
vn 0.000000 0.000006 -1.000000
vn 0.000004 -0.000002 -1.000000
vn 0.000004 0.000011 -1.000000
vn -0.000007 0.000018 -1.000000
vn -0.000009 0.000013 -1.000000
vn 0.000000 0.000023 -1.000000
vn 0.000002 -0.000002 -1.000000
vn 0.000009 0.000011 -1.000000
vn 0.000010 -0.000005 -1.000000
vn 0.000017 -0.000006 -1.000000
vn 0.000018 -0.000003 -1.000000
vn -0.000003 0.000002 -1.000000
vn -0.000002 -0.000004 -1.000000
vn 0.000000 -0.000027 -1.000000
vn -0.000004 -0.000016 -1.000000
vn 0.000001 0.000010 -1.000000
vn -0.000004 0.000019 -1.000000
vn -0.000268 -0.059509 -0.998228
vn -0.000267 -0.059093 -0.998252
vn -0.000542 -0.139076 -0.990282
vn -0.000551 -0.139492 -0.990223
vn -0.000251 -0.075368 -0.997156
vn -0.000256 -0.077033 -0.997029
vn -0.000003 -0.000023 -1.000000
vn 0.000001 -0.000009 -1.000000
vn -0.000003 -0.000008 -1.000000
vn -0.000005 -0.000001 -1.000000
vn -0.000003 0.000005 -1.000000
vn -0.000004 -0.000005 -1.000000
vn -0.000001 -0.000016 -1.000000
vn -0.000001 -0.000004 -1.000000
vn 0.000004 0.000016 -1.000000
vn -0.000001 0.000005 -1.000000
vn 0.000006 0.000010 -1.000000
vn -0.000000 0.000008 -1.000000
vn 0.000006 0.000001 -1.000000
vn 0.000001 -0.000000 -1.000000
vn 0.000005 -0.000001 -1.000000
vn 0.000000 0.000008 -1.000000
vn 0.000006 -0.000002 -1.000000
vn -0.000002 -0.000003 -1.000000
vn 0.000010 -0.000001 -1.000000
vn -0.000002 -0.000004 -1.000000
vn 0.000009 -0.000002 -1.000000
vn -0.000002 0.000001 -1.000000
vn 0.000007 -0.000001 -1.000000
vn -0.000003 -0.000000 -1.000000
vn 0.001228 -0.794968 -0.606650
vn 0.001209 -0.795500 -0.605953
vn 0.001369 -0.886655 -0.462429
vn 0.001358 -0.892700 -0.450649
vn 0.000010 0.000002 -1.000000
vn 0.000010 0.000003 -1.000000
vn -0.000001 0.000003 -1.000000
vn -0.000001 0.000002 -1.000000
vn 0.000009 0.000000 -1.000000
vn 0.000009 -0.000000 -1.000000
vn -0.000001 -0.000000 -1.000000
vn -0.000001 0.000000 -1.000000
vn 0.000009 0.000000 -1.000000
vn -0.000001 0.000000 -1.000000
vn 0.000009 0.000000 -1.000000
vn -0.000001 0.000000 -1.000000
vn 0.000009 0.000000 -1.000000
vn -0.000001 0.000000 -1.000000
vn 0.000061 0.010942 -0.999940
vn 0.000063 0.010912 -0.999940
vn 0.003483 0.803724 -0.594992
vn 0.003497 0.805493 -0.592595
vn 0.003074 0.954417 -0.298461
vn 0.002988 0.954812 -0.297195
vn 0.000004 0.896358 -0.443331
vn -0.000003 0.955283 -0.295694
vn -0.000517 0.955137 -0.296164
vn 0.000001 0.896360 -0.443328
vn -0.000009 0.917443 -0.397868
vn -0.000011 0.917446 -0.397861
vn -0.000017 0.957963 -0.286891
vn -0.000017 0.957967 -0.286878
vn -0.000004 0.000002 -1.000000
vn -0.000005 -0.000013 -1.000000
vn 0.000001 0.000008 -1.000000
vn -0.000263 -0.059535 -0.998226
vn -0.000539 -0.139532 -0.990217
vn -0.000248 -0.075550 -0.997142
vn -0.000002 -0.000007 -1.000000
vn -0.000006 0.000000 -1.000000
vn -0.000008 -0.000007 -1.000000
vn -0.000012 -0.000016 -1.000000
vn -0.000015 0.000005 -1.000000
vn -0.000014 0.000008 -1.000000
vn -0.000012 -0.000001 -1.000000
vn -0.000010 0.000008 -1.000000
vn -0.000010 -0.000003 -1.000000
vn -0.000012 -0.000005 -1.000000
vn -0.000014 0.000001 -1.000000
vn -0.000015 -0.000000 -1.000000
vn 0.001199 -0.795561 -0.605873
vn 0.001350 -0.894020 -0.448025
vn -0.000015 0.000002 -1.000000
vn -0.000015 0.000002 -1.000000
vn -0.000015 -0.000000 -1.000000
vn -0.000015 0.000000 -1.000000
vn -0.000015 0.000000 -1.000000
vn -0.000015 0.000000 -1.000000
vn -0.000015 0.000000 -1.000000
vn 0.000045 0.010908 -0.999941
vn 0.002903 0.808124 -0.589006
vn 0.002186 0.954962 -0.296721
vn -0.000650 0.955105 -0.296268
vn -0.000003 0.896358 -0.443331
vn -0.000012 0.917447 -0.397859
vn -0.000017 0.957968 -0.286877
vn -0.000009 0.785345 -0.619059
vn -0.000005 0.950210 -0.311610
vn 0.000000 0.950210 -0.311611
vn -0.000001 0.785327 -0.619081
vn -0.000004 0.011196 -0.999937
vn -0.000015 0.011196 -0.999937
vn -0.000004 -0.000000 -1.000000
vn -0.000015 0.000000 -1.000000
vn -0.000004 -0.000000 -1.000000
vn -0.000015 0.000000 -1.000000
vn -0.000004 -0.000000 -1.000000
vn -0.000015 0.000000 -1.000000
vn -0.000004 0.000000 -1.000000
vn -0.000015 0.000000 -1.000000
vn -0.000004 0.000000 -1.000000
vn -0.000015 0.000000 -1.000000
vn -0.000004 0.000002 -1.000000
vn -0.000004 0.000002 -1.000000
vn -0.000015 0.000002 -1.000000
vn -0.000015 0.000002 -1.000000
vn -0.000002 -0.848388 -0.529376
vn -0.000003 -0.795036 -0.606562
vn -0.000011 -0.795032 -0.606568
vn -0.000008 -0.848391 -0.529370
vn -0.000006 0.000001 -1.000000
vn -0.000017 0.000001 -1.000000
vn -0.000007 -0.000003 -1.000000
vn -0.000015 -0.000003 -1.000000
vn -0.000006 -0.000001 -1.000000
vn -0.000015 -0.000000 -1.000000
vn -0.000001 0.000001 -1.000000
vn -0.000018 0.000002 -1.000000
vn 0.000001 0.000004 -1.000000
vn -0.000017 -0.000001 -1.000000
vn -0.000005 -0.000038 -1.000000
vn 0.000003 -0.000016 -1.000000
vn 0.000006 -0.000001 -1.000000
vn -0.000008 -0.000024 -1.000000
vn 0.000002 0.000018 -1.000000
vn -0.000002 0.000003 -1.000000
vn -0.000018 -0.000004 -1.000000
vn -0.000004 0.000015 -1.000000
vn -0.008809 -0.020523 -0.999751
vn -0.006867 -0.015962 -0.999849
vn -0.014512 -0.103165 -0.994558
vn -0.041746 -0.122056 -0.991645
vn -0.000913 -0.153790 -0.988103
vn -0.000076 -0.059851 -0.998207
vn 0.000586 -0.068176 -0.997673
vn -0.022292 -0.172609 -0.984738
vn -0.000043 -0.000019 -1.000000
vn -0.000031 -0.000025 -1.000000
vn -0.000004 0.955051 -0.296442
vn 0.334793 0.837858 -0.431169
vn 0.132601 0.883593 -0.449088
vn -0.000001 0.955051 -0.296442
vn -0.000778 0.950241 -0.311514
vn -0.000944 0.784992 -0.619506
vn -0.000010 0.011194 -0.999937
vn 0.000000 0.000001 -1.000000
vn -0.000006 0.000001 -1.000000
vn -0.000009 0.000000 -1.000000
vn -0.000009 -0.000000 -1.000000
vn -0.000009 0.000000 -1.000000
vn -0.000009 0.000002 -1.000000
vn -0.000009 0.000002 -1.000000
vn -0.000005 -0.848391 -0.529371
vn -0.000005 -0.795032 -0.606567
vn -0.000009 0.000001 -1.000000
vn -0.000009 -0.000003 -1.000000
vn -0.000005 -0.000005 -1.000000
vn 0.000007 -0.000002 -1.000000
vn 0.000008 0.000009 -1.000000
vn 0.000002 -0.000049 -1.000000
vn -0.000002 -0.000023 -1.000000
vn 0.000004 0.000015 -1.000000
vn 0.000006 0.000009 -1.000000
vn 0.000005 0.000005 -1.000000
vn 0.003841 -0.089711 -0.995960
vn 0.002292 -0.152651 -0.988278
vn -0.000211 -0.067661 -0.997708
vn 0.000016 -0.000007 -1.000000
vn 0.000001 0.896359 -0.443329
vn 0.000001 0.955051 -0.296443
vn 0.000005 0.950273 -0.311417
vn 0.000844 0.950217 -0.311588
vn 0.001025 0.784964 -0.619540
vn 0.000011 0.786475 -0.617621
vn 0.000027 0.011196 -0.999937
vn 0.000004 0.011191 -0.999937
vn 0.000016 0.000000 -1.000000
vn 0.000004 0.000002 -1.000000
vn 0.000022 0.000000 -1.000000
vn 0.000003 0.000002 -1.000000
vn 0.000025 0.000000 -1.000000
vn 0.000004 0.000000 -1.000000
vn 0.000025 0.000000 -1.000000
vn 0.000004 -0.000000 -1.000000
vn 0.000025 0.000000 -1.000000
vn 0.000004 0.000000 -1.000000
vn 0.000003 0.000002 -1.000000
vn 0.000017 0.000010 -1.000000
vn 0.000006 0.000007 -1.000000
vn 0.000003 0.000002 -1.000000
vn 0.000002 -0.849790 -0.527121
vn 0.000001 -0.847531 -0.530746
vn 0.000014 -0.798420 -0.602101
vn 0.000002 -0.787733 -0.616017
vn 0.000025 0.000002 -1.000000
vn 0.000004 0.000002 -1.000000
vn 0.000025 0.000001 -1.000000
vn -0.000001 -0.000001 -1.000000
vn 0.000025 0.000001 -1.000000
vn -0.000005 -0.000011 -1.000000
vn 0.000000 0.896347 -0.443353
vn -0.000001 0.896358 -0.443331
vn 0.000002 0.955050 -0.296444
vn 0.000003 0.955050 -0.296443
vn 0.000001 -0.000006 -1.000000
vn -0.000006 0.000003 -1.000000
vn -0.000006 -0.000004 -1.000000
vn -0.000009 0.000005 -1.000000
vn -0.000007 0.000010 -1.000000
vn 0.000006 -0.000018 -1.000000
vn -0.000005 -0.000004 -1.000000
vn -0.000007 -0.000028 -1.000000
vn -0.000008 -0.000031 -1.000000
vn -0.000015 0.000003 -1.000000
vn -0.000001 -0.000000 -1.000000
vn 0.000003 0.000001 -1.000000
vn -0.000011 0.000009 -1.000000
vn 0.000009 -0.000007 -1.000000
vn -0.000002 -0.000003 -1.000000
vn 0.001972 -0.091820 -0.995774
vn 0.000074 -0.107878 -0.994164
vn 0.000404 -0.151124 -0.988515
vn 0.002585 -0.150976 -0.988534
vn 0.000095 -0.065408 -0.997859
vn 0.000384 -0.066070 -0.997815
vn 0.000008 -0.000008 -1.000000
vn 0.000036 -0.000006 -1.000000
vn -0.012633 0.950283 -0.311132
vn 0.188256 0.931400 -0.311533
vn 0.166502 0.824855 -0.540270
vn -0.010371 0.802484 -0.596583
vn -0.000037 0.011860 -0.999930
vn -0.000003 0.011253 -0.999937
vn -0.000044 0.000000 -1.000000
vn -0.000002 0.000000 -1.000000
vn -0.000044 0.000001 -1.000000
vn -0.000003 0.000000 -1.000000
vn -0.000042 -0.000000 -1.000000
vn -0.000004 -0.000000 -1.000000
vn -0.000035 -0.000000 -1.000000
vn -0.000005 0.000000 -1.000000
vn -0.000029 -0.000001 -1.000000
vn -0.000005 0.000000 -1.000000
vn -0.000001 0.000010 -1.000000
vn -0.000006 0.000005 -1.000000
vn 0.000009 0.000002 -1.000000
vn -0.000001 0.000007 -1.000000
vn -0.001990 -0.847574 -0.530673
vn -0.003219 -0.851226 -0.524789
vn -0.003114 -0.798215 -0.602365
vn -0.001885 -0.805310 -0.592850
vn -0.000023 0.000000 -1.000000
vn -0.000004 0.000001 -1.000000
vn -0.000024 -0.000002 -1.000000
vn 0.000001 -0.000000 -1.000000
vn -0.000024 0.000003 -1.000000
vn 0.000003 0.000005 -1.000000
vn -0.000002 0.896346 -0.443356
vn -0.000001 0.896355 -0.443337
vn 0.090371 0.948547 -0.303467
vn -0.006494 0.955497 -0.294929
vn -0.000006 0.000005 -1.000000
vn -0.000000 0.000007 -1.000000
vn -0.000003 0.000001 -1.000000
vn 0.000000 0.000004 -1.000000
vn 0.000004 -0.000003 -1.000000
vn 0.000008 0.000001 -1.000000
vn 0.000002 0.000005 -1.000000
vn -0.000011 -0.000011 -1.000000
vn -0.000004 -0.000003 -1.000000
vn -0.000009 -0.000002 -1.000000
vn -0.000023 -0.000006 -1.000000
vn -0.000006 -0.000014 -1.000000
vn -0.000023 0.000001 -1.000000
vn -0.000001 -0.000004 -1.000000
vn 0.000066 -0.090103 -0.995933
vn 0.002124 -0.088186 -0.996102
vn 0.001873 -0.146729 -0.989175
vn 0.000152 -0.141654 -0.989916
vn 0.000079 -0.060291 -0.998181
vn -0.000053 -0.062514 -0.998044
vn -0.000002 -0.000004 -1.000000
vn 0.000003 -0.000006 -1.000000
vn 0.003615 0.950503 -0.310695
vn 0.020519 0.770613 -0.636973
vn -0.000071 0.011003 -0.999940
vn -0.000004 -0.000000 -1.000000
vn -0.000003 -0.000000 -1.000000
vn -0.000002 0.000000 -1.000000
vn -0.000001 -0.000001 -1.000000
vn -0.000001 -0.000001 -1.000000
vn -0.000003 0.000001 -1.000000
vn -0.000005 0.000000 -1.000000
vn -0.000004 -0.833031 -0.553227
vn -0.000001 -0.787616 -0.616167
vn -0.000001 -0.000001 -1.000000
vn -0.000003 0.000000 -1.000000
vn -0.000003 -0.000003 -1.000000
vn -0.000000 0.896377 -0.443293
vn 0.011495 0.943781 -0.330371
vn -0.000003 -0.000004 -1.000000
vn 0.000001 0.000001 -1.000000
vn -0.000003 -0.000005 -1.000000
vn 0.000010 0.000003 -1.000000
vn 0.000007 0.000003 -1.000000
vn 0.000004 0.000010 -1.000000
vn -0.000004 -0.000001 -1.000000
vn -0.000122 -0.082309 -0.996607
vn -0.000033 -0.142388 -0.989811
vn 0.000059 -0.060244 -0.998184
vn -0.000001 -0.000005 -1.000000
vn -0.117962 0.945342 -0.303997
vn -0.004314 0.951198 -0.308550
vn -0.005012 0.783886 -0.620885
vn -0.093717 0.766476 -0.635399
vn -0.000072 0.011117 -0.999938
vn -0.000082 0.010969 -0.999940
vn 0.000004 -0.000001 -1.000000
vn 0.000001 -0.000000 -1.000000
vn 0.000004 -0.000001 -1.000000
vn 0.000003 -0.000001 -1.000000
vn 0.000004 0.000000 -1.000000
vn 0.000004 0.000000 -1.000000
vn 0.000004 0.000000 -1.000000
vn 0.000003 -0.000001 -1.000000
vn 0.000004 0.000000 -1.000000
vn 0.000002 -0.000000 -1.000000
vn 0.000004 0.000001 -1.000000
vn 0.000004 -0.000000 -1.000000
vn 0.000004 0.000002 -1.000000
vn 0.000003 0.000001 -1.000000
vn 0.000001 -0.838104 -0.545510
vn 0.000002 -0.854371 -0.519663
vn 0.000003 -0.795898 -0.605431
vn 0.000005 -0.794024 -0.607886
vn 0.000005 -0.000001 -1.000000
vn 0.000008 -0.000001 -1.000000
vn 0.000004 0.000004 -1.000000
vn 0.000006 0.000002 -1.000000
vn 0.000002 0.000006 -1.000000
vn 0.000002 -0.000001 -1.000000
vn -0.000000 0.896362 -0.443323
vn -0.000000 0.896366 -0.443316
vn -0.000362 0.955659 -0.294475
vn -0.063941 0.946965 -0.314910
vn -0.000004 -0.000009 -1.000000
vn 0.000002 -0.000008 -1.000000
vn -0.000002 -0.000009 -1.000000
vn 0.000003 0.000003 -1.000000
vn -0.000002 -0.000010 -1.000000
vn 0.000002 -0.000014 -1.000000
vn 0.000001 -0.000001 -1.000000
vn 0.000000 -0.000005 -1.000000
vn 0.000000 0.000003 -1.000000
vn -0.000001 0.000005 -1.000000
vn 0.000004 0.000012 -1.000000
vn -0.000002 0.000019 -1.000000
vn 0.000014 -0.000005 -1.000000
vn -0.000002 -0.000000 -1.000000
vn 0.002225 -0.078293 -0.996928
vn 0.000646 -0.081564 -0.996668
vn 0.000692 -0.141993 -0.989867
vn 0.002277 -0.139321 -0.990245
vn 0.000257 -0.060243 -0.998184
vn 0.000113 -0.060377 -0.998176
vn -0.000005 -0.000007 -1.000000
vn -0.000002 -0.000006 -1.000000
vn -0.002767 0.953256 -0.302151
vn -0.004192 0.953575 -0.301127
vn -0.004902 0.800182 -0.599737
vn -0.003304 0.797529 -0.603271
vn -0.000075 0.010994 -0.999940
vn -0.000063 0.011010 -0.999939
vn 0.000001 0.000000 -1.000000
vn -0.000001 0.000000 -1.000000
vn 0.000001 0.000000 -1.000000
vn -0.000001 0.000000 -1.000000
vn 0.000001 0.000000 -1.000000
vn -0.000001 0.000000 -1.000000
vn 0.000001 0.000000 -1.000000
vn -0.000001 0.000000 -1.000000
vn 0.000001 -0.000000 -1.000000
vn -0.000001 0.000000 -1.000000
vn -0.000002 -0.000001 -1.000000
vn 0.000001 -0.000000 -1.000000
vn -0.000000 0.000002 -1.000000
vn -0.000002 0.000002 -1.000000
vn -0.000001 -0.874643 -0.484768
vn -0.000203 -0.877200 -0.480126
vn -0.000183 -0.794533 -0.607221
vn -0.000001 -0.794568 -0.607175
vn 0.000001 -0.000001 -1.000000
vn -0.000001 -0.000001 -1.000000
vn 0.000002 -0.000003 -1.000000
vn -0.000001 -0.000003 -1.000000
vn 0.000003 -0.000008 -1.000000
vn -0.000000 -0.000006 -1.000000
vn -0.000001 0.896358 -0.443330
vn -0.000001 0.896359 -0.443330
vn 0.000147 0.955365 -0.295428
vn 0.000270 0.955421 -0.295247
vn -0.000000 -0.000009 -1.000000
vn 0.000004 -0.000009 -1.000000
vn -0.000001 0.000002 -1.000000
vn 0.000004 -0.000001 -1.000000
vn -0.000002 0.000003 -1.000000
vn -0.000004 0.000003 -1.000000
vn -0.000005 -0.000002 -1.000000
vn -0.000003 -0.000003 -1.000000
vn -0.000004 -0.000001 -1.000000
vn -0.000004 -0.000001 -1.000000
vn -0.000004 -0.000014 -1.000000
vn -0.000003 -0.000011 -1.000000
vn -0.000001 -0.000007 -1.000000
vn 0.000001 -0.000000 -1.000000
vn -0.000249 -0.078765 -0.996893
vn -0.000163 -0.077659 -0.996980
vn -0.000068 -0.137543 -0.990496
vn -0.000164 -0.137923 -0.990443
vn 0.000039 -0.059576 -0.998224
vn 0.000066 -0.059787 -0.998211
vn -0.000004 0.000019 -1.000000
vn -0.000005 0.000015 -1.000000
vn -0.004277 0.954172 -0.299228
vn -0.004777 0.802597 -0.596502
vn -0.000062 0.010950 -0.999940
vn 0.000008 0.000000 -1.000000
vn 0.000008 0.000000 -1.000000
vn 0.000008 0.000000 -1.000000
vn 0.000008 0.000000 -1.000000
vn 0.000008 -0.000000 -1.000000
vn 0.000008 0.000001 -1.000000
vn 0.000008 0.000003 -1.000000
vn -0.001358 -0.884604 -0.466342
vn -0.001218 -0.794837 -0.606822
vn 0.000008 -0.000001 -1.000000
vn 0.000007 -0.000002 -1.000000
vn 0.000003 -0.000002 -1.000000
vn -0.000000 0.896359 -0.443330
vn 0.000008 0.955292 -0.295665
vn -0.000004 -0.000002 -1.000000
vn -0.000004 0.000000 -1.000000
vn 0.000005 0.000018 -1.000000
vn 0.000008 -0.000001 -1.000000
vn 0.000004 0.000003 -1.000000
vn 0.000000 -0.000009 -1.000000
vn 0.000001 -0.000022 -1.000000
vn 0.000253 -0.076122 -0.997099
vn 0.000540 -0.139068 -0.990283
vn 0.000267 -0.059229 -0.998244
vn 0.000005 0.000019 -1.000000
vn 0.000000 -0.000013 -1.000000
vn -0.000078 -0.000016 -1.000000
vn 0.000005 0.000002 -1.000000
vn 0.000036 -0.000002 -1.000000
vn -0.000000 0.000007 -1.000000
vn -0.000002 0.000007 -1.000000
vn -0.000002 0.000003 -1.000000
vn -0.000001 0.000006 -1.000000
vn -0.000002 -0.000006 -1.000000
vn -0.000006 -0.000002 -1.000000
vn 0.000002 -0.000007 -1.000000
vn -0.000000 0.000005 -1.000000
vn 0.000066 -0.000017 -1.000000
vn -0.000062 -0.000055 -1.000000
vn 0.000004 0.000029 -1.000000
vn 0.000021 0.000019 -1.000000
vn -0.000000 0.000026 -1.000000
vn -0.000002 0.000028 -1.000000
vn -0.000002 0.000028 -1.000000
vn -0.000000 0.000026 -1.000000
vn 0.000000 -0.000027 -1.000000
vn -0.000005 -0.000016 -1.000000
vn -0.000000 -0.000027 -1.000000
vn -0.000002 0.000031 -1.000000
vn 0.754499 0.414312 -0.508997
vn 0.057577 0.865384 -0.497791
vn -0.001971 0.891051 -0.453899
vn -0.001275 0.901622 -0.432523
vn -0.000001 0.917474 -0.397796
vn -0.000001 0.917507 -0.397721
vn -0.000001 0.917448 -0.397856
vn -0.000001 0.917448 -0.397856
vn -0.000003 0.917448 -0.397857
vn -0.000006 0.917447 -0.397859
vn -0.000003 0.917440 -0.397873
vn 0.000001 0.917440 -0.397874
vn 0.000010 0.917442 -0.397870
vn -0.005421 0.958894 -0.283713
vn -0.003597 0.958198 -0.286082
vn -0.000875 0.958016 -0.286715
vn -0.000001 0.957969 -0.286870
vn -0.000001 0.957969 -0.286870
vn -0.000002 0.957969 -0.286870
vn -0.000001 0.957969 -0.286870
vn -0.000005 0.957969 -0.286871
vn -0.000009 0.957968 -0.286874
vn 0.000014 0.957961 -0.286899
vn 0.000016 0.957963 -0.286894
vn 0.000000 0.957961 -0.286900
vn 0.000000 0.957961 -0.286900
vn -0.000000 0.000004 -1.000000
vn 0.000000 0.000033 -1.000000
vn -0.000000 0.000033 -1.000000
vn -0.000000 0.000004 -1.000000
vn 0.000000 -0.000011 -1.000000
vn -0.000000 -0.000011 -1.000000
vn 0.000150 -0.060113 -0.998192
vn 0.000178 -0.060055 -0.998195
vn 0.000296 -0.136298 -0.990668
vn 0.000318 -0.136353 -0.990660
vn 0.000137 -0.078969 -0.996877
vn 0.000145 -0.079005 -0.996874
vn -0.000003 -0.000001 -1.000000
vn 0.000009 -0.000002 -1.000000
vn -0.000006 0.000008 -1.000000
vn 0.000009 0.000005 -1.000000
vn -0.000003 0.000009 -1.000000
vn 0.000005 0.000010 -1.000000
vn 0.000002 -0.000002 -1.000000
vn 0.000002 -0.000004 -1.000000
vn 0.000009 -0.000008 -1.000000
vn 0.000000 -0.000005 -1.000000
vn 0.000001 -0.000004 -1.000000
vn 0.000010 -0.000003 -1.000000
vn 0.000008 -0.000016 -1.000000
vn -0.000000 -0.000024 -1.000000
vn 0.000005 0.000010 -1.000000
vn -0.000003 0.000005 -1.000000
vn 0.000005 -0.000000 -1.000000
vn -0.000011 -0.000002 -1.000000
vn 0.000003 -0.000001 -1.000000
vn -0.000012 -0.000001 -1.000000
vn 0.000002 -0.795239 -0.606297
vn -0.000008 -0.795095 -0.606484
vn 0.000003 -0.862266 -0.506456
vn -0.000005 -0.863812 -0.503814
vn 0.000006 0.000001 -1.000000
vn -0.000012 0.000000 -1.000000
vn -0.000010 0.000002 -1.000000
vn 0.000006 0.000002 -1.000000
vn 0.000007 0.000000 -1.000000
vn -0.000012 0.000000 -1.000000
vn -0.000013 0.000000 -1.000000
vn 0.000007 0.000000 -1.000000
vn 0.000006 0.000000 -1.000000
vn -0.000012 0.000000 -1.000000
vn 0.000007 -0.000000 -1.000000
vn -0.000012 0.000000 -1.000000
vn 0.000008 -0.000000 -1.000000
vn -0.000012 0.000000 -1.000000
vn -0.000080 0.011092 -0.999939
vn -0.000117 0.011075 -0.999939
vn -0.000455 0.788422 -0.615135
vn -0.013725 0.794540 -0.607057
vn 0.000753 0.952088 -0.305824
vn -0.013752 0.952084 -0.305528
vn 0.000000 0.896355 -0.443338
vn -0.000001 0.896358 -0.443330
vn -0.003645 0.955496 -0.294980
vn 0.002956 0.955449 -0.295141
vn -0.000008 0.917444 -0.397866
vn -0.000010 0.917443 -0.397868
vn -0.000012 0.957964 -0.286887
vn -0.000015 0.957964 -0.286889
vn 0.000000 0.000004 -1.000000
vn 0.000000 0.000033 -1.000000
vn -0.000001 0.000031 -1.000000
vn -0.000001 0.000002 -1.000000
vn -0.000000 -0.000011 -1.000000
vn -0.000002 -0.000009 -1.000000
vn 0.000338 -0.060287 -0.998181
vn 0.000270 -0.060300 -0.998180
vn 0.001755 -0.137307 -0.990527
vn 0.000602 -0.136279 -0.990670
vn 0.000343 -0.079857 -0.996806
vn 0.001492 -0.075930 -0.997112
vn 0.000005 -0.000001 -1.000000
vn -0.000011 0.000004 -1.000000
vn 0.000005 -0.000000 -1.000000
vn -0.000007 0.000002 -1.000000
vn 0.000001 0.000005 -1.000000
vn -0.000000 0.000003 -1.000000
vn -0.000001 -0.000007 -1.000000
vn -0.000002 -0.000004 -1.000000
vn -0.000000 -0.000015 -1.000000
vn -0.000001 -0.000017 -1.000000
vn -0.000001 -0.000008 -1.000000
vn 0.000001 -0.000004 -1.000000
vn -0.000001 -0.000026 -1.000000
vn -0.000001 -0.000023 -1.000000
vn 0.000001 0.000008 -1.000000
vn 0.000004 0.000008 -1.000000
vn -0.000002 0.000003 -1.000000
vn 0.000003 0.000001 -1.000000
vn -0.000005 -0.000001 -1.000000
vn 0.000001 -0.000001 -1.000000
vn -0.000003 -0.795717 -0.605668
vn 0.000001 -0.795425 -0.606052
vn -0.000003 -0.857547 -0.514406
vn 0.000001 -0.860762 -0.509008
vn -0.000006 -0.000000 -1.000000
vn 0.000005 0.000001 -1.000000
vn 0.000003 0.000002 -1.000000
vn -0.000006 0.000002 -1.000000
vn -0.000005 -0.000000 -1.000000
vn 0.000003 -0.000000 -1.000000
vn 0.000004 0.000000 -1.000000
vn -0.000005 0.000001 -1.000000
vn -0.000005 0.000000 -1.000000
vn 0.000003 0.000000 -1.000000
vn -0.000003 -0.000001 -1.000000
vn 0.000003 -0.000000 -1.000000
vn -0.000000 -0.000001 -1.000000
vn 0.000003 -0.000000 -1.000000
vn -0.000052 0.011105 -0.999938
vn 0.000030 0.011115 -0.999938
vn -0.002185 0.788860 -0.614569
vn 0.001786 0.793293 -0.608838
vn -0.001481 0.951824 -0.306640
vn 0.001490 0.951640 -0.307212
vn -0.000001 0.896360 -0.443328
vn -0.000001 0.896345 -0.443357
vn -0.000931 0.955591 -0.294696
vn 0.000584 0.955635 -0.294552
vn -0.000009 0.917446 -0.397861
vn -0.000011 0.917445 -0.397864
vn -0.000013 0.957967 -0.286878
vn -0.000017 0.957966 -0.286883
vn 0.000000 0.000004 -1.000000
vn 0.000000 0.000033 -1.000000
vn 0.000002 -0.000010 -1.000000
vn 0.000194 -0.060045 -0.998196
vn 0.000342 -0.136567 -0.990631
vn 0.000145 -0.078713 -0.996897
vn 0.000010 0.000004 -1.000000
vn 0.000010 0.000001 -1.000000
vn 0.000005 0.000003 -1.000000
vn 0.000000 -0.000009 -1.000000
vn -0.000005 -0.000004 -1.000000
vn 0.000007 -0.000006 -1.000000
vn 0.000007 -0.000005 -1.000000
vn -0.000005 -0.000002 -1.000000
vn -0.000010 -0.000003 -1.000000
vn -0.000010 -0.000001 -1.000000
vn -0.000007 -0.794951 -0.606674
vn -0.000004 -0.866143 -0.499797
vn -0.000008 -0.000001 -1.000000
vn -0.000007 0.000001 -1.000000
vn -0.000010 0.000000 -1.000000
vn -0.000010 0.000001 -1.000000
vn -0.000010 0.000000 -1.000000
vn -0.000010 0.000000 -1.000000
vn -0.000010 0.000000 -1.000000
vn -0.000067 0.011060 -0.999939
vn -0.005833 0.790463 -0.612482
vn -0.005796 0.952313 -0.305067
vn -0.000001 0.896358 -0.443331
vn -0.001485 0.955807 -0.293993
vn -0.000009 0.917442 -0.397869
vn -0.000013 0.957963 -0.286892
vn -0.000010 0.000004 -1.000000
vn -0.000010 0.000013 -1.000000
vn -0.000002 0.000002 -1.000000
vn 0.000195 -0.060033 -0.998196
vn 0.000347 -0.136782 -0.990601
vn 0.000143 -0.078342 -0.996927
vn -0.000001 0.000008 -1.000000
vn -0.000001 -0.000004 -1.000000
vn -0.000003 -0.000001 -1.000000
vn -0.000002 -0.000010 -1.000000
vn 0.000003 -0.000001 -1.000000
vn -0.000001 -0.000007 -1.000000
vn -0.000001 -0.000004 -1.000000
vn 0.000001 -0.000003 -1.000000
vn 0.000002 -0.000003 -1.000000
vn 0.000002 -0.000001 -1.000000
vn 0.000002 -0.794730 -0.606963
vn 0.000002 -0.870205 -0.492689
vn 0.000003 -0.000002 -1.000000
vn 0.000003 0.000002 -1.000000
vn 0.000002 0.000000 -1.000000
vn 0.000003 0.000000 -1.000000
vn 0.000002 0.000000 -1.000000
vn 0.000002 0.000000 -1.000000
vn 0.000002 0.000000 -1.000000
vn -0.000082 0.011040 -0.999939
vn -0.001510 0.794502 -0.607260
vn -0.000182 0.952760 -0.303723
vn 0.000000 0.896358 -0.443331
vn 0.002076 0.955636 -0.294543
vn -0.000008 0.917441 -0.397872
vn -0.000012 0.957962 -0.286896
vn -0.000013 0.957962 -0.286897
vn -0.000003 0.000013 -1.000000
vn -0.000000 0.000003 -1.000000
vn 0.000004 0.000011 -1.000000
vn -0.000003 0.000019 -1.000000
vn 0.000002 0.000011 -1.000000
vn 0.000000 0.000016 -1.000000
vn 0.000004 0.000010 -1.000000
vn 0.000004 0.000009 -1.000000
vn 0.000001 0.000013 -1.000000
vn -0.000002 0.000006 -1.000000
vn -0.000000 0.000011 -1.000000
vn -0.000000 0.000004 -1.000000
vn 0.000002 0.000015 -1.000000
vn 0.000006 0.000008 -1.000000
vn -0.000001 0.000025 -1.000000
vn -0.000000 0.000012 -1.000000
vn 0.000003 0.000022 -1.000000
vn 0.000003 0.000008 -1.000000
vn -0.000003 0.000014 -1.000000
vn 0.000003 0.000017 -1.000000
vn 0.000002 0.000003 -1.000000
vn -0.000004 0.000001 -1.000000
vn -0.000001 0.000006 -1.000000
vn -0.000003 -0.000003 -1.000000
vn 0.000003 0.000011 -1.000000
vn 0.000009 -0.000005 -1.000000
vn -0.000003 0.000007 -1.000000
vn -0.000000 0.000006 -1.000000
vn -0.000004 -0.000002 -1.000000
vn -0.000004 0.000011 -1.000000
vn 0.000007 0.000018 -1.000000
vn 0.000009 0.000013 -1.000000
vn 0.000000 0.000023 -1.000000
vn -0.000002 -0.000002 -1.000000
vn -0.000009 0.000011 -1.000000
vn -0.000010 -0.000005 -1.000000
vn -0.000018 -0.000003 -1.000000
vn -0.000017 -0.000006 -1.000000
vn 0.000003 0.000002 -1.000000
vn 0.000004 -0.000016 -1.000000
vn -0.000000 -0.000027 -1.000000
vn 0.000002 -0.000004 -1.000000
vn -0.000002 0.000010 -1.000000
vn 0.000004 0.000019 -1.000000
vn 0.000268 -0.059509 -0.998228
vn 0.000267 -0.059093 -0.998252
vn 0.000542 -0.139075 -0.990282
vn 0.000551 -0.139492 -0.990223
vn 0.000251 -0.075368 -0.997156
vn 0.000256 -0.077033 -0.997029
vn 0.000003 -0.000023 -1.000000
vn -0.000001 -0.000009 -1.000000
vn 0.000003 -0.000008 -1.000000
vn 0.000005 -0.000001 -1.000000
vn 0.000003 0.000005 -1.000000
vn 0.000004 -0.000005 -1.000000
vn 0.000001 -0.000016 -1.000000
vn 0.000001 -0.000004 -1.000000
vn -0.000004 0.000016 -1.000000
vn 0.000001 0.000005 -1.000000
vn -0.000006 0.000010 -1.000000
vn 0.000000 0.000008 -1.000000
vn -0.000006 0.000001 -1.000000
vn -0.000001 -0.000000 -1.000000
vn -0.000005 -0.000001 -1.000000
vn -0.000000 0.000008 -1.000000
vn -0.000006 -0.000002 -1.000000
vn 0.000002 -0.000003 -1.000000
vn -0.000010 -0.000001 -1.000000
vn 0.000002 -0.000004 -1.000000
vn -0.000010 -0.000002 -1.000000
vn 0.000002 0.000001 -1.000000
vn -0.000007 -0.000001 -1.000000
vn 0.000003 -0.000000 -1.000000
vn -0.001228 -0.794968 -0.606650
vn -0.001209 -0.795500 -0.605953
vn -0.001369 -0.886655 -0.462429
vn -0.001358 -0.892700 -0.450649
vn -0.000010 0.000002 -1.000000
vn 0.000001 0.000002 -1.000000
vn 0.000001 0.000003 -1.000000
vn -0.000010 0.000003 -1.000000
vn -0.000009 0.000000 -1.000000
vn 0.000001 0.000000 -1.000000
vn 0.000001 -0.000000 -1.000000
vn -0.000009 -0.000000 -1.000000
vn -0.000009 0.000000 -1.000000
vn 0.000001 0.000000 -1.000000
vn -0.000009 0.000000 -1.000000
vn 0.000001 0.000000 -1.000000
vn -0.000009 0.000000 -1.000000
vn 0.000001 0.000000 -1.000000
vn -0.000061 0.010942 -0.999940
vn -0.000063 0.010912 -0.999940
vn -0.003483 0.803724 -0.594992
vn -0.003497 0.805493 -0.592595
vn -0.003074 0.954417 -0.298461
vn -0.002988 0.954812 -0.297195
vn -0.000004 0.896358 -0.443331
vn -0.000000 0.896360 -0.443328
vn 0.000517 0.955137 -0.296163
vn 0.000003 0.955283 -0.295694
vn 0.000009 0.917443 -0.397868
vn 0.000011 0.917446 -0.397861
vn 0.000017 0.957963 -0.286891
vn 0.000017 0.957967 -0.286879
vn 0.000004 0.000002 -1.000000
vn 0.000005 -0.000013 -1.000000
vn -0.000001 0.000008 -1.000000
vn 0.000263 -0.059535 -0.998226
vn 0.000539 -0.139532 -0.990217
vn 0.000247 -0.075550 -0.997142
vn 0.000002 -0.000007 -1.000000
vn 0.000005 0.000000 -1.000000
vn 0.000008 -0.000007 -1.000000
vn 0.000012 -0.000016 -1.000000
vn 0.000015 0.000005 -1.000000
vn 0.000014 0.000008 -1.000000
vn 0.000013 -0.000001 -1.000000
vn 0.000010 0.000008 -1.000000
vn 0.000010 -0.000003 -1.000000
vn 0.000012 -0.000005 -1.000000
vn 0.000014 0.000001 -1.000000
vn 0.000015 -0.000000 -1.000000
vn -0.001199 -0.795561 -0.605872
vn -0.001350 -0.894020 -0.448025
vn 0.000015 0.000002 -1.000000
vn 0.000015 0.000002 -1.000000
vn 0.000015 0.000000 -1.000000
vn 0.000015 -0.000000 -1.000000
vn 0.000015 0.000000 -1.000000
vn 0.000015 0.000000 -1.000000
vn 0.000015 0.000000 -1.000000
vn -0.000045 0.010908 -0.999941
vn -0.002903 0.808124 -0.589006
vn -0.002186 0.954962 -0.296721
vn 0.000004 0.896358 -0.443331
vn 0.000651 0.955105 -0.296268
vn 0.000012 0.917446 -0.397860
vn 0.000017 0.957968 -0.286877
vn 1.000000 -0.000000 0.000016
vn 1.000000 -0.000034 0.000019
vn 1.000000 -0.000042 0.000019
vn 1.000000 -0.000008 0.000017
vn 1.000000 0.000002 0.000016
vn 1.000000 0.000002 0.000016
vn 1.000000 0.000003 0.000015
vn 1.000000 0.000003 0.000015
vn 1.000000 0.000006 0.000014
vn 1.000000 0.000006 0.000014
vn 1.000000 0.000003 0.000013
vn 1.000000 0.000003 0.000013
vn 1.000000 -0.000003 0.000013
vn 1.000000 -0.000003 0.000013
vn 1.000000 -0.000006 0.000014
vn 1.000000 -0.000005 0.000014
vn 1.000000 0.000006 0.000015
vn 1.000000 -0.000013 0.000015
vn 1.000000 -0.000013 0.000015
vn 1.000000 0.000005 0.000015
vn 1.000000 -0.000005 0.000016
vn 1.000000 0.000021 0.000014
vn 1.000000 0.000012 0.000015
vn 1.000000 -0.000002 0.000016
vn 1.000000 -0.000006 0.000019
vn 1.000000 -0.000009 0.000019
vn 1.000000 -0.000002 0.000019
vn 1.000000 -0.000002 0.000019
vn 1.000000 0.000005 0.000019
vn 1.000000 0.000006 0.000019
vn 0.996976 -0.077705 0.000018
vn 0.996976 -0.077705 0.000018
vn 0.993028 -0.117883 0.000017
vn 0.993028 -0.117883 0.000017
vn 0.992887 -0.119059 -0.000003
vn 0.993132 -0.116997 0.000007
vn 0.993126 -0.117049 0.000008
vn 0.992920 -0.118787 -0.000003
vn 0.947114 -0.320898 0.000019
vn 0.989704 -0.143128 0.000004
vn 0.989966 -0.141306 0.000003
vn 0.942317 -0.334722 0.000020
vn 0.848221 -0.529643 0.000026
vn 0.803422 -0.595411 0.000027
vn 0.706890 -0.707323 0.000034
vn 0.706808 -0.707406 0.000036
vn 0.943495 -0.331388 0.000066
vn 0.871184 -0.490957 0.000063
vn 0.877706 -0.479200 0.000063
vn 0.943141 -0.332393 0.000066
vn 0.000560 -1.000000 0.000024
vn 0.000560 -1.000000 0.000024
vn 0.000560 -1.000000 0.000024
vn 0.000560 -1.000000 0.000024
vn 0.949228 -0.314588 0.000060
vn 0.949228 -0.314588 0.000060
vn 1.000000 -0.000065 0.000021
vn 0.998734 0.050258 -0.002004
vn 0.997645 0.068528 -0.002739
vn 1.000000 -0.000062 0.000021
vn 0.999988 0.004932 0.000087
vn 0.999988 0.004932 0.000087
vn 0.999988 0.004932 0.000087
vn 0.999988 0.004932 0.000087
vn 0.661811 -0.749671 0.000036
vn 0.762413 -0.647091 0.000086
vn 0.752950 -0.658078 0.000084
vn 0.661811 -0.749671 0.000036
vn 0.824736 -0.565518 0.000103
vn 0.824736 -0.565518 0.000103
vn 0.000462 -1.000000 -0.000027
vn 0.000701 -1.000000 -0.000019
vn 0.000701 -1.000000 -0.000019
vn 0.000462 -1.000000 -0.000027
vn 0.000701 -1.000000 -0.000036
vn -0.000613 -1.000000 -0.000036
vn -0.000613 -1.000000 -0.000036
vn 0.000701 -1.000000 -0.000036
vn -0.001690 -0.999999 -0.000037
vn -0.000098 -1.000000 -0.000036
vn -0.000098 -1.000000 -0.000036
vn -0.001690 -0.999999 -0.000037
vn -0.000238 -1.000000 0.000023
vn -0.000764 -1.000000 0.000013
vn -0.000764 -1.000000 0.000013
vn -0.000238 -1.000000 0.000023
vn 0.000215 -1.000000 0.000030
vn 0.000215 -1.000000 0.000030
vn -0.000725 -1.000000 -0.000034
vn -0.000725 -1.000000 -0.000034
vn 0.971272 0.237759 -0.010108
vn 0.942013 0.335245 -0.014925
vn 0.792764 0.608813 -0.029512
vn 0.741867 0.669668 -0.034325
vn 0.545261 0.836898 -0.047875
vn 0.503918 0.862342 -0.049331
vn 0.364768 0.929608 -0.052665
vn 0.373365 0.926212 -0.052239
vn 0.565377 0.824065 -0.035573
vn -0.000031 0.999288 -0.037726
vn -0.000031 0.999288 -0.037726
vn 0.565703 0.823842 -0.035567
vn 0.000001 0.999288 -0.037725
vn 0.000001 0.999288 -0.037724
vn 0.000001 0.999288 -0.037724
vn 0.000001 0.999288 -0.037725
vn 0.000001 0.999288 -0.037725
vn 0.000001 0.999288 -0.037725
vn 0.000009 0.999288 -0.037725
vn 0.000019 0.999288 -0.037725
vn 0.000019 0.999288 -0.037725
vn 0.000009 0.999288 -0.037725
vn -0.000004 0.999288 -0.037725
vn -0.000036 0.999288 -0.037724
vn -0.000036 0.999288 -0.037724
vn -0.000004 0.999288 -0.037725
vn 0.000009 0.999288 -0.037725
vn 0.000009 0.999288 -0.037725
vn 0.663204 -0.748439 -0.000018
vn 0.663204 -0.748439 -0.000018
vn -0.001180 -0.999999 -0.000036
vn -0.001004 -1.000000 -0.000036
vn -0.001004 -1.000000 -0.000036
vn -0.001180 -0.999999 -0.000036
vn 0.000024 0.999288 -0.037725
vn 0.000026 0.999288 -0.037724
vn 0.000026 0.999288 -0.037724
vn 0.000024 0.999288 -0.037725
vn -0.001782 -0.999998 -0.000037
vn -0.002242 -0.999997 -0.000037
vn -0.002242 -0.999997 -0.000037
vn -0.001782 -0.999999 -0.000037
vn 0.000028 0.999288 -0.037725
vn 0.000035 0.999288 -0.037725
vn 0.000035 0.999288 -0.037725
vn 0.000028 0.999288 -0.037725
vn -0.001420 -0.999999 -0.000032
vn -0.001420 -0.999999 -0.000032
vn 0.000025 0.999288 -0.037724
vn 0.000025 0.999288 -0.037724
vn -0.001633 -0.999999 -0.000011
vn -0.001633 -0.999999 -0.000011
vn 0.000026 0.999288 -0.037725
vn 0.000026 0.999288 -0.037725
vn 0.993086 -0.117393 0.000015
vn 0.993061 -0.117603 0.000017
vn 0.993061 -0.117603 0.000017
vn 0.993078 -0.117453 0.000016
vn 0.000327 -1.000000 0.000022
vn 0.000260 -1.000000 0.000030
vn 0.000260 -1.000000 0.000030
vn 0.000327 -1.000000 0.000022
vn -0.000023 0.999288 -0.037725
vn -0.000011 0.999288 -0.037734
vn -0.000011 0.999288 -0.037734
vn -0.000023 0.999288 -0.037725
vn 0.000289 -1.000000 0.000020
vn 0.000289 -1.000000 0.000020
vn -0.000020 0.999288 -0.037735
vn -0.000020 0.999288 -0.037735
vn -1.000000 -0.000036 0.000019
vn -1.000000 0.000000 0.000016
vn -1.000000 -0.000008 0.000017
vn -1.000000 -0.000043 0.000019
vn -1.000000 0.000003 0.000016
vn -1.000000 0.000003 0.000016
vn -1.000000 0.000005 0.000015
vn -1.000000 0.000005 0.000015
vn -1.000000 0.000008 0.000014
vn -1.000000 0.000008 0.000014
vn -1.000000 0.000001 0.000013
vn -1.000000 0.000001 0.000013
vn -1.000000 -0.000005 0.000013
vn -1.000000 -0.000005 0.000013
vn -1.000000 -0.000005 0.000014
vn -1.000000 -0.000005 0.000014
vn -1.000000 -0.000012 0.000015
vn -1.000000 0.000006 0.000015
vn -1.000000 0.000005 0.000015
vn -1.000000 -0.000012 0.000015
vn -1.000000 0.000021 0.000014
vn -1.000000 -0.000007 0.000016
vn -1.000000 -0.000004 0.000016
vn -1.000000 0.000012 0.000015
vn -1.000000 -0.000006 0.000019
vn -1.000000 -0.000010 0.000019
vn -1.000000 -0.000001 0.000019
vn -1.000000 -0.000001 0.000019
vn -1.000000 0.000008 0.000019
vn -1.000000 0.000008 0.000019
vn -0.996977 -0.077703 0.000017
vn -0.996977 -0.077703 0.000017
vn -0.993027 -0.117890 0.000016
vn -0.993027 -0.117890 0.000016
vn -0.993130 -0.117019 0.000007
vn -0.992887 -0.119064 -0.000003
vn -0.992918 -0.118797 -0.000003
vn -0.993124 -0.117065 0.000008
vn -0.989705 -0.143123 0.000004
vn -0.947113 -0.320901 0.000019
vn -0.942316 -0.334724 0.000020
vn -0.989967 -0.141300 0.000003
vn -0.848217 -0.529648 0.000026
vn -0.803417 -0.595417 0.000027
vn -0.706885 -0.707328 0.000035
vn -0.706804 -0.707410 0.000037
vn -0.871188 -0.490949 0.000063
vn -0.943497 -0.331381 0.000066
vn -0.943144 -0.332385 0.000067
vn -0.877710 -0.479192 0.000064
vn -0.949228 -0.314589 0.000060
vn -0.949228 -0.314589 0.000060
vn -0.000560 -1.000000 0.000024
vn -0.000560 -1.000000 0.000024
vn -0.000560 -1.000000 0.000024
vn -0.000560 -1.000000 0.000024
vn -0.998735 0.050239 -0.002005
vn -1.000000 -0.000066 0.000021
vn -1.000000 -0.000069 0.000021
vn -0.997647 0.068508 -0.002741
vn -0.999988 0.004971 0.000086
vn -0.999988 0.004971 0.000086
vn -0.999988 0.004971 0.000086
vn -0.999988 0.004971 0.000086
vn -0.824781 -0.565452 0.000101
vn -0.762425 -0.647077 0.000084
vn -0.752956 -0.658071 0.000081
vn -0.824781 -0.565452 0.000101
vn -0.661756 -0.749719 0.000034
vn -0.661756 -0.749719 0.000034
vn -0.000701 -1.000000 -0.000019
vn -0.000462 -1.000000 -0.000027
vn -0.000462 -1.000000 -0.000027
vn -0.000701 -1.000000 -0.000019
vn 0.000613 -1.000000 -0.000036
vn -0.000701 -1.000000 -0.000036
vn -0.000701 -1.000000 -0.000036
vn 0.000613 -1.000000 -0.000036
vn 0.000098 -1.000000 -0.000036
vn 0.001690 -0.999999 -0.000037
vn 0.001690 -0.999999 -0.000037
vn 0.000098 -1.000000 -0.000036
vn 0.000764 -1.000000 0.000013
vn 0.000238 -1.000000 0.000023
vn 0.000238 -1.000000 0.000023
vn 0.000764 -1.000000 0.000013
vn -0.000215 -1.000000 0.000030
vn -0.000215 -1.000000 0.000030
vn 0.000725 -1.000000 -0.000034
vn 0.000725 -1.000000 -0.000034
vn -0.792750 0.608832 -0.029516
vn -0.971276 0.237743 -0.010111
vn -0.942014 0.335241 -0.014928
vn -0.741852 0.669684 -0.034328
vn -0.364770 0.929607 -0.052665
vn -0.545251 0.836905 -0.047876
vn -0.503911 0.862346 -0.049332
vn -0.373367 0.926212 -0.052239
vn 0.000031 0.999288 -0.037725
vn -0.565378 0.824064 -0.035574
vn -0.565705 0.823840 -0.035568
vn 0.000031 0.999288 -0.037725
vn -0.000001 0.999288 -0.037724
vn -0.000001 0.999288 -0.037725
vn -0.000001 0.999288 -0.037725
vn -0.000001 0.999288 -0.037724
vn -0.000001 0.999288 -0.037725
vn -0.000001 0.999288 -0.037725
vn -0.000019 0.999288 -0.037725
vn -0.000009 0.999288 -0.037725
vn -0.000009 0.999288 -0.037725
vn -0.000019 0.999288 -0.037725
vn 0.000036 0.999288 -0.037724
vn 0.000004 0.999288 -0.037725
vn 0.000004 0.999288 -0.037725
vn 0.000036 0.999288 -0.037724
vn -0.000009 0.999288 -0.037725
vn -0.000009 0.999288 -0.037725
vn -0.663113 -0.748519 -0.000019
vn -0.663113 -0.748519 -0.000019
vn 0.001004 -1.000000 -0.000036
vn 0.001180 -0.999999 -0.000036
vn 0.001180 -0.999999 -0.000036
vn 0.001004 -1.000000 -0.000036
vn -0.000026 0.999288 -0.037724
vn -0.000024 0.999288 -0.037725
vn -0.000024 0.999288 -0.037725
vn -0.000026 0.999288 -0.037724
vn 0.002242 -0.999998 -0.000037
vn 0.001782 -0.999999 -0.000037
vn 0.001782 -0.999999 -0.000037
vn 0.002242 -0.999998 -0.000037
vn -0.000035 0.999288 -0.037725
vn -0.000028 0.999288 -0.037725
vn -0.000028 0.999288 -0.037725
vn -0.000035 0.999288 -0.037725
vn 0.001419 -0.999999 -0.000032
vn 0.001419 -0.999999 -0.000032
vn -0.000025 0.999288 -0.037724
vn -0.000025 0.999288 -0.037724
vn 0.001633 -0.999999 -0.000011
vn 0.001633 -0.999999 -0.000011
vn -0.000026 0.999288 -0.037725
vn -0.000026 0.999288 -0.037725
vn -0.993061 -0.117603 0.000017
vn -0.993087 -0.117380 0.000015
vn -0.993081 -0.117436 0.000016
vn -0.993061 -0.117603 0.000017
vn -0.000260 -1.000000 0.000030
vn -0.000327 -1.000000 0.000021
vn -0.000327 -1.000000 0.000021
vn -0.000260 -1.000000 0.000030
vn 0.000011 0.999288 -0.037733
vn 0.000023 0.999288 -0.037725
vn 0.000023 0.999288 -0.037725
vn 0.000011 0.999288 -0.037734
vn -0.000289 -1.000000 0.000020
vn -0.000289 -1.000000 0.000020
vn 0.000020 0.999288 -0.037735
vn 0.000020 0.999288 -0.037735
s 1
g pPlane3
usemtl initialShadingGroup
f 1457/1/1 1458/3187/2 1459/3/3 1460/4/4
f 1460/4/4 1461/5/5 1462/6/6 1457/1/1
f 1461/5/5 1463/7/7 1464/8/8 1462/6/6
f 1463/7/7 1465/9/9 1466/10/10 1464/8/8
f 1465/9/9 1467/11/11 1468/12/12 1466/10/10
f 1467/11/11 1469/13/13 1470/14/14 1468/12/12
f 1469/13/13 1471/15/15 1472/16/16 1470/14/14
f 1473/17/17 1474/18/18 1475/19/19 1476/3192/20
f 1477/21/21 1478/22/22 1479/23/23 1480/3190/24
f 1478/22/22 1481/25/25 1482/3395/26 1479/23/23
f 1481/3394/25 1483/27/27 1484/28/28 1482/26/26
f 1483/27/27 1485/29/29 1486/30/30 1484/28/28
f 1485/29/29 1487/31/31 1488/32/32 1486/30/30
f 1487/31/31 1489/33/33 1490/34/34 1488/32/32
f 1491/35/35 1492/36/36 1493/37/37 1494/3194/38
f 1495/39/39 1496/40/40 1497/41/41 1498/3198/42
f 1496/40/40 1499/43/43 1500/44/44 1497/41/41
f 1499/43/43 1501/45/45 1502/46/46 1500/44/44
f 1503/47/47 1504/48/48 1505/49/49 1506/3200/50
f 1504/48/48 1507/51/51 1508/3220/52 1505/49/49
f 1509/53/53 1510/3201/54 1511/55/55 1512/56/56
f 1459/3/3 1513/57/57 1514/58/58 1460/4/4
f 1460/4/4 1514/58/58 1515/59/59 1461/5/5
f 1461/5/5 1515/59/59 1516/60/60 1463/7/7
f 1463/7/7 1516/60/60 1517/61/61 1465/9/9
f 1465/9/9 1517/61/61 1518/62/62 1467/11/11
f 1467/11/11 1518/62/62 1519/63/63 1469/13/13
f 1469/13/13 1519/63/63 1520/64/64 1471/15/15
f 1473/17/17 1521/65/65 1522/66/66 1474/18/18
f 1477/21/21 1523/67/67 1524/68/68 1478/22/22
f 1478/22/22 1524/68/68 1525/69/69 1481/25/25
f 1481/3394/25 1525/3388/69 1526/70/70 1483/27/27
f 1483/27/27 1526/70/70 1527/71/71 1485/29/29
f 1485/29/29 1527/71/71 1528/72/72 1487/31/31
f 1487/31/31 1528/72/72 1529/73/73 1489/33/33
f 1491/35/35 1530/74/74 1531/3138/75 1492/36/36
f 1495/39/39 1532/76/76 1533/77/77 1496/40/40
f 1496/40/40 1533/77/77 1534/78/78 1499/43/43
f 1499/43/43 1534/78/78 1535/79/79 1501/45/45
f 1503/47/47 1536/80/80 1537/81/81 1504/48/48
f 1504/48/48 1537/81/81 1538/82/82 1507/51/51
f 1511/55/55 1539/83/83 1540/84/84 1512/56/56
f 1542/3022/85 1541/86/86 1543/87/87 1544/3032/88
f 1544/3032/88 1543/87/87 1545/89/89 1546/3031/90
f 1546/3031/90 1545/89/89 1547/91/91 1548/3030/92
f 1548/3030/92 1547/91/91 1549/93/93 1550/3029/94
f 1550/3029/94 1549/93/93 1551/95/95 1552/3028/96
f 1552/3028/96 1551/95/95 1553/97/97 1554/3027/98
f 1554/3027/98 1553/97/97 1555/99/99 1556/100/100
f 1558/3025/101 1557/102/102 1559/103/103 1560/104/104
f 1561/105/105 1562/3046/106 1563/107/107 1564/108/108
f 1564/108/108 1563/107/107 1565/109/109 1566/3389/110
f 1566/110/110 1565/3390/109 1567/111/111 1568/112/112
f 1568/112/112 1567/111/111 1569/113/113 1570/114/114
f 1571/115/115 1572/116/116 1573/3026/117 1574/3023/118
f 1570/114/114 1569/113/119 1575/119/120 1576/120/121
f 1576/120/121 1575/119/120 1577/121/122 1578/122/123
f 1580/123/124 1579/124/125 1581/125/126 1582/3139/127
f 1583/127/128 1584/128/129 1585/3145/130 1586/3140/131
f 1586/130/131 1585/129/130 1587/131/132 1588/132/133
f 1588/132/133 1587/131/132 1589/133/134 1590/134/135
f 1591/135/136 1592/136/137 1593/137/138 1594/138/139
f 1594/138/139 1593/137/138 1595/139/140 1596/140/141
f 1598/141/142 1597/142/143 1599/143/144 1600/144/145
f 1600/144/145 1599/143/144 1601/145/146 1602/146/147
f 1602/146/147 1601/145/146 1603/147/148 1604/148/149
f 1604/148/149 1603/147/148 1605/149/150 1606/150/151
f 1606/150/151 1605/149/150 1607/151/152 1608/152/153
f 1608/152/153 1607/151/152 1609/153/154 1610/154/155
f 1610/154/155 1609/153/154 1611/155/156 1612/156/157
f 1614/157/158 1613/158/159 1615/159/160 1616/160/161
f 1617/3047/162 1618/3049/163 1619/163/164 1620/164/165
f 1620/164/165 1619/163/164 1621/165/166 1622/3391/167
f 1622/166/167 1621/3393/166 1623/167/168 1624/168/169
f 1624/168/169 1623/167/168 1625/169/170 1626/170/171
f 1627/171/172 1628/172/173 1629/3082/174 1630/3083/175
f 1626/170/171 1625/169/170 1631/175/176 1632/176/177
f 1632/176/177 1631/175/176 1633/177/178 1634/178/179
f 1636/179/180 1635/180/181 1637/3143/182 1638/3134/183
f 1639/3135/184 1640/184/185 1641/185/186 1642/3144/187
f 1642/186/187 1641/3141/186 1643/187/188 1644/188/189
f 1644/188/189 1643/187/188 1645/189/190 1646/190/191
f 1647/191/192 1648/192/193 1649/193/194 1650/194/195
f 1650/194/195 1649/193/194 1651/195/196 1652/196/197
f 1597/142/143 1653/197/198 1654/198/199 1599/143/144
f 1599/143/144 1654/198/199 1655/199/200 1601/145/146
f 1601/145/146 1655/199/200 1656/200/201 1603/147/148
f 1603/147/148 1656/200/201 1657/201/202 1605/149/150
f 1605/149/150 1657/201/202 1658/202/203 1607/151/152
f 1607/151/152 1658/202/203 1659/203/204 1609/153/154
f 1609/153/154 1659/203/204 1660/204/205 1611/155/156
f 1613/158/159 1661/205/206 1662/206/207 1615/159/160
f 1618/3049/163 1663/3044/208 1664/208/209 1619/163/164
f 1619/163/164 1664/208/209 1665/209/210 1621/165/166
f 1621/3393/166 1665/3386/210 1666/210/211 1623/167/168
f 1623/167/168 1666/210/211 1667/211/212 1625/169/170
f 1628/172/173 1668/212/213 1669/3079/214 1629/3082/174
f 1625/169/170 1667/211/212 1670/214/215 1631/175/176
f 1631/175/176 1670/214/215 1671/215/216 1633/177/178
f 1635/180/181 1672/216/217 1673/217/218 1637/3143/182
f 1640/184/185 1674/3132/219 1675/3142/220 1641/185/186
f 1641/3141/186 1675/219/220 1676/220/221 1643/187/188
f 1643/187/188 1676/220/221 1677/221/222 1645/189/190
f 1648/192/193 1678/222/223 1679/223/224 1649/193/194
f 1649/193/194 1679/223/224 1680/224/225 1651/195/196
f 1682/225/226 1681/226/227 1683/227/228 1684/228/229
f 1684/228/229 1683/227/228 1685/229/230 1686/230/231
f 1686/230/231 1685/229/230 1687/231/232 1688/232/233
f 1688/232/233 1687/231/232 1689/233/234 1690/234/235
f 1690/234/235 1689/233/234 1691/235/236 1692/236/237
f 1692/236/237 1691/235/236 1693/237/238 1694/238/239
f 1694/238/239 1693/237/238 1695/239/240 1696/240/241
f 1698/241/242 1697/242/243 1699/243/244 1700/244/245
f 1701/3045/246 1702/3036/247 1703/247/248 1704/248/249
f 1704/248/249 1703/247/248 1705/249/250 1706/3387/251
f 1706/250/251 1705/3378/250 1707/251/252 1708/252/253
f 1708/252/253 1707/251/252 1709/253/254 1710/254/255
f 1711/255/256 1712/256/257 1713/3071/258 1714/3080/259
f 1710/254/255 1709/253/254 1715/259/260 1716/260/261
f 1716/260/261 1715/259/260 1717/261/262 1718/262/263
f 1720/263/264 1719/264/265 1721/265/266 1722/266/267
f 1723/267/268 1724/268/269 1725/269/270 1726/270/271
f 1726/270/271 1725/269/270 1727/271/272 1728/272/273
f 1728/272/273 1727/271/272 1729/273/274 1730/274/275
f 1731/275/276 1732/276/277 1733/277/278 1734/278/279
f 1734/278/279 1733/277/278 1735/279/280 1736/280/281
f 1738/281/282 1737/282/283 1739/283/284 1740/284/285
f 1740/284/285 1739/283/284 1741/285/286 1742/286/287
f 1742/286/287 1741/285/286 1743/287/288 1744/288/289
f 1744/288/289 1743/287/288 1745/289/290 1746/290/291
f 1746/290/291 1745/289/290 1747/291/292 1748/292/293
f 1748/292/293 1747/291/292 1749/293/294 1750/294/295
f 1750/294/295 1749/293/294 1751/295/296 1752/296/297
f 1754/297/298 1753/298/299 1755/299/300 1756/300/301
f 1757/3041/302 1758/3048/303 1759/303/304 1760/304/305
f 1760/304/305 1759/303/304 1761/305/306 1762/3383/307
f 1762/306/307 1761/3392/306 1763/307/308 1764/308/309
f 1764/308/309 1763/307/308 1765/309/310 1766/310/311
f 1767/311/312 1768/312/313 1769/3081/314 1770/3076/315
f 1766/310/311 1765/309/310 1771/315/316 1772/316/317
f 1772/316/317 1771/315/316 1773/3331/318 1774/3327/319
f 1776/319/320 1775/320/321 1777/3317/322 1778/3313/323
f 1779/323/324 1780/324/325 1781/325/326 1782/326/327
f 1782/326/327 1781/325/326 1783/327/328 1784/328/329
f 1784/328/329 1783/327/328 1785/329/330 1786/330/331
f 1787/331/332 1788/332/333 1789/333/334 1790/334/335
f 1790/334/335 1789/333/334 1791/335/336 1792/336/337
f 1737/282/283 1793/337/338 1794/338/339 1739/283/284
f 1739/283/284 1794/338/339 1795/339/340 1741/285/286
f 1741/285/286 1795/339/340 1796/340/341 1743/287/288
f 1743/287/288 1796/340/341 1797/341/342 1745/289/290
f 1745/289/290 1797/341/342 1798/342/343 1747/291/292
f 1747/291/292 1798/342/343 1799/343/344 1749/293/294
f 1749/293/294 1799/343/344 1800/344/345 1751/295/296
f 1753/298/299 1801/345/346 1802/346/347 1755/299/300
f 1758/3048/303 1803/3035/348 1804/348/349 1759/303/304
f 1759/303/304 1804/348/349 1805/349/350 1761/305/306
f 1761/3392/306 1805/3375/350 1806/350/351 1763/307/308
f 1763/307/308 1806/350/351 1807/351/352 1765/309/310
f 1768/312/313 1808/352/353 1809/3068/354 1769/3081/314
f 1765/309/310 1807/351/352 1810/354/355 1771/315/316
f 1771/315/316 1810/354/355 1811/355/356 1773/3331/318
f 1775/320/321 1812/356/357 1813/357/358 1777/3317/322
f 1780/324/325 1814/358/359 1815/359/360 1781/325/326
f 1781/325/326 1815/359/360 1816/360/361 1783/327/328
f 1783/327/328 1816/360/361 1817/361/362 1785/329/330
f 1788/332/333 1818/362/363 1819/363/364 1789/333/334
f 1789/333/334 1819/363/364 1820/364/365 1791/335/336
f 1538/82/82 1821/365/366 1822/366/367 1507/51/51
f 1595/139/140 1823/367/368 1824/368/369 1596/140/141
f 1680/224/225 1825/369/370 1826/370/371 1651/195/196
f 1735/279/280 1827/371/372 1828/372/373 1736/280/281
f 1791/335/336 1829/373/374 1830/374/375 1792/336/337
f 1820/364/365 1831/375/376 1829/373/374 1791/335/336
f 1651/195/196 1826/370/371 1832/376/377 1652/196/197
f 1821/365/366 1833/377/378 1834/3217/379 1822/366/367
f 1823/367/368 1835/379/380 1836/3182/381 1824/368/369
f 1825/369/370 1837/381/382 1838/3185/383 1826/370/371
f 1827/371/372 1839/383/384 1840/3180/385 1828/372/373
f 1829/373/374 1841/385/386 1842/3176/387 1830/374/375
f 1831/375/376 1843/387/388 1841/385/386 1829/373/374
f 1826/370/371 1838/3185/383 1844/3184/389 1832/376/377
f 1510/3201/54 1845/3300/390 1846/3298/391 1511/55/55
f 1511/55/55 1846/3298/391 1847/391/392 1539/83/83
f 1571/115/115 1848/392/393 1849/393/394 1572/116/116
f 1627/171/172 1850/394/395 1851/395/396 1628/172/173
f 1628/172/173 1851/395/396 1852/396/397 1668/212/213
f 1711/255/256 1853/397/398 1854/398/399 1712/256/257
f 1767/311/312 1855/399/400 1856/400/401 1768/312/313
f 1768/312/313 1856/400/401 1857/401/402 1808/352/353
f 1846/3298/391 1858/3299/403 1859/3291/404 1847/391/392
f 1848/392/393 1860/404/405 1861/3294/406 1849/393/394
f 1850/394/395 1862/406/407 1863/3297/408 1851/395/396
f 1851/395/396 1863/3297/408 1864/3289/409 1852/396/397
f 1853/397/398 1865/409/410 1866/3281/411 1854/398/399
f 1856/400/401 1867/411/412 1868/3278/413 1857/401/402
f 1855/399/400 1869/413/414 1867/411/415 1856/400/401
f 1832/376/377 1844/3184/389 1835/379/380 1823/367/368
f 1652/196/197 1832/376/377 1823/367/368 1595/139/140
f 1593/137/138 1650/194/195 1652/196/197 1595/139/140
f 1592/136/137 1647/191/192 1650/194/195 1593/137/138
f 1587/131/132 1644/188/189 1646/190/191 1589/133/134
f 1585/129/130 1642/186/187 1644/188/189 1587/131/132
f 1584/3136/129 1639/183/184 1642/186/187 1585/129/130
f 1579/124/125 1636/179/180 1638/3134/183 1581/125/126
f 1575/119/120 1632/176/177 1634/178/179 1577/121/122
f 1569/113/119 1626/170/171 1632/176/177 1575/119/120
f 1567/111/111 1624/168/169 1626/170/171 1569/113/113
f 1565/3390/109 1622/166/167 1624/168/169 1567/111/111
f 1563/107/107 1620/164/165 1622/3391/167 1565/109/109
f 1562/3046/106 1617/3047/162 1620/164/165 1563/107/107
f 1557/102/102 1614/157/158 1616/160/161 1559/103/103
f 1553/97/97 1610/154/155 1612/156/157 1555/99/99
f 1551/95/95 1608/152/153 1610/154/155 1553/97/97
f 1549/93/93 1606/150/151 1608/152/153 1551/95/95
f 1547/91/91 1604/148/149 1606/150/151 1549/93/93
f 1545/89/89 1602/146/147 1604/148/149 1547/91/91
f 1543/87/87 1600/144/145 1602/146/147 1545/89/89
f 1541/86/86 1598/141/142 1600/144/145 1543/87/87
f 1572/116/116 1627/171/172 1630/3083/175 1573/3026/117
f 1849/393/394 1850/394/395 1627/171/172 1572/116/116
f 1861/3294/406 1862/406/407 1850/394/395 1849/393/394
f 1501/45/45 1503/47/47 1506/3200/50 1502/46/46
f 1535/79/79 1536/80/80 1503/47/47 1501/45/45
f 1589/133/134 1592/136/137 1591/135/136 1590/134/135
f 1646/190/191 1647/191/192 1592/136/137 1589/133/134
f 1645/189/190 1648/192/193 1647/191/192 1646/190/191
f 1677/221/222 1678/222/223 1648/192/193 1645/189/190
f 1729/273/274 1732/276/277 1731/275/276 1730/274/275
f 1785/329/330 1788/332/333 1787/331/332 1786/330/331
f 1817/361/362 1818/362/363 1788/332/333 1785/329/330
f 1824/368/369 1836/3182/381 1833/377/378 1821/365/366
f 1596/140/141 1824/368/369 1821/365/366 1538/82/82
f 1537/81/81 1594/138/139 1596/140/141 1538/82/82
f 1536/80/80 1591/135/136 1594/138/139 1537/81/81
f 1590/134/135 1591/135/136 1536/80/80 1535/79/79
f 1534/78/78 1588/132/133 1590/134/135 1535/79/79
f 1533/77/77 1586/130/131 1588/132/133 1534/78/78
f 1532/76/76 1583/127/128 1586/3140/131 1533/77/77
f 1530/74/74 1580/123/124 1582/3139/127 1531/3138/75
f 1528/72/72 1576/120/121 1578/122/123 1529/73/73
f 1527/71/71 1570/114/114 1576/120/121 1528/72/72
f 1526/70/70 1568/112/112 1570/114/114 1527/71/71
f 1525/3388/69 1566/110/110 1568/112/112 1526/70/70
f 1524/68/68 1564/108/108 1566/3389/110 1525/69/69
f 1523/67/67 1561/105/105 1564/108/108 1524/68/68
f 1521/65/65 1558/101/101 1560/3033/104 1522/66/66
f 1519/63/63 1554/98/98 1556/3024/100 1520/64/64
f 1518/62/62 1552/96/96 1554/98/98 1519/63/63
f 1517/61/61 1550/94/94 1552/96/96 1518/62/62
f 1516/60/60 1548/92/92 1550/94/94 1517/61/61
f 1515/59/59 1546/90/90 1548/92/92 1516/60/60
f 1514/58/58 1544/88/88 1546/90/90 1515/59/59
f 1513/57/57 1542/85/85 1544/88/88 1514/58/58
f 1539/83/83 1571/115/115 1574/3023/118 1540/84/84
f 1847/391/392 1848/392/393 1571/115/115 1539/83/83
f 1859/3291/404 1860/404/405 1848/392/393 1847/391/392
f 1492/36/36 1495/39/39 1498/3198/42 1493/37/37
f 1531/3138/75 1532/76/76 1495/39/39 1492/36/36
f 1582/126/127 1583/127/128 1532/76/76 1531/75/75
f 1581/3137/126 1584/128/129 1583/127/128 1582/126/127
f 1638/3134/183 1639/183/184 1584/3136/129 1581/125/126
f 1637/181/182 1640/184/185 1639/3135/184 1638/182/183
f 1673/3133/218 1674/3132/219 1640/184/185 1637/181/182
f 1721/265/266 1724/268/269 1723/267/268 1722/266/267
f 1777/321/322 1780/324/325 1779/323/324 1778/322/323
f 1813/3304/358 1814/358/359 1780/324/325 1777/321/322
f 1871/414/416 1870/415/417 1872/3174/418 1873/417/419
f 1874/418/420 1871/414/416 1873/417/419 1875/419/421
f 1876/420/422 1877/421/423 1874/418/420 1875/419/421
f 1878/422/424 1879/423/425 1877/421/423 1876/420/422
f 1880/424/426 1879/423/425 1878/422/424 1881/425/427
f 1882/426/428 1883/427/429 1880/424/426 1881/425/427
f 1884/428/430 1885/429/431 1883/427/429 1882/426/428
f 1886/430/432 1887/431/433 1885/429/431 1884/428/430
f 1888/3315/434 1887/431/433 1886/430/432 1889/433/435
f 1891/434/436 1890/435/437 1888/432/434 1889/3311/435
f 1892/436/438 1893/437/439 1894/3329/440 1895/3325/441
f 1896/440/442 1897/441/443 1893/437/439 1892/436/438
f 1898/442/444 1899/443/445 1897/441/443 1896/440/442
f 1900/444/446 1901/3385/447 1899/443/445 1898/442/444
f 1902/446/448 1903/447/449 1901/445/447 1900/3381/446
f 1904/3039/450 1905/3043/451 1903/447/449 1902/446/448
f 1907/450/452 1906/451/453 1908/452/454 1909/453/455
f 1910/454/456 1911/455/457 1912/456/458 1913/457/459
f 1914/458/460 1915/459/461 1911/455/457 1910/454/456
f 1916/460/462 1917/461/463 1915/459/461 1914/458/460
f 1918/462/464 1919/463/465 1917/461/463 1916/460/462
f 1920/464/466 1921/465/467 1919/463/465 1918/462/464
f 1922/466/468 1923/467/469 1921/465/467 1920/464/466
f 1925/468/470 1924/469/471 1923/467/469 1922/466/468
f 1926/470/472 1927/471/473 1928/3078/474 1929/3074/475
f 1930/474/476 1931/475/477 1927/471/473 1926/470/472
f 1932/476/478 1933/3288/479 1931/475/477 1930/474/476
f 1828/372/373 1840/3180/385 1837/381/382 1825/369/370
f 1736/280/281 1828/372/373 1825/369/370 1680/224/225
f 1679/223/224 1734/278/279 1736/280/281 1680/224/225
f 1678/222/223 1731/275/276 1734/278/279 1679/223/224
f 1730/274/275 1731/275/276 1678/222/223 1677/221/222
f 1676/220/221 1728/272/273 1730/274/275 1677/221/222
f 1675/219/220 1726/270/271 1728/272/273 1676/220/221
f 1674/218/219 1723/267/268 1726/270/271 1675/219/220
f 1722/266/267 1723/267/268 1674/218/219 1673/217/218
f 1672/216/217 1720/263/264 1722/266/267 1673/217/218
f 1670/214/215 1716/260/261 1718/262/263 1671/215/216
f 1667/211/212 1710/254/255 1716/260/261 1670/214/215
f 1666/210/211 1708/252/253 1710/254/255 1667/211/212
f 1665/3386/210 1706/250/251 1708/252/253 1666/210/211
f 1664/208/209 1704/248/249 1706/3387/251 1665/209/210
f 1663/3044/208 1701/3045/246 1704/248/249 1664/208/209
f 1661/205/206 1698/241/242 1700/244/245 1662/206/207
f 1659/203/204 1694/238/239 1696/240/241 1660/204/205
f 1658/202/203 1692/236/237 1694/238/239 1659/203/204
f 1657/201/202 1690/234/235 1692/236/237 1658/202/203
f 1656/200/201 1688/232/233 1690/234/235 1657/201/202
f 1655/199/200 1686/230/231 1688/232/233 1656/200/201
f 1654/198/199 1684/228/229 1686/230/231 1655/199/200
f 1653/197/198 1682/225/226 1684/228/229 1654/198/199
f 1668/212/213 1711/255/256 1714/3080/259 1669/3079/214
f 1852/396/397 1853/397/398 1711/255/256 1668/212/213
f 1864/3289/409 1865/409/410 1853/397/398 1852/396/397
f 1935/478/480 1934/479/481 1936/3172/482 1937/481/483
f 1938/482/484 1935/478/480 1937/481/483 1939/483/485
f 1940/484/486 1941/485/487 1938/482/484 1939/483/485
f 1942/486/488 1943/487/489 1941/485/487 1940/484/486
f 1944/488/490 1943/487/489 1942/486/488 1945/489/491
f 1946/490/492 1947/491/493 1944/488/490 1945/489/491
f 1948/492/494 1949/493/495 1947/491/493 1946/490/492
f 1950/494/496 1951/495/497 1949/493/495 1948/492/494
f 1952/3310/498 1951/495/497 1950/494/496 1953/497/499
f 1955/3307/500 1954/499/501 1952/496/498 1953/3316/499
f 1956/500/502 1957/501/503 1958/3324/504 1959/503/505
f 1960/504/506 1961/505/507 1957/501/503 1956/500/502
f 1962/506/508 1963/507/509 1961/505/507 1960/504/506
f 1964/508/510 1965/3380/511 1963/507/509 1962/506/508
f 1966/510/512 1967/511/513 1965/509/511 1964/3379/510
f 1968/3037/514 1969/3038/515 1967/511/513 1966/510/512
f 1971/514/516 1970/515/517 1972/516/518 1973/517/519
f 1974/518/520 1975/519/521 1976/520/522 1977/521/523
f 1978/522/524 1979/523/525 1975/519/521 1974/518/520
f 1980/524/526 1981/525/527 1979/523/525 1978/522/524
f 1982/526/528 1983/527/529 1981/525/527 1980/524/526
f 1984/528/530 1985/529/531 1983/527/529 1982/526/528
f 1986/530/532 1987/531/533 1985/529/531 1984/528/530
f 1989/532/534 1988/533/535 1987/531/533 1986/530/532
f 1990/534/536 1991/535/537 1992/3073/538 1993/3072/539
f 1994/538/540 1995/539/541 1991/535/537 1990/534/536
f 1996/540/542 1997/3283/543 1995/539/541 1994/538/540
f 1999/542/544 1998/543/545 1870/415/417 1871/414/416
f 2000/544/546 1999/542/544 1871/414/416 1874/418/420
f 1877/421/423 2001/545/547 2000/544/546 1874/418/420
f 1879/423/425 2002/546/548 2001/545/547 1877/421/423
f 2003/547/549 2002/546/548 1879/423/425 1880/424/426
f 1883/427/429 2004/548/550 2003/547/549 1880/424/426
f 1885/429/431 2005/549/551 2004/548/550 1883/427/429
f 1887/431/433 2006/550/552 2005/549/551 1885/429/431
f 2007/3314/553 2006/550/552 1887/431/433 1888/3315/434
f 1890/435/437 2008/552/554 2007/551/553 1888/432/434
f 1893/437/439 2009/553/555 2010/3328/556 1894/3329/440
f 1897/441/443 2011/555/557 2009/553/555 1893/437/439
f 1899/443/445 2012/556/558 2011/555/557 1897/441/443
f 1901/3385/447 2013/3384/559 2012/556/558 1899/443/445
f 1903/447/449 2014/558/560 2013/557/559 1901/445/447
f 1905/3043/451 2015/3042/561 2014/558/560 1903/447/449
f 1906/451/453 2016/560/562 2017/561/563 1908/452/454
f 1911/455/457 2018/562/564 2019/563/565 1912/456/458
f 1915/459/461 2020/564/566 2018/562/564 1911/455/457
f 1917/461/463 2021/565/567 2020/564/566 1915/459/461
f 1919/463/465 2022/566/568 2021/565/567 1917/461/463
f 1921/465/467 2023/567/569 2022/566/568 1919/463/465
f 1923/467/469 2024/568/570 2023/567/569 1921/465/467
f 1924/469/471 2025/569/571 2024/568/570 1923/467/469
f 1927/471/473 2026/570/572 2027/3077/573 1928/3078/474
f 1931/475/477 2028/572/574 2026/570/572 1927/471/473
f 1933/3288/479 2029/3287/575 2028/572/574 1931/475/477
f 2031/574/576 2030/575/577 1998/543/545 1999/542/544
f 2032/576/578 2031/574/576 1999/542/544 2000/544/546
f 2001/545/547 2033/577/579 2032/576/578 2000/544/546
f 2002/546/548 2034/578/580 2033/577/579 2001/545/547
f 2035/579/581 2034/578/580 2002/546/548 2003/547/549
f 2004/548/550 2036/580/582 2035/579/581 2003/547/549
f 2005/549/551 2037/581/583 2036/580/582 2004/548/550
f 2006/550/552 2038/582/584 2037/581/583 2005/549/551
f 2039/3312/585 2038/582/584 2006/550/552 2007/3314/553
f 2008/552/554 2040/584/586 2039/583/585 2007/551/553
f 2009/553/555 2041/585/587 2042/3326/588 2010/3328/556
f 2011/555/557 2043/587/589 2041/585/587 2009/553/555
f 2012/556/558 2044/588/590 2043/587/589 2011/555/557
f 2013/3384/559 2045/3382/591 2044/588/590 2012/556/558
f 2014/558/560 2046/590/592 2045/589/591 2013/557/559
f 2015/3042/561 2047/3040/593 2046/590/592 2014/558/560
f 2016/560/562 2048/592/594 2049/593/595 2017/561/563
f 2018/562/564 2050/594/596 2051/595/597 2019/563/565
f 2020/564/566 2052/596/598 2050/594/596 2018/562/564
f 2021/565/567 2053/597/599 2052/596/598 2020/564/566
f 2022/566/568 2054/598/600 2053/597/599 2021/565/567
f 2023/567/569 2055/599/601 2054/598/600 2022/566/568
f 2024/568/570 2056/600/602 2055/599/601 2023/567/569
f 2025/569/571 2057/601/603 2056/600/602 2024/568/570
f 2026/570/572 2058/602/604 2059/3075/605 2027/3077/573
f 2028/572/574 2060/604/606 2058/602/604 2026/570/572
f 2029/3287/575 2061/3285/607 2060/604/606 2028/572/574
f 1830/374/375 1842/3176/387 2030/575/577 2031/574/576
f 1792/336/337 1830/374/375 2031/574/576 2032/576/578
f 2033/577/579 1790/334/335 1792/336/337 2032/576/578
f 2034/578/580 1787/331/332 1790/334/335 2033/577/579
f 1786/330/331 1787/331/332 2034/578/580 2035/579/581
f 2036/580/582 1784/328/329 1786/330/331 2035/579/581
f 2037/581/583 1782/326/327 1784/328/329 2036/580/582
f 2038/582/584 1779/323/324 1782/326/327 2037/581/583
f 1778/322/323 1779/323/324 2038/582/584 2039/3312/585
f 2040/584/586 1776/319/320 1778/3313/323 2039/583/585
f 2041/585/587 1772/316/317 1774/3327/319 2042/3326/588
f 2043/587/589 1766/310/311 1772/316/317 2041/585/587
f 2044/588/590 1764/308/309 1766/310/311 2043/587/589
f 2045/3382/591 1762/306/307 1764/308/309 2044/588/590
f 2046/590/592 1760/304/305 1762/3383/307 2045/589/591
f 2047/3040/593 1757/3041/302 1760/304/305 2046/590/592
f 2048/592/594 1754/297/298 1756/300/301 2049/593/595
f 2050/594/596 1750/294/295 1752/296/297 2051/595/597
f 2052/596/598 1748/292/293 1750/294/295 2050/594/596
f 2053/597/599 1746/290/291 1748/292/293 2052/596/598
f 2054/598/600 1744/288/289 1746/290/291 2053/597/599
f 2055/599/601 1742/286/287 1744/288/289 2054/598/600
f 2056/600/602 1740/284/285 1742/286/287 2055/599/601
f 2057/601/603 1738/281/282 1740/284/285 2056/600/602
f 2058/602/604 1767/311/312 1770/3076/315 2059/3075/605
f 2060/604/606 1855/399/400 1767/311/312 2058/602/604
f 2061/3285/607 1869/413/608 1855/399/400 2060/604/606
f 1873/417/419 1872/3174/418 1934/479/481 1935/478/480
f 1875/419/421 1873/417/419 1935/478/480 1938/482/484
f 1941/485/487 1876/420/422 1875/419/421 1938/482/484
f 1943/487/489 1878/422/424 1876/420/422 1941/485/487
f 1881/425/427 1878/422/424 1943/487/489 1944/488/490
f 1947/491/493 1882/426/428 1881/425/427 1944/488/490
f 1949/493/495 1884/428/430 1882/426/428 1947/491/493
f 1951/495/497 1886/430/432 1884/428/430 1949/493/495
f 1889/433/435 1886/430/432 1951/495/497 1952/3310/498
f 1954/499/501 1891/434/436 1889/3311/435 1952/496/498
f 1957/501/503 1892/436/438 1895/3325/441 1958/3324/504
f 1961/505/507 1896/440/442 1892/436/438 1957/501/503
f 1963/507/509 1898/442/444 1896/440/442 1961/505/507
f 1965/3380/511 1900/444/446 1898/442/444 1963/507/509
f 1967/511/513 1902/446/448 1900/3381/446 1965/509/511
f 1969/3038/515 1904/3039/450 1902/446/448 1967/511/513
f 1970/515/517 1907/450/452 1909/453/455 1972/516/518
f 1975/519/521 1910/454/456 1913/457/459 1976/520/522
f 1979/523/525 1914/458/460 1910/454/456 1975/519/521
f 1981/525/527 1916/460/462 1914/458/460 1979/523/525
f 1983/527/529 1918/462/464 1916/460/462 1981/525/527
f 1985/529/531 1920/464/466 1918/462/464 1983/527/529
f 1987/531/533 1922/466/468 1920/464/466 1985/529/531
f 1988/533/535 1925/468/470 1922/466/468 1987/531/533
f 1991/535/537 1926/470/472 1929/3074/475 1992/3073/538
f 1995/539/541 1930/474/476 1926/470/472 1991/535/537
f 1997/3283/543 1932/476/478 1930/474/476 1995/539/541
f 2063/606/609 2062/607/610 2064/608/611 2065/609/612
f 2066/610/613 2063/606/609 2065/609/612 2067/611/614
f 2068/612/615 2066/610/613 2067/611/614 2069/613/616
f 2070/614/617 2068/612/615 2069/613/616 2071/615/618
f 2072/616/619 2070/614/617 2071/615/618 2073/617/620
f 2074/618/621 2072/616/619 2073/617/620 2075/619/622
f 2076/620/623 2074/618/621 2075/619/622 2077/621/624
f 2078/3309/625 2076/620/623 2077/621/624 2079/3308/626
f 2081/624/627 2080/625/628 2082/626/629 2083/627/630
f 2084/628/631 2081/624/627 2083/627/630 2085/629/632
f 2086/630/633 2084/628/631 2085/629/632 2087/631/634
f 2088/632/635 2086/630/633 2087/631/634 2089/633/636
f 2090/634/637 2088/632/635 2089/633/636 2091/635/638
f 2092/636/639 2090/634/637 2091/635/638 2093/637/640
f 2094/638/641 2092/636/639 2093/637/640 2095/639/642
f 2096/640/643 2094/638/641 2095/639/642 2097/641/644
f 2096/640/643 2097/641/644 2098/642/645 2099/3196/646
f 1773/317/318 1811/3321/356 2062/607/610 2063/606/609
f 1774/318/319 1773/317/318 2063/606/609 2066/610/613
f 2042/586/588 1774/318/319 2066/610/613 2068/612/615
f 2010/554/556 2042/586/588 2068/612/615 2070/614/617
f 1894/438/440 2010/554/556 2070/614/617 2072/616/619
f 1895/439/441 1894/438/440 2072/616/619 2074/618/621
f 1958/502/504 1895/439/441 2074/618/621 2076/620/623
f 1959/3330/505 1958/502/504 2076/620/623 2078/3309/625
f 1718/262/263 1717/261/262 2080/625/628 2081/624/627
f 1671/215/216 1718/262/263 2081/624/627 2084/628/631
f 1633/177/178 1671/215/216 2084/628/631 2086/630/633
f 1634/178/179 1633/177/178 2086/630/633 2088/632/635
f 1577/121/122 1634/178/179 2088/632/635 2090/634/637
f 1578/122/123 1577/121/122 2090/634/637 2092/636/639
f 1529/73/73 1578/122/123 2092/636/639 2094/638/641
f 1489/33/33 1529/73/73 2094/638/641 2096/640/643
f 1489/33/33 2096/640/643 2099/3196/646 1490/34/34
f 2065/609/612 2064/608/611 1812/356/357 1775/320/321
f 2067/611/614 2065/609/612 1775/320/321 1776/319/320
f 2069/613/616 2067/611/614 1776/319/320 2040/584/586
f 2071/615/618 2069/613/616 2040/584/586 2008/552/554
f 2073/617/620 2071/615/618 2008/552/554 1890/435/437
f 2075/619/622 2073/617/620 1890/435/437 1891/434/436
f 2077/621/624 2075/619/622 1891/434/436 1954/499/501
f 2079/3308/626 2077/621/624 1954/499/501 1955/3307/500
f 2083/627/630 2082/626/629 1719/264/265 1720/263/264
f 2085/629/632 2083/627/630 1720/263/264 1672/216/217
f 2087/631/634 2085/629/632 1672/216/217 1635/180/181
f 2089/633/636 2087/631/634 1635/180/181 1636/179/180
f 2091/635/638 2089/633/636 1636/179/180 1579/124/125
f 2093/637/640 2091/635/638 1579/124/125 1580/123/124
f 2095/639/642 2093/637/640 1580/123/124 1530/74/74
f 2097/641/644 2095/639/642 1530/74/74 1491/35/35
f 2097/641/644 1491/35/35 1494/3194/38 2098/642/645
f 1937/481/483 1936/3172/482 1839/383/384 1827/371/372
f 1939/483/485 1937/481/483 1827/371/372 1735/279/280
f 1733/277/278 1940/484/486 1939/483/485 1735/279/280
f 1732/276/277 1942/486/488 1940/484/486 1733/277/278
f 1945/489/491 1942/486/488 1732/276/277 1729/273/274
f 1727/271/272 1946/490/492 1945/489/491 1729/273/274
f 1725/269/270 1948/492/494 1946/490/492 1727/271/272
f 1724/268/269 1950/494/496 1948/492/494 1725/269/270
f 1953/497/499 1950/494/496 1724/268/269 1721/265/266
f 1719/264/265 1955/498/500 1953/497/499 1721/265/266
f 2082/626/629 2079/623/626 1955/498/500 1719/264/265
f 2080/625/628 2078/622/625 2079/623/626 2082/626/629
f 1717/261/262 1959/503/505 2078/622/625 2080/625/628
f 1715/259/260 1956/500/502 1959/503/505 1717/261/262
f 1709/253/254 1960/504/506 1956/500/502 1715/259/260
f 1707/251/252 1962/506/508 1960/504/506 1709/253/254
f 1705/3378/250 1964/508/510 1962/506/508 1707/251/252
f 1703/247/248 1966/510/512 1964/3379/510 1705/249/250
f 1702/3036/247 1968/3037/514 1966/510/512 1703/247/248
f 1697/242/243 1971/514/516 1973/517/519 1699/243/244
f 1693/237/238 1974/518/520 1977/521/523 1695/239/240
f 1691/235/236 1978/522/524 1974/518/520 1693/237/238
f 1689/233/234 1980/524/526 1978/522/524 1691/235/236
f 1687/231/232 1982/526/528 1980/524/526 1689/233/234
f 1685/229/230 1984/528/530 1982/526/528 1687/231/232
f 1683/227/228 1986/530/532 1984/528/530 1685/229/230
f 1681/226/227 1989/532/534 1986/530/532 1683/227/228
f 1712/256/257 1990/534/536 1993/3072/539 1713/3071/258
f 1854/398/399 1994/538/540 1990/534/536 1712/256/257
f 1866/3281/411 1996/540/542 1994/538/540 1854/398/399
f 2101/644/647 2100/645/648 2102/3169/649 2103/647/650
f 2104/648/651 2101/644/647 2103/647/650 2105/649/652
f 2106/650/653 2107/651/654 2104/648/651 2105/649/652
f 2108/652/655 2109/653/656 2107/651/654 2106/650/653
f 2110/654/657 2109/653/656 2108/652/655 2111/655/658
f 2112/656/659 2113/657/660 2110/654/657 2111/655/658
f 2114/658/661 2115/659/662 2113/657/660 2112/656/659
f 2116/660/663 2117/661/664 2115/659/662 2114/658/661
f 2118/3306/665 2117/661/664 2116/660/663 2119/663/666
f 2121/664/667 2120/665/668 2118/662/665 2119/3305/666
f 2123/666/669 2122/667/670 2120/665/668 2121/664/667
f 2125/668/671 2124/669/672 2122/667/670 2123/666/669
f 2126/670/673 2127/3323/674 2124/669/672 2125/668/671
f 2128/672/675 2129/673/676 2127/671/674 2126/3322/673
f 2130/674/677 2131/675/678 2129/673/676 2128/672/675
f 2132/676/679 2133/677/680 2131/675/678 2130/674/677
f 2134/678/681 2135/3377/682 2133/677/680 2132/676/679
f 2136/680/683 2137/681/684 2135/679/682 2134/3376/681
f 2138/3066/685 2139/3067/686 2137/681/684 2136/680/683
f 2141/684/687 2140/685/688 2142/686/689 2143/687/690
f 2144/688/691 2145/689/692 2146/690/693 2147/691/694
f 2148/692/695 2149/693/696 2145/689/692 2144/688/691
f 2150/694/697 2151/695/698 2149/693/696 2148/692/695
f 2152/696/699 2153/697/700 2151/695/698 2150/694/697
f 2154/698/701 2155/699/702 2153/697/700 2152/696/699
f 2156/700/703 2157/701/704 2155/699/702 2154/698/701
f 2159/702/705 2158/703/706 2157/701/704 2156/700/703
f 2160/704/707 2161/705/708 2162/3070/709 2163/3069/710
f 2164/708/711 2165/709/712 2161/705/708 2160/704/707
f 2166/710/713 2167/3280/714 2165/709/712 2164/708/711
f 2168/712/715 2169/713/716 2100/645/648 2101/644/647
f 2170/714/717 2168/712/715 2101/644/647 2104/648/651
f 2107/651/654 2171/715/718 2170/714/717 2104/648/651
f 2109/653/656 2172/716/719 2171/715/718 2107/651/654
f 2173/717/720 2172/716/719 2109/653/656 2110/654/657
f 2113/657/660 2174/718/721 2173/717/720 2110/654/657
f 2115/659/662 2175/719/722 2174/718/721 2113/657/660
f 2117/661/664 2176/720/723 2175/719/722 2115/659/662
f 2177/3303/724 2176/720/723 2117/661/664 2118/3306/665
f 2120/665/668 2178/722/725 2177/721/724 2118/662/665
f 2122/667/670 2179/723/726 2178/722/725 2120/665/668
f 2124/669/672 2180/724/727 2179/723/726 2122/667/670
f 2127/3323/674 2181/3320/728 2180/724/727 2124/669/672
f 2129/673/676 2182/726/729 2181/725/728 2127/671/674
f 2131/675/678 2183/727/730 2182/726/729 2129/673/676
f 2133/677/680 2184/728/731 2183/727/730 2131/675/678
f 2135/3377/682 2185/3372/732 2184/728/731 2133/677/680
f 2137/681/684 2186/730/733 2185/729/732 2135/679/682
f 2139/3067/686 2187/3053/734 2186/730/733 2137/681/684
f 2140/685/688 2188/732/735 2189/733/736 2142/686/689
f 2145/689/692 2190/734/737 2191/735/738 2146/690/693
f 2149/693/696 2192/736/739 2190/734/737 2145/689/692
f 2151/695/698 2193/737/740 2192/736/739 2149/693/696
f 2153/697/700 2194/738/741 2193/737/740 2151/695/698
f 2155/699/702 2195/739/742 2194/738/741 2153/697/700
f 2157/701/704 2196/740/743 2195/739/742 2155/699/702
f 2158/703/706 2197/741/744 2196/740/743 2157/701/704
f 2161/705/708 2198/742/745 2199/743/746 2162/3070/709
f 2165/709/712 2200/744/747 2198/742/745 2161/705/708
f 2167/3280/714 2201/3258/748 2200/744/747 2165/709/712
f 2103/647/650 2102/3169/649 1843/387/388 1831/375/376
f 2105/649/652 2103/647/650 1831/375/376 1820/364/365
f 1819/363/364 2106/650/653 2105/649/652 1820/364/365
f 1818/362/363 2108/652/655 2106/650/653 1819/363/364
f 2111/655/658 2108/652/655 1818/362/363 1817/361/362
f 1816/360/361 2112/656/659 2111/655/658 1817/361/362
f 1815/359/360 2114/658/661 2112/656/659 1816/360/361
f 1814/358/359 2116/660/663 2114/658/661 1815/359/360
f 2119/663/666 2116/660/663 1814/358/359 1813/3304/358
f 1812/356/357 2121/664/667 2119/3305/666 1813/357/358
f 2064/608/611 2123/666/669 2121/664/667 1812/356/357
f 2062/607/610 2125/668/671 2123/666/669 2064/608/611
f 1811/3321/356 2126/670/673 2125/668/671 2062/607/610
f 1810/354/355 2128/672/675 2126/3322/673 1811/355/356
f 1807/351/352 2130/674/677 2128/672/675 1810/354/355
f 1806/350/351 2132/676/679 2130/674/677 1807/351/352
f 1805/3375/350 2134/678/681 2132/676/679 1806/350/351
f 1804/348/349 2136/680/683 2134/3376/681 1805/349/350
f 1803/3035/348 2138/3066/685 2136/680/683 1804/348/349
f 1801/345/346 2141/684/687 2143/687/690 1802/346/347
f 1799/343/344 2144/688/691 2147/691/694 1800/344/345
f 1798/342/343 2148/692/695 2144/688/691 1799/343/344
f 1797/341/342 2150/694/697 2148/692/695 1798/342/343
f 1796/340/341 2152/696/699 2150/694/697 1797/341/342
f 1795/339/340 2154/698/701 2152/696/699 1796/340/341
f 1794/338/339 2156/700/703 2154/698/701 1795/339/340
f 1793/337/338 2159/702/705 2156/700/703 1794/338/339
f 1808/352/353 2160/704/707 2163/3069/710 1809/3068/354
f 1857/401/402 2164/708/711 2160/704/707 1808/352/353
f 1868/3278/413 2166/710/713 2164/708/711 1857/401/402
f 2146/690/693 2191/735/738 2188/732/735 2140/685/688
f 2147/691/694 2146/690/693 2140/685/688 2141/684/687
f 1800/344/345 2147/691/694 2141/684/687 1801/345/346
f 1751/295/296 1800/344/345 1801/345/346 1753/298/299
f 1752/296/297 1751/295/296 1753/298/299 1754/297/298
f 2051/595/597 1752/296/297 1754/297/298 2048/592/594
f 2019/563/565 2051/595/597 2048/592/594 2016/560/562
f 1912/456/458 2019/563/565 2016/560/562 1906/451/453
f 1913/457/459 1912/456/458 1906/451/453 1907/450/452
f 1976/520/522 1913/457/459 1907/450/452 1970/515/517
f 1977/521/523 1976/520/522 1970/515/517 1971/514/516
f 1695/239/240 1977/521/523 1971/514/516 1697/242/243
f 1696/240/241 1695/239/240 1697/242/243 1698/241/242
f 1660/204/205 1696/240/241 1698/241/242 1661/205/206
f 1611/155/156 1660/204/205 1661/205/206 1613/158/159
f 1612/156/157 1611/155/156 1613/158/159 1614/157/158
f 1555/99/99 1612/156/157 1614/157/158 1557/102/102
f 1556/100/100 1555/99/99 1557/102/102 1558/3025/101
f 1520/64/64 1556/3024/100 1558/101/101 1521/65/65
f 1471/15/15 1520/64/64 1521/65/65 1473/17/17
f 1471/15/15 1473/17/17 1476/3192/20 1472/16/16
f 1474/18/18 1477/21/21 1480/3190/24 1475/19/19
f 1522/66/66 1523/67/67 1477/21/21 1474/18/18
f 1560/3033/104 1561/105/105 1523/67/67 1522/66/66
f 1559/103/103 1562/106/106 1561/3034/105 1560/104/104
f 1616/160/161 1617/161/162 1562/106/106 1559/103/103
f 1615/159/160 1618/162/163 1617/161/162 1616/160/161
f 1662/206/207 1663/207/208 1618/162/163 1615/159/160
f 1700/244/245 1701/245/246 1663/207/208 1662/206/207
f 1699/243/244 1702/246/247 1701/245/246 1700/244/245
f 1973/517/519 1968/512/514 1702/246/247 1699/243/244
f 1972/516/518 1969/513/515 1968/512/514 1973/517/519
f 1909/453/455 1904/448/450 1969/513/515 1972/516/518
f 1908/452/454 1905/449/451 1904/448/450 1909/453/455
f 2017/561/563 2015/559/561 1905/449/451 1908/452/454
f 2049/593/595 2047/591/593 2015/559/561 2017/561/563
f 1756/300/301 1757/301/302 2047/591/593 2049/593/595
f 1755/299/300 1758/302/303 1757/301/302 1756/300/301
f 1802/346/347 1803/347/348 1758/302/303 1755/299/300
f 2143/687/690 2138/682/685 1803/347/348 1802/346/347
f 2142/686/689 2139/683/686 2138/682/685 2143/687/690
f 2189/733/736 2187/731/734 2139/683/686 2142/686/689
f 2162/706/709 2199/3087/746 2197/741/744 2158/703/706
f 2163/707/710 2162/706/709 2158/703/706 2159/702/705
f 1809/353/354 2163/707/710 2159/702/705 1793/337/338
f 1769/313/314 1809/353/354 1793/337/338 1737/282/283
f 1770/314/315 1769/313/314 1737/282/283 1738/281/282
f 2059/603/605 1770/314/315 1738/281/282 2057/601/603
f 2027/571/573 2059/603/605 2057/601/603 2025/569/571
f 1928/472/474 2027/571/573 2025/569/571 1924/469/471
f 1929/473/475 1928/472/474 1924/469/471 1925/468/470
f 1992/536/538 1929/473/475 1925/468/470 1988/533/535
f 1993/537/539 1992/536/538 1988/533/535 1989/532/534
f 1713/257/258 1993/537/539 1989/532/534 1681/226/227
f 1714/258/259 1713/257/258 1681/226/227 1682/225/226
f 1669/213/214 1714/258/259 1682/225/226 1653/197/198
f 1629/173/174 1669/213/214 1653/197/198 1597/142/143
f 1630/174/175 1629/173/174 1597/142/143 1598/141/142
f 1573/117/117 1630/174/175 1598/141/142 1541/86/86
f 1574/118/118 1573/117/117 1541/86/86 1542/3022/85
f 1540/84/84 1574/3023/118 1542/85/85 1513/57/57
f 1512/56/56 1540/84/84 1513/57/57 1459/3/3
f 1458/3187/2 1509/53/53 1512/56/56 1459/3/3
s 34
f 2202/3249/749 2203/747/750 2204/748/751 2205/749/752
f 2203/747/750 2202/3249/749 2206/3248/753 2207/751/754
f 2207/751/754 2206/3248/753 2208/3247/755 2209/753/756
f 2209/753/756 2208/3247/755 2210/3246/757 2211/755/758
f 2211/755/758 2210/3246/757 2212/3245/759 2213/757/760
f 2213/757/760 2212/3245/759 2214/3244/761 2215/759/762
f 2215/759/762 2214/3244/761 2216/3225/763 2217/761/764
f 2218/762/765 2219/763/766 2220/3223/767 2221/765/768
f 2223/766/769 2222/767/770 2224/3243/771 2225/769/772
f 2225/769/772 2224/3243/771 2226/3242/773 2227/3367/774
f 2227/771/774 2226/3368/773 2228/3241/775 2229/773/776
f 2229/773/776 2228/3241/775 2230/3240/777 2231/775/778
f 2231/775/778 2230/3240/777 2232/3239/779 2233/777/780
f 2233/777/780 2232/3239/779 2234/3229/781 2235/779/782
f 2236/780/783 2237/781/784 2238/3231/785 2239/783/786
f 2241/784/787 2240/785/788 2242/3238/789 2243/787/790
f 2243/787/790 2242/3238/789 2244/3237/791 2245/789/792
f 2245/789/792 2244/3237/791 2246/3233/793 2247/791/794
f 2249/792/795 2248/793/796 2250/3236/797 2251/795/798
f 2251/795/798 2250/3236/797 2252/3253/799 2253/3254/800
f 2254/3222/801 2255/799/802 2256/800/803 2257/801/804
f 2204/748/751 2203/747/750 2258/802/805 2259/803/806
f 2203/747/750 2207/751/754 2260/804/807 2258/802/805
f 2207/751/754 2209/753/756 2261/805/808 2260/804/807
f 2209/753/756 2211/755/758 2262/806/809 2261/805/808
f 2211/755/758 2213/757/760 2263/807/810 2262/806/809
f 2213/757/760 2215/759/762 2264/808/811 2263/807/810
f 2215/759/762 2217/761/764 2265/809/812 2264/808/811
f 2218/762/765 2221/765/768 2266/810/813 2267/811/814
f 2223/766/769 2225/769/772 2268/812/815 2269/813/816
f 2225/769/772 2227/3367/774 2270/3362/817 2268/812/815
f 2227/771/774 2229/773/776 2271/815/818 2270/814/817
f 2229/773/776 2231/775/778 2272/816/819 2271/815/818
f 2231/775/778 2233/777/780 2273/817/820 2272/816/819
f 2233/777/780 2235/779/782 2274/818/821 2273/817/820
f 2236/780/783 2239/783/786 2275/819/822 2276/820/823
f 2241/784/787 2243/787/790 2277/821/824 2278/3122/825
f 2243/787/790 2245/789/792 2279/823/826 2277/821/824
f 2245/789/792 2247/791/794 2280/824/827 2279/823/826
f 2249/792/795 2251/795/798 2281/825/828 2282/826/829
f 2251/795/798 2253/3254/800 2283/827/830 2281/825/828
f 2256/800/803 2255/799/802 2284/828/831 2285/829/832
f 2287/830/833 2286/3115/834 2288/832/835 2289/833/836
f 2286/3115/834 2290/3114/837 2291/835/838 2288/832/835
f 2290/3114/837 2292/3110/839 2293/837/840 2291/835/838
f 2292/3110/839 2294/3108/841 2295/839/842 2293/837/840
f 2294/3108/841 2296/3109/843 2297/841/844 2295/839/842
f 2296/3109/843 2298/3107/845 2299/843/846 2297/841/844
f 2298/3107/845 2300/3103/847 2301/845/848 2299/843/846
f 2302/846/849 2303/3101/850 2304/848/851 2305/849/852
f 2306/3102/853 2307/851/854 2308/852/855 2309/3105/856
f 2307/851/854 2310/854/857 2311/3364/858 2308/852/855
f 2310/3363/857 2312/856/859 2313/857/860 2311/855/858
f 2312/856/859 2314/858/861 2315/859/862 2313/857/860
f 2317/860/863 2316/861/864 2318/3113/865 2319/863/866
f 2314/858/861 2320/864/867 2321/865/868 2315/859/869
f 2320/864/867 2322/866/870 2323/867/871 2321/865/868
f 2324/868/872 2325/3124/873 2326/3121/874 2327/871/875
f 2328/872/876 2329/873/877 2330/3131/878 2331/3120/879
f 2329/3126/877 2332/876/880 2333/877/881 2330/874/878
f 2332/876/880 2334/878/882 2335/879/883 2333/877/881
f 2336/880/884 2337/881/885 2338/882/886 2339/883/887
f 2337/881/885 2340/884/888 2341/885/889 2338/882/886
f 2343/886/890 2342/887/891 2344/888/892 2345/889/893
f 2342/887/891 2346/890/894 2347/891/895 2344/888/892
f 2346/890/894 2348/892/896 2349/893/897 2347/891/895
f 2348/892/896 2350/894/898 2351/895/899 2349/893/897
f 2350/894/898 2352/896/900 2353/897/901 2351/895/899
f 2352/896/900 2354/898/902 2355/899/903 2353/897/901
f 2354/898/902 2356/900/904 2357/901/905 2355/899/903
f 2358/902/906 2359/903/907 2360/904/908 2361/905/909
f 2362/3106/910 2363/907/911 2364/908/912 2365/3065/913
f 2363/907/911 2366/910/914 2367/3366/915 2364/908/912
f 2366/3365/914 2368/912/916 2369/913/917 2367/911/915
f 2368/912/916 2370/914/918 2371/915/919 2369/913/917
f 2373/916/920 2372/3098/921 2374/3100/922 2375/919/923
f 2370/914/918 2376/920/924 2377/921/925 2371/915/919
f 2376/920/924 2378/922/926 2379/923/927 2377/921/925
f 2380/924/928 2381/925/929 2382/3129/930 2383/927/931
f 2384/928/932 2385/3130/933 2386/3128/934 2387/931/935
f 2385/929/933 2388/932/936 2389/933/937 2386/930/934
f 2388/932/936 2390/934/938 2391/935/939 2389/933/937
f 2392/936/940 2393/937/941 2394/938/942 2395/939/943
f 2393/937/941 2396/940/944 2397/941/945 2394/938/942
f 2345/889/893 2344/888/892 2398/942/946 2399/943/947
f 2344/888/892 2347/891/895 2400/944/948 2398/942/946
f 2347/891/895 2349/893/897 2401/945/949 2400/944/948
f 2349/893/897 2351/895/899 2402/946/950 2401/945/949
f 2351/895/899 2353/897/901 2403/947/951 2402/946/950
f 2353/897/901 2355/899/903 2404/948/952 2403/947/951
f 2355/899/903 2357/901/905 2405/949/953 2404/948/952
f 2361/905/909 2360/904/908 2406/950/954 2407/951/955
f 2365/3065/913 2364/908/912 2408/952/956 2409/3062/957
f 2364/908/912 2367/3366/915 2410/3360/958 2408/952/956
f 2367/911/915 2369/913/917 2411/955/959 2410/954/958
f 2369/913/917 2371/915/919 2412/956/960 2411/955/959
f 2375/919/923 2374/3100/922 2413/3096/961 2414/958/962
f 2371/915/919 2377/921/925 2415/959/963 2412/956/960
f 2377/921/925 2379/923/927 2416/960/964 2415/959/963
f 2383/927/931 2382/3129/930 2417/961/965 2418/962/966
f 2387/931/935 2386/3128/934 2419/3127/967 2420/3116/968
f 2386/930/934 2389/933/937 2421/965/969 2419/963/967
f 2389/933/937 2391/935/939 2422/966/970 2421/965/969
f 2395/939/943 2394/938/942 2423/967/971 2424/968/972
f 2394/938/942 2397/941/945 2425/969/973 2423/967/971
f 2427/970/974 2426/971/975 2428/972/976 2429/973/977
f 2426/971/975 2430/974/978 2431/975/979 2428/972/976
f 2430/974/978 2432/976/980 2433/977/981 2431/975/979
f 2432/976/980 2434/978/982 2435/979/983 2433/977/981
f 2434/978/982 2436/980/984 2437/981/985 2435/979/983
f 2436/980/984 2438/982/986 2439/983/987 2437/981/985
f 2438/982/986 2440/984/988 2441/985/989 2439/983/987
f 2442/986/990 2443/987/991 2444/988/992 2445/989/993
f 2446/3063/994 2447/991/995 2448/992/996 2449/3054/997
f 2447/991/995 2450/994/998 2451/3353/999 2448/992/996
f 2450/3361/998 2452/996/1000 2453/997/1001 2451/995/999
f 2452/996/1000 2454/998/1002 2455/999/1003 2453/997/1001
f 2457/1000/1004 2456/3097/1005 2458/3088/1006 2459/1003/1007
f 2454/998/1002 2460/1004/1008 2461/1005/1009 2455/999/1003
f 2460/1004/1008 2462/1006/1010 2463/1007/1011 2461/1005/1009
f 2464/1008/1012 2465/1009/1013 2466/1010/1014 2467/1011/1015
f 2468/1012/1016 2469/1013/1017 2470/1014/1018 2471/1015/1019
f 2469/1013/1017 2472/1016/1020 2473/1017/1021 2470/1014/1018
f 2472/1016/1020 2474/1018/1022 2475/1019/1023 2473/1017/1021
f 2476/1020/1024 2477/1021/1025 2478/1022/1026 2479/1023/1027
f 2477/1021/1025 2480/1024/1028 2481/1025/1029 2478/1022/1026
f 2483/1026/1030 2482/1027/1031 2484/1028/1032 2485/1029/1033
f 2482/1027/1031 2486/1030/1034 2487/1031/1035 2484/1028/1032
f 2486/1030/1034 2488/1032/1036 2489/1033/1037 2487/1031/1035
f 2488/1032/1036 2490/1034/1038 2491/1035/1039 2489/1033/1037
f 2490/1034/1038 2492/1036/1040 2493/1037/1041 2491/1035/1039
f 2492/1036/1040 2494/1038/1042 2495/1039/1043 2493/1037/1041
f 2494/1038/1042 2496/1040/1044 2497/1041/1045 2495/1039/1043
f 2498/1042/1046 2499/1043/1047 2500/1044/1048 2501/1045/1049
f 2502/3059/1050 2503/1047/1051 2504/1048/1052 2505/3064/1053
f 2503/1047/1051 2506/1050/1054 2507/3373/1055 2504/1048/1052
f 2506/3374/1054 2508/1052/1056 2509/1053/1057 2507/1051/1055
f 2508/1052/1056 2510/1054/1058 2511/1055/1059 2509/1053/1057
f 2513/1056/1060 2512/3093/1061 2514/3099/1062 2515/1059/1063
f 2510/1054/1058 2516/1060/1064 2517/1061/1065 2511/1055/1059
f 2516/1060/1064 2518/3337/1066 2519/3346/1067 2517/1061/1065
f 2520/1064/1068 2521/1065/1069 2522/3344/1070 2523/1067/1071
f 2524/1068/1072 2525/1069/1073 2526/1070/1074 2527/1071/1075
f 2525/1069/1073 2528/1072/1076 2529/1073/1077 2526/1070/1074
f 2528/1072/1076 2530/1074/1078 2531/1075/1079 2529/1073/1077
f 2532/1076/1080 2533/1077/1081 2534/1078/1082 2535/1079/1083
f 2533/1077/1081 2536/1080/1084 2537/1081/1085 2534/1078/1082
f 2485/1029/1033 2484/1028/1032 2538/1082/1086 2539/1083/1087
f 2484/1028/1032 2487/1031/1035 2540/1084/1088 2538/1082/1086
f 2487/1031/1035 2489/1033/1037 2541/1085/1089 2540/1084/1088
f 2489/1033/1037 2491/1035/1039 2542/1086/1090 2541/1085/1089
f 2491/1035/1039 2493/1037/1041 2543/1087/1091 2542/1086/1090
f 2493/1037/1041 2495/1039/1043 2544/1088/1092 2543/1087/1091
f 2495/1039/1043 2497/1041/1045 2545/1089/1093 2544/1088/1092
f 2501/1045/1049 2500/1044/1048 2546/1090/1094 2547/1091/1095
f 2505/3064/1053 2504/1048/1052 2548/1092/1096 2549/3050/1097
f 2504/1048/1052 2507/3373/1055 2550/3369/1098 2548/1092/1096
f 2507/1051/1055 2509/1053/1057 2551/1095/1099 2550/1094/1098
f 2509/1053/1057 2511/1055/1059 2552/1096/1100 2551/1095/1099
f 2515/1059/1063 2514/3099/1062 2553/3084/1101 2554/1098/1102
f 2511/1055/1059 2517/1061/1065 2555/1099/1103 2552/1096/1100
f 2517/1061/1065 2519/3346/1067 2556/3347/1104 2555/1099/1103
f 2523/1067/1071 2522/3344/1070 2557/3345/1105 2558/1102/1106
f 2527/1071/1075 2526/1070/1074 2559/1103/1107 2560/1104/1108
f 2526/1070/1074 2529/1073/1077 2561/1105/1109 2559/1103/1107
f 2529/1073/1077 2531/1075/1079 2562/1106/1110 2561/1105/1109
f 2535/1079/1083 2534/1078/1082 2563/1107/1111 2564/1108/1112
f 2534/1078/1082 2537/1081/1085 2565/1109/1113 2563/1107/1111
f 2283/827/830 2253/3254/800 2566/3250/1114 2567/1111/1115
f 2341/885/889 2340/884/888 2568/1112/1116 2569/1113/1117
f 2425/969/973 2397/941/945 2570/1114/1118 2571/1115/1119
f 2481/1025/1029 2480/1024/1028 2572/1116/1120 2573/1117/1121
f 2537/1081/1085 2536/1080/1084 2574/1118/1122 2575/1119/1123
f 2565/1109/1113 2537/1081/1085 2575/1119/1123 2576/1120/1124
f 2397/941/945 2396/940/944 2577/1121/1125 2570/1114/1118
f 2567/1111/1115 2566/3250/1114 2578/3251/1126 2579/3162/1127
f 2569/1113/1117 2568/1112/1116 2580/1124/1128 2581/3164/1129
f 2571/1115/1119 2570/1114/1118 2582/1126/1130 2583/3160/1131
f 2573/1117/1121 2572/1116/1120 2584/1128/1132 2585/3152/1133
f 2575/1119/1123 2574/1118/1122 2586/1130/1134 2587/3167/1135
f 2576/1120/1124 2575/1119/1123 2587/3167/1135 2588/3148/1136
f 2570/1114/1118 2577/1121/1125 2589/1133/1137 2582/1126/1130
f 2257/801/804 2256/800/803 2590/1134/1138 2591/3277/1139
f 2256/800/803 2285/829/832 2592/1136/1140 2590/1134/1138
f 2317/860/863 2319/863/866 2593/1137/1141 2594/1138/1142
f 2373/916/920 2375/919/923 2595/1139/1143 2596/1140/1144
f 2375/919/923 2414/958/962 2597/1141/1145 2595/1139/1143
f 2457/1000/1004 2459/1003/1007 2598/1142/1146 2599/1143/1147
f 2513/1056/1060 2515/1059/1063 2600/1144/1148 2601/1145/1149
f 2515/1059/1063 2554/1098/1102 2602/1146/1150 2600/1144/1148
f 2590/1134/1138 2592/1136/1140 2603/1147/1151 2604/3276/1152
f 2594/1138/1142 2593/1137/1141 2605/1149/1153 2606/3270/1154
f 2596/1140/1144 2595/1139/1143 2607/1151/1155 2608/3272/1156
f 2595/1139/1143 2597/1141/1145 2609/1153/1157 2607/1151/1155
f 2599/1143/1147 2598/1142/1146 2610/1154/1158 2611/3268/1159
f 2600/1144/1148 2602/1146/1150 2612/1156/1160 2613/3273/1161
f 2601/1145/1149 2600/1144/1148 2613/3273/1162 2614/3264/1163
f 2577/1121/1125 2569/1113/1117 2581/3164/1129 2589/1133/1137
f 2396/940/944 2341/885/889 2569/1113/1117 2577/1121/1125
f 2338/882/886 2341/885/889 2396/940/944 2393/937/941
f 2339/883/887 2338/882/886 2393/937/941 2392/936/940
f 2333/877/881 2335/879/883 2390/934/938 2388/932/936
f 2330/874/878 2333/877/881 2388/932/936 2385/929/933
f 2331/875/879 2330/874/878 2385/929/933 2384/3119/932
f 2327/871/875 2326/3121/874 2381/925/929 2380/924/928
f 2321/865/868 2323/867/871 2378/922/926 2376/920/924
f 2315/859/869 2321/865/868 2376/920/924 2370/914/918
f 2313/857/860 2315/859/862 2370/914/918 2368/912/916
f 2311/855/858 2313/857/860 2368/912/916 2366/3365/914
f 2308/852/855 2311/3364/858 2366/910/914 2363/907/911
f 2309/3105/856 2308/852/855 2363/907/911 2362/3106/910
f 2305/849/852 2304/848/851 2359/903/907 2358/902/906
f 2299/843/846 2301/845/848 2356/900/904 2354/898/902
f 2297/841/844 2299/843/846 2354/898/902 2352/896/900
f 2295/839/842 2297/841/844 2352/896/900 2350/894/898
f 2293/837/840 2295/839/842 2350/894/898 2348/892/896
f 2291/835/838 2293/837/840 2348/892/896 2346/890/894
f 2288/832/835 2291/835/838 2346/890/894 2342/887/891
f 2289/833/836 2288/832/835 2342/887/891 2343/886/890
f 2319/863/866 2318/3113/865 2372/3098/921 2373/916/920
f 2593/1137/1141 2319/863/866 2373/916/920 2596/1140/1144
f 2605/1149/1153 2593/1137/1141 2596/1140/1144 2608/3272/1156
f 2247/791/794 2246/3233/793 2248/793/796 2249/792/795
f 2280/824/827 2247/791/794 2249/792/795 2282/826/829
f 2335/879/883 2334/878/882 2336/880/884 2339/883/887
f 2390/934/938 2335/879/883 2339/883/887 2392/936/940
f 2391/935/939 2390/934/938 2392/936/940 2395/939/943
f 2422/966/970 2391/935/939 2395/939/943 2424/968/972
f 2475/1019/1023 2474/1018/1022 2476/1020/1024 2479/1023/1027
f 2531/1075/1079 2530/1074/1078 2532/1076/1080 2535/1079/1083
f 2562/1106/1110 2531/1075/1079 2535/1079/1083 2564/1108/1112
f 2568/1112/1116 2567/1111/1115 2579/3162/1127 2580/1124/1128
f 2340/884/888 2283/827/830 2567/1111/1115 2568/1112/1116
f 2281/825/828 2283/827/830 2340/884/888 2337/881/885
f 2282/826/829 2281/825/828 2337/881/885 2336/880/884
f 2334/878/882 2280/824/827 2282/826/829 2336/880/884
f 2279/823/826 2280/824/827 2334/878/882 2332/876/880
f 2277/821/824 2279/823/826 2332/876/880 2329/3126/877
f 2278/822/825 2277/3125/824 2329/873/877 2328/872/876
f 2276/820/823 2275/819/822 2325/3124/873 2324/868/872
f 2273/817/820 2274/818/821 2322/866/870 2320/864/867
f 2272/816/819 2273/817/820 2320/864/867 2314/858/861
f 2271/815/818 2272/816/819 2314/858/861 2312/856/859
f 2270/814/817 2271/815/818 2312/856/859 2310/3363/857
f 2268/812/815 2270/3362/817 2310/854/857 2307/851/854
f 2269/813/816 2268/812/815 2307/851/854 2306/3102/853
f 2267/811/814 2266/810/813 2303/847/850 2302/3104/849
f 2264/808/811 2265/809/812 2300/844/847 2298/842/845
f 2263/807/810 2264/808/811 2298/842/845 2296/840/843
f 2262/806/809 2263/807/810 2296/840/843 2294/838/841
f 2261/805/808 2262/806/809 2294/838/841 2292/836/839
f 2260/804/807 2261/805/808 2292/836/839 2290/834/837
f 2258/802/805 2260/804/807 2290/834/837 2286/831/834
f 2259/803/806 2258/802/805 2286/831/834 2287/3111/833
f 2285/829/832 2284/828/831 2316/861/864 2317/860/863
f 2592/1136/1140 2285/829/832 2317/860/863 2594/1138/1142
f 2603/1147/1151 2592/1136/1140 2594/1138/1142 2606/3270/1154
f 2239/783/786 2238/3231/785 2240/785/788 2241/784/787
f 2275/819/822 2239/783/786 2241/784/787 2278/3122/825
f 2325/869/873 2275/3123/822 2278/822/825 2328/872/876
f 2326/870/874 2325/869/873 2328/872/876 2331/3120/879
f 2381/925/929 2326/3121/874 2331/875/879 2384/3119/932
f 2382/926/930 2381/3118/929 2384/928/932 2387/931/935
f 2417/3117/965 2382/926/930 2387/931/935 2420/3116/968
f 2466/1010/1014 2465/1009/1013 2468/1012/1016 2471/1015/1019
f 2522/1066/1070 2521/3339/1069 2524/1068/1072 2527/1071/1075
f 2557/1101/1105 2522/1066/1070 2527/1071/1075 2560/1104/1108
f 2616/1159/1164 2615/1160/1165 2617/1161/1166 2618/3159/1167
f 2620/1163/1168 2619/1164/1169 2615/1160/1165 2616/1159/1164
f 2621/1165/1170 2619/1164/1169 2620/1163/1168 2622/1166/1171
f 2623/1167/1172 2621/1165/1170 2622/1166/1171 2624/1168/1173
f 2626/1169/1174 2625/1170/1175 2623/1167/1172 2624/1168/1173
f 2627/1171/1176 2625/1170/1175 2626/1169/1174 2628/1172/1177
f 2629/1173/1178 2627/1171/1176 2628/1172/1177 2630/1174/1179
f 2631/1175/1180 2629/1173/1178 2630/1174/1179 2632/1176/1181
f 2634/1177/1182 2633/3335/1183 2631/1175/1180 2632/1176/1181
f 2635/1179/1184 2633/1178/1183 2634/3343/1182 2636/1180/1185
f 2638/1181/1186 2637/3333/1187 2639/3342/1188 2640/1184/1189
f 2641/1185/1190 2638/1181/1186 2640/1184/1189 2642/1186/1191
f 2643/1187/1192 2641/1185/1190 2642/1186/1191 2644/1188/1193
f 2645/3356/1194 2643/1187/1192 2644/1188/1193 2646/1190/1195
f 2647/1191/1196 2645/1189/1194 2646/3359/1195 2648/1192/1197
f 2649/3057/1198 2647/1191/1196 2648/1192/1197 2650/3061/1199
f 2652/1195/1200 2651/1196/1201 2653/1197/1202 2654/1198/1203
f 2656/1199/1204 2655/1200/1205 2657/1201/1206 2658/1202/1207
f 2659/1203/1208 2656/1199/1204 2658/1202/1207 2660/1204/1209
f 2661/1205/1210 2659/1203/1208 2660/1204/1209 2662/1206/1211
f 2663/1207/1212 2661/1205/1210 2662/1206/1211 2664/1208/1213
f 2665/1209/1214 2663/1207/1212 2664/1208/1213 2666/1210/1215
f 2667/1211/1216 2665/1209/1214 2666/1210/1215 2668/1212/1217
f 2669/1213/1218 2667/1211/1216 2668/1212/1217 2670/1214/1219
f 2672/1215/1220 2671/3091/1221 2673/3095/1222 2674/1218/1223
f 2675/1219/1224 2672/1215/1220 2674/1218/1223 2676/1220/1225
f 2677/3262/1226 2675/1219/1224 2676/1220/1225 2678/1222/1227
f 2572/1116/1120 2571/1115/1119 2583/3160/1131 2584/1128/1132
f 2480/1024/1028 2425/969/973 2571/1115/1119 2572/1116/1120
f 2423/967/971 2425/969/973 2480/1024/1028 2477/1021/1025
f 2424/968/972 2423/967/971 2477/1021/1025 2476/1020/1024
f 2474/1018/1022 2422/966/970 2424/968/972 2476/1020/1024
f 2421/965/969 2422/966/970 2474/1018/1022 2472/1016/1020
f 2419/963/967 2421/965/969 2472/1016/1020 2469/1013/1017
f 2420/964/968 2419/963/967 2469/1013/1017 2468/1012/1016
f 2465/1009/1013 2417/961/965 2420/964/968 2468/1012/1016
f 2418/962/966 2417/961/965 2465/1009/1013 2464/1008/1012
f 2415/959/963 2416/960/964 2462/1006/1010 2460/1004/1008
f 2412/956/960 2415/959/963 2460/1004/1008 2454/998/1002
f 2411/955/959 2412/956/960 2454/998/1002 2452/996/1000
f 2410/954/958 2411/955/959 2452/996/1000 2450/3361/998
f 2408/952/956 2410/3360/958 2450/994/998 2447/991/995
f 2409/3062/957 2408/952/956 2447/991/995 2446/3063/994
f 2407/951/955 2406/950/954 2443/987/991 2442/986/990
f 2404/948/952 2405/949/953 2440/984/988 2438/982/986
f 2403/947/951 2404/948/952 2438/982/986 2436/980/984
f 2402/946/950 2403/947/951 2436/980/984 2434/978/982
f 2401/945/949 2402/946/950 2434/978/982 2432/976/980
f 2400/944/948 2401/945/949 2432/976/980 2430/974/978
f 2398/942/946 2400/944/948 2430/974/978 2426/971/975
f 2399/943/947 2398/942/946 2426/971/975 2427/970/974
f 2414/958/962 2413/3096/961 2456/3097/1005 2457/1000/1004
f 2597/1141/1145 2414/958/962 2457/1000/1004 2599/1143/1147
f 2609/1153/1157 2597/1141/1145 2599/1143/1147 2611/3268/1159
f 2680/1223/1228 2679/1224/1229 2681/1225/1230 2682/3154/1231
f 2684/1227/1232 2683/1228/1233 2679/1224/1229 2680/1223/1228
f 2685/1229/1234 2683/1228/1233 2684/1227/1232 2686/1230/1235
f 2687/1231/1236 2685/1229/1234 2686/1230/1235 2688/1232/1237
f 2690/1233/1238 2689/1234/1239 2687/1231/1236 2688/1232/1237
f 2691/1235/1240 2689/1234/1239 2690/1233/1238 2692/1236/1241
f 2693/1237/1242 2691/1235/1240 2692/1236/1241 2694/1238/1243
f 2695/1239/1244 2693/1237/1242 2694/1238/1243 2696/1240/1245
f 2698/1241/1246 2697/1242/1247 2695/1239/1244 2696/1240/1245
f 2699/3348/1248 2697/3352/1247 2698/3334/1246 2700/1244/1249
f 2702/1245/1250 2701/1246/1251 2703/3332/1252 2704/1248/1253
f 2705/1249/1254 2702/1245/1250 2704/1248/1253 2706/1250/1255
f 2707/1251/1256 2705/1249/1254 2706/1250/1255 2708/1252/1257
f 2709/3354/1258 2707/1251/1256 2708/1252/1257 2710/1254/1259
f 2711/1255/1260 2709/1253/1258 2710/3355/1259 2712/1256/1261
f 2713/3055/1262 2711/1255/1260 2712/1256/1261 2714/3056/1263
f 2716/1259/1264 2715/1260/1265 2717/1261/1266 2718/1262/1267
f 2720/1263/1268 2719/1264/1269 2721/1265/1270 2722/1266/1271
f 2723/1267/1272 2720/1263/1268 2722/1266/1271 2724/1268/1273
f 2725/1269/1274 2723/1267/1272 2724/1268/1273 2726/1270/1275
f 2727/1271/1276 2725/1269/1274 2726/1270/1275 2728/1272/1277
f 2729/1273/1278 2727/1271/1276 2728/1272/1277 2730/1274/1279
f 2731/1275/1280 2729/1273/1278 2730/1274/1279 2732/1276/1281
f 2733/1277/1282 2731/1275/1280 2732/1276/1281 2734/1278/1283
f 2736/1279/1284 2735/3089/1285 2737/3090/1286 2738/1282/1287
f 2739/1283/1288 2736/1279/1284 2738/1282/1287 2740/1284/1289
f 2741/3260/1290 2739/1283/1288 2740/1284/1289 2742/1286/1291
f 2743/1287/1292 2616/1159/1164 2618/3159/1167 2744/3158/1293
f 2745/1289/1294 2620/1163/1168 2616/1159/1164 2743/1287/1292
f 2622/1166/1171 2620/1163/1168 2745/1289/1294 2746/1290/1295
f 2624/1168/1173 2622/1166/1171 2746/1290/1295 2747/1291/1296
f 2748/1292/1297 2626/1169/1174 2624/1168/1173 2747/1291/1296
f 2628/1172/1177 2626/1169/1174 2748/1292/1297 2749/1293/1298
f 2630/1174/1179 2628/1172/1177 2749/1293/1298 2750/1294/1299
f 2632/1176/1181 2630/1174/1179 2750/1294/1299 2751/1295/1300
f 2752/1296/1301 2634/1177/1182 2632/1176/1181 2751/1295/1300
f 2636/1180/1185 2634/3343/1182 2752/3341/1301 2753/1297/1302
f 2640/1184/1189 2639/3342/1188 2754/3340/1303 2755/1299/1304
f 2642/1186/1191 2640/1184/1189 2755/1299/1304 2756/1300/1305
f 2644/1188/1193 2642/1186/1191 2756/1300/1305 2757/1301/1306
f 2646/1190/1195 2644/1188/1193 2757/1301/1306 2758/1302/1307
f 2648/1192/1197 2646/3359/1195 2758/3358/1307 2759/1303/1308
f 2650/3061/1199 2648/1192/1197 2759/1303/1308 2760/3060/1309
f 2654/1198/1203 2653/1197/1202 2761/1305/1310 2762/1306/1311
f 2658/1202/1207 2657/1201/1206 2763/1307/1312 2764/1308/1313
f 2660/1204/1209 2658/1202/1207 2764/1308/1313 2765/1309/1314
f 2662/1206/1211 2660/1204/1209 2765/1309/1314 2766/1310/1315
f 2664/1208/1213 2662/1206/1211 2766/1310/1315 2767/1311/1316
f 2666/1210/1215 2664/1208/1213 2767/1311/1316 2768/1312/1317
f 2668/1212/1217 2666/1210/1215 2768/1312/1317 2769/1313/1318
f 2670/1214/1219 2668/1212/1217 2769/1313/1318 2770/1314/1319
f 2674/1218/1223 2673/3095/1222 2771/3094/1320 2772/1316/1321
f 2676/1220/1225 2674/1218/1223 2772/1316/1321 2773/1317/1322
f 2678/1222/1227 2676/1220/1225 2773/1317/1322 2774/1318/1323
f 2775/1319/1324 2743/1287/1292 2744/3158/1293 2776/3156/1325
f 2777/1321/1326 2745/1289/1294 2743/1287/1292 2775/1319/1324
f 2746/1290/1295 2745/1289/1294 2777/1321/1326 2778/1322/1327
f 2747/1291/1296 2746/1290/1295 2778/1322/1327 2779/1323/1328
f 2780/1324/1329 2748/1292/1297 2747/1291/1296 2779/1323/1328
f 2749/1293/1298 2748/1292/1297 2780/1324/1329 2781/1325/1330
f 2750/1294/1299 2749/1293/1298 2781/1325/1330 2782/1326/1331
f 2751/1295/1300 2750/1294/1299 2782/1326/1331 2783/1327/1332
f 2784/1328/1333 2752/1296/1301 2751/1295/1300 2783/1327/1332
f 2753/1297/1302 2752/3341/1301 2784/3338/1333 2785/1329/1334
f 2755/1299/1304 2754/3340/1303 2786/3336/1335 2787/1331/1336
f 2756/1300/1305 2755/1299/1304 2787/1331/1336 2788/1332/1337
f 2757/1301/1306 2756/1300/1305 2788/1332/1337 2789/1333/1338
f 2758/1302/1307 2757/1301/1306 2789/1333/1338 2790/1334/1339
f 2759/1303/1308 2758/3358/1307 2790/3357/1339 2791/1335/1340
f 2760/3060/1309 2759/1303/1308 2791/1335/1340 2792/3058/1341
f 2762/1306/1311 2761/1305/1310 2793/1337/1342 2794/1338/1343
f 2764/1308/1313 2763/1307/1312 2795/1339/1344 2796/1340/1345
f 2765/1309/1314 2764/1308/1313 2796/1340/1345 2797/1341/1346
f 2766/1310/1315 2765/1309/1314 2797/1341/1346 2798/1342/1347
f 2767/1311/1316 2766/1310/1315 2798/1342/1347 2799/1343/1348
f 2768/1312/1317 2767/1311/1316 2799/1343/1348 2800/1344/1349
f 2769/1313/1318 2768/1312/1317 2800/1344/1349 2801/1345/1350
f 2770/1314/1319 2769/1313/1318 2801/1345/1350 2802/1346/1351
f 2772/1316/1321 2771/3094/1320 2803/3092/1352 2804/1348/1353
f 2773/1317/1322 2772/1316/1321 2804/1348/1353 2805/1349/1354
f 2774/1318/1323 2773/1317/1322 2805/1349/1354 2806/1350/1355
f 2574/1118/1122 2775/1319/1324 2776/3156/1325 2586/1130/1134
f 2536/1080/1084 2777/1321/1326 2775/1319/1324 2574/1118/1122
f 2778/1322/1327 2777/1321/1326 2536/1080/1084 2533/1077/1081
f 2779/1323/1328 2778/1322/1327 2533/1077/1081 2532/1076/1080
f 2530/1074/1078 2780/1324/1329 2779/1323/1328 2532/1076/1080
f 2781/1325/1330 2780/1324/1329 2530/1074/1078 2528/1072/1076
f 2782/1326/1331 2781/1325/1330 2528/1072/1076 2525/1069/1073
f 2783/1327/1332 2782/1326/1331 2525/1069/1073 2524/1068/1072
f 2521/3339/1069 2784/1328/1333 2783/1327/1332 2524/1068/1072
f 2785/1329/1334 2784/3338/1333 2521/1065/1069 2520/1064/1068
f 2787/1331/1336 2786/3336/1335 2518/3337/1066 2516/1060/1064
f 2788/1332/1337 2787/1331/1336 2516/1060/1064 2510/1054/1058
f 2789/1333/1338 2788/1332/1337 2510/1054/1058 2508/1052/1056
f 2790/1334/1339 2789/1333/1338 2508/1052/1056 2506/3374/1054
f 2791/1335/1340 2790/3357/1339 2506/1050/1054 2503/1047/1051
f 2792/3058/1341 2791/1335/1340 2503/1047/1051 2502/3059/1050
f 2794/1338/1343 2793/1337/1342 2499/1043/1047 2498/1042/1046
f 2796/1340/1345 2795/1339/1344 2496/1040/1044 2494/1038/1042
f 2797/1341/1346 2796/1340/1345 2494/1038/1042 2492/1036/1040
f 2798/1342/1347 2797/1341/1346 2492/1036/1040 2490/1034/1038
f 2799/1343/1348 2798/1342/1347 2490/1034/1038 2488/1032/1036
f 2800/1344/1349 2799/1343/1348 2488/1032/1036 2486/1030/1034
f 2801/1345/1350 2800/1344/1349 2486/1030/1034 2482/1027/1031
f 2802/1346/1351 2801/1345/1350 2482/1027/1031 2483/1026/1030
f 2804/1348/1353 2803/3092/1352 2512/3093/1061 2513/1056/1060
f 2805/1349/1354 2804/1348/1353 2513/1056/1060 2601/1145/1149
f 2806/1350/1355 2805/1349/1354 2601/1145/1149 2614/3264/1356
f 2615/1160/1165 2680/1223/1228 2682/3154/1231 2617/1161/1166
f 2619/1164/1169 2684/1227/1232 2680/1223/1228 2615/1160/1165
f 2686/1230/1235 2684/1227/1232 2619/1164/1169 2621/1165/1170
f 2688/1232/1237 2686/1230/1235 2621/1165/1170 2623/1167/1172
f 2625/1170/1175 2690/1233/1238 2688/1232/1237 2623/1167/1172
f 2692/1236/1241 2690/1233/1238 2625/1170/1175 2627/1171/1176
f 2694/1238/1243 2692/1236/1241 2627/1171/1176 2629/1173/1178
f 2696/1240/1245 2694/1238/1243 2629/1173/1178 2631/1175/1180
f 2633/3335/1183 2698/1241/1246 2696/1240/1245 2631/1175/1180
f 2700/1244/1249 2698/3334/1246 2633/1178/1183 2635/1179/1184
f 2704/1248/1253 2703/3332/1252 2637/3333/1187 2638/1181/1186
f 2706/1250/1255 2704/1248/1253 2638/1181/1186 2641/1185/1190
f 2708/1252/1257 2706/1250/1255 2641/1185/1190 2643/1187/1192
f 2710/1254/1259 2708/1252/1257 2643/1187/1192 2645/3356/1194
f 2712/1256/1261 2710/3355/1259 2645/1189/1194 2647/1191/1196
f 2714/3056/1263 2712/1256/1261 2647/1191/1196 2649/3057/1198
f 2718/1262/1267 2717/1261/1266 2651/1196/1201 2652/1195/1200
f 2722/1266/1271 2721/1265/1270 2655/1200/1205 2656/1199/1204
f 2724/1268/1273 2722/1266/1271 2656/1199/1204 2659/1203/1208
f 2726/1270/1275 2724/1268/1273 2659/1203/1208 2661/1205/1210
f 2728/1272/1277 2726/1270/1275 2661/1205/1210 2663/1207/1212
f 2730/1274/1279 2728/1272/1277 2663/1207/1212 2665/1209/1214
f 2732/1276/1281 2730/1274/1279 2665/1209/1214 2667/1211/1216
f 2734/1278/1283 2732/1276/1281 2667/1211/1216 2669/1213/1218
f 2738/1282/1287 2737/3090/1286 2671/3091/1221 2672/1215/1220
f 2740/1284/1289 2738/1282/1287 2672/1215/1220 2675/1219/1224
f 2742/1286/1291 2740/1284/1289 2675/1219/1224 2677/3262/1226
f 2807/1351/1357 2808/1352/1358 2809/1353/1359 2810/1354/1360
f 2811/1355/1361 2812/1356/1362 2808/1352/1358 2807/1351/1357
f 2814/1357/1363 2813/1358/1364 2812/1356/1362 2811/1355/1361
f 2816/1359/1365 2815/1360/1366 2813/1358/1364 2814/1357/1363
f 2818/1361/1367 2817/1362/1368 2815/1360/1366 2816/1359/1365
f 2820/1363/1369 2819/1364/1370 2817/1362/1368 2818/1361/1367
f 2822/1365/1371 2821/1366/1372 2819/1364/1370 2820/1363/1369
f 2824/3350/1373 2823/3349/1374 2821/1366/1372 2822/1365/1371
f 2825/1369/1375 2826/1370/1376 2827/1371/1377 2828/1372/1378
f 2830/1373/1379 2829/1374/1380 2826/1370/1376 2825/1369/1375
f 2831/1375/1381 2832/1376/1382 2829/1374/1380 2830/1373/1379
f 2833/1377/1383 2834/1378/1384 2832/1376/1382 2831/1375/1381
f 2836/1379/1385 2835/1380/1386 2834/1378/1384 2833/1377/1383
f 2837/1381/1387 2838/1382/1388 2835/1380/1386 2836/1379/1385
f 2840/1383/1389 2839/1384/1390 2838/1382/1388 2837/1381/1387
f 2841/1385/1391 2842/1386/1392 2839/1384/1390 2840/1383/1389
f 2841/1385/1391 2843/1387/1393 2844/3227/1394 2842/1386/1392
f 2519/1063/1067 2807/1351/1357 2810/1354/1360 2556/1100/1104
f 2518/1062/1066 2811/1355/1361 2807/1351/1357 2519/1063/1067
f 2786/1330/1335 2814/1357/1363 2811/1355/1361 2518/1062/1066
f 2754/1298/1303 2816/1359/1365 2814/1357/1363 2786/1330/1335
f 2639/1183/1188 2818/1361/1367 2816/1359/1365 2754/1298/1303
f 2637/1182/1187 2820/1363/1369 2818/1361/1367 2639/1183/1188
f 2703/1247/1252 2822/1365/1371 2820/1363/1369 2637/1182/1187
f 2701/3351/1251 2824/3350/1373 2822/1365/1371 2703/1247/1252
f 2462/1006/1010 2825/1369/1375 2828/1372/1378 2463/1007/1011
f 2416/960/964 2830/1373/1379 2825/1369/1375 2462/1006/1010
f 2379/923/927 2831/1375/1381 2830/1373/1379 2416/960/964
f 2378/922/926 2833/1377/1383 2831/1375/1381 2379/923/927
f 2323/867/871 2836/1379/1385 2833/1377/1383 2378/922/926
f 2322/866/870 2837/1381/1387 2836/1379/1385 2323/867/871
f 2274/818/821 2840/1383/1389 2837/1381/1387 2322/866/870
f 2235/779/782 2841/1385/1391 2840/1383/1389 2274/818/821
f 2235/779/782 2234/3229/781 2843/1387/1393 2841/1385/1391
f 2808/1352/1358 2523/1067/1071 2558/1102/1106 2809/1353/1359
f 2812/1356/1362 2520/1064/1068 2523/1067/1071 2808/1352/1358
f 2813/1358/1364 2785/1329/1334 2520/1064/1068 2812/1356/1362
f 2815/1360/1366 2753/1297/1302 2785/1329/1334 2813/1358/1364
f 2817/1362/1368 2636/1180/1185 2753/1297/1302 2815/1360/1366
f 2819/1364/1370 2635/1179/1184 2636/1180/1185 2817/1362/1368
f 2821/1366/1372 2700/1244/1249 2635/1179/1184 2819/1364/1370
f 2823/3349/1374 2699/3348/1248 2700/1244/1249 2821/1366/1372
f 2826/1370/1376 2464/1008/1012 2467/1011/1015 2827/1371/1377
f 2829/1374/1380 2418/962/966 2464/1008/1012 2826/1370/1376
f 2832/1376/1382 2383/927/931 2418/962/966 2829/1374/1380
f 2834/1378/1384 2380/924/928 2383/927/931 2832/1376/1382
f 2835/1380/1386 2327/871/875 2380/924/928 2834/1378/1384
f 2838/1382/1388 2324/868/872 2327/871/875 2835/1380/1386
f 2839/1384/1390 2276/820/823 2324/868/872 2838/1382/1388
f 2842/1386/1392 2236/780/783 2276/820/823 2839/1384/1390
f 2842/1386/1392 2844/3227/1394 2237/781/784 2236/780/783
f 2679/1224/1229 2573/1117/1121 2585/3152/1133 2681/1225/1230
f 2683/1228/1233 2481/1025/1029 2573/1117/1121 2679/1224/1229
f 2478/1022/1026 2481/1025/1029 2683/1228/1233 2685/1229/1234
f 2479/1023/1027 2478/1022/1026 2685/1229/1234 2687/1231/1236
f 2689/1234/1239 2475/1019/1023 2479/1023/1027 2687/1231/1236
f 2473/1017/1021 2475/1019/1023 2689/1234/1239 2691/1235/1240
f 2470/1014/1018 2473/1017/1021 2691/1235/1240 2693/1237/1242
f 2471/1015/1019 2470/1014/1018 2693/1237/1242 2695/1239/1244
f 2697/1242/1247 2466/1010/1014 2471/1015/1019 2695/1239/1244
f 2467/1011/1015 2466/1010/1014 2697/1242/1247 2699/1243/1248
f 2827/1371/1377 2467/1011/1015 2699/1243/1248 2823/1368/1374
f 2828/1372/1378 2827/1371/1377 2823/1368/1374 2824/1367/1373
f 2463/1007/1011 2828/1372/1378 2824/1367/1373 2701/1246/1251
f 2461/1005/1009 2463/1007/1011 2701/1246/1251 2702/1245/1250
f 2455/999/1003 2461/1005/1009 2702/1245/1250 2705/1249/1254
f 2453/997/1001 2455/999/1003 2705/1249/1254 2707/1251/1256
f 2451/995/999 2453/997/1001 2707/1251/1256 2709/3354/1258
f 2448/992/996 2451/3353/999 2709/1253/1258 2711/1255/1260
f 2449/3054/997 2448/992/996 2711/1255/1260 2713/3055/1262
f 2445/989/993 2444/988/992 2715/1260/1265 2716/1259/1264
f 2439/983/987 2441/985/989 2719/1264/1269 2720/1263/1268
f 2437/981/985 2439/983/987 2720/1263/1268 2723/1267/1272
f 2435/979/983 2437/981/985 2723/1267/1272 2725/1269/1274
f 2433/977/981 2435/979/983 2725/1269/1274 2727/1271/1276
f 2431/975/979 2433/977/981 2727/1271/1276 2729/1273/1278
f 2428/972/976 2431/975/979 2729/1273/1278 2731/1275/1280
f 2429/973/977 2428/972/976 2731/1275/1280 2733/1277/1282
f 2459/1003/1007 2458/3088/1006 2735/3089/1285 2736/1279/1284
f 2598/1142/1146 2459/1003/1007 2736/1279/1284 2739/1283/1288
f 2610/1154/1158 2598/1142/1146 2739/1283/1288 2741/3260/1290
f 2846/1389/1395 2845/1390/1396 2847/1391/1397 2848/3150/1398
f 2850/1393/1399 2849/1394/1400 2845/1390/1396 2846/1389/1395
f 2851/1395/1401 2849/1394/1400 2850/1393/1399 2852/1396/1402
f 2853/1397/1403 2851/1395/1401 2852/1396/1402 2854/1398/1404
f 2856/1399/1405 2855/1400/1406 2853/1397/1403 2854/1398/1404
f 2857/1401/1407 2855/1400/1406 2856/1399/1405 2858/1402/1408
f 2859/1403/1409 2857/1401/1407 2858/1402/1408 2860/1404/1410
f 2861/1405/1411 2859/1403/1409 2860/1404/1410 2862/1406/1412
f 2864/1407/1413 2863/3301/1414 2861/1405/1411 2862/1406/1412
f 2865/1409/1415 2863/1408/1414 2864/3302/1413 2866/1410/1416
f 2867/1411/1417 2865/1409/1415 2866/1410/1416 2868/1412/1418
f 2869/1413/1419 2867/1411/1417 2868/1412/1418 2870/1414/1420
f 2871/3318/1421 2869/1413/1419 2870/1414/1420 2872/1416/1422
f 2873/1417/1423 2871/1415/1421 2872/3319/1422 2874/1418/1424
f 2875/1419/1425 2873/1417/1423 2874/1418/1424 2876/1420/1426
f 2877/1421/1427 2875/1419/1425 2876/1420/1426 2878/1422/1428
f 2879/3370/1429 2877/1421/1427 2878/1422/1428 2880/1424/1430
f 2881/1425/1431 2879/1423/1429 2880/3371/1430 2882/1426/1432
f 2883/3051/1433 2881/1425/1431 2882/1426/1432 2884/3052/1434
f 2886/1429/1435 2885/1430/1436 2887/1431/1437 2888/1432/1438
f 2890/1433/1439 2889/1434/1440 2891/1435/1441 2892/1436/1442
f 2893/1437/1443 2890/1433/1439 2892/1436/1442 2894/1438/1444
f 2895/1439/1445 2893/1437/1443 2894/1438/1444 2896/1440/1446
f 2897/1441/1447 2895/1439/1445 2896/1440/1446 2898/1442/1448
f 2899/1443/1449 2897/1441/1447 2898/1442/1448 2900/1444/1450
f 2901/1445/1451 2899/1443/1449 2900/1444/1450 2902/1446/1452
f 2903/1447/1453 2901/1445/1451 2902/1446/1452 2904/1448/1454
f 2906/1449/1455 2905/3085/1456 2907/3086/1457 2908/1452/1458
f 2909/1453/1459 2906/1449/1455 2908/1452/1458 2910/1454/1460
f 2911/3256/1461 2909/1453/1459 2910/1454/1460 2912/1456/1462
f 2168/712/1463 2846/1389/1395 2848/3150/1398 2169/713/1464
f 2170/714/1465 2850/1393/1399 2846/1389/1395 2168/712/1463
f 2852/1396/1402 2850/1393/1399 2170/714/1465 2171/715/1466
f 2854/1398/1404 2852/1396/1402 2171/715/1466 2172/716/1467
f 2173/717/1468 2856/1399/1405 2854/1398/1404 2172/716/1467
f 2858/1402/1408 2856/1399/1405 2173/717/1468 2174/718/1469
f 2860/1404/1410 2858/1402/1408 2174/718/1469 2175/719/1470
f 2862/1406/1412 2860/1404/1410 2175/719/1470 2176/720/1471
f 2177/3303/1472 2864/1407/1413 2862/1406/1412 2176/720/1471
f 2866/1410/1416 2864/3302/1413 2177/721/1472 2178/722/1473
f 2868/1412/1418 2866/1410/1416 2178/722/1473 2179/723/1474
f 2870/1414/1420 2868/1412/1418 2179/723/1474 2180/724/1475
f 2872/1416/1422 2870/1414/1420 2180/724/1475 2181/3320/1476
f 2874/1418/1424 2872/3319/1422 2181/725/1476 2182/726/1477
f 2876/1420/1426 2874/1418/1424 2182/726/1477 2183/727/1478
f 2878/1422/1428 2876/1420/1426 2183/727/1478 2184/728/1479
f 2880/1424/1430 2878/1422/1428 2184/728/1479 2185/3372/1480
f 2882/1426/1432 2880/3371/1430 2185/729/1480 2186/730/1481
f 2884/3052/1434 2882/1426/1432 2186/730/1481 2187/3053/1482
f 2888/1432/1438 2887/1431/1437 2189/733/1483 2188/732/1484
f 2892/1436/1442 2891/1435/1441 2191/735/1485 2190/734/1486
f 2894/1438/1444 2892/1436/1442 2190/734/1486 2192/736/1487
f 2896/1440/1446 2894/1438/1444 2192/736/1487 2193/737/1488
f 2898/1442/1448 2896/1440/1446 2193/737/1488 2194/738/1489
f 2900/1444/1450 2898/1442/1448 2194/738/1489 2195/739/1490
f 2902/1446/1452 2900/1444/1450 2195/739/1490 2196/740/1491
f 2904/1448/1454 2902/1446/1452 2196/740/1491 2197/741/1492
f 2908/1452/1458 2907/3086/1457 2199/743/1493 2198/742/1494
f 2910/1454/1460 2908/1452/1458 2198/742/1494 2200/744/1495
f 2912/1456/1462 2910/1454/1460 2200/744/1495 2201/3258/1496
f 2845/1390/1396 2576/1120/1124 2588/3148/1136 2847/1391/1397
f 2849/1394/1400 2565/1109/1113 2576/1120/1124 2845/1390/1396
f 2563/1107/1111 2565/1109/1113 2849/1394/1400 2851/1395/1401
f 2564/1108/1112 2563/1107/1111 2851/1395/1401 2853/1397/1403
f 2855/1400/1406 2562/1106/1110 2564/1108/1112 2853/1397/1403
f 2561/1105/1109 2562/1106/1110 2855/1400/1406 2857/1401/1407
f 2559/1103/1107 2561/1105/1109 2857/1401/1407 2859/1403/1409
f 2560/1104/1108 2559/1103/1107 2859/1403/1409 2861/1405/1411
f 2863/3301/1414 2557/1101/1105 2560/1104/1108 2861/1405/1411
f 2558/1102/1106 2557/3345/1105 2863/1408/1414 2865/1409/1415
f 2809/1353/1359 2558/1102/1106 2865/1409/1415 2867/1411/1417
f 2810/1354/1360 2809/1353/1359 2867/1411/1417 2869/1413/1419
f 2556/1100/1104 2810/1354/1360 2869/1413/1419 2871/3318/1421
f 2555/1099/1103 2556/3347/1104 2871/1415/1421 2873/1417/1423
f 2552/1096/1100 2555/1099/1103 2873/1417/1423 2875/1419/1425
f 2551/1095/1099 2552/1096/1100 2875/1419/1425 2877/1421/1427
f 2550/1094/1098 2551/1095/1099 2877/1421/1427 2879/3370/1429
f 2548/1092/1096 2550/3369/1098 2879/1423/1429 2881/1425/1431
f 2549/3050/1097 2548/1092/1096 2881/1425/1431 2883/3051/1433
f 2547/1091/1095 2546/1090/1094 2885/1430/1436 2886/1429/1435
f 2544/1088/1092 2545/1089/1093 2889/1434/1440 2890/1433/1439
f 2543/1087/1091 2544/1088/1092 2890/1433/1439 2893/1437/1443
f 2542/1086/1090 2543/1087/1091 2893/1437/1443 2895/1439/1445
f 2541/1085/1089 2542/1086/1090 2895/1439/1445 2897/1441/1447
f 2540/1084/1088 2541/1085/1089 2897/1441/1447 2899/1443/1449
f 2538/1082/1086 2540/1084/1088 2899/1443/1449 2901/1445/1451
f 2539/1083/1087 2538/1082/1086 2901/1445/1451 2903/1447/1453
f 2554/1098/1102 2553/3084/1101 2905/3085/1456 2906/1449/1455
f 2602/1146/1150 2554/1098/1102 2906/1449/1455 2909/1453/1459
f 2612/1156/1160 2602/1146/1150 2909/1453/1459 2911/3256/1461
f 2891/1435/1441 2888/1432/1438 2188/732/1484 2191/735/1485
f 2889/1434/1440 2886/1429/1435 2888/1432/1438 2891/1435/1441
f 2545/1089/1093 2547/1091/1095 2886/1429/1435 2889/1434/1440
f 2497/1041/1045 2501/1045/1049 2547/1091/1095 2545/1089/1093
f 2496/1040/1044 2498/1042/1046 2501/1045/1049 2497/1041/1045
f 2795/1339/1344 2794/1338/1343 2498/1042/1046 2496/1040/1044
f 2763/1307/1312 2762/1306/1311 2794/1338/1343 2795/1339/1344
f 2657/1201/1206 2654/1198/1203 2762/1306/1311 2763/1307/1312
f 2655/1200/1205 2652/1195/1200 2654/1198/1203 2657/1201/1206
f 2721/1265/1270 2718/1262/1267 2652/1195/1200 2655/1200/1205
f 2719/1264/1269 2716/1259/1264 2718/1262/1267 2721/1265/1270
f 2441/985/989 2445/989/993 2716/1259/1264 2719/1264/1269
f 2440/984/988 2442/986/990 2445/989/993 2441/985/989
f 2405/949/953 2407/951/955 2442/986/990 2440/984/988
f 2357/901/905 2361/905/909 2407/951/955 2405/949/953
f 2356/900/904 2358/902/906 2361/905/909 2357/901/905
f 2301/845/848 2305/849/852 2358/902/906 2356/900/904
f 2300/3103/847 2302/846/849 2305/849/852 2301/845/848
f 2265/809/812 2267/811/814 2302/3104/849 2300/844/847
f 2217/761/764 2218/762/765 2267/811/814 2265/809/812
f 2217/761/764 2216/3225/763 2219/763/766 2218/762/765
f 2221/765/768 2220/3223/767 2222/767/770 2223/766/769
f 2266/810/813 2221/765/768 2223/766/769 2269/813/816
f 2303/847/850 2266/810/813 2269/813/816 2306/3102/853
f 2304/848/851 2303/3101/850 2306/850/853 2309/853/856
f 2359/903/907 2304/848/851 2309/853/856 2362/906/910
f 2360/904/908 2359/903/907 2362/906/910 2365/909/913
f 2406/950/954 2360/904/908 2365/909/913 2409/953/957
f 2443/987/991 2406/950/954 2409/953/957 2446/990/994
f 2444/988/992 2443/987/991 2446/990/994 2449/993/997
f 2715/1260/1265 2444/988/992 2449/993/997 2713/1257/1262
f 2717/1261/1266 2715/1260/1265 2713/1257/1262 2714/1258/1263
f 2651/1196/1201 2717/1261/1266 2714/1258/1263 2649/1193/1198
f 2653/1197/1202 2651/1196/1201 2649/1193/1198 2650/1194/1199
f 2761/1305/1310 2653/1197/1202 2650/1194/1199 2760/1304/1309
f 2793/1337/1342 2761/1305/1310 2760/1304/1309 2792/1336/1341
f 2499/1043/1047 2793/1337/1342 2792/1336/1341 2502/1046/1050
f 2500/1044/1048 2499/1043/1047 2502/1046/1050 2505/1049/1053
f 2546/1090/1094 2500/1044/1048 2505/1049/1053 2549/1093/1097
f 2885/1430/1436 2546/1090/1094 2549/1093/1097 2883/1427/1433
f 2887/1431/1437 2885/1430/1436 2883/1427/1433 2884/1428/1434
f 2189/733/1483 2887/1431/1437 2884/1428/1434 2187/731/1482
f 2907/1451/1457 2904/1448/1454 2197/741/1492 2199/3087/1493
f 2905/1450/1456 2903/1447/1453 2904/1448/1454 2907/1451/1457
f 2553/1097/1101 2539/1083/1087 2903/1447/1453 2905/1450/1456
f 2514/1058/1062 2485/1029/1033 2539/1083/1087 2553/1097/1101
f 2512/1057/1061 2483/1026/1030 2485/1029/1033 2514/1058/1062
f 2803/1347/1352 2802/1346/1351 2483/1026/1030 2512/1057/1061
f 2771/1315/1320 2770/1314/1319 2802/1346/1351 2803/1347/1352
f 2673/1217/1222 2670/1214/1219 2770/1314/1319 2771/1315/1320
f 2671/1216/1221 2669/1213/1218 2670/1214/1219 2673/1217/1222
f 2737/1281/1286 2734/1278/1283 2669/1213/1218 2671/1216/1221
f 2735/1280/1285 2733/1277/1282 2734/1278/1283 2737/1281/1286
f 2458/1002/1006 2429/973/977 2733/1277/1282 2735/1280/1285
f 2456/1001/1005 2427/970/974 2429/973/977 2458/1002/1006
f 2413/957/961 2399/943/947 2427/970/974 2456/1001/1005
f 2374/918/922 2345/889/893 2399/943/947 2413/957/961
f 2372/917/921 2343/886/890 2345/889/893 2374/918/922
f 2318/862/865 2289/833/836 2343/886/890 2372/917/921
f 2316/3112/864 2287/830/833 2289/833/836 2318/862/865
f 2284/828/831 2259/803/806 2287/3111/833 2316/861/864
f 2255/799/802 2204/748/751 2259/803/806 2284/828/831
f 2205/749/752 2204/748/751 2255/799/802 2254/3222/801
s 52
f 1/2941/1497 2/3439/1498 744/1459/1499 745/2913/1500
f 2/1458/1498 1/3440/1497 5/2940/1501 6/1462/1502
f 6/1462/1502 5/2940/1501 7/2939/1503 8/1464/1504
f 8/1464/1504 7/2939/1503 9/2938/1505 10/1466/1506
f 10/1466/1506 9/2938/1505 11/2937/1507 12/1468/1508
f 12/1468/1508 11/2937/1507 13/2936/1509 14/1470/1510
f 14/1470/1510 13/2936/1509 15/2935/1511 16/1472/1512
f 700/1473/1513 701/2917/1514 702/2915/1515 703/1476/1516
f 18/1477/1517 17/2916/1518 19/2934/1519 20/3484/1520
f 20/1480/1520 19/3485/1519 21/2933/1521 22/1482/1522
f 22/1482/1522 21/2933/1521 23/2932/1523 24/1484/1524
f 24/1484/1524 23/2932/1523 25/2931/1525 26/1486/1526
f 26/1486/1526 25/2931/1525 27/2930/1527 28/1488/1528
f 28/1488/1528 27/2930/1527 29/2929/1529 30/1490/1530
f 554/1491/1531 555/2918/1532 295/2919/1533 296/1494/1534
f 32/1495/1535 31/2922/1536 33/2928/1537 34/1498/1538
f 34/1498/1538 33/2928/1537 35/2927/1539 36/1500/1540
f 36/1500/1540 35/2927/1539 258/2923/1541 259/1502/1542
f 38/1503/1543 37/2924/1544 39/2926/1545 40/1506/1546
f 40/1506/1546 39/2926/1545 41/2984/1547 42/2983/1548
f 3/2914/1549 4/1510/1550 44/1511/1551 43/2925/1552
f 744/1459/1499 2/3439/1498 290/1513/1553 743/1514/1554
f 2/1458/1498 6/1462/1502 289/1515/1555 290/3436/1553
f 6/1462/1502 8/1464/1504 288/1516/1556 289/1515/1555
f 8/1464/1504 10/1466/1506 287/1517/1557 288/1516/1556
f 10/1466/1506 12/1468/1508 286/1518/1558 287/1517/1557
f 12/1468/1508 14/1470/1510 285/1519/1559 286/1518/1558
f 14/1470/1510 16/1472/1512 284/1520/1560 285/1519/1559
f 700/1473/1513 703/1476/1516 704/1521/1561 699/1522/1562
f 18/1477/1517 20/3484/1520 282/1523/1563 283/1524/1564
f 20/1480/1520 22/1482/1522 281/1525/1565 282/3478/1563
f 22/1482/1522 24/1484/1524 280/1526/1566 281/1525/1565
f 24/1484/1524 26/1486/1526 279/1527/1567 280/1526/1566
f 26/1486/1526 28/1488/1528 278/1528/1568 279/1527/1567
f 28/1488/1528 30/1490/1530 277/1529/1569 278/1528/1568
f 554/1491/1531 296/1494/1534 297/1530/1570 553/1531/1571
f 32/1495/1535 34/1498/1538 275/1532/1572 276/1533/1573
f 34/1498/1538 36/1500/1540 274/1534/1574 275/1532/1572
f 36/1500/1540 259/1502/1542 273/1535/1575 274/1534/1574
f 38/1503/1543 40/1506/1546 271/1536/1576 272/1537/1577
f 40/1506/1546 42/2983/1548 270/1538/1578 271/1536/1576
f 44/1511/1551 4/1510/1550 291/1539/1579 292/1540/1580
f 742/1541/1581 45/1542/1582 253/1543/1583 741/1544/1584
f 45/3441/1582 47/1545/1585 252/1546/1586 253/3442/1583
f 47/1545/1585 48/1547/1587 251/1548/1588 252/1546/1586
f 48/1547/1587 49/1549/1589 250/1550/1590 251/1548/1588
f 49/1549/1589 50/1551/1591 249/1552/1592 250/1550/1590
f 50/1551/1591 51/1553/1593 248/1554/1594 249/1552/1592
f 51/1553/1593 52/1555/1595 247/1556/1596 248/1554/1594
f 698/1557/1597 705/1558/1598 706/1559/1599 697/1560/1600
f 53/1561/1601 54/1562/1602 245/1563/1603 246/1564/1604
f 54/3479/1602 55/1565/1605 244/1566/1606 245/3480/1603
f 55/1565/1605 56/1567/1607 243/1568/1608 244/1566/1606
f 56/1567/1607 57/1569/1609 242/1570/1610 243/1568/1608
f 66/1571/1611 46/1572/1612 254/1573/1613 255/1574/1614
f 57/1569/1609 58/1575/1615 241/1576/1616 242/1570/1617
f 58/1575/1615 59/1577/1618 240/1578/1619 241/1576/1616
f 552/1579/1620 298/1580/1621 299/1581/1622 551/1582/1623
f 60/1583/1624 61/1584/1625 238/1585/1626 239/1586/1627
f 61/1584/1625 62/1587/1628 237/1588/1629 238/1585/1626
f 62/1587/1628 260/1589/1630 261/1590/1631 237/1588/1629
f 63/1591/1632 64/1592/1633 235/1593/1634 236/1594/1635
f 64/1592/1633 65/1595/1636 234/1596/1637 235/1593/1634
f 740/1597/1638 67/1598/1639 89/3438/1640 739/1600/1641
f 67/3437/1639 69/1601/1642 91/1602/1643 89/1599/1640
f 69/1601/1642 70/1603/1644 92/1604/1645 91/1602/1643
f 70/1603/1644 71/1605/1646 93/1606/1647 92/1604/1645
f 71/1605/1646 72/1607/1648 94/1608/1649 93/1606/1647
f 72/1607/1648 73/1609/1650 95/1610/1651 94/1608/1649
f 73/1609/1650 74/1611/1652 96/1612/1653 95/1610/1651
f 696/1613/1654 707/1614/1655 708/1615/1656 695/1616/1657
f 75/1617/1658 76/1618/1659 98/3483/1660 97/1620/1661
f 76/3481/1659 77/1621/1662 99/1622/1663 98/1619/1660
f 77/1621/1662 78/1623/1664 100/1624/1665 99/1622/1663
f 78/1623/1664 79/1625/1666 101/1626/1667 100/1624/1665
f 80/1627/1668 68/1628/1669 90/1629/1670 102/1630/1671
f 79/1625/1666 81/1631/1672 103/1632/1673 101/1626/1667
f 81/1631/1672 82/1633/1674 104/1634/1675 103/1632/1673
f 550/1635/1676 300/1636/1677 301/1637/1678 549/1638/1679
f 83/1639/1680 84/1640/1681 106/1641/1682 105/1642/1683
f 84/1640/1681 85/1643/1684 107/1644/1685 106/1641/1682
f 85/1643/1684 262/1645/1686 263/1646/1687 107/1644/1685
f 86/1647/1688 87/1648/1689 109/1649/1690 108/1650/1691
f 87/1648/1689 88/1651/1692 110/1652/1693 109/1649/1690
f 739/1600/1641 89/3438/1640 357/1653/1694 738/1654/1695
f 89/1599/1640 91/1602/1643 356/1655/1696 357/3434/1694
f 91/1602/1643 92/1604/1645 355/1656/1697 356/1655/1696
f 92/1604/1645 93/1606/1647 354/1657/1698 355/1656/1697
f 93/1606/1647 94/1608/1649 353/1658/1699 354/1657/1698
f 94/1608/1649 95/1610/1651 352/1659/1700 353/1658/1699
f 95/1610/1651 96/1612/1653 351/1660/1701 352/1659/1700
f 695/1616/1657 708/1615/1656 709/1661/1702 694/1662/1703
f 97/1620/1661 98/3483/1660 349/1663/1704 350/1664/1705
f 98/1619/1660 99/1622/1663 348/1665/1706 349/3476/1704
f 99/1622/1663 100/1624/1665 347/1666/1707 348/1665/1706
f 100/1624/1665 101/1626/1667 346/1667/1708 347/1666/1707
f 102/1630/1671 90/1629/1670 358/1668/1709 359/1669/1710
f 101/1626/1667 103/1632/1673 345/1670/1711 346/1667/1708
f 103/1632/1673 104/1634/1675 344/1671/1712 345/1670/1711
f 549/1638/1679 301/1637/1678 343/1672/1713 548/1673/1714
f 105/1642/1683 106/1641/1682 341/1674/1715 342/1675/1716
f 106/1641/1682 107/1644/1685 340/1676/1717 341/1674/1715
f 107/1644/1685 263/1646/1687 339/1677/1718 340/1676/1717
f 108/1650/1691 109/1649/1690 337/1678/1719 338/1679/1720
f 109/1649/1690 110/1652/1693 336/1680/1721 337/1678/1719
f 737/1681/1722 111/1682/1723 582/1683/1724 736/1684/1725
f 111/3435/1723 113/1685/1726 581/1686/1727 582/3413/1724
f 113/1685/1726 114/1687/1728 580/1688/1729 581/1686/1727
f 114/1687/1728 115/1689/1730 579/1690/1731 580/1688/1729
f 115/1689/1730 116/1691/1732 578/1692/1733 579/1690/1731
f 116/1691/1732 117/1693/1734 577/1694/1735 578/1692/1733
f 117/1693/1734 118/1695/1736 576/1696/1737 577/1694/1735
f 693/1697/1738 710/1698/1739 711/1699/1740 692/1700/1741
f 119/1701/1742 120/1702/1743 574/1703/1744 575/1704/1745
f 120/3477/1743 121/1705/1746 573/1706/1747 574/3469/1744
f 121/1705/1746 122/1707/1748 572/1708/1749 573/1706/1747
f 122/1707/1748 123/1709/1750 571/1710/1751 572/1708/1749
f 124/1711/1752 112/1712/1753 583/1713/1754 584/1714/1755
f 123/1709/1750 125/1715/1756 570/1716/1757 571/1710/1751
f 125/1715/1756 126/1717/1758 569/1718/1759 570/1716/1757
f 547/1719/1760 302/1720/1761 565/1721/1762 566/1722/1763
f 127/1723/1764 128/1724/1765 563/1725/1766 564/1726/1767
f 128/1724/1765 129/1727/1768 562/1728/1769 563/1725/1766
f 129/1727/1768 264/1729/1770 561/1730/1771 562/1728/1769
f 130/1731/1772 131/1732/1773 559/1733/1774 560/1734/1775
f 131/1732/1773 132/1735/1776 558/1736/1777 559/1733/1774
f 729/1737/1778 133/1738/1779 155/3427/1780 728/1740/1781
f 133/3414/1779 135/1741/1782 157/1742/1783 155/1739/1780
f 135/1741/1782 136/1743/1784 158/1744/1785 157/1742/1783
f 136/1743/1784 137/1745/1786 159/1746/1787 158/1744/1785
f 137/1745/1786 138/1747/1788 160/1748/1789 159/1746/1787
f 138/1747/1788 139/1749/1790 161/1750/1791 160/1748/1789
f 139/1749/1790 140/1751/1792 162/1752/1793 161/1750/1791
f 685/1753/1794 718/1754/1795 719/1755/1796 684/1756/1797
f 141/1757/1798 142/1758/1799 164/3482/1800 163/1760/1801
f 142/3445/1799 143/1761/1802 165/1762/1803 164/1759/1800
f 143/1761/1802 144/1763/1804 166/1764/1805 165/1762/1803
f 144/1763/1804 145/1765/1806 167/1766/1807 166/1764/1805
f 146/1767/1808 134/1768/1809 156/1769/1810 168/1770/1811
f 145/1765/1806 147/1771/1812 169/1772/1813 167/1766/1807
f 147/1771/1812 148/1773/1814 170/1774/1815 169/1772/1813
f 540/1775/1816 303/1776/1817 304/1777/1818 539/1778/1819
f 149/1779/1820 150/1780/1821 172/1781/1822 171/1782/1823
f 150/1780/1821 151/1783/1824 173/1784/1825 172/1781/1822
f 151/1783/1824 265/1785/1826 266/1786/1827 173/1784/1825
f 152/1787/1828 153/1788/1829 175/1789/1830 174/1790/1831
f 153/1788/1829 154/1791/1832 176/1792/1833 175/1789/1830
f 728/1740/1781 155/3427/1780 675/1793/1834 727/1794/1835
f 155/1739/1780 157/1742/1783 674/1795/1836 675/3424/1834
f 157/1742/1783 158/1744/1785 673/1796/1837 674/1795/1836
f 158/1744/1785 159/1746/1787 672/1797/1838 673/1796/1837
f 159/1746/1787 160/1748/1789 671/1798/1839 672/1797/1838
f 160/1748/1789 161/1750/1791 670/1799/1840 671/1798/1839
f 161/1750/1791 162/1752/1793 669/1800/1841 670/1799/1840
f 684/1756/1797 719/1755/1796 720/1801/1842 683/1802/1843
f 163/1760/1801 164/3482/1800 667/1803/1844 668/1804/1845
f 164/1759/1800 165/1762/1803 666/1805/1846 667/3466/1844
f 165/1762/1803 166/1764/1805 665/1806/1847 666/1805/1846
f 166/1764/1805 167/1766/1807 664/1807/1848 665/1806/1847
f 168/1770/1811 156/1769/1810 676/1808/1849 677/1809/1850
f 167/1766/1807 169/1772/1813 663/1810/1851 664/1807/1848
f 169/1772/1813 170/1774/1815 662/1811/1852 663/1810/1851
f 539/1778/1819 304/1777/1818 658/1812/1853 659/1813/1854
f 171/1782/1823 172/1781/1822 656/1814/1855 657/1815/1856
f 172/1781/1822 173/1784/1825 655/1816/1857 656/1814/1855
f 173/1784/1825 266/1786/1827 654/1817/1858 655/1816/1857
f 174/1790/1831 175/1789/1830 652/1818/1859 653/1819/1860
f 175/1789/1830 176/1792/1833 651/1820/1861 652/1818/1859
f 270/1538/1578 42/2983/1548 199/2982/1862 269/1822/1863
f 234/1596/1637 65/1595/1636 200/1823/1864 233/1824/1865
f 336/1680/1721 110/1652/1693 202/1825/1866 335/1826/1867
f 558/1736/1777 132/1735/1776 203/1827/1868 557/1828/1869
f 176/1792/1833 154/1791/1832 204/1829/1870 205/1830/1871
f 651/1820/1861 176/1792/1833 205/1830/1871 650/1831/1872
f 110/1652/1693 88/1651/1692 201/1832/1873 202/1825/1866
f 269/1822/1863 199/2982/1862 207/2981/1874 268/2975/1875
f 233/1824/1865 200/1823/1864 208/2976/1876 232/2977/1877
f 335/1826/1867 202/1825/1866 210/2979/1878 334/2973/1879
f 557/1828/1869 203/1827/1868 211/2974/1880 556/2965/1881
f 205/1830/1871 204/1829/1870 212/2970/1882 213/2980/1883
f 650/1831/1872 205/1830/1871 213/2980/1883 649/2962/1884
f 202/1825/1866 201/1832/1873 209/2978/1885 210/2979/1878
f 43/2925/1552 44/1511/1551 216/3020/1886 215/3021/1887
f 44/1511/1551 292/1540/1580 293/1847/1888 216/3020/1886
f 66/1571/1611 255/1574/1614 256/1848/1889 217/1849/1890
f 80/1627/1668 102/1630/1671 219/1850/1891 218/1851/1892
f 102/1630/1671 359/1669/1710 360/1852/1893 219/1850/1891
f 124/1711/1752 584/1714/1755 585/1853/1894 220/1854/1895
f 146/1767/1808 168/1770/1811 222/1855/1896 221/1856/1897
f 168/1770/1811 677/1809/1850 678/1857/1898 222/1855/1896
f 216/3020/1886 293/1847/1888 294/3398/1899 224/3400/1900
f 217/1849/1890 256/1848/1889 257/1860/1901 225/1861/1902
f 218/1851/1892 219/1850/1891 227/1862/1903 226/1863/1904
f 219/1850/1891 360/1852/1893 361/1864/1905 227/1862/1903
f 220/1854/1895 585/1853/1894 586/1865/1906 228/1866/1907
f 222/1855/1896 678/1857/1898 679/1867/1908 230/1868/1909
f 221/1856/1897 222/1855/1896 230/1868/1910 229/1869/1911
f 201/1832/1873 233/1824/1865 232/2977/1877 209/2978/1885
f 88/1651/1692 234/1596/1637 233/1824/1865 201/1832/1873
f 235/1593/1634 234/1596/1637 88/1651/1692 87/1648/1689
f 236/1594/1635 235/1593/1634 87/1648/1689 86/1647/1688
f 237/1588/1629 261/1590/1631 262/1645/1686 85/1643/1684
f 238/1585/1626 237/1588/1629 85/1643/1684 84/1640/1681
f 239/1586/1627 238/1585/1626 84/1640/1681 83/1639/1680
f 551/1582/1623 299/1581/1622 300/1636/1677 550/1635/1676
f 241/1576/1616 240/1578/1619 82/1633/1674 81/1631/1672
f 242/1570/1617 241/1576/1616 81/1631/1672 79/1625/1666
f 243/1568/1608 242/1570/1610 79/1625/1666 78/1623/1664
f 244/1566/1606 243/1568/1608 78/1623/1664 77/1621/1662
f 245/3480/1603 244/1566/1606 77/1621/1662 76/3481/1659
f 246/1564/1604 245/1563/1603 76/1618/1659 75/1617/1658
f 697/1560/1600 706/1559/1599 707/1614/1655 696/1613/1654
f 248/1554/1594 247/1556/1596 74/1611/1652 73/1609/1650
f 249/1552/1592 248/1554/1594 73/1609/1650 72/1607/1648
f 250/1550/1590 249/1552/1592 72/1607/1648 71/1605/1646
f 251/1548/1588 250/1550/1590 71/1605/1646 70/1603/1644
f 252/1546/1586 251/1548/1588 70/1603/1644 69/1601/1642
f 253/3442/1583 252/1546/1586 69/1601/1642 67/3437/1639
f 741/1544/1584 253/1543/1583 67/1598/1639 740/1597/1638
f 255/1574/1614 254/1573/1613 68/1628/1669 80/1627/1668
f 256/1848/1889 255/1574/1614 80/1627/1668 218/1851/1892
f 257/1860/1901 256/1848/1889 218/1851/1892 226/1863/1904
f 259/1502/1542 258/2923/1541 37/2924/1544 38/1503/1543
f 273/1535/1575 259/1502/1542 38/1503/1543 272/1537/1577
f 261/1590/1631 260/1589/1630 63/1591/1632 236/1594/1635
f 262/1645/1686 261/1590/1631 236/1594/1635 86/1647/1688
f 263/1646/1687 262/1645/1686 86/1647/1688 108/1650/1691
f 339/1677/1718 263/1646/1687 108/1650/1691 338/1679/1720
f 561/1730/1771 264/1729/1770 130/1731/1772 560/1734/1775
f 266/1786/1827 265/1785/1826 152/1787/1828 174/1790/1831
f 654/1817/1858 266/1786/1827 174/1790/1831 653/1819/1860
f 200/1823/1864 269/1822/1863 268/2975/1875 208/2976/1876
f 65/1595/1636 270/1538/1578 269/1822/1863 200/1823/1864
f 271/1536/1576 270/1538/1578 65/1595/1636 64/1592/1633
f 272/1537/1577 271/1536/1576 64/1592/1633 63/1591/1632
f 260/1589/1630 273/1535/1575 272/1537/1577 63/1591/1632
f 274/1534/1574 273/1535/1575 260/1589/1630 62/1587/1628
f 275/1532/1572 274/1534/1574 62/1587/1628 61/1584/1625
f 276/1533/1573 275/1532/1572 61/1584/1625 60/1583/1624
f 553/1531/1571 297/1530/1570 298/1580/1621 552/1579/1620
f 278/1528/1568 277/1529/1569 59/1577/1618 58/1575/1615
f 279/1527/1567 278/1528/1568 58/1575/1615 57/1569/1609
f 280/1526/1566 279/1527/1567 57/1569/1609 56/1567/1607
f 281/1525/1565 280/1526/1566 56/1567/1607 55/1565/1605
f 282/3478/1563 281/1525/1565 55/1565/1605 54/3479/1602
f 283/1524/1564 282/1523/1563 54/1562/1602 53/1561/1601
f 699/1522/1562 704/1521/1561 705/1558/1598 698/1557/1597
f 285/1519/1559 284/1520/1560 52/1555/1595 51/1553/1593
f 286/1518/1558 285/1519/1559 51/1553/1593 50/1551/1591
f 287/1517/1557 286/1518/1558 50/1551/1591 49/1549/1589
f 288/1516/1556 287/1517/1557 49/1549/1589 48/1547/1587
f 289/1515/1555 288/1516/1556 48/1547/1587 47/1545/1585
f 290/3436/1553 289/1515/1555 47/1545/1585 45/3441/1582
f 743/1514/1554 290/1513/1553 45/1542/1582 742/1541/1581
f 292/1540/1580 291/1539/1579 46/1572/1612 66/1571/1611
f 293/1847/1888 292/1540/1580 66/1571/1611 217/1849/1890
f 294/3398/1899 293/1847/1888 217/1849/1890 225/1861/1902
f 296/1494/1534 295/2919/1533 31/2922/1536 32/1495/1535
f 297/1530/1570 296/1494/1534 32/1495/1535 276/1533/1573
f 298/1580/1621 297/1530/1570 276/1533/1573 60/1583/1624
f 299/1581/1622 298/1580/1621 60/1583/1624 239/1586/1627
f 300/1636/1677 299/1581/1622 239/1586/1627 83/1639/1680
f 301/1637/1678 300/1636/1677 83/1639/1680 105/1642/1683
f 343/1672/1713 301/1637/1678 105/1642/1683 342/1675/1716
f 565/1721/1762 302/1720/1761 127/1723/1764 564/1726/1767
f 304/1777/1818 303/1776/1817 149/1779/1820 171/1782/1823
f 658/1812/1853 304/1777/1818 171/1782/1823 657/1815/1856
f 391/1870/1912 307/1871/1913 306/2968/1914 390/2972/1915
f 392/1874/1916 308/1875/1917 307/1871/1913 391/1870/1912
f 309/1876/1918 308/1875/1917 392/1874/1916 393/1877/1919
f 310/1878/1920 309/1876/1918 393/1877/1919 394/1879/1921
f 395/1880/1922 311/1881/1923 310/1878/1920 394/1879/1921
f 312/1882/1924 311/1881/1923 395/1880/1922 396/1883/1925
f 313/1884/1926 312/1882/1924 396/1883/1925 397/1885/1927
f 314/1886/1928 313/1884/1926 397/1885/1927 398/1887/1929
f 399/1888/1930 315/1889/1931 314/1886/1928 398/1887/1929
f 544/1890/1932 315/1889/1931 399/1888/1930 543/1891/1933
f 317/1892/1934 316/1893/1935 400/1894/1936 401/1895/1937
f 318/1896/1938 317/1892/1934 401/1895/1937 402/1897/1939
f 319/1898/1940 318/1896/1938 402/1897/1939 403/1899/1941
f 320/1900/1942 319/1898/1940 403/1899/1941 404/1901/1943
f 321/3472/1944 320/1900/1942 404/1901/1943 405/3475/1945
f 322/1904/1946 321/1902/1944 405/1903/1945 406/1905/1947
f 689/1906/1948 714/1907/1949 715/1908/1950 688/1909/1951
f 324/1910/1952 323/1911/1953 407/1912/1954 408/1913/1955
f 325/1914/1956 324/1910/1952 408/1913/1955 409/1915/1957
f 326/1916/1958 325/1914/1956 409/1915/1957 410/1917/1959
f 327/1918/1960 326/1916/1958 410/1917/1959 411/1919/1961
f 328/1920/1962 327/1918/1960 411/1919/1961 412/1921/1963
f 329/3429/1964 328/1920/1962 412/1921/1963 413/3432/1965
f 733/1924/1966 329/1922/1964 413/1923/1965 732/1925/1967
f 331/1926/1968 330/1927/1969 414/1928/1970 415/1929/1971
f 332/1930/1972 331/1926/1968 415/1929/1971 416/1931/1973
f 333/1932/1974 332/1930/1972 416/1931/1973 417/1933/1975
f 203/1827/1868 335/1826/1867 334/2973/1879 211/2974/1880
f 132/1735/1776 336/1680/1721 335/1826/1867 203/1827/1868
f 337/1678/1719 336/1680/1721 132/1735/1776 131/1732/1773
f 338/1679/1720 337/1678/1719 131/1732/1773 130/1731/1772
f 264/1729/1770 339/1677/1718 338/1679/1720 130/1731/1772
f 340/1676/1717 339/1677/1718 264/1729/1770 129/1727/1768
f 341/1674/1715 340/1676/1717 129/1727/1768 128/1724/1765
f 342/1675/1716 341/1674/1715 128/1724/1765 127/1723/1764
f 302/1720/1761 343/1672/1713 342/1675/1716 127/1723/1764
f 548/1673/1714 343/1672/1713 302/1720/1761 547/1719/1760
f 345/1670/1711 344/1671/1712 126/1717/1758 125/1715/1756
f 346/1667/1708 345/1670/1711 125/1715/1756 123/1709/1750
f 347/1666/1707 346/1667/1708 123/1709/1750 122/1707/1748
f 348/1665/1706 347/1666/1707 122/1707/1748 121/1705/1746
f 349/3476/1704 348/1665/1706 121/1705/1746 120/3477/1743
f 350/1664/1705 349/1663/1704 120/1702/1743 119/1701/1742
f 694/1662/1703 709/1661/1702 710/1698/1739 693/1697/1738
f 352/1659/1700 351/1660/1701 118/1695/1736 117/1693/1734
f 353/1658/1699 352/1659/1700 117/1693/1734 116/1691/1732
f 354/1657/1698 353/1658/1699 116/1691/1732 115/1689/1730
f 355/1656/1697 354/1657/1698 115/1689/1730 114/1687/1728
f 356/1655/1696 355/1656/1697 114/1687/1728 113/1685/1726
f 357/3434/1694 356/1655/1696 113/1685/1726 111/3435/1723
f 738/1654/1695 357/1653/1694 111/1682/1723 737/1681/1722
f 359/1669/1710 358/1668/1709 112/1712/1753 124/1711/1752
f 360/1852/1893 359/1669/1710 124/1711/1752 220/1854/1895
f 361/1864/1905 360/1852/1893 220/1854/1895 228/1866/1907
f 475/1934/1976 363/1935/1977 362/2966/1978 474/2967/1979
f 476/1938/1980 364/1939/1981 363/1935/1977 475/1934/1976
f 365/1940/1982 364/1939/1981 476/1938/1980 477/1941/1983
f 366/1942/1984 365/1940/1982 477/1941/1983 478/1943/1985
f 479/1944/1986 367/1945/1987 366/1942/1984 478/1943/1985
f 368/1946/1988 367/1945/1987 479/1944/1986 480/1947/1989
f 369/1948/1990 368/1946/1988 480/1947/1989 481/1949/1991
f 370/1950/1992 369/1948/1990 481/1949/1991 482/1951/1993
f 483/1952/1994 371/1953/1995 370/1950/1992 482/1951/1993
f 546/1954/1996 371/1953/1995 483/1952/1994 545/1955/1997
f 373/1956/1998 372/1957/1999 484/1958/2000 485/1959/2001
f 374/1960/2002 373/1956/1998 485/1959/2001 486/1961/2003
f 375/1962/2004 374/1960/2002 486/1961/2003 487/1963/2005
f 376/1964/2006 375/1962/2004 487/1963/2005 488/1965/2007
f 377/3470/2008 376/1964/2006 488/1965/2007 489/3471/2009
f 378/1968/2010 377/1966/2008 489/1967/2009 490/1969/2011
f 691/1970/2012 712/1971/2013 713/1972/2014 690/1973/2015
f 380/1974/2016 379/1975/2017 491/1976/2018 492/1977/2019
f 381/1978/2020 380/1974/2016 492/1977/2019 493/1979/2021
f 382/1980/2022 381/1978/2020 493/1979/2021 494/1981/2023
f 383/1982/2024 382/1980/2022 494/1981/2023 495/1983/2025
f 384/1984/2026 383/1982/2024 495/1983/2025 496/1985/2027
f 385/3433/2028 384/1984/2026 496/1985/2027 497/3428/2029
f 735/1988/2030 385/1986/2028 497/1987/2029 734/1989/2031
f 387/1990/2032 386/1991/2033 498/1992/2034 499/1993/2035
f 388/1994/2036 387/1990/2032 499/1993/2035 500/1995/2037
f 389/1996/2038 388/1994/2036 500/1995/2037 501/1997/2039
f 419/1998/2040 391/1870/1912 390/2972/1915 418/2971/2041
f 420/2000/2042 392/1874/1916 391/1870/1912 419/1998/2040
f 393/1877/1919 392/1874/1916 420/2000/2042 421/2001/2043
f 394/1879/1921 393/1877/1919 421/2001/2043 422/2002/2044
f 423/2003/2045 395/1880/1922 394/1879/1921 422/2002/2044
f 396/1883/1925 395/1880/1922 423/2003/2045 424/2004/2046
f 397/1885/1927 396/1883/1925 424/2004/2046 425/2005/2047
f 398/1887/1929 397/1885/1927 425/2005/2047 426/2006/2048
f 427/2007/2049 399/1888/1930 398/1887/1929 426/2006/2048
f 543/1891/1933 399/1888/1930 427/2007/2049 542/2008/2050
f 401/1895/1937 400/1894/1936 428/2009/2051 429/2010/2052
f 402/1897/1939 401/1895/1937 429/2010/2052 430/2011/2053
f 403/1899/1941 402/1897/1939 430/2011/2053 431/2012/2054
f 404/1901/1943 403/1899/1941 431/2012/2054 432/2013/2055
f 405/3475/1945 404/1901/1943 432/2013/2055 433/3473/2056
f 406/1905/1947 405/1903/1945 433/2014/2056 434/2015/2057
f 688/1909/1951 715/1908/1950 716/2016/2058 687/2017/2059
f 408/1913/1955 407/1912/1954 435/2018/2060 436/2019/2061
f 409/1915/1957 408/1913/1955 436/2019/2061 437/2020/2062
f 410/1917/1959 409/1915/1957 437/2020/2062 438/2021/2063
f 411/1919/1961 410/1917/1959 438/2021/2063 439/2022/2064
f 412/1921/1963 411/1919/1961 439/2022/2064 440/2023/2065
f 413/3432/1965 412/1921/1963 440/2023/2065 441/3430/2066
f 732/1925/1967 413/1923/1965 441/2024/2066 731/2025/2067
f 415/1929/1971 414/1928/1970 442/2026/2068 443/2027/2069
f 416/1931/1973 415/1929/1971 443/2027/2069 444/2028/2070
f 417/1933/1975 416/1931/1973 444/2028/2070 445/2029/2071
f 447/2030/2072 419/1998/2040 418/2971/2041 446/2969/2073
f 448/2032/2074 420/2000/2042 419/1998/2040 447/2030/2072
f 421/2001/2043 420/2000/2042 448/2032/2074 449/2033/2075
f 422/2002/2044 421/2001/2043 449/2033/2075 450/2034/2076
f 451/2035/2077 423/2003/2045 422/2002/2044 450/2034/2076
f 424/2004/2046 423/2003/2045 451/2035/2077 452/2036/2078
f 425/2005/2047 424/2004/2046 452/2036/2078 453/2037/2079
f 426/2006/2048 425/2005/2047 453/2037/2079 454/2038/2080
f 455/2039/2081 427/2007/2049 426/2006/2048 454/2038/2080
f 542/2008/2050 427/2007/2049 455/2039/2081 541/2040/2082
f 429/2010/2052 428/2009/2051 456/2041/2083 457/2042/2084
f 430/2011/2053 429/2010/2052 457/2042/2084 458/2043/2085
f 431/2012/2054 430/2011/2053 458/2043/2085 459/2044/2086
f 432/2013/2055 431/2012/2054 459/2044/2086 460/2045/2087
f 433/3473/2056 432/2013/2055 460/2045/2087 461/3474/2088
f 434/2015/2057 433/2014/2056 461/2046/2088 462/2047/2089
f 687/2017/2059 716/2016/2058 717/2048/2090 686/2049/2091
f 436/2019/2061 435/2018/2060 463/2050/2092 464/2051/2093
f 437/2020/2062 436/2019/2061 464/2051/2093 465/2052/2094
f 438/2021/2063 437/2020/2062 465/2052/2094 466/2053/2095
f 439/2022/2064 438/2021/2063 466/2053/2095 467/2054/2096
f 440/2023/2065 439/2022/2064 467/2054/2096 468/2055/2097
f 441/3430/2066 440/2023/2065 468/2055/2097 469/3431/2098
f 731/2025/2067 441/2024/2066 469/2056/2098 730/2057/2099
f 443/2027/2069 442/2026/2068 470/2058/2100 471/2059/2101
f 444/2028/2070 443/2027/2069 471/2059/2101 472/2060/2102
f 445/2029/2071 444/2028/2070 472/2060/2102 473/2061/2103
f 204/1829/1870 447/2030/2072 446/2969/2073 212/2970/1882
f 154/1791/1832 448/2032/2074 447/2030/2072 204/1829/1870
f 449/2033/2075 448/2032/2074 154/1791/1832 153/1788/1829
f 450/2034/2076 449/2033/2075 153/1788/1829 152/1787/1828
f 265/1785/1826 451/2035/2077 450/2034/2076 152/1787/1828
f 452/2036/2078 451/2035/2077 265/1785/1826 151/1783/1824
f 453/2037/2079 452/2036/2078 151/1783/1824 150/1780/1821
f 454/2038/2080 453/2037/2079 150/1780/1821 149/1779/1820
f 303/1776/1817 455/2039/2081 454/2038/2080 149/1779/1820
f 541/2040/2082 455/2039/2081 303/1776/1817 540/1775/1816
f 457/2042/2084 456/2041/2083 148/1773/1814 147/1771/1812
f 458/2043/2085 457/2042/2084 147/1771/1812 145/1765/1806
f 459/2044/2086 458/2043/2085 145/1765/1806 144/1763/1804
f 460/2045/2087 459/2044/2086 144/1763/1804 143/1761/1802
f 461/3474/2088 460/2045/2087 143/1761/1802 142/3445/1799
f 462/2047/2089 461/2046/2088 142/1758/1799 141/1757/1798
f 686/2049/2091 717/2048/2090 718/1754/1795 685/1753/1794
f 464/2051/2093 463/2050/2092 140/1751/1792 139/1749/1790
f 465/2052/2094 464/2051/2093 139/1749/1790 138/1747/1788
f 466/2053/2095 465/2052/2094 138/1747/1788 137/1745/1786
f 467/2054/2096 466/2053/2095 137/1745/1786 136/1743/1784
f 468/2055/2097 467/2054/2096 136/1743/1784 135/1741/1782
f 469/3431/2098 468/2055/2097 135/1741/1782 133/3414/1779
f 730/2057/2099 469/2056/2098 133/1738/1779 729/1737/1778
f 471/2059/2101 470/2058/2100 134/1768/1809 146/1767/1808
f 472/2060/2102 471/2059/2101 146/1767/1808 221/1856/1897
f 473/2061/2103 472/2060/2102 221/1856/1897 229/1869/2104
f 307/1871/1913 475/1934/1976 474/2967/1979 306/2968/1914
f 308/1875/1917 476/1938/1980 475/1934/1976 307/1871/1913
f 477/1941/1983 476/1938/1980 308/1875/1917 309/1876/1918
f 478/1943/1985 477/1941/1983 309/1876/1918 310/1878/1920
f 311/1881/1923 479/1944/1986 478/1943/1985 310/1878/1920
f 480/1947/1989 479/1944/1986 311/1881/1923 312/1882/1924
f 481/1949/1991 480/1947/1989 312/1882/1924 313/1884/1926
f 482/1951/1993 481/1949/1991 313/1884/1926 314/1886/1928
f 315/1889/1931 483/1952/1994 482/1951/1993 314/1886/1928
f 545/1955/1997 483/1952/1994 315/1889/1931 544/1890/1932
f 485/1959/2001 484/1958/2000 316/1893/1935 317/1892/1934
f 486/1961/2003 485/1959/2001 317/1892/1934 318/1896/1938
f 487/1963/2005 486/1961/2003 318/1896/1938 319/1898/1940
f 488/1965/2007 487/1963/2005 319/1898/1940 320/1900/1942
f 489/3471/2009 488/1965/2007 320/1900/1942 321/3472/1944
f 490/1969/2011 489/1967/2009 321/1902/1944 322/1904/1946
f 690/1973/2015 713/1972/2014 714/1907/1949 689/1906/1948
f 492/1977/2019 491/1976/2018 323/1911/1953 324/1910/1952
f 493/1979/2021 492/1977/2019 324/1910/1952 325/1914/1956
f 494/1981/2023 493/1979/2021 325/1914/1956 326/1916/1958
f 495/1983/2025 494/1981/2023 326/1916/1958 327/1918/1960
f 496/1985/2027 495/1983/2025 327/1918/1960 328/1920/1962
f 497/3428/2029 496/1985/2027 328/1920/1962 329/3429/1964
f 734/1989/2031 497/1987/2029 329/1922/1964 733/1924/1966
f 499/1993/2035 498/1992/2034 330/1927/1969 331/1926/1968
f 500/1995/2037 499/1993/2035 331/1926/1968 332/1930/1972
f 501/1997/2039 500/1995/2037 332/1930/1972 333/1932/1974
f 521/2062/2105 503/2063/2106 660/2064/2107 661/2065/2108
f 522/2066/2109 504/2067/2110 503/2063/2106 521/2062/2105
f 523/2068/2111 505/2069/2112 504/2067/2110 522/2066/2109
f 524/2070/2113 506/2071/2114 505/2069/2112 523/2068/2111
f 525/2072/2115 507/2073/2116 506/2071/2114 524/2070/2113
f 526/2074/2117 508/2075/2118 507/2073/2116 525/2072/2115
f 527/2076/2119 509/2077/2120 508/2075/2118 526/2074/2117
f 528/2078/2121 510/2079/2122 509/2077/2120 527/2076/2119
f 529/2080/2123 511/2081/2124 567/2082/2125 568/2083/2126
f 530/2084/2127 512/2085/2128 511/2081/2124 529/2080/2123
f 531/2086/2129 513/2087/2130 512/2085/2128 530/2084/2127
f 532/2088/2131 514/2089/2132 513/2087/2130 531/2086/2129
f 533/2090/2133 515/2091/2134 514/2089/2132 532/2088/2131
f 534/2092/2135 516/2093/2136 515/2091/2134 533/2090/2133
f 535/2094/2137 517/2095/2138 516/2093/2136 534/2092/2135
f 536/2096/2139 518/2097/2140 517/2095/2138 535/2094/2137
f 536/2096/2139 537/2920/2141 519/2921/2142 518/2097/2140
f 170/1774/1815 521/2062/2105 661/2065/2108 662/1811/1852
f 148/1773/1814 522/2066/2109 521/2062/2105 170/1774/1815
f 456/2041/2083 523/2068/2111 522/2066/2109 148/1773/1814
f 428/2009/2051 524/2070/2113 523/2068/2111 456/2041/2083
f 400/1894/1936 525/2072/2115 524/2070/2113 428/2009/2051
f 316/1893/1935 526/2074/2117 525/2072/2115 400/1894/1936
f 484/1958/2000 527/2076/2119 526/2074/2117 316/1893/1935
f 372/1957/1999 528/2078/2121 527/2076/2119 484/1958/2000
f 126/1717/1758 529/2080/2123 568/2083/2126 569/1718/1759
f 344/1671/1712 530/2084/2127 529/2080/2123 126/1717/1758
f 104/1634/1675 531/2086/2129 530/2084/2127 344/1671/1712
f 82/1633/1674 532/2088/2131 531/2086/2129 104/1634/1675
f 240/1578/1619 533/2090/2133 532/2088/2131 82/1633/1674
f 59/1577/1618 534/2092/2135 533/2090/2133 240/1578/1619
f 277/1529/1569 535/2094/2137 534/2092/2135 59/1577/1618
f 30/1490/1530 536/2096/2139 535/2094/2137 277/1529/1569
f 30/1490/1530 29/2929/1529 537/2920/2141 536/2096/2139
f 503/2063/2106 539/1778/1819 659/1813/1854 660/2064/2107
f 504/2067/2110 540/1775/1816 539/1778/1819 503/2063/2106
f 505/2069/2112 541/2040/2082 540/1775/1816 504/2067/2110
f 506/2071/2114 542/2008/2050 541/2040/2082 505/2069/2112
f 507/2073/2116 543/1891/1933 542/2008/2050 506/2071/2114
f 508/2075/2118 544/1890/1932 543/1891/1933 507/2073/2116
f 509/2077/2120 545/1955/1997 544/1890/1932 508/2075/2118
f 510/2079/2122 546/1954/1996 545/1955/1997 509/2077/2120
f 511/2081/2124 547/1719/1760 566/1722/1763 567/2082/2125
f 512/2085/2128 548/1673/1714 547/1719/1760 511/2081/2124
f 513/2087/2130 549/1638/1679 548/1673/1714 512/2085/2128
f 514/2089/2132 550/1635/1676 549/1638/1679 513/2087/2130
f 515/2091/2134 551/1582/1623 550/1635/1676 514/2089/2132
f 516/2093/2136 552/1579/1620 551/1582/1623 515/2091/2134
f 517/2095/2138 553/1531/1571 552/1579/1620 516/2093/2136
f 518/2097/2140 554/1491/1531 553/1531/1571 517/2095/2138
f 518/2097/2140 519/2921/2142 555/2918/1532 554/1491/1531
f 363/1935/1977 557/1828/1869 556/2965/1881 362/2966/1978
f 364/1939/1981 558/1736/1777 557/1828/1869 363/1935/1977
f 559/1733/1774 558/1736/1777 364/1939/1981 365/1940/1982
f 560/1734/1775 559/1733/1774 365/1940/1982 366/1942/1984
f 367/1945/1987 561/1730/1771 560/1734/1775 366/1942/1984
f 562/1728/1769 561/1730/1771 367/1945/1987 368/1946/1988
f 563/1725/1766 562/1728/1769 368/1946/1988 369/1948/1990
f 564/1726/1767 563/1725/1766 369/1948/1990 370/1950/1992
f 371/1953/1995 565/1721/1762 564/1726/1767 370/1950/1992
f 566/1722/1763 565/1721/1762 371/1953/1995 546/1954/1996
f 567/2082/2125 566/1722/1763 546/1954/1996 510/2079/2122
f 568/2083/2126 567/2082/2125 510/2079/2122 528/2078/2121
f 569/1718/1759 568/2083/2126 528/2078/2121 372/1957/1999
f 570/1716/1757 569/1718/1759 372/1957/1999 373/1956/1998
f 571/1710/1751 570/1716/1757 373/1956/1998 374/1960/2002
f 572/1708/1749 571/1710/1751 374/1960/2002 375/1962/2004
f 573/1706/1747 572/1708/1749 375/1962/2004 376/1964/2006
f 574/3469/1744 573/1706/1747 376/1964/2006 377/3470/2008
f 575/1704/1745 574/1703/1744 377/1966/2008 378/1968/2010
f 692/1700/1741 711/1699/1740 712/1971/2013 691/1970/2012
f 577/1694/1735 576/1696/1737 379/1975/2017 380/1974/2016
f 578/1692/1733 577/1694/1735 380/1974/2016 381/1978/2020
f 579/1690/1731 578/1692/1733 381/1978/2020 382/1980/2022
f 580/1688/1729 579/1690/1731 382/1980/2022 383/1982/2024
f 581/1686/1727 580/1688/1729 383/1982/2024 384/1984/2026
f 582/3413/1724 581/1686/1727 384/1984/2026 385/3433/2028
f 736/1684/1725 582/1683/1724 385/1986/2028 735/1988/2030
f 584/1714/1755 583/1713/1754 386/1991/2033 387/1990/2032
f 585/1853/1894 584/1714/1755 387/1990/2032 388/1994/2036
f 586/1865/1906 585/1853/1894 388/1994/2036 389/1996/2038
f 619/2100/2143 588/2101/2144 587/2963/2145 618/2964/2146
f 620/2104/2147 589/2105/2148 588/2101/2144 619/2100/2143
f 590/2106/2149 589/2105/2148 620/2104/2147 621/2107/2150
f 591/2108/2151 590/2106/2149 621/2107/2150 622/2109/2152
f 623/2110/2153 592/2111/2154 591/2108/2151 622/2109/2152
f 593/2112/2155 592/2111/2154 623/2110/2153 624/2113/2156
f 594/2114/2157 593/2112/2155 624/2113/2156 625/2115/2158
f 595/2116/2159 594/2114/2157 625/2115/2158 626/2117/2160
f 627/2118/2161 596/2119/2162 595/2116/2159 626/2117/2160
f 597/2120/2163 596/2119/2162 627/2118/2161 628/2121/2164
f 598/2122/2165 597/2120/2163 628/2121/2164 629/2123/2166
f 599/2124/2167 598/2122/2165 629/2123/2166 630/2125/2168
f 600/2126/2169 599/2124/2167 630/2125/2168 631/2127/2170
f 601/2128/2171 600/2126/2169 631/2127/2170 632/2129/2172
f 602/2130/2173 601/2128/2171 632/2129/2172 633/2131/2174
f 603/2132/2175 602/2130/2173 633/2131/2174 634/2133/2176
f 604/2134/2177 603/2132/2175 634/2133/2176 635/2135/2178
f 605/3467/2179 604/2134/2177 635/2135/2178 636/3468/2180
f 606/2138/2181 605/2136/2179 636/2137/2180 637/2139/2182
f 682/2140/2183 721/2141/2184 722/2142/2185 681/2143/2186
f 608/2144/2187 607/2145/2188 638/2146/2189 639/2147/2190
f 609/2148/2191 608/2144/2187 639/2147/2190 640/2149/2192
f 610/2150/2193 609/2148/2191 640/2149/2192 641/2151/2194
f 611/2152/2195 610/2150/2193 641/2151/2194 642/2153/2196
f 612/2154/2197 611/2152/2195 642/2153/2196 643/2155/2198
f 613/3425/2199 612/2154/2197 643/2155/2198 644/3426/2200
f 726/2158/2201 613/2156/2199 644/2157/2200 725/2159/2202
f 615/2160/2203 614/2161/2204 645/2162/2205 646/2163/2206
f 616/2164/2207 615/2160/2203 646/2163/2206 647/2165/2208
f 617/2166/2209 616/2164/2207 647/2165/2208 648/2167/2210
f 206/2168/2211 619/2100/2143 618/2964/2146 214/2945/2212
f 198/2170/2213 620/2104/2147 619/2100/2143 206/2168/2211
f 621/2107/2150 620/2104/2147 198/2170/2213 197/2171/2214
f 622/2109/2152 621/2107/2150 197/2171/2214 196/2172/2215
f 267/2173/2216 623/2110/2153 622/2109/2152 196/2172/2215
f 624/2113/2156 623/2110/2153 267/2173/2216 195/2174/2217
f 625/2115/2158 624/2113/2156 195/2174/2217 194/2175/2218
f 626/2117/2160 625/2115/2158 194/2175/2218 193/2176/2219
f 305/2177/2220 627/2118/2161 626/2117/2160 193/2176/2219
f 628/2121/2164 627/2118/2161 305/2177/2220 538/2178/2221
f 629/2123/2166 628/2121/2164 538/2178/2221 502/2179/2222
f 630/2125/2168 629/2123/2166 502/2179/2222 520/2180/2223
f 631/2127/2170 630/2125/2168 520/2180/2223 192/2181/2224
f 632/2129/2172 631/2127/2170 192/2181/2224 191/2182/2225
f 633/2131/2174 632/2129/2172 191/2182/2225 189/2183/2226
f 634/2133/2176 633/2131/2174 189/2183/2226 188/2184/2227
f 635/2135/2178 634/2133/2176 188/2184/2227 187/2185/2228
f 636/3468/2180 635/2135/2178 187/2185/2228 186/2186/2229
f 637/2139/2182 636/2137/2180 186/3443/2229 185/2187/2230
f 681/2143/2186 722/2142/2185 723/2188/2231 680/2189/2232
f 639/2147/2190 638/2146/2189 184/2190/2233 183/2191/2234
f 640/2149/2192 639/2147/2190 183/2191/2234 182/2192/2235
f 641/2151/2194 640/2149/2192 182/2192/2235 181/2193/2236
f 642/2153/2196 641/2151/2194 181/2193/2236 180/2194/2237
f 643/2155/2198 642/2153/2196 180/2194/2237 179/2195/2238
f 644/3426/2200 643/2155/2198 179/2195/2238 177/2196/2239
f 725/2159/2202 644/2157/2200 177/3422/2239 724/2197/2240
f 646/2163/2206 645/2162/2205 178/2198/2241 190/2199/2242
f 647/2165/2208 646/2163/2206 190/2199/2242 223/2200/2243
f 648/2167/2210 647/2165/2208 223/2200/2243 231/2201/2244
f 588/2101/2144 650/1831/1872 649/2962/1884 587/2963/2145
f 589/2105/2148 651/1820/1861 650/1831/1872 588/2101/2144
f 652/1818/1859 651/1820/1861 589/2105/2148 590/2106/2149
f 653/1819/1860 652/1818/1859 590/2106/2149 591/2108/2151
f 592/2111/2154 654/1817/1858 653/1819/1860 591/2108/2151
f 655/1816/1857 654/1817/1858 592/2111/2154 593/2112/2155
f 656/1814/1855 655/1816/1857 593/2112/2155 594/2114/2157
f 657/1815/1856 656/1814/1855 594/2114/2157 595/2116/2159
f 596/2119/2162 658/1812/1853 657/1815/1856 595/2116/2159
f 659/1813/1854 658/1812/1853 596/2119/2162 597/2120/2163
f 660/2064/2107 659/1813/1854 597/2120/2163 598/2122/2165
f 661/2065/2108 660/2064/2107 598/2122/2165 599/2124/2167
f 662/1811/1852 661/2065/2108 599/2124/2167 600/2126/2169
f 663/1810/1851 662/1811/1852 600/2126/2169 601/2128/2171
f 664/1807/1848 663/1810/1851 601/2128/2171 602/2130/2173
f 665/1806/1847 664/1807/1848 602/2130/2173 603/2132/2175
f 666/1805/1846 665/1806/1847 603/2132/2175 604/2134/2177
f 667/3466/1844 666/1805/1846 604/2134/2177 605/3467/2179
f 668/1804/1845 667/1803/1844 605/2136/2179 606/2138/2181
f 683/1802/1843 720/1801/1842 721/2141/2184 682/2140/2183
f 670/1799/1840 669/1800/1841 607/2145/2188 608/2144/2187
f 671/1798/1839 670/1799/1840 608/2144/2187 609/2148/2191
f 672/1797/1838 671/1798/1839 609/2148/2191 610/2150/2193
f 673/1796/1837 672/1797/1838 610/2150/2193 611/2152/2195
f 674/1795/1836 673/1796/1837 611/2152/2195 612/2154/2197
f 675/3424/1834 674/1795/1836 612/2154/2197 613/3425/2199
f 727/1794/1835 675/1793/1834 613/2156/2199 726/2158/2201
f 677/1809/1850 676/1808/1849 614/2161/2204 615/2160/2203
f 678/1857/1898 677/1809/1850 615/2160/2203 616/2164/2207
f 679/1867/1908 678/1857/1898 616/2164/2207 617/2166/2209
f 638/2146/2189 681/2143/2186 680/2189/2232 184/2190/2233
f 607/2145/2188 682/2140/2183 681/2143/2186 638/2146/2189
f 669/1800/1841 683/1802/1843 682/2140/2183 607/2145/2188
f 162/1752/1793 684/1756/1797 683/1802/1843 669/1800/1841
f 140/1751/1792 685/1753/1794 684/1756/1797 162/1752/1793
f 463/2050/2092 686/2049/2091 685/1753/1794 140/1751/1792
f 435/2018/2060 687/2017/2059 686/2049/2091 463/2050/2092
f 407/1912/1954 688/1909/1951 687/2017/2059 435/2018/2060
f 323/1911/1953 689/1906/1948 688/1909/1951 407/1912/1954
f 491/1976/2018 690/1973/2015 689/1906/1948 323/1911/1953
f 379/1975/2017 691/1970/2012 690/1973/2015 491/1976/2018
f 576/1696/1737 692/1700/1741 691/1970/2012 379/1975/2017
f 118/1695/1736 693/1697/1738 692/1700/1741 576/1696/1737
f 351/1660/1701 694/1662/1703 693/1697/1738 118/1695/1736
f 96/1612/1653 695/1616/1657 694/1662/1703 351/1660/1701
f 74/1611/1652 696/1613/1654 695/1616/1657 96/1612/1653
f 247/1556/1596 697/1560/1600 696/1613/1654 74/1611/1652
f 52/1555/1595 698/1557/1597 697/1560/1600 247/1556/1596
f 284/1520/1560 699/1522/1562 698/1557/1597 52/1555/1595
f 16/1472/1512 700/1473/1513 699/1522/1562 284/1520/1560
f 16/1472/1512 15/2935/1511 701/2917/1514 700/1473/1513
f 703/1476/1516 702/2915/1515 17/2916/1518 18/1477/1517
f 704/1521/1561 703/1476/1516 18/1477/1517 283/1524/1564
f 705/1558/1598 704/1521/1561 283/1524/1564 53/1561/1601
f 706/1559/1599 705/1558/1598 53/1561/1601 246/1564/1604
f 707/1614/1655 706/1559/1599 246/1564/1604 75/1617/1658
f 708/1615/1656 707/1614/1655 75/1617/1658 97/1620/1661
f 709/1661/1702 708/1615/1656 97/1620/1661 350/1664/1705
f 710/1698/1739 709/1661/1702 350/1664/1705 119/1701/1742
f 711/1699/1740 710/1698/1739 119/1701/1742 575/1704/1745
f 712/1971/2013 711/1699/1740 575/1704/1745 378/1968/2010
f 713/1972/2014 712/1971/2013 378/1968/2010 490/1969/2011
f 714/1907/1949 713/1972/2014 490/1969/2011 322/1904/1946
f 715/1908/1950 714/1907/1949 322/1904/1946 406/1905/1947
f 716/2016/2058 715/1908/1950 406/1905/1947 434/2015/2057
f 717/2048/2090 716/2016/2058 434/2015/2057 462/2047/2089
f 718/1754/1795 717/2048/2090 462/2047/2089 141/1757/1798
f 719/1755/1796 718/1754/1795 141/1757/1798 163/1760/1801
f 720/1801/1842 719/1755/1796 163/1760/1801 668/1804/1845
f 721/2141/2184 720/1801/1842 668/1804/1845 606/2138/2181
f 722/2142/2185 721/2141/2184 606/2138/2181 637/2139/2182
f 723/2188/2231 722/2142/2185 637/2139/2182 185/2187/2230
f 645/2162/2205 725/2159/2202 724/2197/2240 178/2198/2241
f 614/2161/2204 726/2158/2201 725/2159/2202 645/2162/2205
f 676/1808/1849 727/1794/1835 726/2158/2201 614/2161/2204
f 156/1769/1810 728/1740/1781 727/1794/1835 676/1808/1849
f 134/1768/1809 729/1737/1778 728/1740/1781 156/1769/1810
f 470/2058/2100 730/2057/2099 729/1737/1778 134/1768/1809
f 442/2026/2068 731/2025/2067 730/2057/2099 470/2058/2100
f 414/1928/1970 732/1925/1967 731/2025/2067 442/2026/2068
f 330/1927/1969 733/1924/1966 732/1925/1967 414/1928/1970
f 498/1992/2034 734/1989/2031 733/1924/1966 330/1927/1969
f 386/1991/2033 735/1988/2030 734/1989/2031 498/1992/2034
f 583/1713/1754 736/1684/1725 735/1988/2030 386/1991/2033
f 112/1712/1753 737/1681/1722 736/1684/1725 583/1713/1754
f 358/1668/1709 738/1654/1695 737/1681/1722 112/1712/1753
f 90/1629/1670 739/1600/1641 738/1654/1695 358/1668/1709
f 68/1628/1669 740/1597/1638 739/1600/1641 90/1629/1670
f 254/1573/1613 741/1544/1584 740/1597/1638 68/1628/1669
f 46/1572/1612 742/1541/1581 741/1544/1584 254/1573/1613
f 291/1539/1579 743/1514/1554 742/1541/1581 46/1572/1612
f 4/1510/1550 744/1459/1499 743/1514/1554 291/1539/1579
f 745/2913/1500 744/1459/1499 4/1510/1550 3/2914/1549
s 70
f 746/3404/2245 1456/2985/2246 1455/2204/2247 747/2205/2248
f 747/3403/2248 751/2206/2249 750/3016/2250 746/3017/2245
f 751/2206/2249 753/2208/2251 752/3015/2252 750/3016/2250
f 753/2208/2251 755/2210/2253 754/3014/2254 752/3015/2252
f 755/2210/2253 757/2212/2255 756/3013/2256 754/3014/2254
f 757/2212/2255 759/2214/2257 758/3012/2258 756/3013/2256
f 759/2214/2257 761/2216/2259 760/3011/2260 758/3012/2258
f 1413/2218/2261 1416/2219/2262 1415/2987/2263 1414/2989/2264
f 763/2222/2265 765/2223/2266 764/3444/2267 762/2988/2268
f 765/3450/2266 767/2226/2269 766/3009/2270 764/3010/2267
f 767/2226/2269 769/2228/2271 768/3008/2272 766/3009/2270
f 769/2228/2271 771/2230/2273 770/3007/2274 768/3008/2272
f 771/2230/2273 773/2232/2275 772/3006/2276 770/3007/2274
f 773/2232/2275 775/2234/2277 774/3005/2278 772/3006/2276
f 1268/2236/2279 1014/2237/2280 1013/2991/2281 1269/2990/2282
f 777/2240/2283 779/2241/2284 778/3004/2285 776/2994/2286
f 779/2241/2284 781/2244/2287 780/3003/2288 778/3004/2285
f 781/2244/2287 978/2246/2289 977/2995/2290 780/3003/2288
f 783/2248/2291 785/2249/2292 784/3002/2293 782/2996/2294
f 785/2249/2292 787/3000/2295 786/3001/2296 784/3002/2293
f 748/2986/2297 788/2997/2298 789/2256/2299 749/2257/2300
f 1455/2204/2247 1454/2258/2301 1008/2259/2302 747/2205/2248
f 747/3403/2248 1008/3416/2302 1007/2260/2303 751/2206/2249
f 751/2206/2249 1007/2260/2303 1006/2261/2304 753/2208/2251
f 753/2208/2251 1006/2261/2304 1005/2262/2305 755/2210/2253
f 755/2210/2253 1005/2262/2305 1004/2263/2306 757/2212/2255
f 757/2212/2255 1004/2263/2306 1003/2264/2307 759/2214/2257
f 759/2214/2257 1003/2264/2307 1002/2265/2308 761/2216/2259
f 1413/2218/2261 1412/2266/2309 1417/2267/2310 1416/2219/2262
f 763/2222/2265 1001/2268/2311 1000/2269/2312 765/2223/2266
f 765/3450/2266 1000/3461/2312 999/2270/2313 767/2226/2269
f 767/2226/2269 999/2270/2313 998/2271/2314 769/2228/2271
f 769/2228/2271 998/2271/2314 997/2272/2315 771/2230/2273
f 771/2230/2273 997/2272/2315 996/2273/2316 773/2232/2275
f 773/2232/2275 996/2273/2316 995/2274/2317 775/2234/2277
f 1268/2236/2279 1267/2275/2318 1015/2276/2319 1014/2237/2280
f 777/2240/2283 994/2277/2320 993/2278/2321 779/2241/2284
f 779/2241/2284 993/2278/2321 992/2279/2322 781/2244/2287
f 781/2244/2287 992/2279/2322 991/2280/2323 978/2246/2289
f 783/2248/2291 990/2281/2324 989/2282/2325 785/2249/2292
f 785/2249/2292 989/2282/2325 988/2283/2326 787/3000/2295
f 789/2256/2299 1010/2284/2327 1009/2285/2328 749/2257/2300
f 1453/2286/2329 1452/2287/2330 972/2288/2331 790/3487/2332
f 790/2289/2332 972/3488/2331 971/2290/2333 792/2291/2334
f 792/2291/2334 971/2290/2333 970/2292/2335 793/2293/2336
f 793/2293/2336 970/2292/2335 969/2294/2337 794/2295/2338
f 794/2295/2338 969/2294/2337 968/2296/2339 795/2297/2340
f 795/2297/2340 968/2296/2339 967/2298/2341 796/2299/2342
f 796/2299/2342 967/2298/2341 966/2300/2343 797/2301/2344
f 1411/2302/2345 1410/2303/2346 1419/2304/2347 1418/2305/2348
f 798/2306/2349 965/2307/2350 964/2308/2351 799/3462/2352
f 799/2309/2352 964/3463/2351 963/2310/2353 800/2311/2354
f 800/2311/2354 963/2310/2353 962/2312/2355 801/2313/2356
f 801/2313/2356 962/2312/2355 961/2314/2357 802/2315/2358
f 811/2316/2359 974/2317/2360 973/2318/2361 791/2319/2362
f 802/2315/2358 961/2314/2363 960/2320/2364 803/2321/2365
f 803/2321/2365 960/2320/2364 959/2322/2366 804/2323/2367
f 1266/2324/2368 1265/2325/2369 1017/2326/2370 1016/2327/2371
f 805/2328/2372 958/2329/2373 957/2330/2374 806/2331/2375
f 806/2331/2375 957/2330/2374 956/2332/2376 807/2333/2377
f 807/2333/2377 956/2332/2376 980/2334/2378 979/2335/2379
f 808/2336/2380 955/2337/2381 954/2338/2382 809/2339/2383
f 809/2339/2383 954/2338/2382 953/2340/2384 810/2341/2385
f 1451/2342/2386 1450/2343/2387 834/2344/2388 812/3486/2389
f 812/2345/2389 834/3417/2388 836/2346/2390 814/2347/2391
f 814/2347/2391 836/2346/2390 837/2348/2392 815/2349/2393
f 815/2349/2393 837/2348/2392 838/2350/2394 816/2351/2395
f 816/2351/2395 838/2350/2394 839/2352/2396 817/2353/2397
f 817/2353/2397 839/2352/2396 840/2354/2398 818/2355/2399
f 818/2355/2399 840/2354/2398 841/2356/2400 819/2357/2401
f 1409/2358/2402 1408/2359/2403 1421/2360/2404 1420/2361/2405
f 820/2362/2406 842/2363/2407 843/2364/2408 821/3464/2409
f 821/2365/2409 843/3465/2408 844/2366/2410 822/2367/2411
f 822/2367/2411 844/2366/2410 845/2368/2412 823/2369/2413
f 823/2369/2413 845/2368/2412 846/2370/2414 824/2371/2415
f 825/2372/2416 847/2373/2417 835/2374/2418 813/2375/2419
f 824/2371/2415 846/2370/2414 848/2376/2420 826/2377/2421
f 826/2377/2421 848/2376/2420 849/2378/2422 827/2379/2423
f 1264/2380/2424 1263/2381/2425 1019/2382/2426 1018/2383/2427
f 828/2384/2428 850/2385/2429 851/2386/2430 829/2387/2431
f 829/2387/2431 851/2386/2430 852/2388/2432 830/2389/2433
f 830/2389/2433 852/2388/2432 982/2390/2434 981/2391/2435
f 831/2392/2436 853/2393/2437 854/2394/2438 832/2395/2439
f 832/2395/2439 854/2394/2438 855/2396/2440 833/2397/2441
f 1450/2343/2387 1449/2398/2442 1074/2399/2443 834/2344/2388
f 834/3417/2388 1074/3418/2443 1073/2400/2444 836/2346/2390
f 836/2346/2390 1073/2400/2444 1072/2401/2445 837/2348/2392
f 837/2348/2392 1072/2401/2445 1071/2402/2446 838/2350/2394
f 838/2350/2394 1071/2402/2446 1070/2403/2447 839/2352/2396
f 839/2352/2396 1070/2403/2447 1069/2404/2448 840/2354/2398
f 840/2354/2398 1069/2404/2448 1068/2405/2449 841/2356/2400
f 1408/2359/2403 1407/2406/2450 1422/2407/2451 1421/2360/2404
f 842/2363/2407 1067/2408/2452 1066/2409/2453 843/2364/2408
f 843/3465/2408 1066/3459/2453 1065/2410/2454 844/2366/2410
f 844/2366/2410 1065/2410/2454 1064/2411/2455 845/2368/2412
f 845/2368/2412 1064/2411/2455 1063/2412/2456 846/2370/2414
f 847/2373/2417 1076/2413/2457 1075/2414/2458 835/2374/2418
f 846/2370/2414 1063/2412/2456 1062/2415/2459 848/2376/2420
f 848/2376/2420 1062/2415/2459 1061/2416/2460 849/2378/2422
f 1263/2381/2425 1262/2417/2461 1060/2418/2462 1019/2382/2426
f 850/2385/2429 1059/2419/2463 1058/2420/2464 851/2386/2430
f 851/2386/2430 1058/2420/2464 1057/2421/2465 852/2388/2432
f 852/2388/2432 1057/2421/2465 1056/2422/2466 982/2390/2434
f 853/2393/2437 1055/2423/2467 1054/2424/2468 854/2394/2438
f 854/2394/2438 1054/2424/2468 1053/2425/2469 855/2396/2440
f 1448/2426/2470 1447/2427/2471 1296/2428/2472 856/3415/2473
f 856/2429/2473 1296/3405/2472 1295/2430/2474 858/2431/2475
f 858/2431/2475 1295/2430/2474 1294/2432/2476 859/2433/2477
f 859/2433/2477 1294/2432/2476 1293/2434/2478 860/2435/2479
f 860/2435/2479 1293/2434/2478 1292/2436/2480 861/2437/2481
f 861/2437/2481 1292/2436/2480 1291/2438/2482 862/2439/2483
f 862/2439/2483 1291/2438/2482 1290/2440/2484 863/2441/2485
f 1406/2442/2486 1405/2443/2487 1424/2444/2488 1423/2445/2489
f 864/2446/2490 1289/2447/2491 1288/2448/2492 865/3460/2493
f 865/2449/2493 1288/3451/2492 1287/2450/2494 866/2451/2495
f 866/2451/2495 1287/2450/2494 1286/2452/2496 867/2453/2497
f 867/2453/2497 1286/2452/2496 1285/2454/2498 868/2455/2499
f 869/2456/2500 1298/2457/2501 1297/2458/2502 857/2459/2503
f 868/2455/2499 1285/2454/2498 1284/2460/2504 870/2461/2505
f 870/2461/2505 1284/2460/2504 1283/2462/2506 871/2463/2507
f 1261/2464/2508 1280/2465/2509 1279/2466/2510 1020/2467/2511
f 872/2468/2512 1278/2469/2513 1277/2470/2514 873/2471/2515
f 873/2471/2515 1277/2470/2514 1276/2472/2516 874/2473/2517
f 874/2473/2517 1276/2472/2516 1275/2474/2518 983/2475/2519
f 875/2476/2520 1274/2477/2521 1273/2478/2522 876/2479/2523
f 876/2479/2523 1273/2478/2522 1272/2480/2524 877/2481/2525
f 1440/2482/2526 1439/2483/2527 900/2484/2528 878/3410/2529
f 878/2485/2529 900/3423/2528 902/2486/2530 880/2487/2531
f 880/2487/2531 902/2486/2530 903/2488/2532 881/2489/2533
f 881/2489/2533 903/2488/2532 904/2490/2534 882/2491/2535
f 882/2491/2535 904/2490/2534 905/2492/2536 883/2493/2537
f 883/2493/2537 905/2492/2536 906/2494/2538 884/2495/2539
f 884/2495/2539 906/2494/2538 907/2496/2540 885/2497/2541
f 1398/2498/2542 1397/2499/2543 1432/2500/2544 1431/2501/2545
f 886/2502/2546 908/2503/2547 909/2504/2548 887/3456/2549
f 887/2505/2549 909/3449/2548 910/2506/2550 888/2507/2551
f 888/2507/2551 910/2506/2550 911/2508/2552 889/2509/2553
f 889/2509/2553 911/2508/2552 912/2510/2554 890/2511/2555
f 891/2512/2556 913/2513/2557 901/2514/2558 879/2515/2559
f 890/2511/2555 912/2510/2554 914/2516/2560 892/2517/2561
f 892/2517/2561 914/2516/2560 915/2518/2562 893/2519/2563
f 1254/2520/2564 1253/2521/2565 1022/2522/2566 1021/2523/2567
f 894/2524/2568 916/2525/2569 917/2526/2570 895/2527/2571
f 895/2527/2571 917/2526/2570 918/2528/2572 896/2529/2573
f 896/2529/2573 918/2528/2572 985/2530/2574 984/2531/2575
f 897/2532/2576 919/2533/2577 920/2534/2578 898/2535/2579
f 898/2535/2579 920/2534/2578 921/2536/2580 899/2537/2581
f 1439/2483/2527 1438/2538/2582 1389/2539/2583 900/2484/2528
f 900/3423/2528 1389/3419/2583 1388/2540/2584 902/2486/2530
f 902/2486/2530 1388/2540/2584 1387/2541/2585 903/2488/2532
f 903/2488/2532 1387/2541/2585 1386/2542/2586 904/2490/2534
f 904/2490/2534 1386/2542/2586 1385/2543/2587 905/2492/2536
f 905/2492/2536 1385/2543/2587 1384/2544/2588 906/2494/2538
f 906/2494/2538 1384/2544/2588 1383/2545/2589 907/2496/2540
f 1397/2499/2543 1396/2546/2590 1433/2547/2591 1432/2500/2544
f 908/2503/2547 1382/2548/2592 1381/2549/2593 909/2504/2548
f 909/3449/2548 1381/3446/2593 1380/2550/2594 910/2506/2550
f 910/2506/2550 1380/2550/2594 1379/2551/2595 911/2508/2552
f 911/2508/2552 1379/2551/2595 1378/2552/2596 912/2510/2554
f 913/2513/2557 1391/2553/2597 1390/2554/2598 901/2514/2558
f 912/2510/2554 1378/2552/2596 1377/2555/2599 914/2516/2560
f 914/2516/2560 1377/2555/2599 1376/2556/2600 915/2518/2562
f 1253/2521/2565 1373/2557/2601 1372/2558/2602 1022/2522/2566
f 916/2525/2569 1371/2559/2603 1370/2560/2604 917/2526/2570
f 917/2526/2570 1370/2560/2604 1369/2561/2605 918/2528/2572
f 918/2528/2572 1369/2561/2605 1368/2562/2606 985/2530/2574
f 919/2533/2577 1367/2563/2607 1366/2564/2608 920/2534/2578
f 920/2534/2578 1366/2564/2608 1365/2565/2609 921/2536/2580
f 988/2283/2326 987/2566/2610 922/2998/2611 787/3000/2295
f 953/2340/2384 952/2568/2612 923/2569/2613 810/2341/2385
f 1053/2425/2469 1052/2570/2614 925/2571/2615 855/2396/2440
f 1272/2480/2524 1271/2572/2616 926/2573/2617 877/2481/2525
f 921/2536/2580 928/2574/2618 927/2575/2619 899/2537/2581
f 1365/2565/2609 1364/2576/2620 928/2574/2618 921/2536/2580
f 855/2396/2440 925/2571/2615 924/2577/2621 833/2397/2441
f 987/2566/2610 986/2956/2622 929/2999/2623 922/2998/2611
f 952/2568/2612 951/2958/2624 930/2957/2625 923/2569/2613
f 1052/2570/2614 1051/2954/2626 932/2960/2627 925/2571/2615
f 1271/2572/2616 1270/2946/2628 933/2955/2629 926/2573/2617
f 928/2574/2618 935/2961/2630 934/2951/2631 927/2575/2619
f 1364/2576/2620 1363/2942/2632 935/2961/2630 928/2574/2618
f 925/2571/2615 932/2960/2627 931/2959/2633 924/2577/2621
f 788/2997/2298 936/3019/2634 937/3018/2635 789/2256/2299
f 789/2256/2299 937/3018/2635 1011/2592/2636 1010/2284/2327
f 811/2316/2359 938/2593/2637 975/2594/2638 974/2317/2360
f 825/2372/2416 939/2595/2639 940/2596/2640 847/2373/2417
f 847/2373/2417 940/2596/2640 1077/2597/2641 1076/2413/2457
f 869/2456/2500 941/2598/2642 1299/2599/2643 1298/2457/2501
f 891/2512/2556 942/2600/2644 943/2601/2645 913/2513/2557
f 913/2513/2557 943/2601/2645 1392/2602/2646 1391/2553/2597
f 937/3018/2635 944/3397/2647 1012/3396/2648 1011/2592/2636
f 938/2593/2637 945/3401/2649 976/2606/2650 975/2594/2638
f 939/2595/2639 946/2607/2651 947/2608/2652 940/2596/2640
f 940/2596/2640 947/2608/2652 1078/2609/2653 1077/2597/2641
f 941/2598/2642 948/2610/2654 1300/2611/2655 1299/2599/2643
f 943/2601/2645 950/2612/2656 1393/2613/2657 1392/2602/2646
f 942/2600/2644 949/2614/2658 950/2612/2659 943/2601/2645
f 924/2577/2621 931/2959/2633 951/2958/2624 952/2568/2612
f 833/2397/2441 924/2577/2621 952/2568/2612 953/2340/2384
f 954/2338/2382 832/2395/2439 833/2397/2441 953/2340/2384
f 955/2337/2381 831/2392/2436 832/2395/2439 954/2338/2382
f 956/2332/2376 830/2389/2433 981/2391/2435 980/2334/2378
f 957/2330/2374 829/2387/2431 830/2389/2433 956/2332/2376
f 958/2329/2373 828/2384/2428 829/2387/2431 957/2330/2374
f 1265/2325/2369 1264/2380/2424 1018/2383/2427 1017/2326/2370
f 960/2320/2364 826/2377/2421 827/2379/2423 959/2322/2366
f 961/2314/2363 824/2371/2415 826/2377/2421 960/2320/2364
f 962/2312/2355 823/2369/2413 824/2371/2415 961/2314/2357
f 963/2310/2353 822/2367/2411 823/2369/2413 962/2312/2355
f 964/3463/2351 821/2365/2409 822/2367/2411 963/2310/2353
f 965/2307/2350 820/2362/2406 821/3464/2409 964/2308/2351
f 1410/2303/2346 1409/2358/2402 1420/2361/2405 1419/2304/2347
f 967/2298/2341 818/2355/2399 819/2357/2401 966/2300/2343
f 968/2296/2339 817/2353/2397 818/2355/2399 967/2298/2341
f 969/2294/2337 816/2351/2395 817/2353/2397 968/2296/2339
f 970/2292/2335 815/2349/2393 816/2351/2395 969/2294/2337
f 971/2290/2333 814/2347/2391 815/2349/2393 970/2292/2335
f 972/3488/2331 812/2345/2389 814/2347/2391 971/2290/2333
f 1452/2287/2330 1451/2342/2386 812/3486/2389 972/2288/2331
f 974/2317/2360 825/2372/2416 813/2375/2419 973/2318/2361
f 975/2594/2638 939/2595/2639 825/2372/2416 974/2317/2360
f 976/2606/2650 946/2607/2651 939/2595/2639 975/2594/2638
f 978/2246/2289 783/2248/2291 782/2996/2294 977/2995/2290
f 991/2280/2323 990/2281/2324 783/2248/2291 978/2246/2289
f 980/2334/2378 955/2337/2381 808/2336/2380 979/2335/2379
f 981/2391/2435 831/2392/2436 955/2337/2381 980/2334/2378
f 982/2390/2434 853/2393/2437 831/2392/2436 981/2391/2435
f 1056/2422/2466 1055/2423/2467 853/2393/2437 982/2390/2434
f 1275/2474/2518 1274/2477/2521 875/2476/2520 983/2475/2519
f 985/2530/2574 919/2533/2577 897/2532/2576 984/2531/2575
f 1368/2562/2606 1367/2563/2607 919/2533/2577 985/2530/2574
f 923/2569/2613 930/2957/2625 986/2956/2622 987/2566/2610
f 810/2341/2385 923/2569/2613 987/2566/2610 988/2283/2326
f 989/2282/2325 809/2339/2383 810/2341/2385 988/2283/2326
f 990/2281/2324 808/2336/2380 809/2339/2383 989/2282/2325
f 979/2335/2379 808/2336/2380 990/2281/2324 991/2280/2323
f 992/2279/2322 807/2333/2377 979/2335/2379 991/2280/2323
f 993/2278/2321 806/2331/2375 807/2333/2377 992/2279/2322
f 994/2277/2320 805/2328/2372 806/2331/2375 993/2278/2321
f 1267/2275/2318 1266/2324/2368 1016/2327/2371 1015/2276/2319
f 996/2273/2316 803/2321/2365 804/2323/2367 995/2274/2317
f 997/2272/2315 802/2315/2358 803/2321/2365 996/2273/2316
f 998/2271/2314 801/2313/2356 802/2315/2358 997/2272/2315
f 999/2270/2313 800/2311/2354 801/2313/2356 998/2271/2314
f 1000/3461/2312 799/2309/2352 800/2311/2354 999/2270/2313
f 1001/2268/2311 798/2306/2349 799/3462/2352 1000/2269/2312
f 1412/2266/2309 1411/2302/2345 1418/2305/2348 1417/2267/2310
f 1003/2264/2307 796/2299/2342 797/2301/2344 1002/2265/2308
f 1004/2263/2306 795/2297/2340 796/2299/2342 1003/2264/2307
f 1005/2262/2305 794/2295/2338 795/2297/2340 1004/2263/2306
f 1006/2261/2304 793/2293/2336 794/2295/2338 1005/2262/2305
f 1007/2260/2303 792/2291/2334 793/2293/2336 1006/2261/2304
f 1008/3416/2302 790/2289/2332 792/2291/2334 1007/2260/2303
f 1454/2258/2301 1453/2286/2329 790/3487/2332 1008/2259/2302
f 1010/2284/2327 811/2316/2359 791/2319/2362 1009/2285/2328
f 1011/2592/2636 938/2593/2637 811/2316/2359 1010/2284/2327
f 1012/3396/2648 945/3401/2649 938/2593/2637 1011/2592/2636
f 1014/2237/2280 777/2240/2283 776/2994/2286 1013/2991/2281
f 1015/2276/2319 994/2277/2320 777/2240/2283 1014/2237/2280
f 1016/2327/2371 805/2328/2372 994/2277/2320 1015/2276/2319
f 1017/2326/2370 958/2329/2373 805/2328/2372 1016/2327/2371
f 1018/2383/2427 828/2384/2428 958/2329/2373 1017/2326/2370
f 1019/2382/2426 850/2385/2429 828/2384/2428 1018/2383/2427
f 1060/2418/2462 1059/2419/2463 850/2385/2429 1019/2382/2426
f 1279/2466/2510 1278/2469/2513 872/2468/2512 1020/2467/2511
f 1022/2522/2566 916/2525/2569 894/2524/2568 1021/2523/2567
f 1372/2558/2602 1371/2559/2603 916/2525/2569 1022/2522/2566
f 1108/2615/2660 1107/2953/2661 1023/2949/2662 1024/2618/2663
f 1109/2619/2664 1108/2615/2660 1024/2618/2663 1025/2620/2665
f 1026/2621/2666 1110/2622/2667 1109/2619/2664 1025/2620/2665
f 1027/2623/2668 1111/2624/2669 1110/2622/2667 1026/2621/2666
f 1112/2625/2670 1111/2624/2669 1027/2623/2668 1028/2626/2671
f 1029/2627/2672 1113/2628/2673 1112/2625/2670 1028/2626/2671
f 1030/2629/2674 1114/2630/2675 1113/2628/2673 1029/2627/2672
f 1031/2631/2676 1115/2632/2677 1114/2630/2675 1030/2629/2674
f 1116/2633/2678 1115/2632/2677 1031/2631/2676 1032/2634/2679
f 1258/2635/2680 1257/2636/2681 1116/2633/2678 1032/2634/2679
f 1034/2637/2682 1118/2638/2683 1117/2639/2684 1033/2640/2685
f 1035/2641/2686 1119/2642/2687 1118/2638/2683 1034/2637/2682
f 1036/2643/2688 1120/2644/2689 1119/2642/2687 1035/2641/2686
f 1037/2645/2690 1121/2646/2691 1120/2644/2689 1036/2643/2688
f 1038/2647/2692 1122/3458/2693 1121/2646/2691 1037/2645/2690
f 1039/2649/2694 1123/2650/2695 1122/2648/2693 1038/3454/2692
f 1402/2651/2696 1401/2652/2697 1428/2653/2698 1427/2654/2699
f 1041/2655/2700 1125/2656/2701 1124/2657/2702 1040/2658/2703
f 1042/2659/2704 1126/2660/2705 1125/2656/2701 1041/2655/2700
f 1043/2661/2706 1127/2662/2707 1126/2660/2705 1042/2659/2704
f 1044/2663/2708 1128/2664/2709 1127/2662/2707 1043/2661/2706
f 1045/2665/2710 1129/2666/2711 1128/2664/2709 1044/2663/2708
f 1046/2667/2712 1130/3412/2713 1129/2666/2711 1045/2665/2710
f 1444/2669/2714 1443/2670/2715 1130/2668/2713 1046/3408/2712
f 1048/2671/2716 1132/2672/2717 1131/2673/2718 1047/2674/2719
f 1049/2675/2720 1133/2676/2721 1132/2672/2717 1048/2671/2716
f 1050/2677/2722 1134/2678/2723 1133/2676/2721 1049/2675/2720
f 926/2573/2617 933/2955/2629 1051/2954/2626 1052/2570/2614
f 877/2481/2525 926/2573/2617 1052/2570/2614 1053/2425/2469
f 1054/2424/2468 876/2479/2523 877/2481/2525 1053/2425/2469
f 1055/2423/2467 875/2476/2520 876/2479/2523 1054/2424/2468
f 983/2475/2519 875/2476/2520 1055/2423/2467 1056/2422/2466
f 1057/2421/2465 874/2473/2517 983/2475/2519 1056/2422/2466
f 1058/2420/2464 873/2471/2515 874/2473/2517 1057/2421/2465
f 1059/2419/2463 872/2468/2512 873/2471/2515 1058/2420/2464
f 1020/2467/2511 872/2468/2512 1059/2419/2463 1060/2418/2462
f 1262/2417/2461 1261/2464/2508 1020/2467/2511 1060/2418/2462
f 1062/2415/2459 870/2461/2505 871/2463/2507 1061/2416/2460
f 1063/2412/2456 868/2455/2499 870/2461/2505 1062/2415/2459
f 1064/2411/2455 867/2453/2497 868/2455/2499 1063/2412/2456
f 1065/2410/2454 866/2451/2495 867/2453/2497 1064/2411/2455
f 1066/3459/2453 865/2449/2493 866/2451/2495 1065/2410/2454
f 1067/2408/2452 864/2446/2490 865/3460/2493 1066/2409/2453
f 1407/2406/2450 1406/2442/2486 1423/2445/2489 1422/2407/2451
f 1069/2404/2448 862/2439/2483 863/2441/2485 1068/2405/2449
f 1070/2403/2447 861/2437/2481 862/2439/2483 1069/2404/2448
f 1071/2402/2446 860/2435/2479 861/2437/2481 1070/2403/2447
f 1072/2401/2445 859/2433/2477 860/2435/2479 1071/2402/2446
f 1073/2400/2444 858/2431/2475 859/2433/2477 1072/2401/2445
f 1074/3418/2443 856/2429/2473 858/2431/2475 1073/2400/2444
f 1449/2398/2442 1448/2426/2470 856/3415/2473 1074/2399/2443
f 1076/2413/2457 869/2456/2500 857/2459/2503 1075/2414/2458
f 1077/2597/2641 941/2598/2642 869/2456/2500 1076/2413/2457
f 1078/2609/2653 948/2610/2654 941/2598/2642 1077/2597/2641
f 1192/2679/2724 1191/2948/2725 1079/2947/2726 1080/2682/2727
f 1193/2683/2728 1192/2679/2724 1080/2682/2727 1081/2684/2729
f 1082/2685/2730 1194/2686/2731 1193/2683/2728 1081/2684/2729
f 1083/2687/2732 1195/2688/2733 1194/2686/2731 1082/2685/2730
f 1196/2689/2734 1195/2688/2733 1083/2687/2732 1084/2690/2735
f 1085/2691/2736 1197/2692/2737 1196/2689/2734 1084/2690/2735
f 1086/2693/2738 1198/2694/2739 1197/2692/2737 1085/2691/2736
f 1087/2695/2740 1199/2696/2741 1198/2694/2739 1086/2693/2738
f 1200/2697/2742 1199/2696/2741 1087/2695/2740 1088/2698/2743
f 1260/2699/2744 1259/2700/2745 1200/2697/2742 1088/2698/2743
f 1090/2701/2746 1202/2702/2747 1201/2703/2748 1089/2704/2749
f 1091/2705/2750 1203/2706/2751 1202/2702/2747 1090/2701/2746
f 1092/2707/2752 1204/2708/2753 1203/2706/2751 1091/2705/2750
f 1093/2709/2754 1205/2710/2755 1204/2708/2753 1092/2707/2752
f 1094/2711/2756 1206/3453/2757 1205/2710/2755 1093/2709/2754
f 1095/2713/2758 1207/2714/2759 1206/2712/2757 1094/3452/2756
f 1404/2715/2760 1403/2716/2761 1426/2717/2762 1425/2718/2763
f 1097/2719/2764 1209/2720/2765 1208/2721/2766 1096/2722/2767
f 1098/2723/2768 1210/2724/2769 1209/2720/2765 1097/2719/2764
f 1099/2725/2770 1211/2726/2771 1210/2724/2769 1098/2723/2768
f 1100/2727/2772 1212/2728/2773 1211/2726/2771 1099/2725/2770
f 1101/2729/2774 1213/2730/2775 1212/2728/2773 1100/2727/2772
f 1102/2731/2776 1214/3407/2777 1213/2730/2775 1101/2729/2774
f 1446/2733/2778 1445/2734/2779 1214/2732/2777 1102/3406/2776
f 1104/2735/2780 1216/2736/2781 1215/2737/2782 1103/2738/2783
f 1105/2739/2784 1217/2740/2785 1216/2736/2781 1104/2735/2780
f 1106/2741/2786 1218/2742/2787 1217/2740/2785 1105/2739/2784
f 1136/2743/2788 1135/2952/2789 1107/2953/2661 1108/2615/2660
f 1137/2745/2790 1136/2743/2788 1108/2615/2660 1109/2619/2664
f 1110/2622/2667 1138/2746/2791 1137/2745/2790 1109/2619/2664
f 1111/2624/2669 1139/2747/2792 1138/2746/2791 1110/2622/2667
f 1140/2748/2793 1139/2747/2792 1111/2624/2669 1112/2625/2670
f 1113/2628/2673 1141/2749/2794 1140/2748/2793 1112/2625/2670
f 1114/2630/2675 1142/2750/2795 1141/2749/2794 1113/2628/2673
f 1115/2632/2677 1143/2751/2796 1142/2750/2795 1114/2630/2675
f 1144/2752/2797 1143/2751/2796 1115/2632/2677 1116/2633/2678
f 1257/2636/2681 1256/2753/2798 1144/2752/2797 1116/2633/2678
f 1118/2638/2683 1146/2754/2799 1145/2755/2800 1117/2639/2684
f 1119/2642/2687 1147/2756/2801 1146/2754/2799 1118/2638/2683
f 1120/2644/2689 1148/2757/2802 1147/2756/2801 1119/2642/2687
f 1121/2646/2691 1149/2758/2803 1148/2757/2802 1120/2644/2689
f 1122/3458/2693 1150/3457/2804 1149/2758/2803 1121/2646/2691
f 1123/2650/2695 1151/2760/2805 1150/2759/2804 1122/2648/2693
f 1401/2652/2697 1400/2761/2806 1429/2762/2807 1428/2653/2698
f 1125/2656/2701 1153/2763/2808 1152/2764/2809 1124/2657/2702
f 1126/2660/2705 1154/2765/2810 1153/2763/2808 1125/2656/2701
f 1127/2662/2707 1155/2766/2811 1154/2765/2810 1126/2660/2705
f 1128/2664/2709 1156/2767/2812 1155/2766/2811 1127/2662/2707
f 1129/2666/2711 1157/2768/2813 1156/2767/2812 1128/2664/2709
f 1130/3412/2713 1158/3411/2814 1157/2768/2813 1129/2666/2711
f 1443/2670/2715 1442/2770/2815 1158/2769/2814 1130/2668/2713
f 1132/2672/2717 1160/2771/2816 1159/2772/2817 1131/2673/2718
f 1133/2676/2721 1161/2773/2818 1160/2771/2816 1132/2672/2717
f 1134/2678/2723 1162/2774/2819 1161/2773/2818 1133/2676/2721
f 1164/2775/2820 1163/2950/2821 1135/2952/2789 1136/2743/2788
f 1165/2777/2822 1164/2775/2820 1136/2743/2788 1137/2745/2790
f 1138/2746/2791 1166/2778/2823 1165/2777/2822 1137/2745/2790
f 1139/2747/2792 1167/2779/2824 1166/2778/2823 1138/2746/2791
f 1168/2780/2825 1167/2779/2824 1139/2747/2792 1140/2748/2793
f 1141/2749/2794 1169/2781/2826 1168/2780/2825 1140/2748/2793
f 1142/2750/2795 1170/2782/2827 1169/2781/2826 1141/2749/2794
f 1143/2751/2796 1171/2783/2828 1170/2782/2827 1142/2750/2795
f 1172/2784/2829 1171/2783/2828 1143/2751/2796 1144/2752/2797
f 1256/2753/2798 1255/2785/2830 1172/2784/2829 1144/2752/2797
f 1146/2754/2799 1174/2786/2831 1173/2787/2832 1145/2755/2800
f 1147/2756/2801 1175/2788/2833 1174/2786/2831 1146/2754/2799
f 1148/2757/2802 1176/2789/2834 1175/2788/2833 1147/2756/2801
f 1149/2758/2803 1177/2790/2835 1176/2789/2834 1148/2757/2802
f 1150/3457/2804 1178/3455/2836 1177/2790/2835 1149/2758/2803
f 1151/2760/2805 1179/2792/2837 1178/2791/2836 1150/2759/2804
f 1400/2761/2806 1399/2793/2838 1430/2794/2839 1429/2762/2807
f 1153/2763/2808 1181/2795/2840 1180/2796/2841 1152/2764/2809
f 1154/2765/2810 1182/2797/2842 1181/2795/2840 1153/2763/2808
f 1155/2766/2811 1183/2798/2843 1182/2797/2842 1154/2765/2810
f 1156/2767/2812 1184/2799/2844 1183/2798/2843 1155/2766/2811
f 1157/2768/2813 1185/2800/2845 1184/2799/2844 1156/2767/2812
f 1158/3411/2814 1186/3409/2846 1185/2800/2845 1157/2768/2813
f 1442/2770/2815 1441/2802/2847 1186/2801/2846 1158/2769/2814
f 1160/2771/2816 1188/2803/2848 1187/2804/2849 1159/2772/2817
f 1161/2773/2818 1189/2805/2850 1188/2803/2848 1160/2771/2816
f 1162/2774/2819 1190/2806/2851 1189/2805/2850 1161/2773/2818
f 927/2575/2619 934/2951/2631 1163/2950/2821 1164/2775/2820
f 899/2537/2581 927/2575/2619 1164/2775/2820 1165/2777/2822
f 1166/2778/2823 898/2535/2579 899/2537/2581 1165/2777/2822
f 1167/2779/2824 897/2532/2576 898/2535/2579 1166/2778/2823
f 984/2531/2575 897/2532/2576 1167/2779/2824 1168/2780/2825
f 1169/2781/2826 896/2529/2573 984/2531/2575 1168/2780/2825
f 1170/2782/2827 895/2527/2571 896/2529/2573 1169/2781/2826
f 1171/2783/2828 894/2524/2568 895/2527/2571 1170/2782/2827
f 1021/2523/2567 894/2524/2568 1171/2783/2828 1172/2784/2829
f 1255/2785/2830 1254/2520/2564 1021/2523/2567 1172/2784/2829
f 1174/2786/2831 892/2517/2561 893/2519/2563 1173/2787/2832
f 1175/2788/2833 890/2511/2555 892/2517/2561 1174/2786/2831
f 1176/2789/2834 889/2509/2553 890/2511/2555 1175/2788/2833
f 1177/2790/2835 888/2507/2551 889/2509/2553 1176/2789/2834
f 1178/3455/2836 887/2505/2549 888/2507/2551 1177/2790/2835
f 1179/2792/2837 886/2502/2546 887/3456/2549 1178/2791/2836
f 1399/2793/2838 1398/2498/2542 1431/2501/2545 1430/2794/2839
f 1181/2795/2840 884/2495/2539 885/2497/2541 1180/2796/2841
f 1182/2797/2842 883/2493/2537 884/2495/2539 1181/2795/2840
f 1183/2798/2843 882/2491/2535 883/2493/2537 1182/2797/2842
f 1184/2799/2844 881/2489/2533 882/2491/2535 1183/2798/2843
f 1185/2800/2845 880/2487/2531 881/2489/2533 1184/2799/2844
f 1186/3409/2846 878/2485/2529 880/2487/2531 1185/2800/2845
f 1441/2802/2847 1440/2482/2526 878/3410/2529 1186/2801/2846
f 1188/2803/2848 891/2512/2556 879/2515/2559 1187/2804/2849
f 1189/2805/2850 942/2600/2644 891/2512/2556 1188/2803/2848
f 1190/2806/2851 949/2614/2852 942/2600/2644 1189/2805/2850
f 1024/2618/2663 1023/2949/2662 1191/2948/2725 1192/2679/2724
f 1025/2620/2665 1024/2618/2663 1192/2679/2724 1193/2683/2728
f 1194/2686/2731 1026/2621/2666 1025/2620/2665 1193/2683/2728
f 1195/2688/2733 1027/2623/2668 1026/2621/2666 1194/2686/2731
f 1028/2626/2671 1027/2623/2668 1195/2688/2733 1196/2689/2734
f 1197/2692/2737 1029/2627/2672 1028/2626/2671 1196/2689/2734
f 1198/2694/2739 1030/2629/2674 1029/2627/2672 1197/2692/2737
f 1199/2696/2741 1031/2631/2676 1030/2629/2674 1198/2694/2739
f 1032/2634/2679 1031/2631/2676 1199/2696/2741 1200/2697/2742
f 1259/2700/2745 1258/2635/2680 1032/2634/2679 1200/2697/2742
f 1202/2702/2747 1034/2637/2682 1033/2640/2685 1201/2703/2748
f 1203/2706/2751 1035/2641/2686 1034/2637/2682 1202/2702/2747
f 1204/2708/2753 1036/2643/2688 1035/2641/2686 1203/2706/2751
f 1205/2710/2755 1037/2645/2690 1036/2643/2688 1204/2708/2753
f 1206/3453/2757 1038/2647/2692 1037/2645/2690 1205/2710/2755
f 1207/2714/2759 1039/2649/2694 1038/3454/2692 1206/2712/2757
f 1403/2716/2761 1402/2651/2696 1427/2654/2699 1426/2717/2762
f 1209/2720/2765 1041/2655/2700 1040/2658/2703 1208/2721/2766
f 1210/2724/2769 1042/2659/2704 1041/2655/2700 1209/2720/2765
f 1211/2726/2771 1043/2661/2706 1042/2659/2704 1210/2724/2769
f 1212/2728/2773 1044/2663/2708 1043/2661/2706 1211/2726/2771
f 1213/2730/2775 1045/2665/2710 1044/2663/2708 1212/2728/2773
f 1214/3407/2777 1046/2667/2712 1045/2665/2710 1213/2730/2775
f 1445/2734/2779 1444/2669/2714 1046/3408/2712 1214/2732/2777
f 1216/2736/2781 1048/2671/2716 1047/2674/2719 1215/2737/2782
f 1217/2740/2785 1049/2675/2720 1048/2671/2716 1216/2736/2781
f 1218/2742/2787 1050/2677/2722 1049/2675/2720 1217/2740/2785
f 1236/2807/2853 1375/2808/2854 1374/2809/2855 1219/2810/2856
f 1237/2811/2857 1236/2807/2853 1219/2810/2856 1220/2812/2858
f 1238/2813/2859 1237/2811/2857 1220/2812/2858 1221/2814/2860
f 1239/2815/2861 1238/2813/2859 1221/2814/2860 1222/2816/2862
f 1240/2817/2863 1239/2815/2861 1222/2816/2862 1223/2818/2864
f 1241/2819/2865 1240/2817/2863 1223/2818/2864 1224/2820/2866
f 1242/2821/2867 1241/2819/2865 1224/2820/2866 1225/2822/2868
f 1243/2823/2869 1242/2821/2867 1225/2822/2868 1226/2824/2870
f 1244/2825/2871 1282/2826/2872 1281/2827/2873 1227/2828/2874
f 1245/2829/2875 1244/2825/2871 1227/2828/2874 1228/2830/2876
f 1246/2831/2877 1245/2829/2875 1228/2830/2876 1229/2832/2878
f 1247/2833/2879 1246/2831/2877 1229/2832/2878 1230/2834/2880
f 1248/2835/2881 1247/2833/2879 1230/2834/2880 1231/2836/2882
f 1249/2837/2883 1248/2835/2881 1231/2836/2882 1232/2838/2884
f 1250/2839/2885 1249/2837/2883 1232/2838/2884 1233/2840/2886
f 1251/2841/2887 1250/2839/2885 1233/2840/2886 1234/2842/2888
f 1251/2841/2887 1234/2842/2888 1235/2993/2889 1252/2992/2890
f 915/2518/2562 1376/2556/2600 1375/2808/2854 1236/2807/2853
f 893/2519/2563 915/2518/2562 1236/2807/2853 1237/2811/2857
f 1173/2787/2832 893/2519/2563 1237/2811/2857 1238/2813/2859
f 1145/2755/2800 1173/2787/2832 1238/2813/2859 1239/2815/2861
f 1117/2639/2684 1145/2755/2800 1239/2815/2861 1240/2817/2863
f 1033/2640/2685 1117/2639/2684 1240/2817/2863 1241/2819/2865
f 1201/2703/2748 1033/2640/2685 1241/2819/2865 1242/2821/2867
f 1089/2704/2749 1201/2703/2748 1242/2821/2867 1243/2823/2869
f 871/2463/2507 1283/2462/2506 1282/2826/2872 1244/2825/2871
f 1061/2416/2460 871/2463/2507 1244/2825/2871 1245/2829/2875
f 849/2378/2422 1061/2416/2460 1245/2829/2875 1246/2831/2877
f 827/2379/2423 849/2378/2422 1246/2831/2877 1247/2833/2879
f 959/2322/2366 827/2379/2423 1247/2833/2879 1248/2835/2881
f 804/2323/2367 959/2322/2366 1248/2835/2881 1249/2837/2883
f 995/2274/2317 804/2323/2367 1249/2837/2883 1250/2839/2885
f 775/2234/2277 995/2274/2317 1250/2839/2885 1251/2841/2887
f 775/2234/2277 1251/2841/2887 1252/2992/2890 774/3005/2278
f 1219/2810/2856 1374/2809/2855 1373/2557/2601 1253/2521/2565
f 1220/2812/2858 1219/2810/2856 1253/2521/2565 1254/2520/2564
f 1221/2814/2860 1220/2812/2858 1254/2520/2564 1255/2785/2830
f 1222/2816/2862 1221/2814/2860 1255/2785/2830 1256/2753/2798
f 1223/2818/2864 1222/2816/2862 1256/2753/2798 1257/2636/2681
f 1224/2820/2866 1223/2818/2864 1257/2636/2681 1258/2635/2680
f 1225/2822/2868 1224/2820/2866 1258/2635/2680 1259/2700/2745
f 1226/2824/2870 1225/2822/2868 1259/2700/2745 1260/2699/2744
f 1227/2828/2874 1281/2827/2873 1280/2465/2509 1261/2464/2508
f 1228/2830/2876 1227/2828/2874 1261/2464/2508 1262/2417/2461
f 1229/2832/2878 1228/2830/2876 1262/2417/2461 1263/2381/2425
f 1230/2834/2880 1229/2832/2878 1263/2381/2425 1264/2380/2424
f 1231/2836/2882 1230/2834/2880 1264/2380/2424 1265/2325/2369
f 1232/2838/2884 1231/2836/2882 1265/2325/2369 1266/2324/2368
f 1233/2840/2886 1232/2838/2884 1266/2324/2368 1267/2275/2318
f 1234/2842/2888 1233/2840/2886 1267/2275/2318 1268/2236/2279
f 1234/2842/2888 1268/2236/2279 1269/2990/2282 1235/2993/2889
f 1080/2682/2727 1079/2947/2726 1270/2946/2628 1271/2572/2616
f 1081/2684/2729 1080/2682/2727 1271/2572/2616 1272/2480/2524
f 1273/2478/2522 1082/2685/2730 1081/2684/2729 1272/2480/2524
f 1274/2477/2521 1083/2687/2732 1082/2685/2730 1273/2478/2522
f 1084/2690/2735 1083/2687/2732 1274/2477/2521 1275/2474/2518
f 1276/2472/2516 1085/2691/2736 1084/2690/2735 1275/2474/2518
f 1277/2470/2514 1086/2693/2738 1085/2691/2736 1276/2472/2516
f 1278/2469/2513 1087/2695/2740 1086/2693/2738 1277/2470/2514
f 1088/2698/2743 1087/2695/2740 1278/2469/2513 1279/2466/2510
f 1280/2465/2509 1260/2699/2744 1088/2698/2743 1279/2466/2510
f 1281/2827/2873 1226/2824/2870 1260/2699/2744 1280/2465/2509
f 1282/2826/2872 1243/2823/2869 1226/2824/2870 1281/2827/2873
f 1283/2462/2506 1089/2704/2749 1243/2823/2869 1282/2826/2872
f 1284/2460/2504 1090/2701/2746 1089/2704/2749 1283/2462/2506
f 1285/2454/2498 1091/2705/2750 1090/2701/2746 1284/2460/2504
f 1286/2452/2496 1092/2707/2752 1091/2705/2750 1285/2454/2498
f 1287/2450/2494 1093/2709/2754 1092/2707/2752 1286/2452/2496
f 1288/3451/2492 1094/2711/2756 1093/2709/2754 1287/2450/2494
f 1289/2447/2491 1095/2713/2758 1094/3452/2756 1288/2448/2492
f 1405/2443/2487 1404/2715/2760 1425/2718/2763 1424/2444/2488
f 1291/2438/2482 1097/2719/2764 1096/2722/2767 1290/2440/2484
f 1292/2436/2480 1098/2723/2768 1097/2719/2764 1291/2438/2482
f 1293/2434/2478 1099/2725/2770 1098/2723/2768 1292/2436/2480
f 1294/2432/2476 1100/2727/2772 1099/2725/2770 1293/2434/2478
f 1295/2430/2474 1101/2729/2774 1100/2727/2772 1294/2432/2476
f 1296/3405/2472 1102/2731/2776 1101/2729/2774 1295/2430/2474
f 1447/2427/2471 1446/2733/2778 1102/3406/2776 1296/2428/2472
f 1298/2457/2501 1104/2735/2780 1103/2738/2783 1297/2458/2502
f 1299/2599/2643 1105/2739/2784 1104/2735/2780 1298/2457/2501
f 1300/2611/2655 1106/2741/2786 1105/2739/2784 1299/2599/2643
f 1333/2845/2891 1332/2944/2892 1301/2943/2893 1302/2848/2894
f 1334/2849/2895 1333/2845/2891 1302/2848/2894 1303/2850/2896
f 1304/2851/2897 1335/2852/2898 1334/2849/2895 1303/2850/2896
f 1305/2853/2899 1336/2854/2900 1335/2852/2898 1304/2851/2897
f 1337/2855/2901 1336/2854/2900 1305/2853/2899 1306/2856/2902
f 1307/2857/2903 1338/2858/2904 1337/2855/2901 1306/2856/2902
f 1308/2859/2905 1339/2860/2906 1338/2858/2904 1307/2857/2903
f 1309/2861/2907 1340/2862/2908 1339/2860/2906 1308/2859/2905
f 1341/2863/2909 1340/2862/2908 1309/2861/2907 1310/2864/2910
f 1311/2865/2911 1342/2866/2912 1341/2863/2909 1310/2864/2910
f 1312/2867/2913 1343/2868/2914 1342/2866/2912 1311/2865/2911
f 1313/2869/2915 1344/2870/2916 1343/2868/2914 1312/2867/2913
f 1314/2871/2917 1345/2872/2918 1344/2870/2916 1313/2869/2915
f 1315/2873/2919 1346/2874/2920 1345/2872/2918 1314/2871/2917
f 1316/2875/2921 1347/2876/2922 1346/2874/2920 1315/2873/2919
f 1317/2877/2923 1348/2878/2924 1347/2876/2922 1316/2875/2921
f 1318/2879/2925 1349/2880/2926 1348/2878/2924 1317/2877/2923
f 1319/2881/2927 1350/3448/2928 1349/2880/2926 1318/2879/2925
f 1320/2883/2929 1351/2884/2930 1350/2882/2928 1319/3447/2927
f 1395/2885/2931 1394/2886/2932 1435/2887/2933 1434/2888/2934
f 1322/2889/2935 1353/2890/2936 1352/2891/2937 1321/2892/2938
f 1323/2893/2939 1354/2894/2940 1353/2890/2936 1322/2889/2935
f 1324/2895/2941 1355/2896/2942 1354/2894/2940 1323/2893/2939
f 1325/2897/2943 1356/2898/2944 1355/2896/2942 1324/2895/2941
f 1326/2899/2945 1357/2900/2946 1356/2898/2944 1325/2897/2943
f 1327/2901/2947 1358/3421/2948 1357/2900/2946 1326/2899/2945
f 1437/2903/2949 1436/2904/2950 1358/2902/2948 1327/3420/2947
f 1329/2905/2951 1360/2906/2952 1359/2907/2953 1328/2908/2954
f 1330/2909/2955 1361/2910/2956 1360/2906/2952 1329/2905/2951
f 1331/2911/2957 1362/2912/2958 1361/2910/2956 1330/2909/2955
f 206/2168/2959 214/2945/2960 1332/2944/2892 1333/2845/2891
f 198/2170/2961 206/2168/2959 1333/2845/2891 1334/2849/2895
f 1335/2852/2898 197/2171/2962 198/2170/2961 1334/2849/2895
f 1336/2854/2900 196/2172/2963 197/2171/2962 1335/2852/2898
f 267/2173/2964 196/2172/2963 1336/2854/2900 1337/2855/2901
f 1338/2858/2904 195/2174/2965 267/2173/2964 1337/2855/2901
f 1339/2860/2906 194/2175/2966 195/2174/2965 1338/2858/2904
f 1340/2862/2908 193/2176/2967 194/2175/2966 1339/2860/2906
f 305/2177/2968 193/2176/2967 1340/2862/2908 1341/2863/2909
f 1342/2866/2912 538/2178/2969 305/2177/2968 1341/2863/2909
f 1343/2868/2914 502/2179/2970 538/2178/2969 1342/2866/2912
f 1344/2870/2916 520/2180/2971 502/2179/2970 1343/2868/2914
f 1345/2872/2918 192/2181/2972 520/2180/2971 1344/2870/2916
f 1346/2874/2920 191/2182/2973 192/2181/2972 1345/2872/2918
f 1347/2876/2922 189/2183/2974 191/2182/2973 1346/2874/2920
f 1348/2878/2924 188/2184/2975 189/2183/2974 1347/2876/2922
f 1349/2880/2926 187/2185/2976 188/2184/2975 1348/2878/2924
f 1350/3448/2928 186/2186/2977 187/2185/2976 1349/2880/2926
f 1351/2884/2930 185/2187/2978 186/3443/2977 1350/2882/2928
f 1394/2886/2932 680/2189/2979 723/2188/2980 1435/2887/2933
f 1353/2890/2936 183/2191/2981 184/2190/2982 1352/2891/2937
f 1354/2894/2940 182/2192/2983 183/2191/2981 1353/2890/2936
f 1355/2896/2942 181/2193/2984 182/2192/2983 1354/2894/2940
f 1356/2898/2944 180/2194/2985 181/2193/2984 1355/2896/2942
f 1357/2900/2946 179/2195/2986 180/2194/2985 1356/2898/2944
f 1358/3421/2948 177/2196/2987 179/2195/2986 1357/2900/2946
f 1436/2904/2950 724/2197/2988 177/3422/2987 1358/2902/2948
f 1360/2906/2952 190/2199/2989 178/2198/2990 1359/2907/2953
f 1361/2910/2956 223/2200/2991 190/2199/2989 1360/2906/2952
f 1362/2912/2958 231/2201/2992 223/2200/2991 1361/2910/2956
f 1302/2848/2894 1301/2943/2893 1363/2942/2632 1364/2576/2620
f 1303/2850/2896 1302/2848/2894 1364/2576/2620 1365/2565/2609
f 1366/2564/2608 1304/2851/2897 1303/2850/2896 1365/2565/2609
f 1367/2563/2607 1305/2853/2899 1304/2851/2897 1366/2564/2608
f 1306/2856/2902 1305/2853/2899 1367/2563/2607 1368/2562/2606
f 1369/2561/2605 1307/2857/2903 1306/2856/2902 1368/2562/2606
f 1370/2560/2604 1308/2859/2905 1307/2857/2903 1369/2561/2605
f 1371/2559/2603 1309/2861/2907 1308/2859/2905 1370/2560/2604
f 1310/2864/2910 1309/2861/2907 1371/2559/2603 1372/2558/2602
f 1373/2557/2601 1311/2865/2911 1310/2864/2910 1372/2558/2602
f 1374/2809/2855 1312/2867/2913 1311/2865/2911 1373/2557/2601
f 1375/2808/2854 1313/2869/2915 1312/2867/2913 1374/2809/2855
f 1376/2556/2600 1314/2871/2917 1313/2869/2915 1375/2808/2854
f 1377/2555/2599 1315/2873/2919 1314/2871/2917 1376/2556/2600
f 1378/2552/2596 1316/2875/2921 1315/2873/2919 1377/2555/2599
f 1379/2551/2595 1317/2877/2923 1316/2875/2921 1378/2552/2596
f 1380/2550/2594 1318/2879/2925 1317/2877/2923 1379/2551/2595
f 1381/3446/2593 1319/2881/2927 1318/2879/2925 1380/2550/2594
f 1382/2548/2592 1320/2883/2929 1319/3447/2927 1381/2549/2593
f 1396/2546/2590 1395/2885/2931 1434/2888/2934 1433/2547/2591
f 1384/2544/2588 1322/2889/2935 1321/2892/2938 1383/2545/2589
f 1385/2543/2587 1323/2893/2939 1322/2889/2935 1384/2544/2588
f 1386/2542/2586 1324/2895/2941 1323/2893/2939 1385/2543/2587
f 1387/2541/2585 1325/2897/2943 1324/2895/2941 1386/2542/2586
f 1388/2540/2584 1326/2899/2945 1325/2897/2943 1387/2541/2585
f 1389/3419/2583 1327/2901/2947 1326/2899/2945 1388/2540/2584
f 1438/2538/2582 1437/2903/2949 1327/3420/2947 1389/2539/2583
f 1391/2553/2597 1329/2905/2951 1328/2908/2954 1390/2554/2598
f 1392/2602/2646 1330/2909/2955 1329/2905/2951 1391/2553/2597
f 1393/2613/2657 1331/2911/2957 1330/2909/2955 1392/2602/2646
f 1352/2891/2937 184/2190/2982 680/2189/2979 1394/2886/2932
f 1321/2892/2938 1352/2891/2937 1394/2886/2932 1395/2885/2931
f 1383/2545/2589 1321/2892/2938 1395/2885/2931 1396/2546/2590
f 907/2496/2540 1383/2545/2589 1396/2546/2590 1397/2499/2543
f 885/2497/2541 907/2496/2540 1397/2499/2543 1398/2498/2542
f 1180/2796/2841 885/2497/2541 1398/2498/2542 1399/2793/2838
f 1152/2764/2809 1180/2796/2841 1399/2793/2838 1400/2761/2806
f 1124/2657/2702 1152/2764/2809 1400/2761/2806 1401/2652/2697
f 1040/2658/2703 1124/2657/2702 1401/2652/2697 1402/2651/2696
f 1208/2721/2766 1040/2658/2703 1402/2651/2696 1403/2716/2761
f 1096/2722/2767 1208/2721/2766 1403/2716/2761 1404/2715/2760
f 1290/2440/2484 1096/2722/2767 1404/2715/2760 1405/2443/2487
f 863/2441/2485 1290/2440/2484 1405/2443/2487 1406/2442/2486
f 1068/2405/2449 863/2441/2485 1406/2442/2486 1407/2406/2450
f 841/2356/2400 1068/2405/2449 1407/2406/2450 1408/2359/2403
f 819/2357/2401 841/2356/2400 1408/2359/2403 1409/2358/2402
f 966/2300/2343 819/2357/2401 1409/2358/2402 1410/2303/2346
f 797/2301/2344 966/2300/2343 1410/2303/2346 1411/2302/2345
f 1002/2265/2308 797/2301/2344 1411/2302/2345 1412/2266/2309
f 761/2216/2259 1002/2265/2308 1412/2266/2309 1413/2218/2261
f 761/2216/2259 1413/2218/2261 1414/2989/2264 760/3011/2260
f 1416/2219/2262 763/2222/2265 762/2988/2268 1415/2987/2263
f 1417/2267/2310 1001/2268/2311 763/2222/2265 1416/2219/2262
f 1418/2305/2348 798/2306/2349 1001/2268/2311 1417/2267/2310
f 1419/2304/2347 965/2307/2350 798/2306/2349 1418/2305/2348
f 1420/2361/2405 820/2362/2406 965/2307/2350 1419/2304/2347
f 1421/2360/2404 842/2363/2407 820/2362/2406 1420/2361/2405
f 1422/2407/2451 1067/2408/2452 842/2363/2407 1421/2360/2404
f 1423/2445/2489 864/2446/2490 1067/2408/2452 1422/2407/2451
f 1424/2444/2488 1289/2447/2491 864/2446/2490 1423/2445/2489
f 1425/2718/2763 1095/2713/2758 1289/2447/2491 1424/2444/2488
f 1426/2717/2762 1207/2714/2759 1095/2713/2758 1425/2718/2763
f 1427/2654/2699 1039/2649/2694 1207/2714/2759 1426/2717/2762
f 1428/2653/2698 1123/2650/2695 1039/2649/2694 1427/2654/2699
f 1429/2762/2807 1151/2760/2805 1123/2650/2695 1428/2653/2698
f 1430/2794/2839 1179/2792/2837 1151/2760/2805 1429/2762/2807
f 1431/2501/2545 886/2502/2546 1179/2792/2837 1430/2794/2839
f 1432/2500/2544 908/2503/2547 886/2502/2546 1431/2501/2545
f 1433/2547/2591 1382/2548/2592 908/2503/2547 1432/2500/2544
f 1434/2888/2934 1320/2883/2929 1382/2548/2592 1433/2547/2591
f 1435/2887/2933 1351/2884/2930 1320/2883/2929 1434/2888/2934
f 723/2188/2980 185/2187/2978 1351/2884/2930 1435/2887/2933
f 1359/2907/2953 178/2198/2990 724/2197/2988 1436/2904/2950
f 1328/2908/2954 1359/2907/2953 1436/2904/2950 1437/2903/2949
f 1390/2554/2598 1328/2908/2954 1437/2903/2949 1438/2538/2582
f 901/2514/2558 1390/2554/2598 1438/2538/2582 1439/2483/2527
f 879/2515/2559 901/2514/2558 1439/2483/2527 1440/2482/2526
f 1187/2804/2849 879/2515/2559 1440/2482/2526 1441/2802/2847
f 1159/2772/2817 1187/2804/2849 1441/2802/2847 1442/2770/2815
f 1131/2673/2718 1159/2772/2817 1442/2770/2815 1443/2670/2715
f 1047/2674/2719 1131/2673/2718 1443/2670/2715 1444/2669/2714
f 1215/2737/2782 1047/2674/2719 1444/2669/2714 1445/2734/2779
f 1103/2738/2783 1215/2737/2782 1445/2734/2779 1446/2733/2778
f 1297/2458/2502 1103/2738/2783 1446/2733/2778 1447/2427/2471
f 857/2459/2503 1297/2458/2502 1447/2427/2471 1448/2426/2470
f 1075/2414/2458 857/2459/2503 1448/2426/2470 1449/2398/2442
f 835/2374/2418 1075/2414/2458 1449/2398/2442 1450/2343/2387
f 813/2375/2419 835/2374/2418 1450/2343/2387 1451/2342/2386
f 973/2318/2361 813/2375/2419 1451/2342/2386 1452/2287/2330
f 791/2319/2362 973/2318/2361 1452/2287/2330 1453/2286/2329
f 1009/2285/2328 791/2319/2362 1453/2286/2329 1454/2258/2301
f 749/2257/2300 1009/2285/2328 1454/2258/2301 1455/2204/2247
f 1456/2985/2246 748/2986/2297 749/2257/2300 1455/2204/2247
s 103
f 1/1457/2993 745/1460/2994 1458/2/2995 1457/3215/2996
f 5/1461/2997 1/1457/2993 1457/3215/2996 1462/3214/2998
f 7/1463/2999 5/1461/2997 1462/3214/2998 1464/3213/3000
f 9/1465/3001 7/1463/2999 1464/3213/3000 1466/3212/3002
f 11/1467/3003 9/1465/3001 1466/3212/3002 1468/3211/3004
f 13/1469/3005 11/1467/3003 1468/3211/3004 1470/3210/3006
f 15/1471/3007 13/1469/3005 1470/3210/3006 1472/3191/3008
f 702/1475/3009 701/1474/3010 1476/20/3011 1475/3189/3012
f 19/1479/3013 17/1478/3014 1480/24/3015 1479/3209/3016
f 21/1481/3017 19/1479/3013 1479/3209/3016 1482/3208/3018
f 23/1483/3019 21/1481/3017 1482/3208/3018 1484/3207/3020
f 25/1485/3021 23/1483/3019 1484/3207/3020 1486/3206/3022
f 27/1487/3023 25/1485/3021 1486/3206/3022 1488/3205/3024
f 29/1489/3025 27/1487/3023 1488/3205/3024 1490/3195/3026
f 295/1493/3027 555/1492/3028 1494/38/3029 1493/3197/3030
f 33/1497/3031 31/1496/3032 1498/42/3033 1497/3204/3034
f 35/1499/3035 33/1497/3031 1497/3204/3034 1500/3203/3036
f 258/1501/3037 35/1499/3035 1500/3203/3036 1502/3199/3038
f 39/1505/3039 37/1504/3040 1506/50/3041 1505/3202/3042
s off
f 42/1508/3043 41/1507/3044 1508/52/3045 1507/3218/3046
s 103
f 41/1507/3047 39/1505/3039 1505/3202/3042 1508/52/3048
f 3/1509/3049 43/1512/3050 1510/54/3051 1509/3188/3052
s off
f 199/1821/3053 42/3147/3054 1507/3219/3055 1822/3216/3056
s 106
f 268/1834/3057 207/1833/3058 1834/378/3059 1833/3181/3060
f 207/1833/3058 199/1821/3061 1822/3216/3062 1834/378/3059
s 107
f 232/1836/3063 208/1835/3064 1836/380/3065 1835/3183/3066
f 334/1838/3067 210/1837/3068 1838/382/3069 1837/3179/3070
f 556/1840/3071 211/1839/3072 1840/384/3073 1839/3171/3074
f 213/1842/3075 212/1841/3076 1842/386/3077 1841/3186/3078
f 649/1843/3079 213/1842/3075 1841/3186/3078 1843/3168/3080
f 210/1837/3068 209/1844/3081 1844/388/3082 1838/382/3069
s 103
f 43/1512/3050 215/1846/3083 1845/389/3084 1510/54/3051
f 215/1846/3083 216/1845/3085 1846/390/3086 1845/389/3084
f 216/1845/3085 224/1859/3087 1858/402/3088 1846/390/3086
f 224/1859/3087 294/1858/3089 1859/403/3090 1858/402/3088
f 225/1861/3091 257/1860/3092 1861/405/3093 1860/3292/3094
f 226/1863/3095 227/1862/3096 1863/407/3097 1862/3295/3098
f 227/1862/3096 361/1864/3099 1864/408/3100 1863/407/3097
f 228/1866/3101 586/1865/3102 1866/410/3103 1865/3290/3104
f 230/1868/3105 679/1867/3106 1868/412/3107 1867/3296/3108
f 229/1869/3109 230/1868/3105 1867/3296/3108 1869/3286/3110
s 107
f 209/1844/3081 232/1836/3063 1835/3183/3066 1844/388/3082
s 103
f 257/1860/3092 226/1863/3095 1862/3295/3098 1861/405/3093
f 37/1504/3040 258/1501/3037 1502/3199/3038 1506/50/3041
s 106
f 208/1835/3111 268/1834/3057 1833/3181/3060 1836/380/3112
s 103
f 294/1858/3089 225/3399/3091 1860/3293/3094 1859/403/3090
f 31/1496/3032 295/1493/3027 1493/3197/3030 1498/42/3033
s 107
f 390/1873/3113 306/1872/3114 1872/416/3115 1870/3178/3116
s 103
f 333/1932/3117 417/1933/3118 1933/477/3119 1932/3284/3120
s 107
f 211/1839/3072 334/1838/3067 1837/3179/3070 1840/384/3073
s 103
f 361/1864/3099 228/1866/3101 1865/3290/3104 1864/408/3100
s 107
f 474/1937/3121 362/1936/3122 1936/480/3123 1934/3173/3124
s 103
f 389/1996/3125 501/1997/3126 1997/541/3127 1996/3282/3128
s 107
f 418/1999/3129 390/1873/3113 1870/3178/3116 1998/3177/3130
s 103
f 417/1933/3118 445/2029/3131 2029/573/3132 1933/477/3119
s 107
f 446/2031/3133 418/1999/3129 1998/3177/3130 2030/3175/3134
s 103
f 445/2029/3131 473/2061/3135 2061/605/3136 2029/573/3132
s 107
f 212/1841/3076 446/2031/3133 2030/3175/3134 1842/386/3077
s 103
f 473/2061/3135 229/1869/3109 1869/3286/3110 2061/605/3136
s 107
f 306/1872/3114 474/1937/3121 1934/3173/3124 1872/416/3115
s 103
f 501/1997/3126 333/1932/3117 1932/3284/3120 1997/541/3127
f 519/2099/3137 537/2098/3138 2099/643/3139 2098/3193/3140
f 537/2098/3138 29/1489/3025 1490/3195/3026 2099/643/3139
f 555/1492/3028 519/2099/3137 2098/3193/3140 1494/38/3029
s 107
f 362/1936/3122 556/1840/3071 1839/3171/3074 1936/480/3123
s 103
f 586/1865/3102 389/1996/3125 1996/3282/3128 1866/410/3103
s 107
f 618/2103/3141 587/2102/3142 2102/646/3143 2100/3170/3144
s 103
f 617/2166/3145 648/2167/3146 2167/711/3147 2166/3279/3148
s 107
f 214/2169/3149 618/2103/3141 2100/3170/3144 2169/3151/3150
s 103
f 648/2167/3146 231/2201/3151 2201/745/3152 2167/711/3147
s 107
f 587/2102/3142 649/1843/3079 1843/3168/3080 2102/646/3143
s 103
f 679/1867/3106 617/2166/3145 2166/3279/3148 1868/412/3107
f 701/1474/3010 15/1471/3007 1472/3191/3008 1476/20/3011
f 17/1478/3014 702/1475/3009 1475/3189/3012 1480/24/3015
f 745/1460/2994 3/1509/3049 1509/3188/3052 1458/2/2995
s 117
f 1456/2203/3153 746/2202/3154 2202/746/3155 2205/3221/3156
f 746/2202/3154 750/2207/3157 2206/750/3158 2202/746/3155
f 750/2207/3157 752/2209/3159 2208/752/3160 2206/750/3158
f 752/2209/3159 754/2211/3161 2210/754/3162 2208/752/3160
f 754/2211/3161 756/2213/3163 2212/756/3164 2210/754/3162
f 756/2213/3163 758/2215/3165 2214/758/3166 2212/756/3164
f 758/2215/3165 760/2217/3167 2216/760/3168 2214/758/3166
f 1414/2221/3169 1415/2220/3170 2220/764/3171 2219/3226/3172
f 762/2225/3173 764/2224/3174 2224/768/3175 2222/3224/3176
f 764/2224/3174 766/2227/3177 2226/770/3178 2224/768/3175
f 766/2227/3177 768/2229/3179 2228/772/3180 2226/770/3178
f 768/2229/3179 770/2231/3181 2230/774/3182 2228/772/3180
f 770/2231/3181 772/2233/3183 2232/776/3184 2230/774/3182
f 772/2233/3183 774/2235/3185 2234/778/3186 2232/776/3184
f 1269/2239/3187 1013/2238/3188 2238/782/3189 2237/3228/3190
f 776/2243/3191 778/2242/3192 2242/786/3193 2240/3232/3194
f 778/2242/3192 780/2245/3195 2244/788/3196 2242/786/3193
f 780/2245/3195 977/2247/3197 2246/790/3198 2244/788/3196
f 782/2251/3199 784/2250/3200 2250/794/3201 2248/3234/3202
f 784/2250/3200 786/2253/3203 2252/796/3204 2250/794/3201
s off
f 786/2253/3205 787/3146/3206 2253/3252/3207 2252/796/3208
s 117
f 788/2255/3209 748/2254/3210 2254/798/3211 2257/3235/3212
s off
f 787/2252/3213 922/2567/3214 2566/1110/3215 2253/797/3216
s 123
f 922/2567/3217 929/2579/3218 2578/1122/3219 2566/1110/3220
f 929/2579/3218 986/2578/3221 2579/1123/3222 2578/1122/3219
s 124
f 930/2581/3223 951/2580/3224 2581/1125/3225 2580/3163/3226
f 932/2583/3227 1051/2582/3228 2583/1127/3229 2582/3166/3230
f 933/2585/3231 1270/2584/3232 2585/1129/3233 2584/3161/3234
f 934/2587/3235 935/2586/3236 2587/1131/3237 2586/3157/3238
f 935/2586/3236 1363/2588/3239 2588/1132/3240 2587/1131/3237
f 931/2589/3241 932/2583/3227 2582/3166/3230 2589/3165/3242
s 117
f 937/2591/3243 936/2590/3244 2591/1135/3245 2590/3275/3246
f 936/2590/3244 788/2255/3209 2257/3235/3212 2591/1135/3245
f 1012/2604/3247 944/2603/3248 2604/1148/3249 2603/3269/3250
f 944/2603/3248 937/2591/3243 2590/3275/3246 2604/1148/3249
f 976/2606/3251 945/3401/3252 2606/3402/3253 2605/3271/3254
f 947/2608/3255 946/2607/3256 2608/1152/3257 2607/3274/3258
f 1078/2609/3259 947/2608/3255 2607/3274/3258 2609/3267/3260
f 1300/2611/3261 948/2610/3262 2611/1155/3263 2610/3259/3264
f 1393/2613/3265 950/2612/3266 2613/1157/3267 2612/3255/3268
f 950/2612/3266 949/2614/3269 2614/1158/3270 2613/1157/3267
s 124
f 951/2580/3224 931/2589/3241 2589/3165/3242 2581/1125/3225
s 117
f 946/2607/3256 976/2606/3251 2605/3271/3254 2608/1152/3257
f 977/2247/3197 782/2251/3199 2248/3234/3202 2246/790/3198
s 123
f 986/2578/3221 930/2581/3271 2580/3163/3272 2579/1123/3222
s 117
f 945/2605/3252 1012/2604/3247 2603/3269/3250 2606/1150/3253
f 1013/2238/3188 776/2243/3191 2240/3232/3194 2238/782/3189
s 124
f 1023/2617/3273 1107/2616/3274 2618/1162/3275 2617/3155/3276
s 117
f 1134/2678/3277 1050/2677/3278 2677/1221/3279 2678/3266/3280
s 124
f 1051/2582/3228 933/2585/3231 2584/3161/3234 2583/1127/3229
s 117
f 948/2610/3262 1078/2609/3259 2609/3267/3260 2611/1155/3263
s 124
f 1079/2681/3281 1191/2680/3282 2682/1226/3283 2681/3153/3284
s 117
f 1218/2742/3285 1106/2741/3286 2741/1285/3287 2742/3261/3288
s 124
f 1107/2616/3274 1135/2744/3289 2744/1288/3290 2618/1162/3275
s 117
f 1162/2774/3291 1134/2678/3277 2678/3266/3280 2774/3265/3292
s 124
f 1135/2744/3289 1163/2776/3293 2776/1320/3294 2744/1288/3290
s 117
f 1190/2806/3295 1162/2774/3291 2774/3265/3292 2806/3263/3296
s 124
f 1163/2776/3293 934/2587/3235 2586/3157/3238 2776/1320/3294
s 117
f 949/2614/3269 1190/2806/3295 2806/3263/3296 2614/1158/3270
s 124
f 1191/2680/3282 1023/2617/3273 2617/3155/3276 2682/1226/3283
s 117
f 1050/2677/3278 1218/2742/3285 2742/3261/3288 2677/1221/3279
f 1252/2844/3297 1235/2843/3298 2844/1388/3299 2843/3230/3300
f 774/2235/3185 1252/2844/3297 2843/3230/3300 2234/778/3186
f 1235/2843/3298 1269/2239/3187 2237/3228/3190 2844/1388/3299
s 124
f 1270/2584/3232 1079/2681/3281 2681/3153/3284 2585/1129/3233
s 117
f 1106/2741/3286 1300/2611/3261 2610/3259/3264 2741/1285/3287
s 124
f 1301/2847/3301 1332/2846/3302 2848/1392/3303 2847/3149/3304
s 117
f 1362/2912/3305 1331/2911/3306 2911/1455/3307 2912/3257/3308
s 124
f 1332/2846/3302 214/2169/3309 2169/3151/3310 2848/1392/3303
s 117
f 231/2201/3311 1362/2912/3305 2912/3257/3308 2201/745/3312
s 124
f 1363/2588/3239 1301/2847/3301 2847/3149/3304 2588/1132/3240
s 117
f 1331/2911/3306 1393/2613/3265 2612/3255/3268 2911/1455/3307
f 760/2217/3167 1414/2221/3169 2219/3226/3172 2216/760/3168
f 1415/2220/3170 762/2225/3173 2222/3224/3176 2220/764/3171
f 748/2254/3210 1456/2203/3153 2205/3221/3156 2254/798/3211
