# This file uses centimeters as units for non-parametric coordinates.

mtllib shield.mtl
g default
v 4.628933 -2.704720 0.000000
v 4.628933 7.006040 -0.174841
v 4.627828 7.713319 -0.001724
v 4.628933 0.448679 -0.174841
v 2.338662 -2.704720 -0.532414
v 2.338663 0.448679 -0.880701
v 2.338662 7.006040 -0.880701
v 2.338663 7.712510 -0.121536
v 2.338662 8.266203 0.000000
v 1.177630 -2.704720 -0.780637
v 1.177630 0.448679 -1.119001
v 1.177630 7.006040 -1.119001
v 1.177630 7.712510 -0.121536
v 1.177630 8.266183 0.000000
v 3.499694 -2.704720 -0.174841
v 3.499695 0.448679 -0.632769
v 3.499694 7.006040 -0.632769
v 3.499695 7.712510 -0.121536
v 3.499694 8.266203 0.000000
v 0.523528 -2.704720 -1.011393
v 0.437032 0.448679 -1.119001
v 0.437032 7.006040 -1.119001
v 0.523528 7.712510 -0.121536
v 1.741794 -2.704720 -0.632769
v 1.741794 0.448679 -1.011393
v 1.741794 7.006040 -1.011393
v 1.741794 7.712510 -0.121536
v 1.741794 8.266203 0.000000
v 2.894649 -2.704720 -0.397049
v 2.894650 0.448679 -0.780637
v 2.894649 7.006040 -0.780637
v 2.894650 7.712510 -0.121536
v 2.894649 8.266203 0.000000
v 4.047505 -2.704719 0.000000
v 4.047505 0.448679 -0.397049
v 4.047505 7.006040 -0.397049
v 4.047505 7.712510 -0.121536
v 4.047505 8.266203 0.000000
v 4.628933 -1.072820 -0.121536
v 4.047505 -1.072820 -0.278059
v 3.499695 -1.072820 -0.532414
v 2.894649 -1.072820 -0.632769
v 2.338662 -1.072820 -0.632769
v 1.741794 -1.072820 -0.780637
v 1.177630 -1.072820 -1.011393
v 0.437032 -1.072820 -1.119001
v 4.628933 -0.281687 -0.174841
v 4.047505 -0.281687 -0.397049
v 3.499695 -0.281687 -0.632769
v 2.894650 -0.281687 -0.632769
v 2.338663 -0.281687 -0.780637
v 1.741794 -0.281687 -0.880701
v 1.177630 -0.281687 -1.119001
v 0.437032 -0.281687 -1.119001
v 4.628933 -1.873413 0.000000
v 4.047505 -1.873413 -0.174841
v 3.499695 -1.873413 -0.397049
v 2.894649 -1.873413 -0.532414
v 2.338662 -1.873413 -0.632769
v 1.741794 -1.873413 -0.632769
v 1.177630 -1.873413 -0.880701
v 0.523528 -1.873413 -1.119001
v 4.628933 7.295558 -0.174841
v 4.047505 7.296911 -0.397049
v 3.499695 7.296911 -0.397049
v 2.894650 7.296911 -0.532414
v 2.338662 7.296911 -0.632769
v 1.741794 7.296911 -0.780637
v 1.177630 7.296911 -0.780637
v 0.523528 7.296911 -0.780637
v 0.523528 -3.579420 -0.880701
v 2.338662 -3.579420 -0.397049
v 2.894649 -3.579420 -0.174841
v 1.177630 -3.579420 -0.632769
v 1.741794 -3.579420 -0.532414
v 3.499695 -3.579420 0.000000
v 4.047506 -3.579418 0.000000
v 0.523527 -4.395315 -0.780637
v 2.338662 -4.395315 -0.174841
v 2.894649 -4.395315 0.000000
v 1.177630 -4.395315 -0.532414
v 1.741794 -4.395315 -0.397049
v 3.499695 -4.395315 0.000000
v 0.523527 -5.203860 -0.532414
v 2.338662 -5.203860 0.000000
v 2.894649 -5.203860 0.000000
v 1.177630 -5.203860 -0.397049
v 1.741794 -5.203860 -0.174841
v 0.523527 -5.946252 -0.397049
v 1.177630 -5.946252 -0.174841
v 1.741794 -5.946252 0.000000
v 2.338662 -5.946252 0.000000
v 0.523527 -6.791549 -0.174841
v 1.177630 -6.791549 0.000000
v 1.741794 -6.791549 0.000000
v 0.523527 -7.666248 0.000000
v 1.177630 -7.666248 0.000000
v 0.000000 -8.562998 0.000000
v 5.173482 -1.072820 0.000000
v 5.173482 -0.281687 0.000000
v 5.174983 0.448679 -0.119812
v 5.173483 -1.873413 0.000000
v 5.462217 -1.072820 0.000000
v 5.462218 -0.281687 0.000000
v 5.461516 0.448647 0.000000
v 5.821210 -0.281687 0.000000
v 5.176483 7.006040 -0.119812
v 5.175640 7.294457 0.000000
v 5.459211 7.006420 0.000000
v 5.999145 0.448491 0.000000
v 6.000644 7.005852 0.000000
v 4.626204 8.266204 0.000000
v 5.457800 7.294978 0.000000
v 5.175548 8.034286 0.000000
v 5.835427 7.296825 0.000000
v 5.687475 7.524083 0.000000
v 5.322926 7.935254 0.000000
v 4.905400 8.173521 0.000000
v 5.476808 7.834414 0.031285
v 5.931261 7.147939 0.000000
v 5.949840 0.095429 0.000000
v 5.673149 -0.643409 0.000000
v 4.914377 -2.281757 0.000000
v 5.338834 -1.444149 0.000000
v 4.382165 -3.101721 0.000000
v 3.792515 -3.976419 0.000000
v 3.215913 -4.766117 0.000000
v 2.632988 -5.552379 0.000000
v 2.038236 -6.372300 0.000000
v 1.460750 -7.224059 0.000000
v 4.627106 7.854811 0.000000
v 4.047505 7.854362 0.000000
v 3.499695 7.854362 0.000000
v 2.894649 7.854362 0.000000
v 2.338662 7.854362 0.000000
v 1.741794 7.854362 0.000000
v 1.177630 7.854362 0.000000
v 0.523528 7.854362 0.000000
v 0.523527 -7.248240 -0.121536
v 1.177630 -7.248240 0.000000
v 1.595057 -7.017368 0.000000
v 0.523527 -6.374410 -0.278059
v 1.177630 -6.374410 -0.121536
v 1.741794 -6.374410 0.000000
v 2.186491 -6.162053 0.000000
v 0.523527 -8.092613 0.000000
v 1.035499 -7.862024 0.000000
v 0.523527 -5.647855 -0.532414
v 1.177630 -5.647855 -0.278059
v 1.741794 -5.647855 -0.121536
v 2.338662 -5.647855 0.000000
v 2.738160 -5.412296 0.000000
v 0.523527 -4.832937 -0.632769
v 1.177630 -4.832937 -0.532414
v 1.741794 -4.832937 -0.278059
v 2.338662 -4.832937 -0.121536
v 2.894649 -4.832937 0.000000
v 3.346099 -4.596010 0.000000
v 0.523527 -4.008199 -0.780637
v 1.177630 -4.008199 -0.632769
v 1.741794 -4.008199 -0.532414
v 2.338662 -4.008199 -0.278059
v 2.894649 -4.008199 -0.121536
v 3.499695 -4.008199 0.000000
v 3.913500 -3.788055 0.000000
v 0.523528 -3.154006 -1.011393
v 1.177630 -3.154006 -0.780637
v 1.741794 -3.154006 -0.632769
v 2.338662 -3.154006 -0.532414
v 2.894649 -3.154006 -0.278059
v 3.499695 -3.154006 -0.121536
v 4.047505 -3.154005 0.000000
v 4.502182 -2.908638 0.000000
v 5.037520 -2.087686 0.000000
v 4.628933 -2.309632 0.000000
v 4.047505 -2.309631 -0.121536
v 3.499695 -2.309632 -0.278059
v 2.894649 -2.309632 -0.532414
v 2.338662 -2.309632 -0.632769
v 1.741794 -2.309632 -0.632769
v 1.177630 -2.309632 -0.780637
v 0.523528 -2.309632 -1.119001
v 5.397197 -1.268501 0.000000
v 4.628933 -1.494713 -0.121536
v 4.047505 -1.494713 -0.174841
v 3.499695 -1.494713 -0.397049
v 2.894649 -1.494713 -0.632769
v 2.338662 -1.494713 -0.632769
v 1.741794 -1.494713 -0.780637
v 1.177630 -1.494713 -1.011393
v 0.437032 -1.494713 -1.119001
v 5.743030 -0.472687 0.000000
v 5.173482 -0.699429 0.000000
v 4.628933 -0.699429 -0.121536
v 4.047505 -0.699429 -0.278059
v 3.499695 -0.699429 -0.532414
v 2.894650 -0.699429 -0.632769
v 2.338662 -0.699429 -0.780637
v 1.741794 -0.699429 -0.880701
v 1.177630 -0.699429 -1.119001
v 0.437032 -0.699429 -1.119001
v 5.973340 0.263710 0.000000
v 5.461883 0.066413 0.000000
v 5.174197 0.066428 0.000000
v 4.628933 0.066428 -0.174841
v 4.047505 0.066428 -0.397049
v 3.499695 0.066428 -0.632769
v 2.894650 0.066428 -0.780637
v 2.338663 0.066428 -0.880701
v 1.741794 0.066428 -1.011393
v 1.177630 0.066428 -1.119001
v 0.437032 0.066428 -1.119001
v 5.761204 7.410833 0.000000
v 5.175943 7.505280 0.000000
v 4.628378 7.505135 -0.121536
v 4.047505 7.505404 -0.174841
v 3.499695 7.505404 -0.174841
v 2.894650 7.505404 -0.174841
v 2.338662 7.505404 -0.174841
v 1.741794 7.505404 -0.174841
v 1.177630 7.505404 -0.174841
v 0.523528 7.505404 -0.174841
v 4.769323 8.218694 0.000000
v 4.908950 7.714027 0.000000
v 4.909064 7.505210 -0.001724
v 4.909179 7.294994 -0.121536
v 4.909611 7.006040 -0.121536
v 4.908842 0.448679 -0.121536
v 4.908439 0.066428 -0.121536
v 4.908073 -0.281687 -0.121536
v 4.908073 -0.699429 -0.121536
v 4.908073 -1.072820 0.000000
v 4.908073 -1.494713 0.000000
v 4.908073 -1.873413 0.000000
v 4.775254 -2.487907 0.000000
v 4.331850 8.266203 0.000000
v 4.332293 7.854583 0.000000
v 4.332648 7.712908 -0.121536
v 4.332918 7.505272 -0.174841
v 4.333191 7.296246 -0.278059
v 4.333190 7.006040 -0.278059
v 4.333191 0.448679 -0.278059
v 4.333191 0.066428 -0.278059
v 4.333191 -0.281687 -0.278059
v 4.333191 -0.699429 -0.174841
v 4.333191 -1.072820 -0.174841
v 4.333191 -1.494713 -0.121536
v 4.333191 -1.873413 -0.121536
v 4.333191 -2.309631 0.000000
v 4.333190 -2.704719 0.000000
v 4.211942 -3.344701 0.000000
v 3.759902 8.266203 0.000000
v 3.759902 7.854362 0.000000
v 3.759902 7.712510 -0.121536
v 3.759902 7.505404 -0.174841
v 3.759902 7.296911 -0.397049
v 3.759902 7.006040 -0.532414
v 3.759902 0.448679 -0.532414
v 3.759902 0.066428 -0.532414
v 3.759902 -0.281687 -0.532414
v 3.759902 -0.699429 -0.397049
v 3.759902 -1.072820 -0.397049
v 3.759902 -1.494713 -0.278059
v 3.759902 -1.873413 -0.278059
v 3.759902 -2.309631 -0.174841
v 3.759902 -2.704719 -0.121536
v 3.759902 -3.154005 0.000000
v 3.759903 -3.579419 0.000000
v 3.638783 -4.196341 0.000000
v 3.233733 8.266203 0.000000
v 3.233733 7.854362 0.000000
v 3.233733 7.712510 -0.121536
v 3.233733 7.505404 -0.174841
v 3.233733 7.296911 -0.532414
v 3.233733 7.006040 -0.632769
v 3.233733 0.448679 -0.632769
v 3.233733 0.066428 -0.632769
v 3.233733 -0.281687 -0.632769
v 3.233733 -0.699429 -0.632769
v 3.233733 -1.072820 -0.632769
v 3.233733 -1.494713 -0.532414
v 3.233733 -1.873413 -0.532414
v 3.233733 -2.309632 -0.397049
v 3.233733 -2.704720 -0.278059
v 3.233733 -3.154006 -0.174841
v 3.233733 -3.579420 -0.121536
v 3.233733 -4.008199 0.000000
v 3.233733 -4.395315 0.000000
v 3.074694 -4.958537 0.000000
v 2.597618 8.266203 0.000000
v 2.597618 7.854362 0.000000
v 2.597618 7.712510 -0.121536
v 2.597618 7.505404 -0.174841
v 2.597618 7.296911 -0.532414
v 2.597618 7.006040 -0.780637
v 2.597618 0.448679 -0.780637
v 2.597618 0.066428 -0.780637
v 2.597618 -0.281687 -0.780637
v 2.597618 -0.699429 -0.632769
v 2.597618 -1.072820 -0.632769
v 2.597618 -1.494713 -0.632769
v 2.597618 -1.873413 -0.632769
v 2.597618 -2.309632 -0.532414
v 2.597618 -2.704720 -0.532414
v 2.597618 -3.154006 -0.397049
v 2.597618 -3.579420 -0.278059
v 2.597618 -4.008199 -0.174841
v 2.597618 -4.395315 -0.121536
v 2.597618 -4.832937 0.000000
v 2.597618 -5.203860 0.000000
v 2.475747 -5.762802 0.000000
v 2.063595 8.266203 0.000000
v 2.063595 7.854362 0.000000
v 2.063595 7.712510 -0.121536
v 2.063595 7.505404 -0.174841
v 2.063595 7.296911 -0.632769
v 2.063595 7.006040 -0.880701
v 2.063595 0.448679 -0.880701
v 2.063595 0.066428 -0.880701
v 2.063595 -0.281687 -0.880701
v 2.063595 -0.699429 -0.780637
v 2.063595 -1.072820 -0.780637
v 2.063595 -1.494713 -0.632769
v 2.063595 -1.873413 -0.632769
v 2.063595 -2.309632 -0.632769
v 2.063595 -2.704720 -0.632769
v 2.063595 -3.154006 -0.532414
v 2.063595 -3.579420 -0.532414
v 2.063595 -4.008199 -0.397049
v 2.063595 -4.395315 -0.278059
v 2.063595 -4.832937 -0.174841
v 2.063595 -5.203860 -0.121536
v 2.063595 -5.647855 0.000000
v 2.063595 -5.946252 0.000000
v 1.901621 -6.565511 0.000000
v 1.443186 8.266203 0.000000
v 1.443186 7.854362 0.000000
v 1.443186 7.712510 -0.121536
v 1.443186 7.505404 -0.174841
v 1.443186 7.296911 -0.780637
v 1.443186 7.006040 -1.011393
v 1.443186 0.448679 -1.011393
v 1.443186 0.066428 -1.011393
v 1.443186 -0.281687 -1.011393
v 1.443186 -0.699429 -1.011393
v 1.443186 -1.072820 -0.880701
v 1.443186 -1.494713 -0.780637
v 1.443186 -1.873413 -0.780637
v 1.443186 -2.309632 -0.780637
v 1.443186 -2.704720 -0.632769
v 1.443186 -3.154006 -0.632769
v 1.443186 -3.579420 -0.632769
v 1.443186 -4.008199 -0.532414
v 1.443186 -4.395315 -0.532414
v 1.443186 -4.832937 -0.397049
v 1.443186 -5.203860 -0.278059
v 1.443186 -5.647855 -0.174841
v 1.443186 -5.946252 -0.121536
v 1.443186 -6.374410 0.000000
v 1.443186 -6.791549 0.000000
v 1.310897 -7.458106 0.000000
v 0.838484 7.854362 0.000000
v 0.838484 7.712510 -0.121536
v 0.838484 7.505404 -0.174841
v 0.838484 7.296911 -0.780637
v 0.838484 7.006040 -1.119001
v 0.838484 0.448679 -1.119001
v 0.838484 0.066428 -1.119001
v 0.838484 -0.281687 -1.119001
v 0.838484 -0.699429 -1.119001
v 0.838484 -1.072820 -1.119001
v 0.838484 -1.494713 -1.119001
v 0.838484 -1.873413 -1.011393
v 0.838484 -2.309632 -1.011393
v 0.838484 -2.704720 -0.880701
v 0.838484 -3.154006 -0.780637
v 0.838484 -3.579420 -0.780637
v 0.838484 -4.008199 -0.632769
v 0.838484 -4.395315 -0.632769
v 0.838484 -4.832937 -0.532414
v 0.838484 -5.203860 -0.532414
v 0.838484 -5.647855 -0.397049
v 0.838484 -5.946252 -0.278059
v 0.838484 -6.374410 -0.174841
v 0.838484 -6.791549 -0.121536
v 0.838484 -7.248240 0.000000
v 0.838484 -7.666248 0.000000
v 0.842460 -8.095375 0.000000
v 0.225929 7.854362 0.000000
v 0.225929 7.712510 -0.121536
v 0.225929 7.505404 -0.174841
v 0.225929 7.296911 -0.780637
v 0.139433 7.006040 -1.228421
v 0.139433 0.448679 -1.228421
v 0.139433 0.066428 -1.172313
v 0.139433 -0.281687 -1.172313
v 0.139433 -0.699429 -1.172313
v 0.139433 -1.072820 -1.172313
v 0.139433 -1.494713 -1.172313
v 0.139433 -1.873413 -1.119001
v 0.225929 -2.309632 -1.119001
v 0.225929 -2.704720 -1.119001
v 0.225929 -3.154005 -1.011393
v 0.225929 -3.579420 -1.011393
v 0.225928 -4.008199 -0.880701
v 0.225928 -4.395315 -0.880701
v 0.225928 -4.832937 -0.780637
v 0.225928 -5.203860 -0.632769
v 0.225928 -5.647855 -0.532414
v 0.225928 -5.946252 -0.532414
v 0.225928 -6.374410 -0.397049
v 0.225928 -6.791549 -0.278059
v 0.225928 -7.248240 -0.174841
v 0.225928 -7.666248 -0.121536
v 0.225928 -8.092613 0.000000
v 0.225928 -8.562998 0.000000
v -0.000000 -9.337335 0.000000
v 0.000000 -2.704720 -1.119001
v 0.000000 -3.579419 -1.011393
v 0.000000 -4.395315 -0.880701
v 0.000000 -5.203860 -0.632769
v 0.000000 -5.946253 -0.532414
v 0.000000 -6.791549 -0.278059
v 0.000000 -7.666248 -0.121536
v 0.000000 -7.248240 -0.174841
v 0.000000 -6.374410 -0.397049
v 0.000000 -8.092613 0.000000
v 0.000000 -5.647855 -0.532414
v 0.000000 -4.832937 -0.780637
v 0.000000 -4.008199 -0.880701
v 0.000000 -3.154005 -1.011393
v 0.000000 7.854362 0.000000
v 0.000000 7.712510 -0.121536
v 0.000000 7.505404 -0.174841
v 0.000000 7.296911 -0.780637
v -0.086496 7.006040 -1.228421
v -0.086496 0.448679 -1.228421
v -0.086496 0.066428 -1.172313
v -0.086496 -0.281687 -1.172313
v -0.086496 -0.699429 -1.172313
v -0.086496 -1.072820 -1.172313
v -0.086496 -1.494713 -1.172313
v -0.086496 -1.873413 -1.119001
v 0.000000 -2.309632 -1.119001
v -4.628932 -2.704720 0.000000
v -4.628932 7.006040 -0.174841
v -4.627827 7.713319 -0.121536
v -4.628933 0.448679 -0.174841
v -2.338662 -2.704720 -0.532414
v -2.338663 0.448679 -0.880701
v -2.338662 7.006040 -0.880701
v -2.338663 7.712510 -0.121536
v -2.338662 8.266203 0.000000
v -1.177630 -2.704720 -0.780637
v -1.177630 0.448679 -1.119001
v -1.177630 7.006040 -1.119001
v -1.177630 7.712510 -0.121536
v -1.177630 8.266183 0.000000
v -3.499694 -2.704720 -0.174841
v -3.499695 0.448679 -0.632769
v -3.499694 7.006040 -0.632769
v -3.499695 7.712510 -0.121536
v -3.499694 8.266203 0.000000
v -0.523528 -2.704720 -1.011393
v -0.610023 0.448679 -1.119001
v -0.610023 7.006040 -1.119001
v -0.523528 7.712510 -0.121536
v -1.741794 -2.704720 -0.632769
v -1.741794 0.448679 -1.011393
v -1.741794 7.006040 -1.011393
v -1.741794 7.712510 -0.121536
v -1.741794 8.266203 0.000000
v -2.894649 -2.704720 -0.397049
v -2.894650 0.448679 -0.780637
v -2.894650 7.006040 -0.780637
v -2.894650 7.712510 -0.121536
v -2.894649 8.266203 0.000000
v -4.047505 -2.704719 -0.001724
v -4.047505 0.448679 -0.397049
v -4.047505 7.006040 -0.397049
v -4.047505 7.712510 -0.121536
v -4.047505 8.266203 0.000000
v -4.628933 -1.072820 -0.121536
v -4.047505 -1.072820 -0.278059
v -3.499695 -1.072820 -0.532414
v -2.894650 -1.072820 -0.632769
v -2.338662 -1.072820 -0.632769
v -1.741794 -1.072820 -0.780637
v -1.177630 -1.072820 -1.011393
v -0.610023 -1.072820 -1.119001
v -4.628933 -0.281687 -0.174841
v -4.047505 -0.281687 -0.397049
v -3.499695 -0.281687 -0.632769
v -2.894650 -0.281687 -0.632769
v -2.338663 -0.281687 -0.780637
v -1.741794 -0.281687 -0.880701
v -1.177630 -0.281687 -1.119001
v -0.610023 -0.281687 -1.119001
v -4.628933 -1.873413 0.000000
v -4.047505 -1.873413 -0.174841
v -3.499695 -1.873413 -0.397049
v -2.894649 -1.873413 -0.532414
v -2.338662 -1.873413 -0.632769
v -1.741794 -1.873413 -0.632769
v -1.177630 -1.873413 -0.880701
v -0.523528 -1.873413 -1.119001
v -4.628932 7.295558 -0.174841
v -4.047505 7.296911 -0.397049
v -3.499695 7.296911 -0.397049
v -2.894650 7.296911 -0.532414
v -2.338662 7.296911 -0.632769
v -1.741794 7.296911 -0.780637
v -1.177630 7.296911 -0.780637
v -0.523528 7.296911 -0.780637
v -0.523528 -3.579420 -0.880701
v -2.338662 -3.579420 -0.397049
v -2.894649 -3.579420 -0.174841
v -1.177630 -3.579420 -0.632769
v -1.741794 -3.579420 -0.532414
v -3.499695 -3.579420 0.000000
v -4.047506 -3.579418 0.000000
v -0.523527 -4.395315 -0.780637
v -2.338662 -4.395315 -0.174841
v -2.894649 -4.395315 0.000000
v -1.177630 -4.395315 -0.532414
v -1.741794 -4.395315 -0.397049
v -3.499695 -4.395315 0.000000
v -0.523527 -5.203860 -0.532414
v -2.338662 -5.203860 0.000000
v -2.894649 -5.203860 0.000000
v -1.177630 -5.203860 -0.397049
v -1.741794 -5.203860 -0.174841
v -0.523527 -5.946252 -0.397049
v -1.177630 -5.946252 -0.174841
v -1.741794 -5.946252 0.000000
v -2.338662 -5.946252 0.000000
v -0.523527 -6.791549 -0.174841
v -1.177630 -6.791549 0.000000
v -1.741794 -6.791549 0.000000
v -0.523527 -7.666248 0.000000
v -1.177630 -7.666248 0.000000
v -5.173482 -1.072820 0.000000
v -5.173482 -0.281687 0.000000
v -5.174983 0.448679 -0.119812
v -5.173482 -1.873413 0.000000
v -5.462217 -1.072820 0.000000
v -5.462217 -0.281687 0.000000
v -5.461515 0.448647 0.000000
v -5.821209 -0.281687 0.000000
v -5.176482 7.006040 -0.119812
v -5.175640 7.294457 0.000000
v -5.459210 7.006420 0.000000
v -5.999144 0.448491 0.000000
v -6.000644 7.005852 0.000000
v -4.626204 8.266204 0.000000
v -5.176243 7.714700 0.000000
v -5.457799 7.294978 0.000000
v -5.175548 8.034286 0.000000
v -5.835427 7.296825 0.000000
v -5.322925 7.935254 0.000000
v -4.905400 8.173521 0.000000
v -5.931260 7.147939 0.000000
v -5.949839 0.095429 0.000000
v -5.673149 -0.643409 0.000000
v -4.914377 -2.281757 0.000000
v -5.338833 -1.444149 0.000000
v -4.382165 -3.101721 0.000000
v -3.792515 -3.976419 0.000000
v -3.215913 -4.766117 0.000000
v -2.632988 -5.552379 0.000000
v -2.038236 -6.372300 0.000000
v -1.460750 -7.224059 0.000000
v -4.627105 7.854811 0.000000
v -4.047505 7.854362 0.000000
v -3.499695 7.854362 0.000000
v -2.894650 7.854362 0.000000
v -2.338662 7.854362 0.000000
v -1.741794 7.854362 0.000000
v -1.177630 7.854362 0.000000
v -0.523528 7.854362 0.000000
v -0.523527 -7.248240 -0.121536
v -1.177630 -7.248240 0.000000
v -1.595058 -7.017368 0.000000
v -0.523527 -6.374410 -0.278059
v -1.177630 -6.374410 -0.121536
v -1.741794 -6.374410 0.000000
v -2.186491 -6.162053 0.000000
v -0.523647 -8.092613 0.000000
v -1.035499 -7.862024 0.000000
v -0.523527 -5.647855 -0.532414
v -1.177630 -5.647855 -0.278059
v -1.741794 -5.647855 -0.121536
v -2.338662 -5.647855 0.000000
v -2.738160 -5.412296 0.000000
v -0.523527 -4.832937 -0.632769
v -1.177630 -4.832937 -0.532414
v -1.741794 -4.832937 -0.278059
v -2.338662 -4.832937 -0.121536
v -2.894649 -4.832937 0.000000
v -3.346099 -4.596010 0.000000
v -0.523527 -4.008199 -0.780637
v -1.177630 -4.008199 -0.632769
v -1.741794 -4.008199 -0.532414
v -2.338662 -4.008199 -0.278059
v -2.894649 -4.008199 -0.121536
v -3.499695 -4.008199 0.000000
v -3.913500 -3.788055 0.000000
v -0.523528 -3.154006 -1.011393
v -1.177630 -3.154006 -0.780637
v -1.741794 -3.154006 -0.632769
v -2.338662 -3.154006 -0.532414
v -2.894649 -3.154006 -0.278059
v -3.499695 -3.154006 -0.121536
v -4.047505 -3.154005 -0.001724
v -4.502181 -2.908638 0.000000
v -5.037519 -2.087686 0.000000
v -4.628933 -2.309632 0.000000
v -4.047505 -2.309631 -0.121536
v -3.499695 -2.309632 -0.278059
v -2.894649 -2.309632 -0.532414
v -2.338662 -2.309632 -0.632769
v -1.741794 -2.309632 -0.632769
v -1.177630 -2.309632 -0.780637
v -0.523528 -2.309632 -1.119001
v -5.397197 -1.268501 0.000000
v -4.628933 -1.494713 -0.121536
v -4.047505 -1.494713 -0.174841
v -3.499695 -1.494713 -0.397049
v -2.894649 -1.494713 -0.632769
v -2.338662 -1.494713 -0.632769
v -1.741794 -1.494713 -0.780637
v -1.177630 -1.494713 -1.011393
v -0.610023 -1.494713 -1.119001
v -5.743029 -0.472687 0.000000
v -5.173482 -0.699429 0.000000
v -4.628933 -0.699429 -0.121536
v -4.047505 -0.699429 -0.278059
v -3.499695 -0.699429 -0.532414
v -2.894650 -0.699429 -0.632769
v -2.338662 -0.699429 -0.780637
v -1.741794 -0.699429 -0.880701
v -1.177630 -0.699429 -1.119001
v -0.610023 -0.699429 -1.119001
v -5.973340 0.263710 0.000000
v -5.461882 0.066413 0.000000
v -5.174197 0.066428 0.000000
v -4.628933 0.066428 -0.174841
v -4.047505 0.066428 -0.397049
v -3.499695 0.066428 -0.632769
v -2.894650 0.066428 -0.780637
v -2.338663 0.066428 -0.880701
v -1.741794 0.066428 -1.011393
v -1.177630 0.066428 -1.119001
v -0.610023 0.066428 -1.119001
v -5.761204 7.410833 0.000000
v -5.175942 7.505280 0.000000
v -4.628378 7.505135 -0.121536
v -4.047505 7.505404 -0.174841
v -3.499695 7.505404 -0.174841
v -2.894650 7.505404 -0.174841
v -2.338662 7.505404 -0.174841
v -1.741794 7.505404 -0.174841
v -1.177630 7.505404 -0.174841
v -0.523528 7.505404 -0.174841
v -4.769322 8.218694 0.000000
v -4.908438 7.855843 0.000000
v -4.908949 7.714027 -0.001724
v -4.909063 7.505210 -0.121536
v -4.909179 7.294994 -0.121536
v -4.909611 7.006040 -0.121536
v -4.908842 0.448679 -0.121536
v -4.908439 0.066428 -0.121536
v -4.908072 -0.281687 -0.121536
v -4.908072 -0.699429 -0.121536
v -4.908072 -1.072820 0.000000
v -4.908072 -1.494713 0.000000
v -4.908072 -1.873413 0.000000
v -4.775253 -2.487907 0.000000
v -4.331850 8.266203 0.000000
v -4.332293 7.854583 0.000000
v -4.332648 7.712908 -0.121536
v -4.332918 7.505272 -0.174841
v -4.333191 7.296246 -0.278059
v -4.333190 7.006040 -0.278059
v -4.333191 0.448679 -0.278059
v -4.333191 0.066428 -0.278059
v -4.333191 -0.281687 -0.278059
v -4.333191 -0.699429 -0.174841
v -4.333191 -1.072820 -0.174841
v -4.333191 -1.494713 -0.121536
v -4.333191 -1.873413 -0.121536
v -4.333191 -2.309631 0.000000
v -4.333190 -2.704719 0.000000
v -4.211941 -3.344701 0.000000
v -3.759902 8.266203 0.000000
v -3.759902 7.854362 0.000000
v -3.759902 7.712510 -0.121536
v -3.759902 7.505404 -0.174841
v -3.759902 7.296911 -0.397049
v -3.759902 7.006040 -0.532414
v -3.759902 0.448679 -0.532414
v -3.759902 0.066428 -0.532414
v -3.759902 -0.281687 -0.532414
v -3.759902 -0.699429 -0.397049
v -3.759902 -1.072820 -0.397049
v -3.759902 -1.494713 -0.278059
v -3.759902 -1.873413 -0.278059
v -3.759902 -2.309631 -0.174841
v -3.759902 -2.704719 -0.121536
v -3.759902 -3.154005 0.000000
v -3.759903 -3.579419 0.000000
v -3.638783 -4.196341 0.000000
v -3.233733 8.266203 0.000000
v -3.233733 7.854362 0.000000
v -3.233733 7.712510 -0.121536
v -3.233733 7.505404 -0.174841
v -3.233733 7.296911 -0.532414
v -3.233733 7.006040 -0.632769
v -3.233733 0.448679 -0.632769
v -3.233733 0.066428 -0.632769
v -3.233733 -0.281687 -0.632769
v -3.233733 -0.699429 -0.632769
v -3.233733 -1.072820 -0.632769
v -3.233733 -1.494713 -0.532414
v -3.233733 -1.873413 -0.532414
v -3.233733 -2.309632 -0.397049
v -3.233733 -2.704720 -0.278059
v -3.233733 -3.154006 -0.174841
v -3.233733 -3.579420 -0.121536
v -3.233733 -4.008199 0.000000
v -3.233733 -4.395315 0.000000
v -3.074694 -4.958537 0.000000
v -2.597618 8.266203 0.000000
v -2.597618 7.854362 0.000000
v -2.597618 7.712510 -0.121536
v -2.597618 7.505404 -0.174841
v -2.597618 7.296911 -0.632769
v -2.597618 7.006040 -0.780637
v -2.597618 0.448679 -0.780637
v -2.597618 0.066428 -0.780637
v -2.597618 -0.281687 -0.780637
v -2.597618 -0.699429 -0.632769
v -2.597618 -1.072820 -0.632769
v -2.597618 -1.494713 -0.632769
v -2.597618 -1.873413 -0.632769
v -2.597618 -2.309632 -0.532414
v -2.597618 -2.704720 -0.532414
v -2.597618 -3.154006 -0.397049
v -2.597618 -3.579420 -0.278059
v -2.597618 -4.008199 -0.174841
v -2.597618 -4.395315 -0.121536
v -2.597618 -4.832937 0.000000
v -2.597618 -5.203860 0.000000
v -2.475747 -5.762802 0.000000
v -2.063595 8.266203 0.000000
v -2.063595 7.854362 0.000000
v -2.063595 7.712510 -0.121536
v -2.063595 7.505404 -0.174841
v -2.063595 7.296911 -0.780637
v -2.063595 7.006040 -0.880701
v -2.063595 0.448679 -0.880701
v -2.063595 0.066428 -0.880701
v -2.063595 -0.281687 -0.880701
v -2.063595 -0.699429 -0.780637
v -2.063595 -1.072820 -0.780637
v -2.063595 -1.494713 -0.632769
v -2.063595 -1.873413 -0.632769
v -2.063595 -2.309632 -0.632769
v -2.063595 -2.704720 -0.632769
v -2.063595 -3.154006 -0.532414
v -2.063595 -3.579420 -0.532414
v -2.063595 -4.008199 -0.397049
v -2.063595 -4.395315 -0.278059
v -2.063595 -4.832937 -0.174841
v -2.063595 -5.203860 -0.121536
v -2.063595 -5.647855 0.000000
v -2.063595 -5.946252 0.000000
v -1.901621 -6.565511 0.000000
v -1.443186 8.266203 0.000000
v -1.443186 7.854362 0.000000
v -1.443186 7.712510 -0.121536
v -1.443186 7.505404 -0.174841
v -1.443186 7.296911 -0.780637
v -1.443186 7.006040 -1.011393
v -1.443186 0.448679 -1.011393
v -1.443186 0.066428 -1.011393
v -1.443186 -0.281687 -1.011393
v -1.443186 -0.699429 -1.011393
v -1.443186 -1.072820 -0.880701
v -1.443186 -1.494713 -0.780637
v -1.443186 -1.873413 -0.780637
v -1.443186 -2.309632 -0.780637
v -1.443186 -2.704720 -0.632769
v -1.443186 -3.154006 -0.632769
v -1.443186 -3.579420 -0.632769
v -1.443186 -4.008199 -0.532414
v -1.443186 -4.395315 -0.532414
v -1.443186 -4.832937 -0.397049
v -1.443186 -5.203860 -0.278059
v -1.443186 -5.647855 -0.174841
v -1.443186 -5.946252 -0.121536
v -1.443186 -6.374410 0.000000
v -1.443186 -6.791549 0.000000
v -1.310897 -7.458106 0.000000
v -0.838484 7.854362 0.000000
v -0.838484 7.712510 -0.121538
v -0.838484 7.505404 -0.174841
v -0.838484 7.296911 -0.780637
v -0.838484 7.006040 -1.119001
v -0.838484 0.448679 -1.119001
v -0.838484 0.066428 -1.119001
v -0.838484 -0.281687 -1.119001
v -0.838484 -0.699429 -1.119001
v -0.838484 -1.072820 -1.119001
v -0.838484 -1.494713 -1.119001
v -0.838484 -1.873413 -1.011393
v -0.838484 -2.309632 -1.011393
v -0.838484 -2.704720 -0.880701
v -0.838484 -3.154006 -0.780637
v -0.838484 -3.579420 -0.780637
v -0.838484 -4.008199 -0.632769
v -0.838484 -4.395315 -0.632769
v -0.838484 -4.832937 -0.532414
v -0.838484 -5.203860 -0.532414
v -0.838484 -5.647855 -0.397049
v -0.838484 -5.946252 -0.278059
v -0.838484 -6.374410 -0.174841
v -0.838484 -6.791549 -0.121536
v -0.838484 -7.248240 0.000000
v -0.838484 -7.666248 0.000000
v -0.839011 -8.095375 0.000000
v -0.225929 7.854362 0.000000
v -0.225929 7.712510 -0.121536
v -0.225929 7.505404 -0.174841
v -0.225929 7.296911 -0.780637
v -0.312424 7.006040 -1.228421
v -0.312424 0.448679 -1.228421
v -0.312424 0.066428 -1.172313
v -0.312424 -0.281687 -1.172313
v -0.312424 -0.699429 -1.172313
v -0.312424 -1.072820 -1.172313
v -0.312424 -1.494713 -1.172313
v -0.312424 -1.873413 -1.119001
v -0.225929 -2.309632 -1.119001
v -0.225929 -2.704720 -1.119001
v -0.225929 -3.154005 -1.011393
v -0.225929 -3.579420 -1.011393
v -0.225928 -4.008199 -0.880701
v -0.225927 -4.395315 -0.880701
v -0.225927 -4.832937 -0.780637
v -0.225927 -5.203860 -0.632769
v -0.225927 -5.647855 -0.532414
v -0.225927 -5.946252 -0.532414
v -0.225927 -6.374410 -0.397049
v -0.225927 -6.791549 -0.278059
v -0.225927 -7.248240 -0.174841
v -0.225927 -7.666248 -0.121536
v -0.225927 -8.092613 0.000000
v -0.225927 -8.562998 0.000000
v 0.523768 -8.562998 0.000000
v -0.523768 -8.562998 0.000000
v 0.286184 -8.932581 0.000000
v -0.295001 -8.921203 0.000000
v -0.697030 -8.312837 0.000000
v 0.715583 -8.301182 0.000000
v 0.838484 8.266163 0.000000
v 0.523528 8.266163 0.000000
v 0.225929 8.266163 0.000000
v 0.000000 8.266163 0.000000
v -0.838484 8.266163 0.000000
v -0.523528 8.266163 0.000000
v -0.225929 8.266163 0.000000
v 0.225929 -2.704720 0.453819
v 0.523528 -2.704720 0.453819
v 0.523528 -2.309632 0.453819
v 0.225929 -2.309632 0.453819
v 0.523528 7.006040 0.453817
v 0.225929 7.006040 0.453817
v 0.523528 7.296911 0.453817
v 0.225929 7.296911 0.453817
v 0.523528 7.712510 0.453817
v 0.225929 7.712510 0.453817
v 0.523528 7.854362 0.453817
v 0.225929 7.854362 0.453817
v 0.523528 0.448679 0.453819
v 0.225929 0.448679 0.453819
v 2.597618 -2.704720 0.453819
v 2.894649 -2.704720 0.453819
v 2.894649 -2.309632 0.453819
v 2.597618 -2.309632 0.453819
v 2.597618 7.006040 0.453817
v 2.597618 0.448679 0.453819
v 2.894650 0.448679 0.453819
v 2.894649 7.006040 0.453817
v 2.597618 7.296911 0.453817
v 2.894650 7.296911 0.453817
v 2.597618 7.854362 0.453817
v 2.597618 7.712510 0.453817
v 2.894650 7.712510 0.453817
v 2.894649 7.854362 0.453817
v 1.443186 -2.704720 0.453819
v 1.741794 -2.704720 0.453819
v 1.741794 -2.309632 0.453819
v 1.443186 -2.309632 0.453819
v 1.443186 7.006040 0.453817
v 1.443186 0.448679 0.453819
v 1.741794 0.448679 0.453819
v 1.741794 7.006040 0.453817
v 1.443186 7.296911 0.453817
v 1.741794 7.296911 0.453817
v 1.443186 7.854362 0.453817
v 1.443186 7.712510 0.453817
v 1.741794 7.712510 0.453817
v 1.741794 7.854362 0.453817
v 3.759902 -2.704719 0.453819
v 4.047505 -2.704719 0.453819
v 4.047505 -2.309631 0.453819
v 3.759902 -2.309631 0.453819
v 3.759902 7.006040 0.455543
v 3.759902 0.448679 0.453819
v 4.047505 0.448679 0.453819
v 4.047505 7.006040 0.455543
v 3.759902 7.296911 0.453817
v 4.047505 7.296911 0.453817
v 3.759902 7.854362 0.453817
v 3.759902 7.712510 0.453817
v 4.047505 7.712510 0.453817
v 4.047505 7.854362 0.453817
v 0.838484 -2.704720 0.453819
v 1.177630 -2.704720 0.453819
v 1.177630 -2.309632 0.453819
v 0.838484 -2.309632 0.453819
v 0.838484 7.006040 0.453817
v 0.838484 0.448679 0.453819
v 1.177630 0.448679 0.453819
v 1.177630 7.006040 0.453817
v 0.838484 7.296911 0.453817
v 1.177630 7.296911 0.453817
v 0.838484 7.854362 0.453817
v 0.838484 7.712510 0.453817
v 1.177630 7.712510 0.453817
v 1.177630 7.854362 0.453817
v 2.063595 -2.704720 0.453819
v 2.338662 -2.704720 0.453819
v 2.338662 -2.309632 0.453819
v 2.063595 -2.309632 0.453819
v 2.063595 7.006040 0.453817
v 2.063595 0.448679 0.453819
v 2.338663 0.448679 0.453819
v 2.338662 7.006040 0.453817
v 2.063595 7.296911 0.453817
v 2.338662 7.296911 0.453817
v 2.063595 7.854362 0.453817
v 2.063595 7.712510 0.453817
v 2.338663 7.712510 0.453817
v 2.338662 7.854362 0.453817
v 3.233733 -2.704720 0.453819
v 3.499694 -2.704720 0.453819
v 3.499695 -2.309632 0.453819
v 3.233733 -2.309632 0.453819
v 3.233733 7.006040 0.455543
v 3.233733 0.448679 0.453819
v 3.499695 0.448679 0.453819
v 3.499694 7.006040 0.455543
v 3.233733 7.296911 0.453817
v 3.499695 7.296911 0.453817
v 3.233733 7.854362 0.453817
v 3.233733 7.712510 0.453817
v 3.499695 7.712510 0.453817
v 3.499695 7.854362 0.453817
v 4.333190 -2.704719 0.455543
v 4.628933 -2.704720 0.455543
v 4.628933 -2.309632 0.455543
v 4.333191 -2.309631 0.455543
v 4.333190 7.006040 0.455543
v 4.333191 0.448679 0.453819
v 4.628933 0.448679 0.453819
v 4.628933 7.006040 0.453817
v 4.333191 7.296246 0.453817
v 4.628933 7.295558 0.453817
v 4.628933 -1.072820 0.453819
v 4.333191 -1.072820 0.453819
v 4.628933 -0.699429 0.453819
v 4.333191 -0.699429 0.453819
v 4.047505 -1.072820 0.453819
v 3.759902 -1.072820 0.453819
v 4.047505 -0.699429 0.453819
v 3.759902 -0.699429 0.453819
v 3.499695 -1.072820 0.453819
v 3.233733 -1.072820 0.453819
v 3.499695 -0.699429 0.453819
v 3.233733 -0.699429 0.453819
v 2.894649 -1.072820 0.453819
v 2.597618 -1.072820 0.453819
v 2.894650 -0.699429 0.453819
v 2.597618 -0.699429 0.453819
v 2.338662 -1.072820 0.453819
v 2.063595 -1.072820 0.453819
v 2.338662 -0.699429 0.453819
v 2.063595 -0.699429 0.453819
v 1.741794 -1.072820 0.453819
v 1.443186 -1.072820 0.453819
v 1.741794 -0.699429 0.453819
v 1.443186 -0.699429 0.453819
v 1.177630 -1.072820 0.453819
v 0.838484 -1.072820 0.453819
v 1.177630 -0.699429 0.453819
v 0.838484 -0.699429 0.453819
v 0.523528 -1.072820 0.453819
v 0.225929 -1.072820 0.453819
v 0.523528 -0.699429 0.453819
v 0.225929 -0.699429 0.453819
v 4.628933 -0.281687 0.453819
v 4.333191 -0.281687 0.453819
v 4.628933 0.066428 0.453819
v 4.333191 0.066428 0.453819
v 4.047505 -0.281687 0.453819
v 3.759902 -0.281687 0.453819
v 4.047505 0.066428 0.453819
v 3.759902 0.066428 0.453819
v 3.499695 -0.281687 0.453819
v 3.233733 -0.281687 0.453819
v 3.499695 0.066428 0.453819
v 3.233733 0.066428 0.453819
v 2.894650 -0.281687 0.453819
v 2.597618 -0.281687 0.453819
v 2.894650 0.066428 0.453819
v 2.597618 0.066428 0.453819
v 2.338663 -0.281687 0.453819
v 2.063595 -0.281687 0.453819
v 2.338663 0.066428 0.453819
v 2.063595 0.066428 0.453819
v 1.741794 -0.281687 0.453819
v 1.443186 -0.281687 0.453819
v 1.741794 0.066428 0.453819
v 1.443186 0.066428 0.453819
v 1.177630 -0.281687 0.453819
v 0.838484 -0.281687 0.453819
v 1.177630 0.066428 0.453819
v 0.838484 0.066428 0.453819
v 0.523528 -0.281687 0.453819
v 0.225929 -0.281687 0.453819
v 0.523528 0.066428 0.453819
v 0.225929 0.066428 0.453819
v 4.628933 -1.873413 0.453819
v 4.333191 -1.873413 0.453819
v 4.628933 -1.494713 0.453819
v 4.333191 -1.494713 0.453819
v 4.047505 -1.873413 0.453819
v 3.759902 -1.873413 0.453819
v 4.047505 -1.494713 0.453819
v 3.759902 -1.494713 0.453819
v 3.499695 -1.873413 0.453819
v 3.233733 -1.873413 0.453819
v 3.499695 -1.494713 0.453819
v 3.233733 -1.494713 0.453819
v 2.894649 -1.873413 0.453819
v 2.597618 -1.873413 0.453819
v 2.894649 -1.494713 0.453819
v 2.597618 -1.494713 0.453819
v 2.338662 -1.873413 0.453819
v 2.063595 -1.873413 0.453819
v 2.338662 -1.494713 0.453819
v 2.063595 -1.494713 0.453819
v 1.741794 -1.873413 0.453819
v 1.443186 -1.873413 0.453819
v 1.741794 -1.494713 0.453819
v 1.443186 -1.494713 0.453819
v 1.177630 -1.873413 0.453819
v 0.838484 -1.873413 0.453819
v 1.177630 -1.494713 0.453819
v 0.838484 -1.494713 0.453819
v 0.523528 -1.873413 0.453819
v 0.225929 -1.873413 0.453819
v 0.523528 -1.494713 0.453819
v 0.225929 -1.494713 0.453819
v 3.759902 8.266203 0.455543
v 3.759902 8.031482 0.453817
v 4.047505 8.031482 0.453817
v 4.047505 8.266203 0.455543
v 3.233733 8.266203 0.455543
v 3.233733 8.031482 0.453817
v 3.499695 8.031482 0.453817
v 3.499694 8.266203 0.455543
v 2.597618 8.266203 0.455543
v 2.597618 8.031482 0.455543
v 2.894649 8.031482 0.453817
v 2.894649 8.266203 0.455543
v 2.063595 8.266203 0.455543
v 2.063595 8.031482 0.455543
v 2.338662 8.031482 0.455543
v 2.338662 8.266203 0.455543
v 1.443186 8.266203 0.455543
v 1.443186 8.031482 0.455543
v 1.741794 8.031482 0.455543
v 1.741794 8.266203 0.455543
v 4.332918 7.505272 0.453817
v 4.628378 7.505135 0.453817
v 3.759902 7.505404 0.453817
v 4.047505 7.505404 0.453817
v 3.233733 7.505404 0.453817
v 3.499695 7.505404 0.453817
v 2.597618 7.505404 0.453817
v 2.894650 7.505404 0.453817
v 2.063595 7.505404 0.453817
v 2.338662 7.505404 0.453817
v 1.443186 7.505404 0.453817
v 1.741794 7.505404 0.453817
v 0.838484 7.505404 0.453817
v 1.177630 7.505404 0.453817
v 0.523528 7.505404 0.453817
v 0.225929 7.505404 0.453817
v 4.909611 7.006040 0.453817
v 4.908842 0.448679 0.453819
v 5.174983 0.448679 0.453819
v 5.176483 7.006040 0.453817
v 0.225929 -3.154005 0.453819
v 0.523528 -3.154006 0.453819
v 2.597618 -3.154006 0.453819
v 2.894649 -3.154006 0.453819
v 1.443186 -3.154006 0.453819
v 1.741794 -3.154006 0.453819
v 3.759902 -3.154005 0.453819
v 4.047505 -3.154005 0.453819
v 0.838484 -3.154006 0.453819
v 1.177630 -3.154006 0.453819
v 2.063595 -3.154006 0.453819
v 2.338662 -3.154006 0.453819
v 3.233733 -3.154006 0.453819
v 3.499695 -3.154006 0.453819
v 0.225929 -3.579420 0.453819
v 0.523528 -3.579420 0.453819
v 0.225928 -4.008199 0.453819
v 0.523527 -4.008199 0.453819
v 2.597618 -3.579420 0.453819
v 2.894649 -3.579420 0.453819
v 2.597618 -4.008199 0.453819
v 2.894649 -4.008199 0.453819
v 1.443186 -3.579420 0.453819
v 1.741794 -3.579420 0.453819
v 1.443186 -4.008199 0.453819
v 1.741794 -4.008199 0.453819
v 0.838484 -3.579420 0.453819
v 1.177630 -3.579420 0.453819
v 0.838484 -4.008199 0.453819
v 1.177630 -4.008199 0.453819
v 2.063595 -3.579420 0.453819
v 2.338662 -3.579420 0.453819
v 2.063595 -4.008199 0.453819
v 2.338662 -4.008199 0.453819
v 3.233733 -3.579420 0.453819
v 3.499695 -3.579420 0.455543
v 3.233733 -4.008199 0.453819
v 3.499695 -4.008199 0.455543
v 0.225928 -4.395315 0.453819
v 0.523527 -4.395315 0.453819
v 0.225928 -4.832937 0.453819
v 0.523527 -4.832937 0.453819
v 2.597618 -4.395315 0.453819
v 2.894649 -4.395315 0.455543
v 2.597618 -4.832937 0.453819
v 2.894649 -4.832937 0.455543
v 1.443186 -4.395315 0.453819
v 1.741794 -4.395315 0.453819
v 1.443186 -4.832937 0.453819
v 1.741794 -4.832937 0.453819
v 0.838484 -4.395315 0.453819
v 1.177630 -4.395315 0.453819
v 0.838484 -4.832937 0.453819
v 1.177630 -4.832937 0.453819
v 2.063595 -4.395315 0.453819
v 2.338662 -4.395315 0.453819
v 2.063595 -4.832937 0.453819
v 2.338662 -4.832937 0.453819
v 0.225928 -5.203860 0.453819
v 0.523527 -5.203860 0.453819
v 0.225928 -5.647855 0.453819
v 0.523527 -5.647855 0.453819
v 1.443186 -5.203860 0.453819
v 1.741794 -5.203860 0.453819
v 1.443186 -5.647855 0.453819
v 1.741794 -5.647855 0.453819
v 0.838484 -5.203860 0.453819
v 1.177630 -5.203860 0.453819
v 0.838484 -5.647855 0.453819
v 1.177630 -5.647855 0.453819
v 2.063595 -5.203860 0.453819
v 2.338662 -5.203860 0.455543
v 2.063595 -5.647855 0.453819
v 2.338662 -5.647855 0.455543
v 0.225928 -5.946252 0.453819
v 0.523527 -5.946252 0.453819
v 0.225928 -6.374410 0.453819
v 0.523527 -6.374410 0.453819
v 1.443186 -5.946252 0.453819
v 1.741794 -5.946252 0.455543
v 1.443186 -6.374410 0.453819
v 1.741794 -6.374410 0.455543
v 0.838484 -5.946252 0.453819
v 1.177630 -5.946252 0.453819
v 0.838484 -6.374410 0.453819
v 1.177630 -6.374410 0.453819
v 0.225928 -6.791549 0.453819
v 0.523527 -6.791549 0.453819
v 0.225928 -7.248240 0.453819
v 0.523527 -7.248240 0.453819
v 0.838484 -6.791549 0.453819
v 1.177630 -6.791549 0.453819
v 0.838484 -7.248240 0.453819
v 1.177630 -7.248240 0.453819
v 0.225928 -7.666248 0.453819
v 0.523527 -7.666248 0.455543
v 0.225928 -8.092613 0.453819
v 0.523527 -8.092613 0.455543
v 4.908073 -0.699429 0.453819
v 4.908073 -1.072820 0.455543
v 5.173482 -1.072820 0.455543
v 5.173482 -0.699429 0.453819
v 4.908439 0.066428 0.453819
v 4.908073 -0.281687 0.453819
v 5.173482 -0.281687 0.453819
v 5.174197 0.066428 0.453819
v 4.908073 -1.494713 0.455543
v 4.908073 -1.873413 0.455543
v 5.173483 -1.873413 0.455543
v 5.173482 -1.494713 0.455543
v 5.462217 -1.072820 0.455543
v 5.462218 -0.699429 0.455543
v 5.462218 -0.281687 0.455543
v 5.461883 0.066413 0.455543
v 5.821210 -0.281687 0.455543
v 5.824238 0.066395 0.455543
v 5.175640 7.294457 0.453817
v 4.909179 7.294994 0.453817
v 5.461516 0.448647 0.455543
v 5.459211 7.006420 0.455543
v 5.835543 7.007146 0.455543
v 5.827564 0.448609 0.455543
v 5.999145 0.448491 0.455543
v 6.000644 7.005852 0.455543
v 4.332293 7.854583 0.453817
v 4.332648 7.712908 0.453817
v 4.627828 7.713319 0.453817
v 4.627106 7.854811 0.453817
v 4.331850 8.266203 0.455543
v 4.331851 8.031482 0.453817
v 4.626205 8.031483 0.453817
v 4.626204 8.266204 0.455543
v 4.909064 7.505210 0.453817
v 5.175943 7.505280 0.453817
v 5.457800 7.294978 0.455543
v 5.457637 7.475223 0.455543
v 4.908439 7.855843 0.453817
v 4.908950 7.714027 0.453817
v 5.176244 7.714700 0.453817
v 5.175934 7.856825 0.455543
v 5.835427 7.296825 0.455543
v 5.761204 7.410833 0.455543
v 5.457476 7.713498 0.455543
v 5.476808 7.834415 0.428995
v 4.769323 8.218694 0.455543
v 4.907802 8.032921 0.453817
v 5.175548 8.034286 0.455543
v 4.905400 8.173521 0.455543
v 5.687475 7.524083 0.455543
v 5.931261 7.147939 0.455543
v 5.973340 0.263710 0.455543
v 5.949840 0.095429 0.455543
v 5.743030 -0.472687 0.455543
v 5.673149 -0.643409 0.455543
v 5.037520 -2.087686 0.455543
v 4.838377 -2.195862 0.455543
v 4.775254 -2.487907 0.455543
v 4.914377 -2.281757 0.455543
v 5.397197 -1.268501 0.455543
v 5.338834 -1.444149 0.455543
v 4.270912 -3.033443 0.455543
v 4.502182 -2.908638 0.455543
v 3.759903 -3.579419 0.455543
v 4.047506 -3.579418 0.455543
v 3.696251 -3.903632 0.455543
v 3.913500 -3.788055 0.455543
v 3.233733 -4.395315 0.455543
v 3.499695 -4.395315 0.455543
v 3.147654 -4.700157 0.455543
v 3.346099 -4.596010 0.455543
v 2.597618 -5.203860 0.455543
v 2.894649 -5.203860 0.455543
v 2.524731 -5.538142 0.455543
v 2.738160 -5.412296 0.455543
v 2.063595 -5.946252 0.455543
v 2.338662 -5.946252 0.455543
v 1.981552 -6.259918 0.455543
v 2.186491 -6.162053 0.455543
v 1.443186 -6.791549 0.455543
v 1.741794 -6.791549 0.455543
v 1.374116 -7.139567 0.455543
v 1.595057 -7.017368 0.455543
v 0.838484 -7.666248 0.455543
v 1.177630 -7.666248 0.455543
v 0.842460 -8.095375 0.455543
v 1.035499 -7.862024 0.455543
v 0.225928 -8.562998 0.455543
v 0.000000 -8.562998 0.455543
v -0.000000 -9.337335 0.455543
v 5.322926 7.935254 0.455543
v 5.476808 7.834414 0.428995
v 0.838484 8.031482 0.455543
v 1.177630 8.031482 0.455543
v 0.523528 8.031482 0.455543
v 0.225929 8.031482 0.455543
v 1.310897 -7.458106 0.455543
v 1.460750 -7.224059 0.455543
v 1.901621 -6.565511 0.455543
v 2.038236 -6.372300 0.455543
v 2.475747 -5.762802 0.455543
v 2.632988 -5.552379 0.455543
v 3.074694 -4.958537 0.455543
v 3.215913 -4.766117 0.455543
v 3.638783 -4.196341 0.455543
v 3.792515 -3.976419 0.455543
v 4.211942 -3.344701 0.455543
v 4.382165 -3.101721 0.455543
v 1.177630 8.266183 0.455543
v 0.000000 -2.704720 0.453819
v 0.000000 -3.154005 0.453819
v 0.000000 -3.579419 0.453819
v 0.000000 -4.008199 0.453819
v 0.000000 -4.395315 0.453819
v 0.000000 -4.832937 0.453819
v 0.000000 -5.203860 0.453819
v 0.000000 -5.647855 0.453819
v 0.000000 -5.946253 0.453819
v 0.000000 -6.374410 0.453819
v 0.000000 -6.791549 0.453819
v 0.000000 -7.248240 0.453819
v 0.000000 -7.666248 0.453819
v 0.000000 -8.092613 0.453819
v 0.000000 7.854362 0.453817
v 0.000000 8.031482 0.455543
v 0.000000 7.712510 0.453817
v 0.000000 7.505404 0.453817
v 0.000000 7.296911 0.453817
v 0.000000 7.006040 0.453817
v 0.000000 0.448679 0.453819
v 0.000000 0.066428 0.453819
v 0.000000 -0.281687 0.453819
v 0.000000 -0.699429 0.453819
v 0.000000 -1.072820 0.453819
v 0.000000 -1.494713 0.453819
v 0.000000 -1.873413 0.453819
v 0.000000 -2.309632 0.453819
v -0.225929 -2.309632 0.453819
v -0.225929 -2.704720 0.453819
v -0.523528 -2.309632 0.453819
v -0.523528 -2.704720 0.453819
v -0.225929 7.296911 0.453817
v -0.225929 7.006040 0.453817
v -0.523528 7.296911 0.453817
v -0.523528 7.006040 0.453817
v -0.225929 7.854362 0.453817
v -0.225929 7.712510 0.453817
v -0.523528 7.854362 0.453817
v -0.523528 7.712510 0.453817
v -0.225929 0.448679 0.453819
v -0.523528 0.448679 0.453819
v -2.597618 -2.309632 0.453819
v -2.597618 -2.704720 0.453819
v -2.894649 -2.309632 0.453819
v -2.894649 -2.704720 0.453819
v -2.894650 7.006040 0.453819
v -2.597618 7.006040 0.453819
v -2.894650 0.448679 0.453819
v -2.597618 0.448679 0.453819
v -2.894650 7.296911 0.453819
v -2.597618 7.296911 0.453819
v -2.894650 7.854362 0.453819
v -2.597618 7.854362 0.453819
v -2.894650 7.712510 0.453819
v -2.597618 7.712510 0.453819
v -1.443186 -2.309632 0.453819
v -1.443186 -2.704720 0.453819
v -1.741794 -2.309632 0.453819
v -1.741794 -2.704720 0.453819
v -1.741794 7.006040 0.453819
v -1.443186 7.006040 0.453819
v -1.741794 0.448679 0.453819
v -1.443186 0.448679 0.453819
v -1.741794 7.296911 0.453819
v -1.443186 7.296911 0.453819
v -1.741794 7.854362 0.453819
v -1.443186 7.854362 0.453819
v -1.741794 7.712510 0.453819
v -1.443186 7.712510 0.453819
v -3.759902 -2.309631 0.453819
v -3.759902 -2.704719 0.453819
v -4.047505 -2.309631 0.453819
v -4.047505 -2.704719 0.453819
v -4.047505 7.006040 0.453819
v -3.759902 7.006040 0.453819
v -4.047505 0.448679 0.453819
v -3.759902 0.448679 0.453819
v -4.047505 7.296911 0.453819
v -3.759902 7.296911 0.453819
v -4.047505 7.854362 0.453819
v -3.759902 7.854362 0.453819
v -4.047505 7.712510 0.453819
v -3.759902 7.712510 0.453819
v -0.838484 -2.309632 0.453819
v -0.838484 -2.704720 0.453819
v -1.177630 -2.309632 0.453819
v -1.177630 -2.704720 0.453819
v -1.177630 7.006040 0.453819
v -0.838484 7.006040 0.453817
v -1.177630 0.448679 0.453819
v -0.838484 0.448679 0.453819
v -1.177630 7.296911 0.453819
v -0.838484 7.296911 0.453817
v -1.177630 7.854362 0.453819
v -0.838484 7.854362 0.453817
v -1.177630 7.712510 0.453819
v -0.838484 7.712510 0.453817
v -2.063595 -2.309632 0.453819
v -2.063595 -2.704720 0.453819
v -2.338662 -2.309632 0.453819
v -2.338662 -2.704720 0.453819
v -2.338662 7.006040 0.453819
v -2.063595 7.006040 0.453819
v -2.338663 0.448679 0.453819
v -2.063595 0.448679 0.453819
v -2.338662 7.296911 0.453819
v -2.063595 7.296911 0.453819
v -2.338662 7.854362 0.453819
v -2.063595 7.854362 0.453819
v -2.338663 7.712510 0.453819
v -2.063595 7.712510 0.453819
v -3.233733 -2.309632 0.453819
v -3.233733 -2.704720 0.453819
v -3.499695 -2.309632 0.453819
v -3.499694 -2.704720 0.453819
v -3.499694 7.006040 0.453819
v -3.233733 7.006040 0.453819
v -3.499695 0.448679 0.453819
v -3.233733 0.448679 0.453819
v -3.499695 7.296911 0.453819
v -3.233733 7.296911 0.453819
v -3.499695 7.854362 0.453819
v -3.233733 7.854362 0.453819
v -3.499695 7.712510 0.453819
v -3.233733 7.712510 0.453819
v -4.333191 -2.309631 0.453819
v -4.333190 -2.704719 0.453819
v -4.628933 -2.309632 0.455543
v -4.628932 -2.704720 0.455543
v -4.628932 7.006040 0.453819
v -4.333190 7.006040 0.453819
v -4.628933 0.448679 0.453819
v -4.333191 0.448679 0.453819
v -4.628932 7.295558 0.453819
v -4.333191 7.296246 0.453819
v -4.333191 -0.699429 0.453819
v -4.333191 -1.072820 0.453819
v -4.628933 -0.699429 0.453819
v -4.628933 -1.072820 0.453819
v -3.759902 -0.699429 0.453819
v -3.759902 -1.072820 0.453819
v -4.047505 -0.699429 0.453819
v -4.047505 -1.072820 0.453819
v -3.233733 -0.699429 0.453819
v -3.233733 -1.072820 0.453819
v -3.499695 -0.699429 0.453819
v -3.499695 -1.072820 0.453819
v -2.597618 -0.699429 0.453819
v -2.597618 -1.072820 0.453819
v -2.894650 -0.699429 0.453819
v -2.894650 -1.072820 0.453819
v -2.063595 -0.699429 0.453819
v -2.063595 -1.072820 0.453819
v -2.338662 -0.699429 0.453819
v -2.338662 -1.072820 0.453819
v -1.443186 -0.699429 0.453819
v -1.443186 -1.072820 0.453819
v -1.741794 -0.699429 0.453819
v -1.741794 -1.072820 0.453819
v -0.838484 -0.699429 0.453819
v -0.838484 -1.072820 0.453819
v -1.177630 -0.699429 0.453819
v -1.177630 -1.072820 0.453819
v -0.225929 -0.699429 0.453819
v -0.225929 -1.072820 0.453819
v -0.523528 -0.699429 0.453819
v -0.523528 -1.072820 0.453819
v -4.333191 0.066428 0.453819
v -4.333191 -0.281687 0.453819
v -4.628933 0.066428 0.453819
v -4.628933 -0.281687 0.453819
v -3.759902 0.066428 0.453819
v -3.759902 -0.281687 0.453819
v -4.047505 0.066428 0.453819
v -4.047505 -0.281687 0.453819
v -3.233733 0.066428 0.453819
v -3.233733 -0.281687 0.453819
v -3.499695 0.066428 0.453819
v -3.499695 -0.281687 0.453819
v -2.597618 0.066428 0.453819
v -2.597618 -0.281687 0.453819
v -2.894650 0.066428 0.453819
v -2.894650 -0.281687 0.453819
v -2.063595 0.066428 0.453819
v -2.063595 -0.281687 0.453819
v -2.338663 0.066428 0.453819
v -2.338663 -0.281687 0.453819
v -1.443186 0.066428 0.453819
v -1.443186 -0.281687 0.453819
v -1.741794 0.066428 0.453819
v -1.741794 -0.281687 0.453819
v -0.838484 0.066428 0.453819
v -0.838484 -0.281687 0.453819
v -1.177630 0.066428 0.453819
v -1.177630 -0.281687 0.453819
v -0.225929 0.066428 0.453819
v -0.225929 -0.281687 0.453819
v -0.523528 0.066428 0.453819
v -0.523528 -0.281687 0.453819
v -4.333191 -1.494713 0.453819
v -4.333191 -1.873413 0.453819
v -4.628933 -1.494713 0.453819
v -4.628933 -1.873413 0.453819
v -3.759902 -1.494713 0.453819
v -3.759902 -1.873413 0.453819
v -4.047505 -1.494713 0.453819
v -4.047505 -1.873413 0.453819
v -3.233733 -1.494713 0.453819
v -3.233733 -1.873413 0.453819
v -3.499695 -1.494713 0.453819
v -3.499695 -1.873413 0.453819
v -2.597618 -1.494713 0.453819
v -2.597618 -1.873413 0.453819
v -2.894649 -1.494713 0.453819
v -2.894649 -1.873413 0.453819
v -2.063595 -1.494713 0.453819
v -2.063595 -1.873413 0.453819
v -2.338662 -1.494713 0.453819
v -2.338662 -1.873413 0.453819
v -1.443186 -1.494713 0.453819
v -1.443186 -1.873413 0.453819
v -1.741794 -1.494713 0.453819
v -1.741794 -1.873413 0.453819
v -0.838484 -1.494713 0.453819
v -0.838484 -1.873413 0.453819
v -1.177630 -1.494713 0.453819
v -1.177630 -1.873413 0.453819
v -0.225929 -1.494713 0.453819
v -0.225929 -1.873413 0.453819
v -0.523528 -1.494713 0.453819
v -0.523528 -1.873413 0.453819
v -3.759902 8.266203 0.455543
v -4.047505 8.266203 0.455543
v -4.047505 8.031482 0.455543
v -3.759902 8.031482 0.455543
v -3.233733 8.266203 0.455543
v -3.499694 8.266203 0.455543
v -3.499695 8.031482 0.455543
v -3.233733 8.031482 0.455543
v -2.597618 8.266203 0.455543
v -2.894649 8.266203 0.455543
v -2.894650 8.031482 0.455543
v -2.597618 8.031482 0.455543
v -2.063595 8.266203 0.455543
v -2.338662 8.266203 0.455543
v -2.338662 8.031482 0.455543
v -2.063595 8.031482 0.455543
v -1.443186 8.266203 0.455543
v -1.741794 8.266203 0.455543
v -1.741794 8.031482 0.455543
v -1.443186 8.031482 0.455543
v -4.628378 7.505135 0.453819
v -4.332918 7.505272 0.453819
v -4.047505 7.505404 0.453819
v -3.759902 7.505404 0.453819
v -3.499695 7.505404 0.453819
v -3.233733 7.505404 0.453819
v -2.894650 7.505404 0.453819
v -2.597618 7.505404 0.453819
v -2.338662 7.505404 0.453819
v -2.063595 7.505404 0.453819
v -1.741794 7.505404 0.453819
v -1.443186 7.505404 0.453819
v -1.177630 7.505404 0.453819
v -0.838484 7.505404 0.453817
v -0.225929 7.505404 0.453817
v -0.523528 7.505404 0.453817
v -4.909611 7.006040 0.453819
v -5.176482 7.006040 0.453817
v -5.174983 0.448679 0.453817
v -4.908842 0.448679 0.453819
v -0.523528 -3.154006 0.453819
v -0.225929 -3.154005 0.453819
v -2.894649 -3.154006 0.453819
v -2.597618 -3.154006 0.453819
v -1.741794 -3.154006 0.453819
v -1.443186 -3.154006 0.453819
v -4.047505 -3.154005 0.453819
v -3.759902 -3.154005 0.453819
v -1.177630 -3.154006 0.453819
v -0.838484 -3.154006 0.453819
v -2.338662 -3.154006 0.453819
v -2.063595 -3.154006 0.453819
v -3.499695 -3.154006 0.453819
v -3.233733 -3.154006 0.453819
v -0.523528 -3.579420 0.453819
v -0.523527 -4.008199 0.453819
v -0.225928 -4.008199 0.453819
v -0.225929 -3.579420 0.453819
v -2.894649 -3.579420 0.453819
v -2.894649 -4.008199 0.453819
v -2.597618 -4.008199 0.453819
v -2.597618 -3.579420 0.453819
v -1.741794 -3.579420 0.453819
v -1.741794 -4.008199 0.453819
v -1.443186 -4.008199 0.453819
v -1.443186 -3.579420 0.453819
v -1.177630 -3.579420 0.453819
v -1.177630 -4.008199 0.453819
v -0.838484 -4.008199 0.453819
v -0.838484 -3.579420 0.453819
v -2.338662 -3.579420 0.453819
v -2.338662 -4.008199 0.453819
v -2.063595 -4.008199 0.453819
v -2.063595 -3.579420 0.453819
v -3.499695 -3.579420 0.453819
v -3.499695 -4.008199 0.455543
v -3.233733 -4.008199 0.453819
v -3.233733 -3.579420 0.453819
v -0.523527 -4.395315 0.453819
v -0.523527 -4.832937 0.453819
v -0.225927 -4.832937 0.453819
v -0.225927 -4.395315 0.453819
v -2.894649 -4.395315 0.455543
v -2.894649 -4.832937 0.455543
v -2.597618 -4.832937 0.453819
v -2.597618 -4.395315 0.453819
v -1.741794 -4.395315 0.453819
v -1.741794 -4.832937 0.453819
v -1.443186 -4.832937 0.453819
v -1.443186 -4.395315 0.453819
v -1.177630 -4.395315 0.453819
v -1.177630 -4.832937 0.453819
v -0.838484 -4.832937 0.453819
v -0.838484 -4.395315 0.453819
v -2.338662 -4.395315 0.453819
v -2.338662 -4.832937 0.453819
v -2.063595 -4.832937 0.453819
v -2.063595 -4.395315 0.453819
v -0.523527 -5.203860 0.453819
v -0.523527 -5.647855 0.453819
v -0.225927 -5.647855 0.453819
v -0.225927 -5.203860 0.453819
v -1.741794 -5.203860 0.453819
v -1.741794 -5.647855 0.453819
v -1.443186 -5.647855 0.453819
v -1.443186 -5.203860 0.453819
v -1.177630 -5.203860 0.453819
v -1.177630 -5.647855 0.453819
v -0.838484 -5.647855 0.453819
v -0.838484 -5.203860 0.453819
v -2.338662 -5.203860 0.455543
v -2.338662 -5.647855 0.455543
v -2.063595 -5.647855 0.453819
v -2.063595 -5.203860 0.453819
v -0.523527 -5.946252 0.453819
v -0.523527 -6.374410 0.453819
v -0.225927 -6.374410 0.453819
v -0.225927 -5.946252 0.453819
v -1.741794 -5.946252 0.455543
v -1.741794 -6.374410 0.455543
v -1.443186 -6.374410 0.453819
v -1.443186 -5.946252 0.453819
v -1.177630 -5.946252 0.453819
v -1.177630 -6.374410 0.453819
v -0.838484 -6.374410 0.453819
v -0.838484 -5.946252 0.453819
v -0.523527 -6.791549 0.453819
v -0.523527 -7.248240 0.453819
v -0.225927 -7.248240 0.453819
v -0.225927 -6.791549 0.453819
v -1.177630 -6.791549 0.453819
v -1.177630 -7.248240 0.453819
v -0.838484 -7.248240 0.453819
v -0.838484 -6.791549 0.453819
v -0.523527 -7.666248 0.453819
v -0.523647 -8.092613 0.453819
v -0.225927 -8.092613 0.453819
v -0.225927 -7.666248 0.453819
v -5.173482 -0.699429 0.455543
v -4.908072 -0.699429 0.453819
v -5.173482 -1.072820 0.455543
v -4.908072 -1.072820 0.455543
v -5.174197 0.066428 0.455543
v -4.908439 0.066428 0.453819
v -5.173482 -0.281687 0.455543
v -4.908072 -0.281687 0.453819
v -5.173482 -1.494713 0.455543
v -4.908072 -1.494713 0.455543
v -5.173482 -1.873413 0.455543
v -4.908072 -1.873413 0.455543
v -5.462217 -0.699429 0.455543
v -5.462217 -1.072820 0.455543
v -5.461882 0.066413 0.455543
v -5.462217 -0.281687 0.455543
v -5.824238 0.066395 0.455543
v -5.821209 -0.281687 0.455543
v -4.909179 7.294994 0.453819
v -5.175640 7.294457 0.455543
v -5.459210 7.006420 0.455543
v -5.461515 0.448647 0.455543
v -5.835542 7.007146 0.455543
v -6.000644 7.005852 0.455543
v -5.999144 0.448491 0.455543
v -5.827563 0.448609 0.455543
v -4.627105 7.854811 0.453819
v -4.332293 7.854583 0.453819
v -4.627827 7.713319 0.453819
v -4.332648 7.712908 0.453819
v -4.331850 8.266203 0.455543
v -4.626204 8.266204 0.455543
v -4.626204 8.031483 0.455543
v -4.331850 8.031482 0.455543
v -5.175942 7.505280 0.455543
v -4.909063 7.505210 0.453819
v -5.457799 7.294978 0.455543
v -5.457637 7.470964 0.455543
v -5.175934 7.839312 0.455543
v -4.908438 7.855843 0.453819
v -5.176243 7.714700 0.455543
v -4.908949 7.714027 0.453819
v -5.835427 7.296825 0.455543
v -5.761204 7.410833 0.455543
v -5.397639 7.812116 0.455543
v -5.457475 7.713498 0.455543
v -4.769322 8.218694 0.455543
v -4.905400 8.173521 0.455543
v -5.175548 8.034286 0.455543
v -4.907801 8.032921 0.455543
v -5.687475 7.524083 0.455543
v -5.931260 7.147939 0.455543
v -5.973340 0.263710 0.455543
v -5.949839 0.095429 0.455543
v -5.743029 -0.472687 0.455543
v -5.673149 -0.643409 0.455543
v -5.037519 -2.087686 0.455543
v -4.914377 -2.281757 0.455543
v -4.775253 -2.487907 0.455543
v -4.838377 -2.195862 0.455543
v -5.397197 -1.268501 0.455543
v -5.338833 -1.444149 0.455543
v -4.502181 -2.908638 0.455543
v -4.270911 -3.033443 0.453819
v -4.047506 -3.579418 0.455543
v -3.913500 -3.788055 0.455543
v -3.696251 -3.903632 0.455543
v -3.759903 -3.579419 0.455543
v -3.499695 -4.395315 0.455543
v -3.346099 -4.596010 0.455543
v -3.147654 -4.700157 0.455543
v -3.233733 -4.395315 0.455543
v -2.894649 -5.203860 0.455543
v -2.738160 -5.412296 0.455543
v -2.524731 -5.538142 0.455543
v -2.597618 -5.203860 0.455543
v -2.338662 -5.946252 0.455543
v -2.186491 -6.162053 0.455543
v -1.981552 -6.259918 0.455543
v -2.063595 -5.946252 0.455543
v -1.741794 -6.791549 0.455543
v -1.595058 -7.017368 0.455543
v -1.374116 -7.139567 0.455543
v -1.443186 -6.791549 0.455543
v -1.177630 -7.666248 0.455543
v -1.035499 -7.862024 0.455543
v -0.839011 -8.095375 0.455543
v -0.838484 -7.666248 0.455543
v -0.225927 -8.562998 0.453819
v -5.322925 7.935254 0.455543
v -1.177630 8.031482 0.455543
v -0.838484 8.031482 0.455543
v -0.225929 8.031482 0.455543
v -0.523528 8.031482 0.455543
v -1.460750 -7.224059 0.455543
v -1.310897 -7.458106 0.455543
v -2.038236 -6.372300 0.455543
v -1.901621 -6.565511 0.455543
v -2.632988 -5.552379 0.455543
v -2.475747 -5.762802 0.455543
v -3.215913 -4.766117 0.455543
v -3.074694 -4.958537 0.455543
v -3.792515 -3.976419 0.455543
v -3.638783 -4.196341 0.455543
v -4.382165 -3.101721 0.455543
v -4.211941 -3.344701 0.455543
v -1.177630 8.266183 0.455543
v 0.523768 -8.562998 0.455543
v -0.523768 -8.562998 0.453819
v 0.286184 -8.932581 0.455543
v -0.295001 -8.921203 0.455543
v -0.697030 -8.312837 0.455543
v 0.715583 -8.301182 0.455543
v 0.838484 8.266163 0.455543
v 0.523528 8.266163 0.455543
v 0.225929 8.266163 0.455543
v 0.000000 8.266163 0.455543
v -0.838484 8.266163 0.455543
v -0.225929 8.266163 0.455543
v -0.523528 8.266163 0.455543
v -0.435409 -8.701353 0.000000
v -0.435409 -8.701353 0.455543
v -0.138665 -8.862079 0.455543
v 0.428806 -8.710718 0.000000
v 0.428806 -8.710718 0.455543
v 0.135625 -8.872499 0.455543
v 0.000000 -8.889463 0.455543
v 4.333191 -2.309631 -0.353716
v 4.333190 -2.704719 -0.353716
v 4.628933 -2.309632 -0.353716
v 4.628933 -2.704720 -0.353716
v 3.759902 8.266203 -0.353716
v 4.047505 8.266203 -0.353716
v 4.047505 8.031482 -0.353716
v 3.759902 8.031482 -0.353716
v 3.233733 8.266203 -0.353716
v 3.499694 8.266203 -0.353716
v 3.499695 8.031482 -0.353716
v 3.233733 8.031482 -0.353716
v 2.597618 8.266203 -0.353716
v 2.894649 8.266203 -0.353716
v 2.894649 8.031482 -0.353716
v 2.597618 8.031482 -0.353716
v 2.063595 8.266203 -0.353716
v 2.338662 8.266203 -0.353716
v 2.338662 8.031482 -0.353716
v 2.063595 8.031482 -0.353716
v 1.443186 8.266203 -0.353716
v 1.741794 8.266203 -0.353716
v 1.741794 8.031482 -0.353716
v 1.443186 8.031482 -0.353716
v 5.173482 -1.494713 -0.353716
v 4.908073 -1.494713 -0.353716
v 5.173483 -1.873413 -0.353716
v 4.908073 -1.873413 -0.353716
v 5.462218 -0.699429 -0.353716
v 5.173482 -0.699429 -0.353716
v 5.462217 -1.072820 -0.353716
v 5.173482 -1.072820 -0.353716
v 5.824238 0.066395 -0.353716
v 5.461883 0.066413 -0.353716
v 5.821210 -0.281687 -0.353716
v 5.462218 -0.281687 -0.353716
v 5.835543 7.007146 -0.353716
v 6.000644 7.005852 -0.353716
v 5.999145 0.448491 -0.353716
v 5.827564 0.448609 -0.353716
v 4.331850 8.266203 -0.353716
v 4.626204 8.266204 -0.353716
v 4.626205 8.031483 -0.353716
v 4.331851 8.031482 -0.353716
v 5.457637 7.474093 -0.353716
v 5.175943 7.505280 -0.353716
v 5.457800 7.294978 -0.353716
v 5.175640 7.294457 -0.353716
v 5.175934 7.856825 -0.353716
v 4.908439 7.855843 -0.353716
v 5.176244 7.714700 -0.353716
v 4.908950 7.714027 -0.353716
v 5.835427 7.296825 -0.353716
v 5.459211 7.006420 -0.353716
v 5.461516 0.448647 -0.353716
v 5.761204 7.410833 -0.353716
v 5.476808 7.834414 -0.322430
v 5.457476 7.713498 -0.353716
v 4.769323 8.218694 -0.353716
v 4.905400 8.173521 -0.353716
v 5.175548 8.034286 -0.353716
v 4.907802 8.032921 -0.353716
v 5.687475 7.524083 -0.353716
v 5.931261 7.147939 -0.353716
v 5.973340 0.263710 -0.353716
v 5.949840 0.095429 -0.353716
v 5.743030 -0.472687 -0.353716
v 5.673149 -0.643409 -0.353716
v 5.037520 -2.087686 -0.353716
v 4.914377 -2.281757 -0.353716
v 4.775254 -2.487907 -0.353716
v 4.838377 -2.195862 -0.353716
v 5.397197 -1.268501 -0.353716
v 5.338834 -1.444149 -0.353716
v 4.502182 -2.908638 -0.353716
v 4.270912 -3.033443 -0.353716
v 4.047506 -3.579418 -0.353716
v 3.913500 -3.788055 -0.353716
v 3.696251 -3.903632 -0.353716
v 3.759903 -3.579419 -0.353716
v 3.499695 -4.395315 -0.353716
v 3.346099 -4.596010 -0.353716
v 3.147654 -4.700157 -0.353716
v 3.233733 -4.395315 -0.353716
v 2.894649 -5.203860 -0.353716
v 2.738160 -5.412296 -0.353716
v 2.524731 -5.538142 -0.353716
v 2.597618 -5.203860 -0.353716
v 2.338662 -5.946252 -0.353716
v 2.186491 -6.162053 -0.353716
v 1.981552 -6.259918 -0.353716
v 2.063595 -5.946252 -0.353716
v 1.741794 -6.791549 -0.353716
v 1.595057 -7.017368 -0.353716
v 1.374116 -7.139567 -0.353716
v 1.443186 -6.791549 -0.353716
v 1.177630 -7.666248 -0.353716
v 1.035499 -7.862024 -0.353716
v 0.842460 -8.095375 -0.353716
v 0.838484 -7.666248 -0.353716
v 5.322926 7.935254 -0.353716
v 5.476808 7.834414 -0.322430
v 4.627106 7.854811 -0.353716
v 4.332293 7.854583 -0.353716
v 4.047505 7.854362 -0.353716
v 3.759902 7.854362 -0.353716
v 3.499695 7.854362 -0.353716
v 3.233733 7.854362 -0.353716
v 2.894649 7.854362 -0.353716
v 2.597618 7.854362 -0.353716
v 2.338662 7.854362 -0.353716
v 2.063595 7.854362 -0.353716
v 1.741794 7.854362 -0.353716
v 1.443186 7.854362 -0.353716
v 1.177630 8.031482 -0.353716
v 0.838484 8.031482 -0.353716
v 1.177630 7.854362 -0.353716
v 0.838484 7.854362 -0.353716
v 0.225929 8.031482 -0.353716
v 0.225929 7.854362 -0.353716
v 0.523528 8.031482 -0.353716
v 0.523528 7.854362 -0.353716
v 1.177630 -7.248240 -0.353716
v 0.838484 -7.248240 -0.353716
v 1.460750 -7.224059 -0.353716
v 1.310897 -7.458106 -0.353716
v 1.741794 -6.374410 -0.353716
v 1.443186 -6.374410 -0.353716
v 2.038236 -6.372300 -0.353716
v 1.901621 -6.565511 -0.353716
v 2.338662 -5.647855 -0.353716
v 2.063595 -5.647855 -0.353716
v 2.632988 -5.552379 -0.353716
v 2.475747 -5.762802 -0.353716
v 2.894649 -4.832937 -0.353716
v 2.597618 -4.832937 -0.353716
v 3.215913 -4.766117 -0.353716
v 3.074694 -4.958537 -0.353716
v 3.499695 -4.008199 -0.353716
v 3.233733 -4.008199 -0.353716
v 3.792515 -3.976419 -0.353716
v 3.638783 -4.196341 -0.353716
v 4.047505 -3.154005 -0.353716
v 3.759902 -3.154005 -0.353716
v 4.382165 -3.101721 -0.353716
v 4.211942 -3.344701 -0.353716
v 4.908073 -1.072820 -0.353716
v 5.173482 -0.281687 -0.353716
v 4.909064 7.505210 -0.353716
v 4.627828 7.713319 -0.353716
v 4.628933 -1.873413 -0.353716
v 4.047505 -2.704719 -0.353716
v 3.499695 -3.579420 -0.353716
v 2.894649 -4.395315 -0.353716
v 2.338662 -5.203860 -0.353716
v 1.741794 -5.946252 -0.353716
v 1.177630 8.266183 -0.353716
v 1.177630 -6.791549 -0.353716
v 0.523527 -8.092613 -0.353716
v 0.523527 -7.666248 -0.353716
v 0.000000 8.031482 -0.353716
v 0.000000 7.854362 -0.353716
v -4.333190 -2.704719 -0.353716
v -4.628932 -2.704720 -0.353716
v -4.628933 -2.309632 -0.353716
v -4.333191 -2.309631 -0.353716
v -3.759902 8.266203 -0.353716
v -3.759902 8.031482 -0.353716
v -4.047505 8.031482 -0.353716
v -4.047505 8.266203 -0.353716
v -3.233733 8.266203 -0.353716
v -3.233733 8.031482 -0.353716
v -3.499695 8.031482 -0.353716
v -3.499694 8.266203 -0.353716
v -2.597618 8.266203 -0.353716
v -2.597618 8.031482 -0.353716
v -2.894650 8.031482 -0.353716
v -2.894649 8.266203 -0.353716
v -2.063595 8.266203 -0.353716
v -2.063595 8.031482 -0.353716
v -2.338662 8.031482 -0.353716
v -2.338662 8.266203 -0.353716
v -1.443186 8.266203 -0.353716
v -1.443186 8.031482 -0.353716
v -1.741794 8.031482 -0.353716
v -1.741794 8.266203 -0.353716
v -4.908072 -1.494713 -0.353716
v -4.908072 -1.873413 -0.353716
v -5.173482 -1.873413 -0.353716
v -5.173482 -1.494713 -0.353716
v -5.173482 -1.072820 -0.353716
v -5.173482 -0.699429 -0.353716
v -5.462217 -1.072820 -0.353716
v -5.462217 -0.699429 -0.353716
v -5.462217 -0.281687 -0.353716
v -5.461882 0.066413 -0.353716
v -5.821209 -0.281687 -0.353716
v -5.824238 0.066395 -0.353716
v -5.835542 7.007146 -0.353716
v -5.827563 0.448609 -0.353716
v -5.999144 0.448491 -0.353716
v -6.000644 7.005852 -0.353716
v -4.331850 8.266203 -0.353716
v -4.331850 8.031482 -0.353716
v -4.626204 8.031483 -0.353716
v -4.626204 8.266204 -0.353716
v -5.175640 7.294457 -0.353716
v -5.175942 7.505280 -0.353716
v -5.457799 7.294978 -0.353716
v -5.457637 7.469745 -0.353716
v -4.908438 7.855843 -0.353716
v -4.908949 7.714027 -0.353716
v -5.176243 7.714700 -0.353716
v -5.175934 7.856825 -0.353716
v -5.459210 7.006420 -0.353716
v -5.835427 7.296825 -0.353716
v -5.461515 0.448647 -0.353716
v -5.761204 7.410833 -0.353716
v -5.457475 7.686649 -0.353716
v -5.397639 7.812116 -0.353716
v -4.769322 8.218694 -0.353716
v -4.907801 8.032921 -0.353716
v -5.175548 8.034286 -0.353716
v -4.905400 8.173521 -0.353716
v -5.931260 7.147939 -0.353716
v -5.973340 0.263710 -0.353716
v -5.949839 0.095429 -0.353716
v -5.743029 -0.472687 -0.353716
v -5.673149 -0.643409 -0.353716
v -5.037519 -2.087686 -0.353716
v -4.838377 -2.195862 -0.353716
v -4.775253 -2.487907 -0.353716
v -4.914377 -2.281757 -0.353716
v -5.397197 -1.268501 -0.353716
v -5.338833 -1.444149 -0.353716
v -4.270911 -3.033443 -0.353716
v -4.502181 -2.908638 -0.353716
v -3.759903 -3.579419 -0.353716
v -4.047506 -3.579418 -0.353716
v -3.696251 -3.903632 -0.353716
v -3.913500 -3.788055 -0.353716
v -3.233733 -4.395315 -0.353716
v -3.499695 -4.395315 -0.353716
v -3.147654 -4.700157 -0.353716
v -3.346099 -4.596010 -0.353716
v -2.597618 -5.203860 -0.353716
v -2.894649 -5.203860 -0.353716
v -2.524731 -5.538142 -0.353716
v -2.738160 -5.412296 -0.353716
v -2.063595 -5.946252 -0.353716
v -2.338662 -5.946252 -0.353716
v -1.981552 -6.259918 -0.353716
v -2.186491 -6.162053 -0.353716
v -1.443186 -6.791549 -0.353716
v -1.741794 -6.791549 -0.353716
v -1.374116 -7.139567 -0.353716
v -1.595058 -7.017368 -0.353716
v -0.838484 -7.666248 -0.353716
v -1.177630 -7.666248 -0.353716
v -0.839011 -8.095375 -0.353716
v -1.035499 -7.862024 -0.353716
v -5.322925 7.935254 -0.353716
v -4.332293 7.854583 -0.353716
v -4.627105 7.854811 -0.353716
v -3.759902 7.854362 -0.353716
v -4.047505 7.854362 -0.353716
v -3.233733 7.854362 -0.353716
v -3.499695 7.854362 -0.353716
v -2.597618 7.854362 -0.353716
v -2.894650 7.854362 -0.353716
v -2.063595 7.854362 -0.353716
v -2.338662 7.854362 -0.353716
v -1.443186 7.854362 -0.353716
v -1.741794 7.854362 -0.353716
v -0.838484 8.031482 -0.353716
v -0.838484 7.854362 -0.353716
v -1.177630 7.854362 -0.353716
v -1.177630 8.031482 -0.353716
v -0.523528 7.854362 -0.353716
v -0.225929 7.854362 -0.353716
v -0.523528 8.031482 -0.353716
v -0.225929 8.031482 -0.353716
v -0.838484 -7.248240 -0.353716
v -1.177630 -7.248240 -0.353716
v -1.310897 -7.458106 -0.353716
v -1.460750 -7.224059 -0.353716
v -1.443186 -6.374410 -0.353716
v -1.741794 -6.374410 -0.353716
v -1.901621 -6.565511 -0.353716
v -2.038236 -6.372300 -0.353716
v -2.063595 -5.647855 -0.353716
v -2.338662 -5.647855 -0.353716
v -2.475747 -5.762802 -0.353716
v -2.632988 -5.552379 -0.353716
v -2.597618 -4.832937 -0.353716
v -2.894649 -4.832937 -0.353716
v -3.074694 -4.958537 -0.353716
v -3.215913 -4.766117 -0.353716
v -3.233733 -4.008199 -0.353716
v -3.499695 -4.008199 -0.353716
v -3.638783 -4.196341 -0.353716
v -3.792515 -3.976419 -0.353716
v -3.759902 -3.154005 -0.353716
v -4.047505 -3.154005 -0.355440
v -4.211941 -3.344701 -0.353716
v -4.382165 -3.101721 -0.353716
v -4.908072 -1.072820 -0.353716
v -5.173482 -0.281687 -0.353716
v -5.687475 7.524083 -0.353716
v -4.628933 -1.873413 -0.353716
v -4.047505 -2.704719 -0.355440
v -3.499695 -3.579420 -0.353716
v -2.894649 -4.395315 -0.353716
v -2.338662 -5.203860 -0.353716
v -1.741794 -5.946252 -0.353716
v -1.177630 8.266183 -0.353716
v -1.177630 -6.791549 -0.353716
v -0.523527 -7.666248 -0.353716
v -0.523647 -8.092613 -0.353716
v 0.225928 -8.092613 -0.353716
v 0.523765 -8.563001 -0.353716
v 0.225933 -8.563001 -0.353716
v -0.225927 -8.562998 -0.353716
v -0.523768 -8.562998 -0.353716
v -0.225927 -8.092613 -0.353716
v 0.428792 -8.710714 -0.353716
v 0.286162 -8.932565 -0.353716
v -0.000011 -9.337328 -0.353716
v 0.135622 -8.872497 -0.353704
v -0.138662 -8.862079 -0.353716
v -0.435409 -8.701353 -0.353716
v -0.697030 -8.312837 -0.353716
v 0.715583 -8.301182 -0.353716
v 0.838484 8.266163 -0.353716
v 0.225929 8.266163 -0.353716
v 0.523528 8.266163 -0.353716
v 0.000000 8.266163 -0.353716
v -0.838484 8.266163 -0.353716
v -0.523528 8.266163 -0.353716
v -0.225929 8.266163 -0.353716
v -0.295001 -8.921203 -0.353716
v 0.000005 -8.563001 -0.353716
v 0.000010 -8.849981 -0.353716
vt 0.266519 -0.092919
vt 1.018613 0.056830
vt 1.078115 0.902941
vt 0.935172 0.941692
vt 1.036402 0.199347
vt 0.610175 -0.063882
vt 0.513410 0.287433
vt 0.513410 0.885136
vt 0.513410 0.941692
vt 0.513410 1.000000
vt 0.387497 -0.069689
vt 0.266737 0.287433
vt 0.266737 0.885136
vt 0.266737 0.941692
vt 0.230709 0.985773
vt 0.776709 -0.013274
vt 0.760082 0.287433
vt 0.760082 0.885136
vt 0.760082 0.941692
vt 0.760082 1.000000
vt 0.288186 -0.046460
vt 0.127766 0.287433
vt 0.127766 0.885136
vt 0.127766 0.941692
vt 0.509794 -0.041297
vt 0.386599 0.287433
vt 0.386599 0.885136
vt 0.386599 0.941692
vt 0.386599 1.000000
vt 0.725926 -0.039823
vt 0.631535 0.287433
vt 0.631535 0.885136
vt 0.631535 0.941692
vt 0.631534 1.000000
vt 0.907353 -0.021087
vt 0.876470 0.287433
vt 0.876470 0.885136
vt 0.912571 1.000000
vt 1.023018 0.140803
vt 0.876470 0.148748
vt 0.760082 0.148748
vt 0.631534 0.148748
vt 0.513410 0.148748
vt 0.386599 0.148748
vt 0.266737 0.148748
vt 0.127766 0.148748
vt 1.020558 0.217041
vt 0.876470 0.220860
vt 0.760082 0.220860
vt 0.631534 0.220860
vt 0.513410 0.220860
vt 0.386599 0.220860
vt 0.266737 0.220860
vt 0.127766 0.220860
vt 0.876470 0.075774
vt 0.760082 0.075774
vt 0.631534 0.075774
vt 0.513410 0.075774
vt 0.386599 0.075774
vt 0.266737 0.075774
vt 0.127766 0.075774
vt 0.883718 0.971545
vt 0.760082 0.971545
vt 0.631534 0.971545
vt 0.513410 0.971545
vt 0.386599 0.971545
vt 0.266737 0.971545
vt 0.161224 0.996475
vt 1.076815 0.905476
vt 0.876470 0.911649
vt 0.760082 0.911649
vt 0.631535 0.911649
vt 0.513410 0.911649
vt 0.386599 0.911649
vt 0.266737 0.911649
vt 0.127766 0.911649
vt 0.605080 -0.059734
vt 0.286662 -0.048480
vt 0.385992 -0.067108
vt 0.808466 -0.026161
vt 0.512278 -0.040652
vt 0.725334 -0.038716
vt 1.065262 0.286128
vt 0.941748 0.941692
vt 0.896350 0.971545
vt 1.074940 0.314774
vt 1.000000 0.249002
vt 1.000000 0.112994
vt 1.000000 0.196039
vt 0.851946 -0.042173
vt 0.897058 -0.014058
vt 0.882316 0.954968
vt 0.885119 0.954968
vt 0.902242 0.954968
vt 0.908544 0.954968
vt 0.760082 0.954968
vt 0.631534 0.954968
vt 0.513410 0.954968
vt 0.386599 0.954968
vt 0.266737 0.954968
vt 0.127766 0.954968
vt 0.187851 -0.092919
vt 0.275433 -0.046460
vt 0.304339 0.000000
vt 0.187593 -0.092919
vt 0.273685 -0.046460
vt 0.380545 -0.092919
vt 0.460002 0.000000
vt 0.139001 -0.059319
vt 0.093625 -0.038452
vt 0.198963 0.000000
vt 0.152378 -0.092919
vt 0.251927 -0.046460
vt 0.385408 -0.092919
vt 0.512504 -0.046460
vt 0.545501 0.000000
vt 0.173888 -0.092919
vt 0.265217 -0.046460
vt 0.399686 -0.092919
vt 0.523246 -0.046460
vt 0.621627 -0.092919
vt 0.698850 0.000000
vt 0.178690 -0.092919
vt 0.268184 -0.046460
vt 0.402873 -0.092919
vt 0.526444 -0.046460
vt 0.648097 -0.092919
vt 0.771234 -0.046460
vt 0.792032 0.000000
vt 0.128748 -0.092919
vt 0.260194 -0.046460
vt 0.386653 -0.092919
vt 0.509567 -0.046460
vt 0.632457 -0.092919
vt 0.755371 -0.046460
vt 0.876619 -0.042173
vt 0.936549 0.000000
vt 1.023590 0.112994
vt 1.011795 0.055893
vt 0.876470 0.036012
vt 0.760082 0.036012
vt 0.631534 0.036012
vt 0.513410 0.036012
vt 0.386599 0.036012
vt 0.266737 0.036012
vt 0.127766 0.036012
vt 1.015817 0.196039
vt 1.007909 0.129520
vt 1.024818 0.110292
vt 0.876470 0.110292
vt 0.760082 0.110292
vt 0.631534 0.110292
vt 0.513410 0.110292
vt 0.386599 0.110292
vt 0.266737 0.110292
vt 0.127766 0.110292
vt 1.012083 0.249002
vt 1.006042 0.201821
vt 1.016719 0.182782
vt 1.012409 0.182782
vt 0.876470 0.182782
vt 0.760082 0.182782
vt 0.631534 0.182782
vt 0.513410 0.182782
vt 0.386599 0.182782
vt 0.266737 0.182782
vt 0.127766 0.182782
vt 1.082162 0.314774
vt 1.041081 0.270011
vt 1.012801 0.252590
vt 1.016719 0.252590
vt 1.024818 0.252590
vt 0.876470 0.252590
vt 0.760082 0.252590
vt 0.631534 0.252590
vt 0.513410 0.252590
vt 0.386599 0.252590
vt 0.266737 0.252590
vt 0.127766 0.252590
vt 1.000000 0.926721
vt 1.008423 0.926721
vt 1.010120 0.926721
vt 1.024598 0.926721
vt 0.876470 0.926721
vt 0.760082 0.926721
vt 0.631535 0.926721
vt 0.513410 0.926721
vt 0.386599 0.926721
vt 0.266737 0.926721
vt 0.127766 0.926721
vt 0.906353 1.000000
vt 0.903973 0.971545
vt 0.901593 0.954968
vt 0.962785 0.941692
vt 1.023977 0.926721
vt 1.057330 0.913929
vt 1.111600 0.900672
vt 1.061579 0.287433
vt 1.024192 0.252590
vt 1.018144 0.220860
vt 1.012096 0.182782
vt 1.018144 0.148748
vt 1.024192 0.110292
vt 1.036914 0.085313
vt 1.023590 0.094853
vt 1.000000 0.094853
vt 0.918734 1.000000
vt 0.913917 0.971545
vt 0.909099 0.954968
vt 0.923133 0.941692
vt 0.937167 0.926721
vt 0.937167 0.911649
vt 0.937167 0.885136
vt 0.937167 0.287433
vt 0.937167 0.252590
vt 0.937167 0.220860
vt 0.937167 0.182782
vt 0.937167 0.148748
vt 0.937167 0.110292
vt 0.937167 0.075774
vt 0.937167 0.036012
vt 0.968583 -0.021451
vt 0.936549 -0.042903
vt 0.876470 -0.042903
vt 0.815366 1.000000
vt 0.815366 0.971545
vt 0.815366 0.954968
vt 0.815366 0.941692
vt 0.815366 0.926721
vt 0.815366 0.911649
vt 0.815366 0.885136
vt 0.815366 0.287433
vt 0.815366 0.252590
vt 0.815366 0.220860
vt 0.815366 0.182782
vt 0.815366 0.148748
vt 0.815366 0.110292
vt 0.815366 0.075774
vt 0.815366 0.036012
vt 0.845918 -0.024392
vt 0.816688 -0.048783
vt 0.793752 -0.048783
vt 0.792032 -0.048783
vt 0.760082 -0.048783
vt 0.703576 1.000000
vt 0.703576 0.971545
vt 0.703576 0.954968
vt 0.703576 0.941692
vt 0.703576 0.926721
vt 0.703576 0.911649
vt 0.703576 0.885136
vt 0.703576 0.287433
vt 0.703576 0.252590
vt 0.703576 0.220860
vt 0.703576 0.182782
vt 0.703576 0.148748
vt 0.703576 0.110292
vt 0.703576 0.075774
vt 0.703576 0.036012
vt 0.731829 -0.040845
vt 0.694054 -0.081690
vt 0.756835 -0.081690
vt 0.750436 -0.081690
vt 0.704902 -0.081690
vt 0.698850 -0.081690
vt 0.631534 -0.081690
vt 0.568427 1.000000
vt 0.568427 0.971545
vt 0.568427 0.954968
vt 0.568427 0.941692
vt 0.568427 0.926721
vt 0.568427 0.911649
vt 0.568427 0.885136
vt 0.568427 0.287433
vt 0.568427 0.252590
vt 0.568427 0.220860
vt 0.568427 0.182782
vt 0.568427 0.148748
vt 0.568427 0.110292
vt 0.568427 0.075774
vt 0.568427 0.036012
vt 0.599981 -0.024821
vt 0.570860 -0.049641
vt 0.547499 -0.049641
vt 0.545758 -0.049641
vt 0.547192 -0.049641
vt 0.544405 -0.049641
vt 0.553330 -0.049641
vt 0.545501 -0.049641
vt 0.513410 -0.049641
vt 0.454969 1.000000
vt 0.454969 0.971545
vt 0.454969 0.954968
vt 0.454969 0.941692
vt 0.454969 0.926721
vt 0.454969 0.911649
vt 0.454969 0.885136
vt 0.454969 0.287433
vt 0.454969 0.252590
vt 0.454969 0.220860
vt 0.454969 0.182782
vt 0.454969 0.148748
vt 0.454969 0.110292
vt 0.454969 0.075774
vt 0.454969 0.036012
vt 0.484189 -0.042822
vt 0.448274 -0.085644
vt 0.513616 -0.085644
vt 0.507130 -0.085644
vt 0.512471 -0.085644
vt 0.502088 -0.085644
vt 0.502173 -0.085644
vt 0.479506 -0.085644
vt 0.460972 -0.085644
vt 0.460002 -0.085644
vt 0.386599 -0.085644
vt 0.323157 1.000000
vt 0.323157 0.971545
vt 0.323157 0.954968
vt 0.323157 0.941692
vt 0.323157 0.926721
vt 0.323157 0.911649
vt 0.323157 0.885136
vt 0.323157 0.287433
vt 0.323157 0.252590
vt 0.323157 0.220860
vt 0.323157 0.182782
vt 0.323157 0.148748
vt 0.323157 0.110292
vt 0.323157 0.075774
vt 0.323157 0.036012
vt 0.354878 -0.024591
vt 0.325032 -0.049181
vt 0.300332 -0.049181
vt 0.298616 -0.049181
vt 0.300029 -0.049181
vt 0.297283 -0.049181
vt 0.297305 -0.049181
vt 0.291310 -0.049181
vt 0.301543 -0.049181
vt 0.301089 -0.049181
vt 0.306079 -0.049181
vt 0.304339 -0.049181
vt 0.266737 -0.049181
vt 0.194682 0.954968
vt 0.194682 0.941692
vt 0.194682 0.926721
vt 0.194682 0.911649
vt 0.194682 0.885136
vt 0.194682 0.287433
vt 0.194682 0.252590
vt 0.194682 0.220860
vt 0.194682 0.182782
vt 0.194682 0.148748
vt 0.194682 0.110292
vt 0.194682 0.075774
vt 0.194682 0.036012
vt 0.230709 -0.048178
vt 0.195355 -0.096356
vt 0.243669 -0.096356
vt 0.237751 -0.096356
vt 0.242625 -0.096356
vt 0.233150 -0.096356
vt 0.233227 -0.096356
vt 0.212544 -0.096356
vt 0.247846 -0.096356
vt 0.246280 -0.096356
vt 0.252022 -0.096356
vt 0.246527 -0.096356
vt 0.195631 -0.096356
vt 0.230920 -0.096356
vt 0.096152 0.996475
vt 0.064539 0.954968
vt 0.064539 0.941692
vt 0.064539 0.926720
vt 0.064539 0.911649
vt 0.064539 0.885136
vt 0.064539 0.287433
vt 0.064539 0.252590
vt 0.064539 0.220860
vt 0.064539 0.182782
vt 0.064539 0.148748
vt 0.064539 0.110292
vt 0.064539 0.075774
vt 0.064539 0.036012
vt 0.096152 -0.045983
vt 0.062140 -0.091966
vt 0.126067 -0.091966
vt 0.119629 -0.091966
vt 0.124931 -0.091966
vt 0.114625 -0.091966
vt 0.114709 -0.091966
vt 0.092212 -0.091966
vt 0.130609 -0.091966
vt 0.128907 -0.091966
vt 0.135152 -0.091966
vt 0.129175 -0.091966
vt 0.138560 -0.091966
vt 0.060567 -0.051954
vt 0.072152 -0.080892
vt 0.126067 -0.161784
vt 0.124931 -0.161783
vt 0.114709 -0.161783
vt 0.130609 -0.161783
vt 0.135152 -0.161783
vt 0.138560 -0.161783
vt 0.129175 -0.161783
vt 0.128907 -0.161783
vt 0.145361 -0.161783
vt 0.092212 -0.161783
vt 0.114625 -0.161783
vt 0.119629 -0.161784
vt 0.062140 -0.161784
vt 0.040538 0.984010
vt 0.016538 0.954968
vt 0.016538 0.941692
vt 0.016538 0.926720
vt 0.016538 0.911649
vt 0.016538 0.885136
vt 0.016538 0.287433
vt 0.016538 0.252590
vt 0.016538 0.220860
vt 0.016538 0.182782
vt 0.016538 0.148748
vt 0.016538 0.110292
vt 0.016538 0.075774
vt 0.016538 0.036012
vt 0.096152 -0.045983
vt 0.288186 -0.046460
vt 0.127766 0.036012
vt 0.064539 0.036012
vt 0.064539 0.885136
vt 0.127766 0.885136
vt 0.127766 0.911649
vt 0.064539 0.911649
vt 0.064539 0.941692
vt 0.127766 0.941692
vt 0.127766 0.954968
vt 0.064539 0.954968
vt 0.064539 0.287433
vt 0.127766 0.287433
vt 0.599981 -0.024821
vt 0.725926 -0.039823
vt 0.631534 0.036012
vt 0.568427 0.036012
vt 0.568427 0.885136
vt 0.568427 0.287433
vt 0.631535 0.287433
vt 0.631535 0.885136
vt 0.568427 0.911649
vt 0.631535 0.911649
vt 0.568427 0.954968
vt 0.568427 0.941692
vt 0.631535 0.941692
vt 0.631534 0.954968
vt 0.354878 -0.024591
vt 0.509794 -0.041297
vt 0.386599 0.036012
vt 0.323157 0.036012
vt 0.323157 0.885136
vt 0.323157 0.287433
vt 0.386599 0.287433
vt 0.386599 0.885136
vt 0.323157 0.911649
vt 0.386599 0.911649
vt 0.323157 0.954968
vt 0.323157 0.941692
vt 0.386599 0.941692
vt 0.386599 0.954968
vt 0.845918 -0.024392
vt 0.907353 -0.021087
vt 0.876470 0.036012
vt 0.815366 0.036012
vt 0.815366 0.885136
vt 0.815366 0.287433
vt 0.876470 0.287433
vt 0.876470 0.885136
vt 0.815366 0.911649
vt 0.876470 0.911649
vt 0.815366 0.954968
vt 0.815366 0.941692
vt 0.949920 0.941692
vt 0.908544 0.954968
vt 0.230709 -0.048178
vt 0.387497 -0.069689
vt 0.266737 0.036012
vt 0.194682 0.036012
vt 0.194682 0.885136
vt 0.194682 0.287433
vt 0.266737 0.287433
vt 0.266737 0.885136
vt 0.194682 0.911649
vt 0.266737 0.911649
vt 0.194682 0.954968
vt 0.194682 0.941692
vt 0.266737 0.941692
vt 0.266737 0.954968
vt 0.484189 -0.042822
vt 0.610175 -0.063882
vt 0.513410 0.036012
vt 0.454969 0.036012
vt 0.454969 0.885136
vt 0.454969 0.287433
vt 0.513410 0.287433
vt 0.513410 0.885136
vt 0.454969 0.911649
vt 0.513410 0.911649
vt 0.454969 0.954968
vt 0.454969 0.941692
vt 0.513410 0.941692
vt 0.513410 0.954968
vt 0.731829 -0.040845
vt 0.776709 -0.013274
vt 0.760082 0.036012
vt 0.703576 0.036012
vt 0.703576 0.885136
vt 0.703576 0.287433
vt 0.760082 0.287433
vt 0.760082 0.885136
vt 0.703576 0.911649
vt 0.760082 0.911649
vt 0.703576 0.954968
vt 0.703576 0.941692
vt 0.760082 0.941692
vt 0.760082 0.954968
vt 0.968583 -0.021451
vt 1.018613 0.056830
vt 1.011795 0.055893
vt 0.937167 0.036012
vt 0.937167 0.885136
vt 0.937167 0.287433
vt 1.036402 0.199347
vt 1.078115 0.902941
vt 0.937167 0.911649
vt 1.076815 0.905476
vt 0.937167 0.148748
vt 1.023018 0.140803
vt 1.012409 0.182782
vt 0.937167 0.182782
vt 0.815366 0.148748
vt 0.876470 0.148748
vt 0.876470 0.182782
vt 0.815366 0.182782
vt 0.703576 0.148748
vt 0.760082 0.148748
vt 0.760082 0.182782
vt 0.703576 0.182782
vt 0.568427 0.148748
vt 0.631534 0.148748
vt 0.631534 0.182782
vt 0.568427 0.182782
vt 0.454969 0.148748
vt 0.513410 0.148748
vt 0.513410 0.182782
vt 0.454969 0.182782
vt 0.323157 0.148748
vt 0.386599 0.148748
vt 0.386599 0.182782
vt 0.323157 0.182782
vt 0.194682 0.148748
vt 0.266737 0.148748
vt 0.266737 0.182782
vt 0.194682 0.182782
vt 0.064539 0.148748
vt 0.127766 0.148748
vt 0.127766 0.182782
vt 0.064539 0.182782
vt 0.937167 0.220860
vt 1.020558 0.217041
vt 1.024818 0.252590
vt 0.937167 0.252590
vt 0.815366 0.220860
vt 0.876470 0.220860
vt 0.876470 0.252590
vt 0.815366 0.252590
vt 0.703576 0.220860
vt 0.760082 0.220860
vt 0.760082 0.252590
vt 0.703576 0.252590
vt 0.568427 0.220860
vt 0.631534 0.220860
vt 0.631534 0.252590
vt 0.568427 0.252590
vt 0.454969 0.220860
vt 0.513410 0.220860
vt 0.513410 0.252590
vt 0.454969 0.252590
vt 0.323157 0.220860
vt 0.386599 0.220860
vt 0.386599 0.252590
vt 0.323157 0.252590
vt 0.194682 0.220860
vt 0.266737 0.220860
vt 0.266737 0.252590
vt 0.194682 0.252590
vt 0.064539 0.220860
vt 0.127766 0.220860
vt 0.127766 0.252590
vt 0.064539 0.252590
vt 0.937167 0.075774
vt 1.024818 0.110292
vt 0.937167 0.110292
vt 0.815366 0.075774
vt 0.876470 0.075774
vt 0.876470 0.110292
vt 0.815366 0.110292
vt 0.703576 0.075774
vt 0.760082 0.075774
vt 0.760082 0.110292
vt 0.703576 0.110292
vt 0.568427 0.075774
vt 0.631534 0.075774
vt 0.631534 0.110292
vt 0.568427 0.110292
vt 0.454969 0.075774
vt 0.513410 0.075774
vt 0.513410 0.110292
vt 0.454969 0.110292
vt 0.323157 0.075774
vt 0.386599 0.075774
vt 0.386599 0.110292
vt 0.323157 0.110292
vt 0.194682 0.075774
vt 0.266737 0.075774
vt 0.266737 0.110292
vt 0.194682 0.110292
vt 0.064539 0.075774
vt 0.127766 0.075774
vt 0.127766 0.110292
vt 0.064539 0.110292
vt 0.815366 1.000000
vt 0.815366 0.971545
vt 0.883718 0.971545
vt 0.912571 1.000000
vt 0.703576 1.000000
vt 0.703576 0.971545
vt 0.760082 0.971545
vt 0.760082 1.000000
vt 0.568427 1.000000
vt 0.568427 0.971545
vt 0.631534 0.971545
vt 0.631534 1.000000
vt 0.454969 1.000000
vt 0.454969 0.971545
vt 0.513410 0.971545
vt 0.513410 1.000000
vt 0.323157 1.000000
vt 0.323157 0.971545
vt 0.386599 0.971545
vt 0.386599 1.000000
vt 0.161224 0.996475
vt 0.107272 0.991650
vt 0.230709 1.010703
vt 0.040538 0.996475
vt 0.096152 0.984010
vt 0.937167 0.926721
vt 1.024598 0.926721
vt 0.815366 0.926721
vt 0.876470 0.926721
vt 0.703576 0.926721
vt 0.760082 0.926721
vt 0.568427 0.926721
vt 0.631535 0.926721
vt 0.454969 0.926721
vt 0.513410 0.926721
vt 0.323157 0.926721
vt 0.386599 0.926721
vt 0.194682 0.926721
vt 0.266737 0.926721
vt 0.127766 0.926721
vt 0.064539 0.926720
vt 1.111600 0.900672
vt 1.061579 0.287433
vt 1.065262 0.286128
vt 0.062140 -0.091966
vt 0.128748 -0.092919
vt 0.570860 -0.049641
vt 0.632457 -0.092919
vt 0.325032 -0.049181
vt 0.386653 -0.092919
vt 0.816688 -0.048783
vt 0.876619 -0.042173
vt 0.195355 -0.096356
vt 0.260194 -0.046460
vt 0.448274 -0.085644
vt 0.509567 -0.046460
vt 0.694054 -0.081690
vt 0.755371 -0.046460
vt 0.266519 -0.092919
vt 0.126067 -0.091966
vt 0.119629 -0.091966
vt 0.178690 -0.092919
vt 0.605080 -0.059734
vt 0.547499 -0.049641
vt 0.545758 -0.049641
vt 0.648097 -0.092919
vt 0.385992 -0.067108
vt 0.300332 -0.049181
vt 0.298616 -0.049181
vt 0.402873 -0.092919
vt 0.243669 -0.096356
vt 0.237751 -0.096356
vt 0.268184 -0.046460
vt 0.512278 -0.040652
vt 0.513616 -0.085644
vt 0.507130 -0.085644
vt 0.526444 -0.046460
vt 0.725335 -0.038716
vt 0.756835 -0.081690
vt 0.750436 -0.081690
vt 0.771234 -0.046460
vt 0.124931 -0.091966
vt 0.114625 -0.091966
vt 0.173888 -0.092919
vt 0.547192 -0.049641
vt 0.544405 -0.049641
vt 0.621627 -0.092919
vt 0.300029 -0.049181
vt 0.297283 -0.049181
vt 0.399686 -0.092919
vt 0.242625 -0.096356
vt 0.233150 -0.096356
vt 0.265217 -0.046460
vt 0.512471 -0.085644
vt 0.502088 -0.085644
vt 0.523246 -0.046460
vt 0.114709 -0.091966
vt 0.092212 -0.091966
vt 0.152378 -0.092919
vt 0.297305 -0.049181
vt 0.291310 -0.049181
vt 0.385408 -0.092919
vt 0.233227 -0.096356
vt 0.212544 -0.096356
vt 0.251927 -0.046460
vt 0.502173 -0.085644
vt 0.479506 -0.085644
vt 0.512504 -0.046460
vt 0.130609 -0.091966
vt 0.128907 -0.091966
vt 0.187593 -0.092919
vt 0.301543 -0.049181
vt 0.301089 -0.049181
vt 0.380545 -0.092919
vt 0.247846 -0.096356
vt 0.246280 -0.096356
vt 0.273685 -0.046460
vt 0.135152 -0.091966
vt 0.129175 -0.091966
vt 0.187851 -0.092919
vt 0.252022 -0.096356
vt 0.246527 -0.096356
vt 0.275433 -0.046460
vt 0.138560 -0.091966
vt 0.145361 -0.091966
vt 0.134655 -0.086080
vt 1.012096 0.182782
vt 1.018144 0.148748
vt 1.016719 0.182782
vt 1.024192 0.252590
vt 1.018144 0.220860
vt 1.016719 0.252590
vt 1.024192 0.110292
vt 1.036914 0.085313
vt 1.007909 0.129520
vt 1.006042 0.201821
vt 1.012801 0.252590
vt 1.041081 0.270011
vt 1.057330 0.913929
vt 0.909099 0.954968
vt 0.923133 0.941692
vt 0.902242 0.954968
vt 0.918734 1.000000
vt 0.913917 0.971545
vt 1.023977 0.926721
vt 1.010120 0.926721
vt 1.008423 0.926721
vt 0.901593 0.954968
vt 0.962785 0.941692
vt 0.885119 0.954968
vt 1.000000 0.926721
vt 0.941748 0.941692
vt 0.882316 0.954968
vt 0.906353 1.000000
vt 0.903973 0.971545
vt 1.082162 0.314774
vt 1.074940 0.314774
vt 1.012083 0.249002
vt 1.000000 0.249002
vt 1.023590 0.112994
vt 1.023590 0.094853
vt 1.000000 0.094853
vt 1.000000 0.112994
vt 1.015817 0.196039
vt 1.000000 0.196039
vt 0.936549 -0.042903
vt 0.936549 0.000000
vt 0.851946 -0.042173
vt 0.793752 -0.048783
vt 0.792032 -0.048783
vt 0.792032 0.000000
vt 0.704902 -0.081690
vt 0.698850 -0.081690
vt 0.698850 0.000000
vt 0.553330 -0.049641
vt 0.545501 -0.049641
vt 0.545501 0.000000
vt 0.460972 -0.085644
vt 0.460002 -0.085644
vt 0.460002 0.000000
vt 0.306079 -0.049181
vt 0.304339 -0.049181
vt 0.304339 0.000000
vt 0.286662 -0.048480
vt 0.195631 -0.096356
vt 0.169147 -0.114733
vt 0.198963 0.000000
vt 0.266737 -0.049181
vt 0.386599 -0.085644
vt 0.513410 -0.049641
vt 0.631534 -0.081690
vt 0.760082 -0.048783
vt 0.876470 -0.042903
vt 0.896350 0.971545
vt 0.897058 -0.014058
vt 0.808466 -0.026161
vt 0.016538 0.996475
vt 0.000000 0.000074
vt 0.000000 0.017566
vt 0.225563 0.986798
vt 0.091636 0.989352
vt 0.156444 0.992914
vt 0.096152 -0.045983
vt 0.127766 0.036012
vt 0.064539 0.036012
vt 0.064539 0.885136
vt 0.127766 0.885136
vt 0.127766 0.911649
vt 0.064539 0.911649
vt 0.064539 0.941692
vt 0.127766 0.941692
vt 0.127766 0.954968
vt 0.064539 0.954968
vt 0.064539 0.287433
vt 0.127766 0.287433
vt 0.599981 -0.024821
vt 0.631534 0.036012
vt 0.568427 0.036012
vt 0.568427 0.885136
vt 0.568427 0.287433
vt 0.631535 0.287433
vt 0.631535 0.885136
vt 0.568427 0.911649
vt 0.631535 0.911649
vt 0.568427 0.954968
vt 0.568427 0.941692
vt 0.631535 0.941692
vt 0.631534 0.954968
vt 0.354878 -0.024591
vt 0.386599 0.036012
vt 0.323157 0.036012
vt 0.323157 0.885136
vt 0.323157 0.287433
vt 0.386599 0.287433
vt 0.386599 0.885136
vt 0.323157 0.911649
vt 0.386599 0.911649
vt 0.323157 0.954968
vt 0.323157 0.941692
vt 0.386599 0.941692
vt 0.386599 0.954968
vt 0.845918 -0.024392
vt 0.876470 0.036012
vt 0.815366 0.036012
vt 0.815366 0.885136
vt 0.815366 0.287433
vt 0.876470 0.287433
vt 0.876470 0.885136
vt 0.815366 0.911649
vt 0.876470 0.911649
vt 0.815366 0.954968
vt 0.815366 0.941692
vt 0.908544 0.954968
vt 0.230709 -0.048178
vt 0.266737 0.036012
vt 0.194682 0.036012
vt 0.194682 0.885136
vt 0.194682 0.287433
vt 0.266737 0.287433
vt 0.266737 0.885136
vt 0.194682 0.911649
vt 0.266737 0.911649
vt 0.194682 0.954968
vt 0.194682 0.941692
vt 0.266737 0.941692
vt 0.266737 0.954968
vt 0.484189 -0.042822
vt 0.513410 0.036012
vt 0.454969 0.036012
vt 0.454969 0.885136
vt 0.454969 0.287433
vt 0.513410 0.287433
vt 0.513410 0.885136
vt 0.454969 0.911649
vt 0.513410 0.911649
vt 0.454969 0.954968
vt 0.454969 0.941692
vt 0.513410 0.941692
vt 0.513410 0.954968
vt 0.731829 -0.040845
vt 0.760082 0.036012
vt 0.703576 0.036012
vt 0.703576 0.885136
vt 0.703576 0.287433
vt 0.760082 0.287433
vt 0.760082 0.885136
vt 0.703576 0.911649
vt 0.760082 0.911649
vt 0.703576 0.954968
vt 0.703576 0.941692
vt 0.760082 0.941692
vt 0.760082 0.954968
vt 0.958111 -0.014301
vt 1.007863 0.049266
vt 0.937167 0.036012
vt 0.937167 0.885136
vt 0.937167 0.287433
vt 0.937167 0.911649
vt 0.937167 0.148748
vt 1.012409 0.182782
vt 0.937167 0.182782
vt 0.815366 0.148748
vt 0.876470 0.148748
vt 0.876470 0.182782
vt 0.815366 0.182782
vt 0.703576 0.148748
vt 0.760082 0.148748
vt 0.760082 0.182782
vt 0.703576 0.182782
vt 0.568427 0.148748
vt 0.631534 0.148748
vt 0.631534 0.182782
vt 0.568427 0.182782
vt 0.454969 0.148748
vt 0.513410 0.148748
vt 0.513410 0.182782
vt 0.454969 0.182782
vt 0.323157 0.148748
vt 0.386599 0.148748
vt 0.386599 0.182782
vt 0.323157 0.182782
vt 0.194682 0.148748
vt 0.266737 0.148748
vt 0.266737 0.182782
vt 0.194682 0.182782
vt 0.064539 0.148748
vt 0.127766 0.148748
vt 0.127766 0.182782
vt 0.064539 0.182782
vt 0.937167 0.220860
vt 1.024818 0.252590
vt 0.937167 0.252590
vt 0.815366 0.220860
vt 0.876470 0.220860
vt 0.876470 0.252590
vt 0.815366 0.252590
vt 0.703576 0.220860
vt 0.760082 0.220860
vt 0.760082 0.252590
vt 0.703576 0.252590
vt 0.568427 0.220860
vt 0.631534 0.220860
vt 0.631534 0.252590
vt 0.568427 0.252590
vt 0.454969 0.220860
vt 0.513410 0.220860
vt 0.513410 0.252590
vt 0.454969 0.252590
vt 0.323157 0.220860
vt 0.386599 0.220860
vt 0.386599 0.252590
vt 0.323157 0.252590
vt 0.194682 0.220860
vt 0.266737 0.220860
vt 0.266737 0.252590
vt 0.194682 0.252590
vt 0.064539 0.220860
vt 0.127766 0.220860
vt 0.127766 0.252590
vt 0.064539 0.252590
vt 0.937167 0.075774
vt 1.024818 0.110292
vt 0.937167 0.110292
vt 0.815366 0.075774
vt 0.876470 0.075774
vt 0.876470 0.110292
vt 0.815366 0.110292
vt 0.703576 0.075774
vt 0.760082 0.075774
vt 0.760082 0.110292
vt 0.703576 0.110292
vt 0.568427 0.075774
vt 0.631534 0.075774
vt 0.631534 0.110292
vt 0.568427 0.110292
vt 0.454969 0.075774
vt 0.513410 0.075774
vt 0.513410 0.110292
vt 0.454969 0.110292
vt 0.323157 0.075774
vt 0.386599 0.075774
vt 0.386599 0.110292
vt 0.323157 0.110292
vt 0.194682 0.075774
vt 0.266737 0.075774
vt 0.266737 0.110292
vt 0.194682 0.110292
vt 0.064539 0.075774
vt 0.127766 0.075774
vt 0.127766 0.110292
vt 0.064539 0.110292
vt 0.815366 0.971545
vt 0.703576 0.971545
vt 0.760082 0.971545
vt 0.568427 0.971545
vt 0.631534 0.971545
vt 0.454969 0.971545
vt 0.513410 0.971545
vt 0.323157 0.971545
vt 0.386599 0.971545
vt 0.937167 0.926721
vt 1.024598 0.926721
vt 0.815366 0.926721
vt 0.876470 0.926721
vt 0.703576 0.926721
vt 0.760082 0.926721
vt 0.568427 0.926721
vt 0.631535 0.926721
vt 0.454969 0.926721
vt 0.513410 0.926721
vt 0.323157 0.926721
vt 0.386599 0.926721
vt 0.194682 0.926721
vt 0.266737 0.926721
vt 0.127766 0.926721
vt 0.064539 0.926720
vt 1.111600 0.900672
vt 1.061579 0.287433
vt 0.062140 -0.091966
vt 0.128748 -0.092919
vt 0.570860 -0.049641
vt 0.632457 -0.092919
vt 0.325032 -0.049181
vt 0.386653 -0.092919
vt 0.816688 -0.048783
vt 0.856642 -0.028116
vt 0.195355 -0.096356
vt 0.260194 -0.046460
vt 0.448274 -0.085644
vt 0.509567 -0.046460
vt 0.694054 -0.081690
vt 0.755371 -0.046460
vt 0.266318 -0.099114
vt 0.126067 -0.091966
vt 0.119629 -0.091966
vt 0.178690 -0.092919
vt 0.547499 -0.049641
vt 0.545758 -0.049641
vt 0.648097 -0.092919
vt 0.300332 -0.049181
vt 0.298616 -0.049181
vt 0.402873 -0.092919
vt 0.243669 -0.096356
vt 0.237751 -0.096356
vt 0.268184 -0.046460
vt 0.513616 -0.085644
vt 0.507130 -0.085644
vt 0.526444 -0.046460
vt 0.756835 -0.081690
vt 0.750436 -0.081690
vt 0.764302 -0.030973
vt 0.124931 -0.091966
vt 0.114625 -0.091966
vt 0.173888 -0.092919
vt 0.547192 -0.049641
vt 0.544405 -0.049641
vt 0.595887 -0.061946
vt 0.300029 -0.049181
vt 0.297283 -0.049181
vt 0.399686 -0.092919
vt 0.242625 -0.096356
vt 0.233150 -0.096356
vt 0.265217 -0.046460
vt 0.512471 -0.085644
vt 0.502088 -0.085644
vt 0.523246 -0.046460
vt 0.114709 -0.091966
vt 0.092212 -0.091966
vt 0.152378 -0.092919
vt 0.297305 -0.049181
vt 0.291310 -0.049181
vt 0.385408 -0.092919
vt 0.233227 -0.096356
vt 0.212544 -0.096356
vt 0.251927 -0.046460
vt 0.502173 -0.085644
vt 0.479506 -0.085644
vt 0.501504 -0.030973
vt 0.130609 -0.091966
vt 0.128907 -0.091966
vt 0.187593 -0.092919
vt 0.301543 -0.049181
vt 0.301089 -0.049181
vt 0.354060 -0.061946
vt 0.247846 -0.096356
vt 0.246280 -0.096356
vt 0.273685 -0.046460
vt 0.135152 -0.091966
vt 0.129175 -0.091966
vt 0.187851 -0.092919
vt 0.252022 -0.096356
vt 0.246527 -0.096356
vt 0.265798 -0.030973
vt 0.138560 -0.091966
vt 1.012096 0.182782
vt 1.019354 0.148748
vt 1.016719 0.182782
vt 1.024192 0.252590
vt 1.018144 0.220860
vt 1.016719 0.252590
vt 1.024192 0.110292
vt 1.032673 0.082134
vt 1.007909 0.129520
vt 1.006042 0.201821
vt 1.012801 0.252590
vt 1.041081 0.270011
vt 1.057330 0.913929
vt 1.088093 0.885136
vt 0.909099 0.954968
vt 0.923133 0.941692
vt 0.893652 0.954968
vt 0.913917 0.971545
vt 1.023977 0.926720
vt 1.006747 0.926721
vt 1.008423 0.926721
vt 0.901593 0.954968
vt 0.983182 0.941692
vt 0.885119 0.954968
vt 1.069692 0.915665
vt 0.946495 0.941692
vt 0.882316 0.954968
vt 0.903973 0.971545
vt 1.023590 0.094853
vt 0.936549 -0.042903
vt 0.782529 -0.048783
vt 0.792032 -0.048783
vt 0.680446 -0.081690
vt 0.698850 -0.081690
vt 0.540023 -0.049641
vt 0.545501 -0.049641
vt 0.436181 -0.085644
vt 0.460002 -0.085644
vt 0.292965 -0.049181
vt 0.304339 -0.049181
vt 0.173010 -0.096356
vt 0.266737 0.971545
vt 0.896350 0.971545
vt 0.072152 -0.080892
vt 0.062140 -0.161784
vt 0.126067 -0.161784
vt 0.119629 -0.161784
vt 0.124931 -0.161783
vt 0.114625 -0.161783
vt 0.114709 -0.161783
vt 0.092212 -0.161783
vt 0.130609 -0.161783
vt 0.128907 -0.161783
vt 0.135152 -0.161783
vt 0.129175 -0.161783
vt 0.138560 -0.161783
vt 0.145361 -0.161783
vt 0.016538 0.954968
vt 0.016538 0.941692
vt 0.016538 0.926720
vt 0.016538 0.911649
vt 0.016538 0.885136
vt 0.016538 0.287433
vt 0.016538 0.252590
vt 0.016538 0.220860
vt 0.016538 0.182782
vt 0.016538 0.148748
vt 0.016538 0.110292
vt 0.016538 0.075774
vt 0.016538 0.036012
vt 0.096152 -0.045983
vt 0.064539 0.036012
vt 0.127766 0.036012
vt 0.064539 0.885136
vt 0.064539 0.911649
vt 0.127766 0.911649
vt 0.127766 0.885136
vt 0.064539 0.941692
vt 0.064539 0.954968
vt 0.127766 0.954968
vt 0.127766 0.941692
vt 0.064539 0.287433
vt 0.127766 0.287433
vt 0.599981 -0.024821
vt 0.568427 0.036012
vt 0.631534 0.036012
vt 0.568427 0.885136
vt 0.631535 0.885136
vt 0.631535 0.287433
vt 0.568427 0.287433
vt 0.568427 0.911649
vt 0.631535 0.911649
vt 0.568427 0.954968
vt 0.631534 0.954968
vt 0.631535 0.941692
vt 0.568427 0.941692
vt 0.354878 -0.024591
vt 0.323157 0.036012
vt 0.386599 0.036012
vt 0.323157 0.885136
vt 0.386599 0.885136
vt 0.386599 0.287433
vt 0.323157 0.287433
vt 0.323157 0.911649
vt 0.386599 0.911649
vt 0.323157 0.954968
vt 0.386599 0.954968
vt 0.386599 0.941692
vt 0.323157 0.941692
vt 0.845918 -0.024392
vt 0.815366 0.036012
vt 0.876470 0.036012
vt 0.815366 0.885136
vt 0.876470 0.885136
vt 0.876470 0.287433
vt 0.815366 0.287433
vt 0.815366 0.911649
vt 0.876470 0.911649
vt 0.815366 0.954968
vt 0.908544 0.954968
vt 0.815366 0.941692
vt 0.230709 -0.048178
vt 0.194682 0.036012
vt 0.266737 0.036012
vt 0.194682 0.885136
vt 0.266737 0.885136
vt 0.266737 0.287433
vt 0.194682 0.287433
vt 0.194682 0.911649
vt 0.266737 0.911649
vt 0.194682 0.954968
vt 0.266737 0.954968
vt 0.266737 0.941692
vt 0.194682 0.941692
vt 0.484189 -0.042822
vt 0.454969 0.036012
vt 0.513410 0.036012
vt 0.454969 0.885136
vt 0.513410 0.885136
vt 0.513410 0.287433
vt 0.454969 0.287433
vt 0.454969 0.911649
vt 0.513410 0.911649
vt 0.454969 0.954968
vt 0.513410 0.954968
vt 0.513410 0.941692
vt 0.454969 0.941692
vt 0.731829 -0.040845
vt 0.703576 0.036012
vt 0.760082 0.036012
vt 0.703576 0.885136
vt 0.760082 0.885136
vt 0.760082 0.287433
vt 0.703576 0.287433
vt 0.703576 0.911649
vt 0.760082 0.911649
vt 0.703576 0.954968
vt 0.760082 0.954968
vt 0.760082 0.941692
vt 0.703576 0.941692
vt 0.958111 -0.014301
vt 0.937167 0.036012
vt 1.007863 0.049266
vt 0.937167 0.885136
vt 0.937167 0.287433
vt 0.937167 0.911649
vt 0.937167 0.148748
vt 0.937167 0.182782
vt 1.012409 0.182782
vt 0.815366 0.148748
vt 0.815366 0.182782
vt 0.876470 0.182782
vt 0.876470 0.148748
vt 0.703576 0.148748
vt 0.703576 0.182782
vt 0.760082 0.182782
vt 0.760082 0.148748
vt 0.568427 0.148748
vt 0.568427 0.182782
vt 0.631534 0.182782
vt 0.631534 0.148748
vt 0.454969 0.148748
vt 0.454969 0.182782
vt 0.513410 0.182782
vt 0.513410 0.148748
vt 0.323157 0.148748
vt 0.323157 0.182782
vt 0.386599 0.182782
vt 0.386599 0.148748
vt 0.194682 0.148748
vt 0.194682 0.182782
vt 0.266737 0.182782
vt 0.266737 0.148748
vt 0.064539 0.148748
vt 0.064539 0.182782
vt 0.127766 0.182782
vt 0.127766 0.148748
vt 0.937167 0.220860
vt 0.937167 0.252590
vt 1.024818 0.252590
vt 0.815366 0.220860
vt 0.815366 0.252590
vt 0.876470 0.252590
vt 0.876470 0.220860
vt 0.703576 0.220860
vt 0.703576 0.252590
vt 0.760082 0.252590
vt 0.760082 0.220860
vt 0.568427 0.220860
vt 0.568427 0.252590
vt 0.631534 0.252590
vt 0.631534 0.220860
vt 0.454969 0.220860
vt 0.454969 0.252590
vt 0.513410 0.252590
vt 0.513410 0.220860
vt 0.323157 0.220860
vt 0.323157 0.252590
vt 0.386599 0.252590
vt 0.386599 0.220860
vt 0.194682 0.220860
vt 0.194682 0.252590
vt 0.266737 0.252590
vt 0.266737 0.220860
vt 0.064539 0.220860
vt 0.064539 0.252590
vt 0.127766 0.252590
vt 0.127766 0.220860
vt 0.937167 0.075774
vt 0.937167 0.110292
vt 1.024818 0.110292
vt 0.815366 0.075774
vt 0.815366 0.110292
vt 0.876470 0.110292
vt 0.876470 0.075774
vt 0.703576 0.075774
vt 0.703576 0.110292
vt 0.760082 0.110292
vt 0.760082 0.075774
vt 0.568427 0.075774
vt 0.568427 0.110292
vt 0.631534 0.110292
vt 0.631534 0.075774
vt 0.454969 0.075774
vt 0.454969 0.110292
vt 0.513410 0.110292
vt 0.513410 0.075774
vt 0.323157 0.075774
vt 0.323157 0.110292
vt 0.386599 0.110292
vt 0.386599 0.075774
vt 0.194682 0.075774
vt 0.194682 0.110292
vt 0.266737 0.110292
vt 0.266737 0.075774
vt 0.064539 0.075774
vt 0.064539 0.110292
vt 0.127766 0.110292
vt 0.127766 0.075774
vt 0.815366 0.971545
vt 0.760082 0.971545
vt 0.703576 0.971545
vt 0.631534 0.971545
vt 0.568427 0.971545
vt 0.513410 0.971545
vt 0.454969 0.971545
vt 0.386599 0.971545
vt 0.323157 0.971545
vt 0.937167 0.926721
vt 1.024598 0.926721
vt 0.815366 0.926721
vt 0.876470 0.926721
vt 0.703576 0.926721
vt 0.760082 0.926721
vt 0.568427 0.926721
vt 0.631535 0.926721
vt 0.454969 0.926721
vt 0.513410 0.926721
vt 0.323157 0.926721
vt 0.386599 0.926721
vt 0.194682 0.926721
vt 0.266737 0.926721
vt 0.064539 0.926720
vt 0.127766 0.926721
vt 1.111600 0.900672
vt 1.061579 0.287433
vt 0.128748 -0.092919
vt 0.062140 -0.091966
vt 0.632457 -0.092919
vt 0.570860 -0.049641
vt 0.386653 -0.092919
vt 0.325032 -0.049181
vt 0.856642 -0.028116
vt 0.816688 -0.048783
vt 0.260194 -0.046460
vt 0.195355 -0.096356
vt 0.509567 -0.046460
vt 0.448274 -0.085644
vt 0.755371 -0.046460
vt 0.694054 -0.081690
vt 0.266318 -0.099114
vt 0.178690 -0.092919
vt 0.119629 -0.091966
vt 0.126067 -0.091966
vt 0.648097 -0.092919
vt 0.545758 -0.049641
vt 0.547499 -0.049641
vt 0.402873 -0.092919
vt 0.298616 -0.049181
vt 0.300332 -0.049181
vt 0.268184 -0.046460
vt 0.237751 -0.096356
vt 0.243669 -0.096356
vt 0.526444 -0.046460
vt 0.507130 -0.085644
vt 0.513616 -0.085644
vt 0.764302 -0.030973
vt 0.750436 -0.081690
vt 0.756835 -0.081690
vt 0.173888 -0.092919
vt 0.114625 -0.091966
vt 0.124931 -0.091966
vt 0.595887 -0.061946
vt 0.544405 -0.049641
vt 0.547192 -0.049641
vt 0.399686 -0.092919
vt 0.297283 -0.049181
vt 0.300029 -0.049181
vt 0.265217 -0.046460
vt 0.233150 -0.096356
vt 0.242625 -0.096356
vt 0.523246 -0.046460
vt 0.502088 -0.085644
vt 0.512471 -0.085644
vt 0.152378 -0.092919
vt 0.092212 -0.091966
vt 0.114709 -0.091966
vt 0.385408 -0.092919
vt 0.291310 -0.049181
vt 0.297305 -0.049181
vt 0.251927 -0.046460
vt 0.212544 -0.096356
vt 0.233227 -0.096356
vt 0.501504 -0.030973
vt 0.479506 -0.085644
vt 0.502173 -0.085644
vt 0.187593 -0.092919
vt 0.128907 -0.091966
vt 0.130609 -0.091966
vt 0.354060 -0.061946
vt 0.301089 -0.049181
vt 0.301543 -0.049181
vt 0.273685 -0.046460
vt 0.246280 -0.096356
vt 0.247846 -0.096356
vt 0.187851 -0.092919
vt 0.129175 -0.091966
vt 0.135152 -0.091966
vt 0.265798 -0.030973
vt 0.246527 -0.096356
vt 0.252022 -0.096356
vt 0.145361 -0.091966
vt 0.138560 -0.091966
vt 1.012096 0.182782
vt 1.016719 0.182782
vt 1.019354 0.148748
vt 1.024192 0.252590
vt 1.016719 0.252590
vt 1.018144 0.220860
vt 1.024192 0.110292
vt 1.007909 0.129520
vt 1.032673 0.082134
vt 1.006042 0.201821
vt 1.012801 0.252590
vt 1.041081 0.270011
vt 1.057330 0.913929
vt 1.088093 0.885136
vt 0.909099 0.954968
vt 0.902242 0.954968
vt 0.923133 0.941692
vt 0.913917 0.971545
vt 1.023977 0.926721
vt 1.010120 0.926721
vt 1.008423 0.926721
vt 0.901593 0.954968
vt 0.885119 0.954968
vt 0.950547 0.941692
vt 1.069692 0.915665
vt 0.963395 0.941692
vt 0.903973 0.971545
vt 1.023590 0.094853
vt 0.936549 -0.042903
vt 0.792032 -0.048783
vt 0.782529 -0.048783
vt 0.698850 -0.081690
vt 0.680446 -0.081690
vt 0.545501 -0.049641
vt 0.540023 -0.049641
vt 0.460002 -0.085644
vt 0.436181 -0.085644
vt 0.304339 -0.049181
vt 0.292965 -0.049181
vt 0.173010 -0.096356
vt 0.107272 0.991650
vt 0.899139 0.971545
vt 0.144129 -0.080572
vt 0.067764 -0.067370
vt 0.225563 0.986798
vt 0.091636 0.989352
vt 0.156444 0.992914
vt 0.908560 1.000000
vt 0.815366 1.000000
vt 0.760082 1.000000
vt 0.703576 1.000000
vt 0.631534 1.000000
vt 0.568427 1.000000
vt 0.513410 1.000000
vt 0.454969 1.000000
vt 0.386599 1.000000
vt 0.323157 1.000000
vt 0.918734 1.000000
vt 1.000000 0.926721
vt 0.906353 1.000000
vt 1.074940 0.314774
vt 1.082162 0.314774
vt 1.000000 0.249002
vt 1.012083 0.249002
vt 1.000000 0.094853
vt 1.000000 0.112994
vt 1.023590 0.112994
vt 1.000000 0.196039
vt 1.015817 0.196039
vt 0.936549 0.000000
vt 0.792032 0.000000
vt 0.698850 0.000000
vt 0.545501 0.000000
vt 0.460002 0.000000
vt 0.304339 0.000000
vt 0.226354 -0.096356
vt 0.198963 0.000000
vt 0.266737 -0.049181
vt 0.386599 -0.085644
vt 0.513410 -0.049641
vt 0.631534 -0.081690
vt 0.760082 -0.048783
vt 0.876470 -0.042903
vt 0.815366 1.000000
vt 0.908560 1.000000
vt 0.703576 1.000000
vt 0.760082 1.000000
vt 0.568427 1.000000
vt 0.631534 1.000000
vt 0.454969 1.000000
vt 0.513410 1.000000
vt 0.323157 1.000000
vt 0.386599 1.000000
vt 0.918734 1.000000
vt 1.000000 0.926721
vt 0.906353 1.000000
vt 1.082162 0.314774
vt 1.074940 0.314774
vt 1.012083 0.249002
vt 1.000000 0.249002
vt 1.023590 0.112994
vt 1.000000 0.112994
vt 1.000000 0.094853
vt 1.015817 0.196039
vt 1.000000 0.196039
vt 0.936549 0.000000
vt 0.792032 0.000000
vt 0.698850 0.000000
vt 0.545501 0.000000
vt 0.460002 0.000000
vt 0.304339 0.000000
vt 0.198963 0.000000
vt 0.266737 -0.049181
vt 0.386599 -0.085644
vt 0.513410 -0.049641
vt 0.631534 -0.081690
vt 0.760082 -0.048783
vt 0.876470 -0.042903
vt 0.230709 1.010703
vt 0.000000 0.017566
vt 0.016353 0.044137
vt 0.089216 0.000074
vt 0.089216 0.000074
vt 0.004948 -0.126875
vt 0.087260 0.017566
vt 0.087260 0.017566
vt -0.003540 -0.103602
vt -0.056511 -0.138511
vt 0.974867 -0.025742
vt 0.937167 0.036012
vt 1.014154 0.059869
vt 0.815366 1.000000
vt 0.908560 1.000000
vt 0.703576 1.000000
vt 0.760082 1.000000
vt 0.568427 1.000000
vt 0.631534 1.000000
vt 0.454969 1.000000
vt 0.513410 1.000000
vt 0.323157 1.000000
vt 0.386599 1.000000
vt 1.039458 0.087221
vt 1.024192 0.110292
vt 1.028553 0.177754
vt 1.033439 0.182782
vt 1.025602 0.252590
vt 0.918734 1.000000
vt 1.020240 0.911649
vt 1.012144 0.926720
vt 1.128939 0.885136
vt 1.074921 0.287433
vt 1.000000 0.926721
vt 0.906353 1.000000
vt 1.082162 0.314774
vt 1.074940 0.314774
vt 1.012083 0.249002
vt 1.000000 0.249002
vt 1.023590 0.112994
vt 1.000000 0.112994
vt 1.000000 0.094853
vt 1.015817 0.196039
vt 1.000000 0.196039
vt 0.936549 0.000000
vt 0.812576 -0.024099
vt 0.792032 0.000000
vt 0.710187 -0.026548
vt 0.698850 0.000000
vt 0.569971 -0.053097
vt 0.545501 0.000000
vt 0.465329 -0.026548
vt 0.460002 0.000000
vt 0.323464 -0.053097
vt 0.304339 0.000000
vt 0.198963 0.000000
vt 0.226354 -0.096356
vt 0.907397 0.954968
vt 0.909099 0.954968
vt 0.908544 0.954968
vt 0.815366 0.954968
vt 0.760082 0.954968
vt 0.703576 0.954968
vt 0.631534 0.954968
vt 0.568427 0.954968
vt 0.513410 0.954968
vt 0.454969 0.954968
vt 0.386599 0.954968
vt 0.323157 0.954968
vt 0.266737 0.954968
vt 0.194682 0.954968
vt 0.127766 0.954968
vt 0.064539 0.954968
vt 0.209204 -0.096356
vt 0.246527 -0.096356
vt 0.281214 -0.055752
vt 0.266737 -0.049181
vt 0.313947 -0.049181
vt 0.301089 -0.049181
vt 0.396437 -0.111503
vt 0.386599 -0.085644
vt 0.475846 -0.085644
vt 0.479506 -0.085644
vt 0.519103 -0.055752
vt 0.513410 -0.049641
vt 0.561314 -0.049641
vt 0.544405 -0.049641
vt 0.637072 -0.111503
vt 0.631534 -0.081690
vt 0.719576 -0.081690
vt 0.750436 -0.081690
vt 0.775394 -0.055752
vt 0.760082 -0.048783
vt 0.800486 -0.048783
vt 0.816688 -0.048783
vt 0.888605 -0.050608
vt 0.876470 0.000000
vt 0.876470 -0.042903
vt 1.024192 0.148748
vt 1.033439 0.220860
vt 1.023977 0.926721
vt 0.950547 0.941692
vt 0.928015 0.941692
vt 1.049636 0.075774
vt 1.000000 -0.084347
vt 0.827421 -0.092919
vt 0.778270 -0.185838
vt 0.593251 -0.092919
vt 0.535344 -0.185838
vt 0.345421 -0.092919
vt 0.263497 -0.185838
vt 0.016538 0.954968
vt 1.014154 0.059869
vt 0.937167 0.036012
vt 0.974867 -0.025742
vt 0.908560 1.000000
vt 0.815366 1.000000
vt 0.760082 1.000000
vt 0.703576 1.000000
vt 0.631534 1.000000
vt 0.568427 1.000000
vt 0.513410 1.000000
vt 0.454969 1.000000
vt 0.386599 1.000000
vt 0.323157 1.000000
vt 1.024192 0.110292
vt 1.039458 0.087221
vt 1.033439 0.182782
vt 1.028553 0.177754
vt 1.025602 0.252590
vt 0.918734 1.000000
vt 1.020240 0.926721
vt 1.020240 0.911649
vt 0.901593 0.954968
vt 0.901593 0.941692
vt 1.128939 0.885136
vt 1.074921 0.287433
vt 1.000000 0.926721
vt 0.876470 0.954968
vt 0.906353 1.000000
vt 1.074940 0.314774
vt 1.082162 0.314774
vt 1.000000 0.249002
vt 1.012083 0.249002
vt 1.000000 0.094853
vt 1.000000 0.112994
vt 1.023590 0.112994
vt 1.000000 0.196039
vt 1.015817 0.196039
vt 0.936549 0.000000
vt 0.792032 0.000000
vt 0.812576 -0.024099
vt 0.698850 0.000000
vt 0.710187 -0.026548
vt 0.545501 0.000000
vt 0.569971 -0.053097
vt 0.460002 0.000000
vt 0.465329 -0.026548
vt 0.304339 0.000000
vt 0.323464 -0.053097
vt 0.198963 0.000000
vt 0.909099 0.954968
vt 0.902242 0.954968
vt 0.815366 0.954968
vt 0.908544 0.954968
vt 0.703576 0.954968
vt 0.760082 0.954968
vt 0.568427 0.954968
vt 0.631534 0.954968
vt 0.454969 0.954968
vt 0.513410 0.954968
vt 0.323157 0.954968
vt 0.386599 0.954968
vt 0.194682 0.954968
vt 0.266737 0.954968
vt 0.064539 0.954968
vt 0.127766 0.954968
vt 0.281214 -0.055752
vt 0.246527 -0.096356
vt 0.209204 -0.096356
vt 0.266737 -0.049181
vt 0.396437 -0.111503
vt 0.301089 -0.049181
vt 0.313947 -0.049181
vt 0.386599 -0.085644
vt 0.519103 -0.055752
vt 0.479506 -0.085644
vt 0.475846 -0.085644
vt 0.513410 -0.049641
vt 0.637072 -0.111503
vt 0.544405 -0.049641
vt 0.561314 -0.049641
vt 0.631534 -0.081690
vt 0.775394 -0.055752
vt 0.750436 -0.081690
vt 0.719576 -0.081690
vt 0.760082 -0.048783
vt 0.888605 -0.050608
vt 0.816688 -0.048783
vt 0.800486 -0.048783
vt 0.876470 -0.042903
vt 0.876470 0.000000
vt 1.024192 0.148748
vt 1.033439 0.220860
vt 1.049636 0.075774
vt 1.000000 -0.084347
vt 0.827421 -0.092919
vt 0.778270 -0.185838
vt 0.593251 -0.092919
vt 0.535344 -0.185838
vt 0.230709 1.010703
vt 0.345421 -0.092919
vt 0.263497 -0.185838
vt 0.145361 -0.019371
vt 0.087216 -0.119893
vt 0.145361 -0.091966
vt 0.087260 0.017566
vt 0.000000 0.017566
vt 0.089216 0.000074
vt 0.760082 -0.048783
vt 0.808466 -0.026161
vt 0.876470 -0.042903
vt 1.036402 0.199347
vt 1.000000 0.094853
vt 1.036402 0.199347
vt 1.082162 0.314774
vt 1.036402 0.199347
vt 1.012083 0.249002
vt 1.036402 0.199347
vt 1.015817 0.196039
vt 1.036402 0.199347
vt 1.023590 0.112994
vt 0.936549 0.000000
vt 0.897058 -0.014058
vt 0.792032 0.000000
vt 0.808466 -0.026161
vt 1.000000 0.196039
vt 1.000000 0.112994
vt 1.000000 0.249002
vt 1.074940 0.314774
vt 0.087260 0.017566
vt 0.000000 0.017566
vt 0.226354 -0.096356
vt 0.226354 -0.096356
vt 0.093625 -0.038452
vt 0.288186 -0.046460
vt 0.266737 -0.049181
vt 0.385992 -0.067108
vt 0.386599 -0.085644
vt 0.512278 -0.040652
vt 0.513410 -0.049641
vt 0.605080 -0.059734
vt 0.631534 -0.081690
vt 0.725334 -0.038716
vt 0.698850 0.000000
vt 0.725334 -0.038716
vt 0.545501 0.000000
vt 0.605080 -0.059734
vt 0.460002 0.000000
vt 0.512278 -0.040652
vt 0.304339 0.000000
vt 0.385992 -0.067108
vt 0.198963 0.000000
vt 0.385992 -0.067108
vt 0.386599 -0.085644
vt 0.512278 -0.040652
vt 0.513410 -0.049641
vt 0.605080 -0.059734
vt 0.512278 -0.040652
vt 0.460002 0.000000
vt 0.385992 -0.067108
vt 0.304339 0.000000
vt 0.089216 0.000074
vt 0.134655 -0.086080
vt 0.134655 -0.086080
vt 0.134655 -0.086080
vt 0.134655 -0.086080
vt 0.093625 -0.038452
vt 0.288186 -0.046460
vt 0.266737 -0.049181
vt 0.198963 0.000000
vt 0.605080 -0.059734
vt 0.631534 -0.081690
vt 0.725335 -0.038716
vt 0.760082 -0.048783
vt 0.808466 -0.026161
vt 0.808466 -0.026161
vt 0.792032 0.000000
vt 0.725335 -0.038716
vt 0.698850 0.000000
vt 0.545501 0.000000
vt 1.036402 0.199347
vt 1.000000 0.094853
vt 1.023590 0.112994
vt 0.876470 -0.042903
vt 0.897058 -0.014058
vt 0.936549 0.000000
vt 1.000000 0.112994
vt 1.036402 0.199347
vt 1.012083 0.249002
vt 1.036402 0.199347
vt 1.015817 0.196039
vt 1.036402 0.199347
vt 1.000000 0.196039
vt 1.000000 0.249002
vt 1.036402 0.199347
vt 1.082162 0.314774
vt 1.074940 0.314774
vn 0.000000 0.000000 1.000000
vn 0.000000 0.000000 1.000000
vn 0.000000 0.000000 1.000000
vn 0.000000 0.000000 1.000000
vn 0.000000 0.000000 1.000000
vn 0.000000 0.000000 1.000000
vn 0.000000 0.000000 1.000000
vn 0.000000 0.000000 1.000000
vn 0.000000 0.000000 1.000000
vn 0.000000 0.000000 1.000000
vn 0.000000 -0.005412 0.999985
vn 0.000000 -0.005412 0.999985
vn 0.000000 0.000000 1.000000
vn 0.000000 0.000000 1.000000
vn 0.000000 0.000000 1.000000
vn 0.000000 0.000000 1.000000
vn 0.000000 0.000000 1.000000
vn 0.000000 0.000000 1.000000
vn 0.000000 0.000000 1.000000
vn 0.000000 0.000000 1.000000
vn -0.001282 -0.000066 0.999999
vn -0.001357 0.000000 0.999999
vn 0.000000 0.000000 1.000000
vn -0.000790 0.000921 0.999999
vn 0.000862 -0.003967 0.999992
vn 0.000000 -0.000000 1.000000
vn 0.000000 -0.000000 1.000000
vn 0.000754 -0.001264 0.999999
vn 0.000000 0.000000 1.000000
vn 0.000000 -0.000000 1.000000
vn 0.000000 -0.000000 1.000000
vn 0.000000 0.000000 1.000000
vn 0.000000 0.000000 1.000000
vn 0.000000 0.000000 1.000000
vn 0.000000 0.000000 1.000000
vn 0.000000 0.000000 1.000000
vn 0.000000 0.000000 1.000000
vn 0.000000 -0.000000 1.000000
vn 0.000000 -0.005412 0.999985
vn 0.000000 0.000000 1.000000
vn 0.000000 0.000000 1.000000
vn 0.000000 -0.005412 0.999985
vn 0.000000 0.000000 1.000000
vn -0.002985 0.000119 0.999996
vn -0.002219 0.000517 0.999997
vn 0.000000 0.000000 1.000000
vn 0.000000 0.000000 1.000000
vn 0.000000 -0.000248 1.000000
vn 0.000000 -0.000248 1.000000
vn 0.000000 0.000000 1.000000
vn 0.000000 0.003457 0.999994
vn 0.000002 0.003456 0.999994
vn 0.000000 0.000000 1.000000
vn 0.000000 0.000000 1.000000
vn 0.000000 0.000000 1.000000
vn 0.000000 0.000000 1.000000
vn 0.000000 0.000000 1.000000
vn 0.000000 0.000000 1.000000
vn 0.000000 0.000000 1.000000
vn 0.000000 0.000000 1.000000
vn 0.000000 0.000000 1.000000
vn 0.000000 0.000000 1.000000
vn 0.000000 0.000000 1.000000
vn 0.000000 0.000000 1.000000
vn 0.000000 0.000000 1.000000
vn 0.000000 0.000000 1.000000
vn 0.000000 -0.005412 0.999985
vn 0.000000 0.000000 1.000000
vn 0.000000 0.000000 1.000000
vn 0.000000 -0.005412 0.999985
vn 0.000000 -0.000000 1.000000
vn 0.000000 0.000000 1.000000
vn 0.000000 0.000000 1.000000
vn 0.000000 -0.000000 1.000000
vn 0.000000 0.000000 1.000000
vn 0.000000 0.000000 1.000000
vn 0.000000 0.000000 1.000000
vn 0.000000 0.000000 1.000000
vn 0.000000 -0.000000 1.000000
vn 0.000000 0.000000 1.000000
vn 0.000000 -0.005412 0.999985
vn 0.000000 0.000000 1.000000
vn 0.000000 0.000000 1.000000
vn 0.000000 -0.005412 0.999985
vn 0.000000 0.000000 1.000000
vn 0.000000 0.000000 1.000000
vn 0.000000 0.000000 1.000000
vn 0.000000 0.000000 1.000000
vn -0.001427 0.000000 0.999999
vn -0.001348 -0.000179 0.999999
vn 0.000000 -0.000248 1.000000
vn 0.000000 0.000000 1.000000
vn -0.000831 0.002488 0.999997
vn 0.000000 0.003457 0.999994
vn 0.000000 -0.000000 1.000000
vn 0.000000 -0.000000 1.000000
vn 0.000000 -0.000000 1.000000
vn 0.000000 -0.000000 1.000000
vn -0.003285 0.000122 0.999995
vn 0.000000 0.000000 1.000000
vn 0.000000 0.002074 0.999998
vn -0.002187 0.001565 0.999996
vn 0.001485 0.000000 0.999999
vn 0.001403 -0.000185 0.999999
vn 0.001416 -0.000064 0.999999
vn 0.001530 0.000000 0.999999
vn 0.000864 0.002580 0.999996
vn 0.001215 0.001238 0.999999
vn 0.000000 -0.000000 1.000000
vn -0.002295 0.000526 0.999997
vn -0.000708 0.000529 1.000000
vn 0.000000 0.000000 1.000000
vn 0.000000 0.000000 1.000000
vn 0.000000 -0.000000 1.000000
vn 0.000000 0.000000 1.000000
vn 0.000000 0.000000 1.000000
vn 0.000000 0.000000 1.000000
vn 0.000000 -0.000000 1.000000
vn 0.000000 -0.000000 1.000000
vn 0.000000 -0.000000 1.000000
vn 0.000000 -0.000000 1.000000
vn 0.000000 0.000000 1.000000
vn 0.000000 -0.000000 1.000000
vn 0.000000 0.000000 1.000000
vn 0.000000 0.000000 1.000000
vn 0.000000 0.000000 1.000000
vn 0.000000 0.000000 1.000000
vn 0.000000 0.000000 1.000000
vn 0.000000 0.000000 1.000000
vn 0.000000 0.000000 1.000000
vn 0.000000 0.000000 1.000000
vn 0.000000 0.000000 1.000000
vn 0.000000 0.000000 1.000000
vn 0.000000 0.000000 1.000000
vn 0.000000 0.000000 1.000000
vn 0.000000 0.000000 1.000000
vn 0.000000 0.000000 1.000000
vn 0.000000 0.000000 1.000000
vn 0.000000 0.000000 1.000000
vn 0.000000 0.000000 1.000000
vn 0.000000 0.000000 1.000000
vn 0.000000 0.000000 1.000000
vn 0.000000 0.000000 1.000000
vn 0.000000 0.000000 1.000000
vn 0.000000 0.000000 1.000000
vn 0.000000 0.000000 1.000000
vn 0.000000 0.000000 1.000000
vn 0.000000 0.000000 1.000000
vn 0.000000 0.000000 1.000000
vn 0.000000 0.000000 1.000000
vn 0.000000 0.000000 1.000000
vn 0.000000 -0.000000 1.000000
vn 0.000000 0.000000 1.000000
vn 0.000000 0.000000 1.000000
vn 0.000000 -0.000000 1.000000
vn 0.000000 0.000000 1.000000
vn 0.000000 0.000000 1.000000
vn 0.000000 0.000000 1.000000
vn 0.000000 0.000000 1.000000
vn 0.000000 0.000000 1.000000
vn 0.000000 -0.000000 1.000000
vn 0.000000 0.000000 1.000000
vn 0.000000 0.000000 1.000000
vn 0.000000 0.000000 1.000000
vn 0.000000 0.000000 1.000000
vn 0.000000 0.000000 1.000000
vn 0.000000 0.000000 1.000000
vn 0.000000 0.000000 1.000000
vn 0.000000 0.000000 1.000000
vn 0.000000 0.000000 1.000000
vn 0.000000 0.000000 1.000000
vn 0.000000 0.000000 1.000000
vn -0.000794 0.001596 0.999999
vn -0.002353 0.001716 0.999996
vn -0.002999 0.000000 0.999996
vn 0.000000 0.000000 1.000000
vn 0.000000 0.000000 1.000000
vn -0.000805 0.000527 1.000000
vn 0.000000 0.000000 1.000000
vn 0.000000 0.000000 1.000000
vn 0.000000 0.000000 1.000000
vn 0.000000 0.000000 1.000000
vn 0.000000 0.000000 1.000000
vn 0.000000 0.000000 1.000000
vn 0.000000 0.000000 1.000000
vn 0.000000 0.000000 1.000000
vn 0.000000 0.000000 1.000000
vn 0.000000 -0.000000 1.000000
vn 0.000000 0.000000 1.000000
vn 0.000000 0.000000 1.000000
vn 0.000000 0.000000 1.000000
vn 0.000000 0.000000 1.000000
vn 0.000000 0.000000 1.000000
vn 0.000000 0.000000 1.000000
vn 0.000000 0.000000 1.000000
vn 0.000000 0.000000 1.000000
vn 0.000000 0.000000 1.000000
vn 0.000000 0.000000 1.000000
vn 0.000000 0.000000 1.000000
vn 0.000000 0.000000 1.000000
vn 0.000000 0.000000 1.000000
vn 0.000000 0.000000 1.000000
vn 0.000000 0.000000 1.000000
vn 0.000000 0.000000 1.000000
vn 0.000000 -0.007355 0.999973
vn 0.000000 -0.004192 0.999991
vn 0.000000 -0.004192 0.999991
vn 0.000000 -0.007355 0.999973
vn 0.000000 -0.007355 0.999973
vn 0.000000 -0.004192 0.999991
vn 0.000000 -0.004192 0.999991
vn 0.000000 -0.007355 0.999973
vn 0.001553 -0.001965 0.999997
vn 0.001553 -0.004192 0.999990
vn 0.001357 -0.004192 0.999990
vn 0.001357 -0.005638 0.999983
vn 0.000000 0.000000 1.000000
vn 0.000000 -0.004192 0.999991
vn 0.000000 -0.004192 0.999991
vn 0.000000 -0.000000 1.000000
vn 0.000000 0.000000 1.000000
vn 0.000000 -0.004192 0.999991
vn 0.000000 -0.004192 0.999991
vn 0.000000 0.000000 1.000000
vn 0.000000 0.000000 1.000000
vn 0.000000 0.000000 1.000000
vn 0.000000 0.000000 1.000000
vn 0.000000 0.000000 1.000000
vn 0.000000 0.000000 1.000000
vn 0.000000 0.000000 1.000000
vn 0.000000 -0.000000 1.000000
vn 0.000000 0.000000 1.000000
vn 0.000000 0.000000 1.000000
vn 0.000000 -0.000000 1.000000
vn 0.000000 0.000000 1.000000
vn 0.000000 0.000000 1.000000
vn 0.000000 0.000000 1.000000
vn 0.000000 0.000000 1.000000
vn 0.000000 0.000000 1.000000
vn 0.000000 0.000000 1.000000
vn 0.000000 0.000000 1.000000
vn 0.000000 0.000000 1.000000
vn -0.003130 0.000000 0.999995
vn -0.003132 0.000000 0.999995
vn 0.000000 0.000000 1.000000
vn 0.000000 0.000000 1.000000
vn 0.000000 0.000000 1.000000
vn 0.000000 0.000000 1.000000
vn 0.000000 0.000000 1.000000
vn 0.000000 0.000000 1.000000
vn -0.000000 0.001971 0.999998
vn -0.000000 0.001971 0.999998
vn 0.000000 0.000000 1.000000
vn 0.000000 0.000000 1.000000
vn 0.000000 0.000000 1.000000
vn 0.000000 0.000000 1.000000
vn -0.000693 0.000433 1.000000
vn -0.000797 0.001473 0.999999
vn 0.000000 -0.000000 1.000000
vn 0.000000 -0.000000 1.000000
vn 0.000000 -0.000000 1.000000
vn 0.000000 0.000000 1.000000
vn 0.000000 0.000000 1.000000
vn 0.000000 0.000000 1.000000
vn -0.000736 0.000565 1.000000
vn -0.000643 0.001620 0.999999
vn 0.000000 0.000000 1.000000
vn 0.000000 0.000000 1.000000
vn 0.000000 0.000000 1.000000
vn 0.000000 0.000000 1.000000
vn 0.000000 0.000000 1.000000
vn 0.000000 0.000000 1.000000
vn 0.000000 0.000000 1.000000
vn 0.000000 0.000000 1.000000
vn 0.000000 0.000000 1.000000
vn 0.000000 0.000000 1.000000
vn 0.000000 0.000000 1.000000
vn 0.000000 0.000000 1.000000
vn -0.002620 0.001606 0.999995
vn -0.002140 0.000444 0.999998
vn -0.002174 0.001649 0.999996
vn -0.004945 0.001057 0.999987
vn 0.000000 0.000000 1.000000
vn 0.000000 0.000000 1.000000
vn 0.000000 0.000000 1.000000
vn 0.000000 0.000000 1.000000
vn -0.002252 0.001740 0.999996
vn -0.002373 0.000558 0.999997
vn -0.002390 0.001563 0.999996
vn -0.004473 0.001066 0.999990
vn 0.000000 0.000000 1.000000
vn 0.000000 0.000000 1.000000
vn 0.000000 0.000000 1.000000
vn 0.000000 0.000000 1.000000
vn 0.000000 0.000000 1.000000
vn 0.000000 0.000000 1.000000
vn 0.000000 0.000000 1.000000
vn 0.000000 0.000000 1.000000
vn 0.000000 0.000000 1.000000
vn 0.000000 0.000000 1.000000
vn -0.000663 0.000491 1.000000
vn -0.000741 0.001583 0.999999
vn 0.000000 0.000000 1.000000
vn 0.000000 0.000000 1.000000
vn 0.000000 0.000000 1.000000
vn 0.000000 0.000000 1.000000
vn 0.000000 0.000000 1.000000
vn 0.000000 0.000000 1.000000
vn -0.000614 0.000615 1.000000
vn -0.000559 0.001764 0.999998
vn 0.000000 0.000000 1.000000
vn 0.000000 0.000000 1.000000
vn 0.000000 0.000000 1.000000
vn 0.000000 0.000000 1.000000
vn -0.002681 0.001689 0.999995
vn -0.002231 0.000488 0.999997
vn -0.002308 0.001787 0.999996
vn -0.005009 0.001161 0.999987
vn 0.000000 0.000000 1.000000
vn 0.000000 0.000000 1.000000
vn 0.000000 0.000000 1.000000
vn 0.000000 0.000000 1.000000
vn -0.002400 0.001958 0.999995
vn -0.002429 0.000628 0.999997
vn -0.003056 0.001020 0.999995
vn -0.004349 0.001020 0.999990
vn 0.000000 0.000000 1.000000
vn 0.000000 0.000000 1.000000
vn 0.000000 0.000000 1.000000
vn -0.000704 0.000448 1.000000
vn 0.000000 0.000000 1.000000
vn 0.000000 0.000000 1.000000
vn -0.000787 0.000560 1.000000
vn -0.000673 0.001492 0.999999
vn -0.002114 0.000579 0.999998
vn 0.000000 0.000000 1.000000
vn 0.000000 0.001971 0.999998
vn 0.000000 0.001971 0.999998
vn -0.002113 0.001542 0.999997
vn -0.002478 0.000580 0.999997
vn -0.002429 0.001376 0.999996
vn -0.005794 0.000000 0.999983
vn -0.000747 0.001621 0.999999
vn -0.002423 0.001612 0.999996
vn -0.000816 0.001792 0.999998
vn -0.002377 0.001612 0.999996
vn 0.000000 -0.000000 1.000000
vn 0.000000 0.000000 1.000000
vn -0.003111 0.000001 0.999995
vn -0.003115 0.000002 0.999995
vn -0.003166 0.000000 0.999995
vn -0.002802 0.000596 0.999996
vn 0.000000 -0.000000 1.000000
vn 0.000000 0.000000 1.000000
vn -0.001918 0.001483 0.999997
vn -0.004562 0.001090 0.999989
vn -0.003004 0.000001 0.999996
vn -0.002652 0.000001 0.999996
vn 0.000000 0.000000 1.000000
vn 0.000000 0.000000 1.000000
vn 0.000000 0.000000 1.000000
vn -0.003147 -0.000012 0.999995
vn -0.003094 -0.000007 0.999995
vn 0.000000 0.000000 1.000000
vn -0.002630 -0.000000 0.999997
vn -0.002628 -0.000000 0.999997
vn 0.000000 0.000000 1.000000
vn 0.000000 -0.000000 1.000000
vn 0.000000 -0.000000 1.000000
vn 0.000000 0.000000 1.000000
vn 0.000000 -0.000000 1.000000
vn 0.000000 -0.000000 1.000000
vn 0.000000 -0.000000 1.000000
vn 0.000000 -0.000000 1.000000
vn 0.000000 -0.007355 0.999973
vn 0.000000 -0.004193 0.999991
vn -0.000185 -0.004082 0.999992
vn -0.000306 -0.007740 0.999970
vn 0.000000 0.000000 1.000000
vn 0.000000 0.000000 1.000000
vn -0.003153 0.000001 0.999995
vn -0.002609 -0.000010 0.999997
vn -0.002840 -0.000006 0.999996
vn -0.003468 0.000001 0.999994
vn -0.002445 -0.001326 0.999996
vn -0.001567 -0.002974 0.999994
vn 0.021724 0.042779 0.998848
vn 0.015728 0.006976 0.999852
vn 0.000000 0.000000 1.000000
vn 0.000000 0.000000 1.000000
vn 0.000000 0.000000 1.000000
vn 0.000000 -0.000000 1.000000
vn 0.046093 0.090543 0.994825
vn 0.044856 0.059278 0.997233
vn -0.001566 -0.009043 0.999958
vn -0.003778 -0.010862 0.999934
vn -0.005617 -0.012373 0.999908
vn -0.005617 -0.012373 0.999908
vn 0.000000 0.000000 1.000000
vn 0.000000 0.000000 1.000000
vn 0.000000 -0.000000 1.000000
vn 0.000000 -0.000000 1.000000
vn 0.000000 -0.000000 1.000000
vn 0.000000 -0.000000 1.000000
vn 0.000000 -0.000000 1.000000
vn 0.000000 -0.000000 1.000000
vn 0.000000 -0.000000 1.000000
vn 0.000000 -0.000000 1.000000
vn 0.000000 -0.000000 1.000000
vn -0.002356 0.001507 0.999996
vn 0.000000 0.000000 1.000000
vn 0.000000 0.000000 1.000000
vn 0.000000 0.000000 1.000000
vn 0.000000 0.000000 1.000000
vn 0.000000 0.000000 1.000000
vn 0.000000 0.000000 1.000000
vn -0.004686 0.000709 0.999989
vn 0.000000 0.000000 1.000000
vn -0.000000 0.003070 0.999995
vn -0.000000 0.002511 0.999997
vn 0.000000 -0.000000 1.000000
vn 0.000000 0.000000 1.000000
vn -0.002498 0.001716 0.999995
vn -0.000869 0.002119 0.999997
vn 0.000000 0.000000 1.000000
vn 0.000000 0.000000 1.000000
vn -0.002179 0.001745 0.999996
vn -0.000914 0.002009 0.999998
vn 0.000000 0.000000 1.000000
vn 0.000000 0.000000 1.000000
vn -0.002193 0.002022 0.999996
vn -0.000778 0.002396 0.999997
vn 0.000000 -0.000000 1.000000
vn 0.000000 0.000000 1.000000
vn -0.002146 0.001536 0.999997
vn -0.003388 0.001376 0.999993
vn -0.005118 0.000734 0.999987
vn 0.000000 0.000000 1.000000
vn 0.000000 0.003130 0.999995
vn 0.000000 0.002328 0.999997
vn 0.000000 -0.000000 1.000000
vn 0.000000 0.000000 1.000000
vn 0.005357 -0.019020 0.999805
vn 0.039145 -0.073364 0.996537
vn -0.003151 -0.000009 0.999995
vn 0.000000 -0.004192 0.999991
vn 0.000000 -0.004192 0.999991
vn 0.000000 -0.004192 0.999991
vn 0.000000 -0.004192 0.999991
vn -0.007579 0.002827 0.999967
vn 0.000000 0.000000 1.000000
vn 0.000000 0.000000 1.000000
vn 0.000000 0.000000 1.000000
vn 0.000000 0.000000 1.000000
vn 0.000000 0.000000 1.000000
vn 0.000000 -0.000000 1.000000
vn 0.000000 0.000000 1.000000
vn 0.000000 -0.000000 1.000000
vn 0.000000 -0.000000 1.000000
vn -0.006581 0.002693 0.999975
vn 0.000000 -0.000000 1.000000
vn -0.002649 0.000001 0.999997
vn 0.000000 0.000000 1.000000
vn -0.003121 0.000002 0.999995
vn 0.000000 -0.000000 1.000000
vn -0.004462 0.000002 0.999990
vn 0.000000 -0.000000 1.000000
vn -0.003252 0.000001 0.999995
vn 0.000000 0.000000 1.000000
vn 0.000000 0.000000 1.000000
vn 0.000000 0.000000 1.000000
vn 0.000000 0.000000 1.000000
vn 0.000000 0.000000 1.000000
vn -0.001895 0.001213 0.999997
vn 0.000000 0.000000 1.000000
vn -0.007022 0.001889 0.999974
vn -0.007111 0.002910 0.999971
vn 0.000000 0.000000 1.000000
vn 0.000000 0.000000 1.000000
vn 0.000000 -0.000000 1.000000
vn 0.000000 -0.000000 1.000000
vn 0.000000 0.000000 1.000000
vn 0.000000 0.000000 1.000000
vn 0.000000 -0.000000 1.000000
vn 0.000000 0.000000 1.000000
vn 0.000000 0.000000 1.000000
vn -0.007907 0.001951 0.999967
vn -0.008150 0.003040 0.999962
vn 0.000000 -0.000000 1.000000
vn 0.000000 0.000000 1.000000
vn 0.000000 0.000000 1.000000
vn 0.000000 -0.000000 1.000000
vn 0.000000 -0.000000 1.000000
vn 0.000000 0.000000 1.000000
vn 0.000000 0.000000 1.000000
vn 0.000000 0.000000 1.000000
vn 0.000000 0.000000 1.000000
vn 0.000000 0.000000 1.000000
vn 0.000000 0.000000 1.000000
vn 0.000000 0.000000 1.000000
vn 0.000000 0.000000 1.000000
vn 0.000000 0.000000 1.000000
vn -0.001001 0.001442 0.999998
vn -0.001114 0.001775 0.999998
vn -0.002034 0.002159 0.999996
vn 0.000000 -0.004192 0.999991
vn -0.000000 -0.005412 0.999985
vn -0.000000 0.000000 1.000000
vn -0.000000 0.000000 1.000000
vn 0.000000 0.000000 1.000000
vn -0.000000 0.000000 1.000000
vn -0.000000 0.000000 1.000000
vn 0.000000 0.000000 1.000000
vn 0.000000 0.000000 1.000000
vn 0.000000 0.000000 1.000000
vn 0.000000 0.000000 1.000000
vn 0.000000 0.000000 1.000000
vn 0.000000 0.000000 1.000000
vn 0.000000 0.000000 1.000000
vn 0.000000 0.000000 1.000000
vn 0.000000 0.000000 1.000000
vn 0.000000 0.000000 1.000000
vn 0.000000 0.000000 1.000000
vn -0.000000 0.000000 1.000000
vn -0.000000 0.000000 1.000000
vn 0.000000 0.000000 1.000000
vn 0.000000 0.000000 1.000000
vn -0.000000 0.000000 1.000000
vn -0.000000 -0.005412 0.999985
vn 0.000000 -0.005412 0.999985
vn 0.000000 0.000000 1.000000
vn -0.000000 0.000000 1.000000
vn 0.000000 0.000000 1.000000
vn 0.000000 0.000000 1.000000
vn 0.000000 0.000000 1.000000
vn 0.000000 0.000000 1.000000
vn 0.000000 0.000000 1.000000
vn 0.000000 -0.000000 1.000000
vn 0.000000 0.000000 1.000000
vn 0.000000 -0.000000 1.000000
vn 0.000000 -0.000000 1.000000
vn 0.000000 0.000000 1.000000
vn 0.000000 -0.000000 1.000000
vn 0.000000 -0.005406 0.999985
vn 0.000000 -0.005406 0.999985
vn 0.000000 -0.000000 1.000000
vn 0.000000 0.000000 1.000000
vn 0.000000 -0.000000 1.000000
vn 0.000000 -0.000000 1.000000
vn 0.000000 -0.000000 1.000000
vn 0.000000 -0.000000 1.000000
vn 0.000000 -0.000000 1.000000
vn 0.000000 -0.000000 1.000000
vn 0.000000 0.000000 1.000000
vn 0.000000 0.000000 1.000000
vn 0.000000 -0.000000 1.000000
vn 0.000000 -0.000000 1.000000
vn 0.000000 -0.005406 0.999985
vn 0.000000 -0.005405 0.999985
vn 0.000000 -0.000000 1.000000
vn 0.000000 -0.000000 1.000000
vn 0.000000 -0.000000 1.000000
vn 0.000000 -0.000000 1.000000
vn 0.000000 0.000000 1.000000
vn 0.000000 -0.000000 1.000000
vn 0.000000 -0.000000 1.000000
vn 0.000000 -0.000000 1.000000
vn 0.000000 -0.000000 1.000000
vn 0.000000 -0.000000 1.000000
vn 0.000000 0.000000 1.000000
vn 0.000000 0.000000 1.000000
vn 0.000000 -0.005406 0.999985
vn -0.000001 -0.005404 0.999985
vn 0.000000 -0.000000 1.000000
vn 0.000000 -0.000000 1.000000
vn 0.000000 0.000000 1.000000
vn 0.000000 0.000000 1.000000
vn 0.000000 0.000000 1.000000
vn 0.000000 0.000000 1.000000
vn 0.000002 0.000000 1.000000
vn 0.000002 0.000000 1.000000
vn 0.000002 0.000000 1.000000
vn 0.000002 0.000000 1.000000
vn 0.000003 0.000000 1.000000
vn 0.000004 0.000000 1.000000
vn 0.000002 -0.005411 0.999985
vn 0.000003 -0.005407 0.999985
vn 0.000004 0.000000 1.000000
vn 0.000003 0.000000 1.000000
vn 0.000000 0.000000 1.000000
vn 0.000000 0.000000 1.000000
vn 0.000000 0.000000 1.000000
vn 0.000000 0.000000 1.000000
vn 0.000000 -0.000000 1.000000
vn 0.000000 -0.000000 1.000000
vn 0.000000 -0.000000 1.000000
vn 0.000000 0.000000 1.000000
vn 0.000000 -0.000000 1.000000
vn 0.000000 0.000000 1.000000
vn 0.000000 -0.005406 0.999985
vn 0.000000 -0.005406 0.999985
vn 0.000000 -0.000000 1.000000
vn 0.000000 -0.000000 1.000000
vn 0.000000 -0.000000 1.000000
vn 0.000000 0.000000 1.000000
vn 0.000000 -0.000000 1.000000
vn 0.000000 -0.000000 1.000000
vn 0.000000 0.000000 1.000000
vn 0.000000 0.000000 1.000000
vn 0.000000 0.000000 1.000000
vn 0.000000 -0.000000 1.000000
vn 0.000000 -0.000000 1.000000
vn 0.000000 -0.000000 1.000000
vn 0.000000 -0.005406 0.999985
vn 0.000000 -0.005406 0.999985
vn 0.000000 0.000000 1.000000
vn 0.000000 -0.000000 1.000000
vn 0.003087 0.000471 0.999995
vn 0.002187 0.000527 0.999997
vn 0.004301 0.001037 0.999990
vn 0.006175 0.000665 0.999981
vn 0.000000 -0.000000 1.000000
vn 0.000000 0.000000 1.000000
vn 0.000000 -0.000000 1.000000
vn 0.000000 -0.000000 1.000000
vn 0.000000 0.000000 1.000000
vn 0.000000 0.000000 1.000000
vn 0.000000 -0.000000 1.000000
vn 0.000000 0.000000 1.000000
vn 0.000708 0.000529 1.000000
vn 0.002295 0.000526 0.999997
vn 0.000000 0.000000 1.000000
vn 0.000000 0.000000 1.000000
vn 0.000000 0.000000 1.000000
vn 0.000000 -0.000000 1.000000
vn 0.000000 0.000000 1.000000
vn 0.000000 -0.000000 1.000000
vn 0.000000 -0.000000 1.000000
vn 0.000000 -0.000000 1.000000
vn 0.000000 0.000000 1.000000
vn 0.000000 0.000000 1.000000
vn 0.000000 0.000000 1.000000
vn 0.000000 0.000000 1.000000
vn 0.000000 0.000000 1.000000
vn 0.000000 0.000000 1.000000
vn 0.000000 0.000000 1.000000
vn 0.000000 0.000000 1.000000
vn 0.000000 0.000000 1.000000
vn 0.000000 0.000000 1.000000
vn 0.000000 0.000000 1.000000
vn 0.000000 0.000000 1.000000
vn 0.000000 0.000000 1.000000
vn 0.000000 0.000000 1.000000
vn 0.000000 0.000000 1.000000
vn 0.000000 0.000000 1.000000
vn 0.000000 0.000000 1.000000
vn 0.000000 0.000000 1.000000
vn 0.000000 0.000000 1.000000
vn 0.000000 0.000000 1.000000
vn 0.000000 0.000000 1.000000
vn 0.000000 0.000000 1.000000
vn 0.000000 0.000000 1.000000
vn 0.000000 0.000000 1.000000
vn 0.000000 0.000000 1.000000
vn 0.000000 0.000000 1.000000
vn 0.000000 0.000000 1.000000
vn 0.000000 0.000000 1.000000
vn 0.000000 0.000000 1.000000
vn 0.000000 -0.000000 1.000000
vn 0.000000 0.000000 1.000000
vn 0.000000 0.000000 1.000000
vn 0.000000 0.000000 1.000000
vn 0.000000 0.000000 1.000000
vn 0.000000 -0.000000 1.000000
vn 0.000000 0.000000 1.000000
vn 0.000000 0.000000 1.000000
vn 0.000000 0.000000 1.000000
vn 0.000000 0.000000 1.000000
vn 0.000000 0.000000 1.000000
vn 0.000000 0.000000 1.000000
vn 0.000000 0.000000 1.000000
vn 0.000000 0.000000 1.000000
vn 0.000000 0.000000 1.000000
vn 0.000000 0.000000 1.000000
vn 0.000000 0.000000 1.000000
vn 0.000000 0.000000 1.000000
vn 0.000000 0.000000 1.000000
vn 0.000000 0.000000 1.000000
vn 0.000000 0.000000 1.000000
vn 0.000000 0.000000 1.000000
vn 0.000000 0.000000 1.000000
vn 0.000794 0.000538 1.000000
vn 0.000000 0.000000 1.000000
vn 0.002999 0.000000 0.999996
vn 0.003212 0.001133 0.999994
vn 0.000000 0.000000 1.000000
vn 0.000000 0.000000 1.000000
vn 0.000000 0.000000 1.000000
vn 0.000000 0.000000 1.000000
vn 0.000000 0.000000 1.000000
vn 0.000000 0.000000 1.000000
vn 0.000000 0.000000 1.000000
vn 0.000000 0.000000 1.000000
vn 0.000000 0.000000 1.000000
vn 0.000000 0.000000 1.000000
vn 0.000000 0.000000 1.000000
vn 0.000000 0.000000 1.000000
vn 0.000000 0.000000 1.000000
vn 0.000000 0.000000 1.000000
vn 0.000000 0.000000 1.000000
vn 0.000000 0.000000 1.000000
vn 0.000000 0.000000 1.000000
vn 0.000000 0.000000 1.000000
vn 0.000000 0.000000 1.000000
vn 0.000000 0.000000 1.000000
vn 0.000000 0.000000 1.000000
vn 0.000000 0.000000 1.000000
vn 0.000000 0.000000 1.000000
vn 0.000000 0.000000 1.000000
vn 0.000000 0.000000 1.000000
vn 0.000000 0.000000 1.000000
vn 0.000000 0.000000 1.000000
vn 0.000000 0.000000 1.000000
vn 0.000000 -0.000000 1.000000
vn 0.000000 -0.000000 1.000000
vn -0.000001 -0.004188 0.999991
vn 0.000000 -0.004187 0.999991
vn 0.000000 -0.000000 1.000000
vn 0.000000 -0.000000 1.000000
vn 0.000000 -0.004187 0.999991
vn 0.000000 -0.004187 0.999991
vn 0.000000 -0.000000 1.000000
vn 0.000000 -0.000000 1.000000
vn 0.000000 -0.004187 0.999991
vn 0.000000 -0.004187 0.999991
vn 0.000000 0.000000 1.000000
vn 0.000000 -0.000000 1.000000
vn 0.000000 -0.004187 0.999991
vn 0.000000 -0.004187 0.999991
vn 0.000000 0.000000 1.000000
vn 0.000000 0.000000 1.000000
vn 0.000000 -0.004187 0.999991
vn 0.000000 -0.004187 0.999991
vn 0.000000 -0.000000 1.000000
vn 0.000000 -0.000000 1.000000
vn 0.000000 0.000000 1.000000
vn 0.000000 0.000000 1.000000
vn 0.000000 -0.000000 1.000000
vn 0.000000 0.000000 1.000000
vn 0.000000 0.000000 1.000000
vn 0.000000 -0.000000 1.000000
vn 0.000000 0.000000 1.000000
vn 0.000000 0.000000 1.000000
vn 0.000000 0.000000 1.000000
vn 0.000000 0.000000 1.000000
vn 0.000003 0.000000 1.000000
vn 0.000004 -0.000000 1.000000
vn -0.000000 0.000000 1.000000
vn 0.000000 0.000000 1.000000
vn -0.000004 0.000000 1.000000
vn 0.003130 -0.000000 0.999995
vn 0.003128 -0.000000 0.999995
vn -0.000004 0.000000 1.000000
vn 0.000000 0.000000 1.000000
vn 0.000000 0.000000 1.000000
vn 0.000000 -0.000000 1.000000
vn 0.000000 0.000000 1.000000
vn 0.000000 0.000000 1.000000
vn 0.000000 0.000000 1.000000
vn 0.000000 0.001971 0.999998
vn 0.000765 0.001503 0.999999
vn 0.000000 0.000000 1.000000
vn 0.000000 0.000000 1.000000
vn 0.000000 0.000000 1.000000
vn 0.000000 0.000000 1.000000
vn 0.000797 0.000487 1.000000
vn 0.000000 -0.000000 1.000000
vn 0.000000 0.000000 1.000000
vn 0.000000 -0.000000 1.000000
vn 0.000000 -0.000000 1.000000
vn 0.000000 -0.000000 1.000000
vn 0.000000 -0.000000 1.000000
vn 0.000643 0.001620 0.999999
vn 0.000736 0.000565 1.000000
vn 0.000000 0.000000 1.000000
vn 0.000000 0.000000 1.000000
vn 0.000000 0.000000 1.000000
vn 0.000000 0.000000 1.000000
vn 0.000000 0.000000 1.000000
vn 0.000000 0.000000 1.000000
vn 0.000000 0.000000 1.000000
vn 0.000000 -0.000000 1.000000
vn 0.000000 0.000000 1.000000
vn 0.000000 0.000000 1.000000
vn 0.000000 0.000000 1.000000
vn 0.000000 0.000000 1.000000
vn 0.000000 0.000000 1.000000
vn 0.002620 0.001606 0.999995
vn 0.003241 0.002113 0.999993
vn 0.001425 0.002113 0.999997
vn 0.000715 0.000444 1.000000
vn 0.000000 -0.000000 1.000000
vn 0.000000 0.000000 1.000000
vn 0.000000 0.000000 1.000000
vn 0.000000 0.000000 1.000000
vn 0.002252 0.001740 0.999996
vn 0.004473 0.001066 0.999990
vn 0.002390 0.001563 0.999996
vn 0.002373 0.000558 0.999997
vn 0.000000 0.000000 1.000000
vn 0.000000 0.000000 1.000000
vn 0.000000 0.000000 1.000000
vn 0.000000 0.000000 1.000000
vn 0.000000 0.000000 1.000000
vn 0.000000 0.000000 1.000000
vn 0.000000 0.000000 1.000000
vn 0.000000 -0.000000 1.000000
vn 0.000000 0.000000 1.000000
vn 0.000741 0.001583 0.999999
vn 0.000663 0.000491 1.000000
vn 0.000000 0.000000 1.000000
vn 0.000000 0.000000 1.000000
vn 0.000000 0.000000 1.000000
vn 0.000000 0.000000 1.000000
vn 0.000000 0.000000 1.000000
vn 0.000000 0.000000 1.000000
vn 0.000559 0.001764 0.999998
vn 0.000614 0.000615 1.000000
vn 0.000000 0.000000 1.000000
vn 0.000000 0.000000 1.000000
vn 0.000000 0.000000 1.000000
vn 0.000000 0.000000 1.000000
vn 0.000000 0.000000 1.000000
vn 0.002681 0.001689 0.999995
vn 0.005009 0.001161 0.999987
vn 0.002308 0.001787 0.999996
vn 0.002231 0.000488 0.999997
vn 0.000000 0.000000 1.000000
vn 0.000000 0.000000 1.000000
vn 0.000000 0.000000 1.000000
vn 0.000000 0.000000 1.000000
vn 0.002400 0.001958 0.999995
vn 0.004349 0.001020 0.999990
vn 0.003056 0.001020 0.999995
vn 0.002429 0.000628 0.999997
vn 0.000000 0.000000 1.000000
vn 0.000704 0.000448 1.000000
vn 0.000000 0.000000 1.000000
vn 0.000000 0.000000 1.000000
vn 0.000000 0.000000 1.000000
vn 0.000673 0.000507 1.000000
vn 0.000000 0.000000 1.000000
vn 0.000000 0.000000 1.000000
vn 0.002114 0.000579 0.999998
vn 0.000000 0.001971 0.999998
vn 0.000630 0.001497 0.999999
vn 0.000000 0.000000 1.000000
vn 0.002120 0.000523 0.999998
vn 0.000000 0.000000 1.000000
vn -0.000864 0.000415 1.000000
vn 0.000000 0.000000 1.000000
vn 0.003166 0.001090 0.999994
vn 0.002377 0.000522 0.999997
vn 0.000816 0.000580 1.000000
vn 0.003166 0.001084 0.999994
vn 0.002334 0.000580 0.999997
vn 0.003114 0.001185 0.999994
vn 0.003114 0.000002 0.999995
vn 0.003164 0.000002 0.999995
vn 0.003166 0.000000 0.999995
vn 0.000000 0.000000 1.000000
vn 0.000000 0.000000 1.000000
vn 0.002802 0.000596 0.999996
vn 0.000000 0.000000 1.000000
vn 0.000000 0.000000 1.000000
vn 0.000694 0.000522 1.000000
vn 0.000000 0.000000 1.000000
vn 0.000000 0.000000 1.000000
vn 0.000000 0.000000 1.000000
vn 0.001575 -0.001461 0.999998
vn 0.001570 -0.001456 0.999998
vn 0.003198 -0.001768 0.999993
vn 0.003139 -0.003001 0.999991
vn 0.002630 -0.000000 0.999997
vn 0.002631 -0.000000 0.999997
vn 0.000000 0.000000 1.000000
vn 0.000000 0.000000 1.000000
vn 0.000000 0.000000 1.000000
vn 0.000000 0.000000 1.000000
vn -0.000002 -0.005409 0.999985
vn -0.000013 -0.005409 0.999985
vn 0.000000 0.000000 1.000000
vn 0.000000 -0.000000 1.000000
vn 0.000000 -0.000000 1.000000
vn 0.000000 -0.000000 1.000000
vn -0.000011 -0.004648 0.999989
vn -0.000002 -0.004191 0.999991
vn 0.003154 0.000001 0.999995
vn 0.003135 0.000001 0.999995
vn 0.003161 0.000001 0.999995
vn 0.000849 -0.000836 0.999999
vn 0.001302 -0.001282 0.999998
vn 0.000000 -0.000000 1.000000
vn 0.002231 -0.004139 0.999989
vn 0.002864 -0.001596 0.999995
vn 0.003624 -0.000011 0.999994
vn 0.003046 -0.000009 0.999995
vn 0.000000 0.000000 1.000000
vn 0.000000 0.000000 1.000000
vn 0.000000 -0.000000 1.000000
vn 0.000000 -0.000000 1.000000
vn 0.000000 0.000000 1.000000
vn 0.000000 0.000000 1.000000
vn 0.000000 -0.000000 1.000000
vn 0.000000 0.000000 1.000000
vn 0.000000 0.000000 1.000000
vn 0.000000 -0.000000 1.000000
vn 0.000000 0.000000 1.000000
vn 0.000000 0.000000 1.000000
vn 0.000000 0.000000 1.000000
vn 0.000000 0.000000 1.000000
vn 0.000000 0.000000 1.000000
vn 0.000000 0.000000 1.000000
vn 0.000000 0.000000 1.000000
vn 0.000000 0.000000 1.000000
vn 0.000000 0.000000 1.000000
vn 0.000000 0.000000 1.000000
vn 0.000000 0.000000 1.000000
vn 0.000000 0.000000 1.000000
vn 0.000000 0.000000 1.000000
vn 0.002356 0.001507 0.999996
vn 0.000000 0.000000 1.000000
vn 0.000000 0.000000 1.000000
vn 0.000000 0.000000 1.000000
vn 0.000000 0.000000 1.000000
vn 0.007512 0.002992 0.999967
vn 0.003709 0.002442 0.999990
vn 0.000000 0.003070 0.999995
vn 0.000000 -0.000000 1.000000
vn 0.002325 0.001411 0.999996
vn 0.001837 0.002438 0.999995
vn 0.002498 0.001716 0.999995
vn 0.000000 -0.000000 1.000000
vn 0.000000 -0.000000 1.000000
vn 0.000869 0.002119 0.999997
vn 0.002179 0.001745 0.999996
vn 0.000000 0.000000 1.000000
vn 0.000000 0.000000 1.000000
vn 0.000914 0.002009 0.999998
vn 0.002193 0.002022 0.999996
vn 0.000000 0.000000 1.000000
vn 0.000000 0.000000 1.000000
vn 0.000778 0.002396 0.999997
vn 0.002146 0.001536 0.999997
vn 0.000000 -0.000000 1.000000
vn 0.005118 0.000734 0.999987
vn 0.003388 0.001376 0.999993
vn 0.000000 0.003127 0.999995
vn 0.000000 0.000000 1.000000
vn 0.005153 0.000359 0.999987
vn 0.002271 0.001769 0.999996
vn 0.002506 -0.003471 0.999991
vn 0.000000 0.000000 1.000000
vn 0.001657 -0.007193 0.999973
vn 0.000001 -0.004191 0.999991
vn 0.000001 -0.004188 0.999991
vn -0.000000 -0.004192 0.999991
vn 0.000000 -0.004192 0.999991
vn 0.000000 0.000000 1.000000
vn 0.007579 0.002827 0.999967
vn 0.000000 0.000000 1.000000
vn 0.000000 -0.000000 1.000000
vn 0.000000 0.000000 1.000000
vn 0.000000 -0.000000 1.000000
vn 0.000000 0.000000 1.000000
vn 0.000000 -0.000000 1.000000
vn 0.000000 -0.000000 1.000000
vn 0.000000 -0.000000 1.000000
vn 0.011003 0.007323 0.999913
vn 0.005102 0.005221 0.999973
vn 0.001326 0.000997 0.999999
vn 0.000000 0.000000 1.000000
vn 0.003117 0.002261 0.999993
vn 0.001579 0.001104 0.999998
vn 0.000000 -0.000000 1.000000
vn 0.000000 0.000000 1.000000
vn 0.003017 0.000001 0.999995
vn 0.003155 0.000001 0.999995
vn 0.000000 0.000000 1.000000
vn 0.000000 -0.000000 1.000000
vn 0.000000 0.000000 1.000000
vn 0.000000 0.000000 1.000000
vn 0.001895 0.001213 0.999997
vn 0.000000 0.000000 1.000000
vn 0.002623 0.002863 0.999992
vn 0.004627 0.005051 0.999977
vn 0.002002 0.001215 0.999997
vn 0.000000 -0.000000 1.000000
vn 0.000000 -0.000000 1.000000
vn 0.000000 -0.000000 1.000000
vn 0.000000 -0.000000 1.000000
vn 0.000000 -0.000000 1.000000
vn 0.000000 -0.000000 1.000000
vn 0.000000 -0.000000 1.000000
vn 0.000000 0.000000 1.000000
vn 0.007907 0.001951 0.999967
vn 0.008150 0.003040 0.999962
vn 0.006328 0.000575 0.999980
vn -0.001255 0.002487 0.999996
vn -0.002275 0.001439 0.999996
vn -0.002896 0.001832 0.999994
vn 0.000000 0.000000 1.000000
vn 0.000499 0.001848 0.999998
vn 0.000000 0.000000 1.000000
vn 0.000000 0.000000 1.000000
vn 0.000000 0.000000 1.000000
vn 0.000000 0.000000 1.000000
vn 0.001980 0.007324 0.999971
vn 0.000568 0.002100 0.999998
vn 0.007880 0.001625 0.999968
vn 0.007880 0.001625 0.999968
vn 0.000000 -0.000000 1.000000
vn 0.000000 -0.000000 1.000000
vn 0.000000 0.000000 1.000000
vn 0.000000 0.000000 1.000000
vn 0.000000 0.000000 1.000000
vn 0.000000 0.000000 1.000000
vn 0.000000 0.000000 1.000000
vn 0.000000 0.000000 1.000000
vn 0.000000 0.000000 1.000000
vn 0.000000 0.000000 1.000000
vn 0.000000 0.000000 1.000000
vn 0.100239 -0.125898 -0.986966
vn 0.046102 -0.034726 -0.998333
vn 0.210353 -0.096117 -0.972889
vn 0.316665 -0.156618 -0.935518
vn 0.199913 0.052536 -0.978404
vn 0.029545 0.895572 -0.443935
vn 0.020388 0.883610 -0.467781
vn 0.152166 0.051728 -0.987000
vn -0.000000 0.447955 -0.894056
vn -0.000000 0.650634 -0.759392
vn -0.000000 0.650634 -0.759392
vn -0.000000 0.447955 -0.894056
vn 0.201747 -0.005602 -0.979422
vn 0.152510 -0.001701 -0.988301
vn 0.267610 -0.176376 -0.947247
vn 0.190259 -0.128653 -0.973268
vn 0.229718 -0.180340 -0.956403
vn 0.318276 -0.239828 -0.917160
vn 0.177597 0.038015 -0.983369
vn 0.221797 0.027615 -0.974702
vn 0.226418 0.000000 -0.974030
vn 0.177130 0.000000 -0.984187
vn 0.081684 0.790845 -0.606541
vn 0.044728 0.749342 -0.660671
vn -0.000000 0.650634 -0.759392
vn -0.000000 0.650634 -0.759392
vn -0.000000 0.447955 -0.894056
vn -0.000000 0.447955 -0.894056
vn 0.252320 -0.082059 -0.964158
vn 0.294490 -0.109625 -0.949346
vn 0.178617 -0.042079 -0.983018
vn 0.098058 -0.072423 -0.992542
vn 0.183420 0.039493 -0.982241
vn 0.205892 0.031032 -0.978083
vn 0.206130 0.000000 -0.978525
vn 0.187361 0.000000 -0.982291
vn 0.027838 0.864925 -0.501129
vn 0.104428 0.829928 -0.548009
vn -0.000000 0.650634 -0.759392
vn -0.000000 0.650634 -0.759392
vn -0.000000 0.447955 -0.894056
vn -0.000000 0.447955 -0.894056
vn 0.271816 -0.176507 -0.946024
vn 0.301529 -0.197635 -0.932749
vn 0.261779 -0.179988 -0.948196
vn 0.230205 -0.160632 -0.959793
vn 0.388104 0.017251 -0.921454
vn 0.401708 0.004541 -0.915757
vn 0.405552 0.000000 -0.914072
vn 0.395257 0.000000 -0.918571
vn 0.102479 0.566390 -0.817741
vn 0.209374 0.394653 -0.894657
vn -0.000000 0.650634 -0.759392
vn -0.000352 0.650750 -0.759292
vn -0.000200 0.447730 -0.894169
vn -0.000000 0.447955 -0.894056
vn 0.365483 -0.151372 -0.918427
vn 0.396109 -0.129711 -0.908995
vn 0.355973 -0.133212 -0.924953
vn 0.336201 -0.107678 -0.935614
vn -0.000000 0.046589 -0.998914
vn 0.171344 0.042080 -0.984312
vn 0.175200 0.000000 -0.984533
vn -0.000000 0.000000 -1.000000
vn -0.000000 0.881172 -0.472796
vn 0.024705 0.878727 -0.476686
vn -0.000000 0.650634 -0.759392
vn -0.000000 0.650634 -0.759392
vn -0.000000 0.447955 -0.894056
vn -0.000000 0.447955 -0.894056
vn 0.126662 -0.085503 -0.988254
vn 0.039907 -0.027784 -0.998817
vn 0.136066 -0.087957 -0.986787
vn 0.199863 -0.125291 -0.971780
vn 0.215025 0.037423 -0.975891
vn 0.183495 0.033089 -0.982464
vn 0.184173 0.000000 -0.982894
vn 0.213894 0.000000 -0.976857
vn 0.094013 0.841212 -0.532470
vn 0.094330 0.793011 -0.601860
vn -0.000000 0.650634 -0.759392
vn -0.000000 0.650634 -0.759392
vn -0.000000 0.447955 -0.894056
vn -0.000000 0.447955 -0.894056
vn 0.322438 -0.235524 -0.916822
vn 0.329725 -0.238312 -0.913504
vn 0.368481 -0.232305 -0.900142
vn 0.310948 -0.194547 -0.930302
vn 0.236879 0.025430 -0.971206
vn 0.188636 0.023489 -0.981766
vn 0.187352 0.000000 -0.982293
vn 0.237405 0.000000 -0.971411
vn 0.129050 0.690708 -0.711526
vn 0.134706 0.665743 -0.733922
vn -0.000000 0.650634 -0.759392
vn -0.000000 0.650634 -0.759392
vn -0.000000 0.447956 -0.894056
vn -0.000000 0.447956 -0.894056
vn 0.000000 0.000000 -1.000000
vn 0.000000 0.000000 -1.000000
vn 0.000000 0.000000 -1.000000
vn 0.000000 0.000000 -1.000000
vn 0.356995 0.000000 -0.934107
vn 0.263756 -0.000005 -0.964589
vn 0.262230 -0.000008 -0.965006
vn 0.356993 0.000000 -0.934107
vn 0.296924 0.230881 -0.926569
vn 0.290767 0.214929 -0.932341
vn 0.217185 -0.064531 -0.973995
vn 0.283399 -0.112223 -0.952413
vn 0.185430 -0.101863 -0.977364
vn 0.223751 -0.052887 -0.973211
vn 0.407093 -0.135727 -0.903246
vn 0.410148 -0.140027 -0.901205
vn 0.369038 -0.137606 -0.919171
vn 0.335561 -0.112644 -0.935259
vn 0.216222 -0.095520 -0.971660
vn 0.121128 -0.027664 -0.992251
vn 0.356688 -0.100944 -0.928754
vn 0.411230 -0.137698 -0.901071
vn 0.062255 -0.043175 -0.997126
vn 0.195327 -0.132079 -0.971804
vn 0.061198 -0.043514 -0.997177
vn 0.041786 -0.033584 -0.998562
vn 0.219261 -0.163133 -0.961932
vn 0.182028 -0.136969 -0.973707
vn 0.241421 -0.163207 -0.956598
vn 0.195843 -0.135264 -0.971262
vn 0.379093 -0.189602 -0.905726
vn 0.384046 -0.134901 -0.913406
vn 0.269686 -0.132030 -0.953854
vn 0.220173 -0.172270 -0.960128
vn 0.110456 -0.030777 -0.993404
vn 0.034252 -0.031110 -0.998929
vn 0.219273 -0.098319 -0.970697
vn 0.361685 -0.124004 -0.924017
vn 0.101309 0.000000 -0.994855
vn 0.101309 0.000000 -0.994855
vn 0.076043 0.000000 -0.997105
vn 0.076043 0.000000 -0.997105
vn 0.330733 -0.116694 -0.936482
vn 0.356993 0.000000 -0.934107
vn 0.262543 -0.000047 -0.964920
vn 0.218150 -0.068513 -0.973507
vn 0.398352 -0.144072 -0.905847
vn 0.395257 -0.000000 -0.918571
vn 0.405552 0.000000 -0.914072
vn 0.390527 -0.142442 -0.909505
vn 0.099932 -0.082205 -0.991593
vn 0.182721 -0.055687 -0.981587
vn 0.187352 -0.000000 -0.982293
vn 0.248566 -0.102756 -0.963149
vn 0.235676 -0.170850 -0.956696
vn 0.195861 -0.084011 -0.977026
vn 0.225732 -0.095336 -0.969513
vn 0.163289 -0.136691 -0.977063
vn 0.174772 -0.138155 -0.974868
vn 0.201837 -0.077917 -0.976315
vn 0.183688 -0.066086 -0.980761
vn 0.205516 -0.141214 -0.968412
vn 0.346489 -0.042321 -0.937099
vn 0.238577 -0.045937 -0.970037
vn 0.205532 -0.085185 -0.974936
vn 0.245824 -0.113432 -0.962654
vn -0.000000 0.000000 -1.000000
vn -0.000000 0.000000 -1.000000
vn 0.175200 0.000000 -0.984533
vn 0.175200 0.000000 -0.984533
vn 0.101309 0.000000 -0.994855
vn 0.129279 -0.054531 -0.990108
vn 0.096797 -0.016273 -0.995171
vn 0.076043 0.000000 -0.997105
vn 0.221157 -0.124748 -0.967227
vn 0.183409 -0.100973 -0.977837
vn 0.228938 -0.088990 -0.969365
vn 0.202613 -0.147535 -0.968081
vn 0.349688 -0.108364 -0.930578
vn 0.383163 -0.134706 -0.913805
vn 0.287198 -0.111174 -0.951398
vn 0.269606 -0.097534 -0.958019
vn 0.294560 -0.138733 -0.945509
vn 0.280980 -0.130630 -0.950782
vn 0.425098 -0.137009 -0.894718
vn 0.420172 -0.132236 -0.897758
vn 0.136266 -0.092907 -0.986306
vn 0.042628 -0.033435 -0.998531
vn 0.114534 -0.094594 -0.988905
vn 0.168546 -0.131510 -0.976882
vn 0.057400 -0.048776 -0.997159
vn 0.183104 -0.137533 -0.973426
vn 0.072683 -0.047388 -0.996229
vn 0.050211 -0.029807 -0.998294
vn 0.357190 -0.106403 -0.927952
vn 0.375509 -0.137987 -0.916489
vn 0.209899 -0.163601 -0.963938
vn 0.230795 -0.085541 -0.969235
vn 0.328363 -0.129166 -0.935678
vn 0.186255 -0.094786 -0.977919
vn 0.419704 -0.133632 -0.897770
vn 0.391376 -0.159189 -0.906357
vn 0.022129 -0.043793 -0.998796
vn 0.074522 -0.045624 -0.996175
vn 0.091700 -0.041997 -0.994901
vn 0.141359 -0.046750 -0.988854
vn 0.000000 -0.000000 -1.000000
vn 0.000000 -0.000000 -1.000000
vn 0.000000 -0.000000 -1.000000
vn 0.000000 -0.000000 -1.000000
vn 0.000000 -0.000000 -1.000000
vn 0.000000 -0.000000 -1.000000
vn 0.000000 0.000000 -1.000000
vn 0.000000 0.000000 -1.000000
vn -0.000000 0.000000 -1.000000
vn -0.000000 -0.000000 -1.000000
vn -0.000000 0.000000 -1.000000
vn -0.000000 0.000000 -1.000000
vn -0.000000 0.000000 -1.000000
vn -0.000000 0.000000 -1.000000
vn -0.000000 0.000000 -1.000000
vn 0.000000 -0.000000 -1.000000
vn -0.000000 0.000000 -1.000000
vn -0.000000 0.000000 -1.000000
vn 0.000000 -0.000000 -1.000000
vn 0.000000 -0.000000 -1.000000
vn 0.173794 0.408346 -0.896130
vn 0.247913 0.342746 -0.906126
vn -0.000000 0.552541 -0.833485
vn 0.045017 0.508470 -0.859902
vn 0.041325 0.675302 -0.736383
vn 0.051673 0.596760 -0.800754
vn 0.031289 0.722096 -0.691085
vn -0.000000 0.703056 -0.711135
vn 0.037390 0.797855 -0.601689
vn 0.030588 0.760246 -0.648915
vn -0.000000 0.845880 -0.533373
vn 0.033241 0.830499 -0.556027
vn -0.000000 0.845880 -0.533373
vn -0.000000 0.845880 -0.533373
vn -0.000000 0.845880 -0.533373
vn -0.000000 0.845880 -0.533373
vn 0.100126 -0.000006 -0.994975
vn 0.215452 0.000013 -0.976515
vn 0.215328 0.000013 -0.976542
vn 0.100139 -0.000006 -0.994973
vn 0.349004 -0.123952 -0.928888
vn 0.111834 -0.128614 -0.985369
vn 0.311555 -0.224356 -0.923362
vn 0.356762 -0.228827 -0.905737
vn 0.118528 -0.085844 -0.989233
vn 0.234319 -0.068030 -0.969777
vn 0.204941 -0.131189 -0.969943
vn 0.246312 -0.149535 -0.957586
vn 0.274379 -0.110173 -0.955290
vn 0.331540 -0.128539 -0.934644
vn 0.271611 -0.165719 -0.948032
vn 0.178407 -0.121176 -0.976467
vn 0.283542 -0.170382 -0.943703
vn 0.275973 -0.191896 -0.941814
vn 0.355143 -0.198154 -0.913569
vn 0.365901 -0.136025 -0.920660
vn 0.202975 -0.146760 -0.968123
vn 0.163100 -0.178999 -0.970236
vn 0.262352 -0.194701 -0.945126
vn 0.237423 -0.183703 -0.953878
vn 0.297235 -0.201249 -0.933354
vn 0.349760 -0.226132 -0.909138
vn 0.171979 -0.125294 -0.977100
vn 0.234757 -0.182028 -0.954858
vn 0.187544 -0.131010 -0.973480
vn 0.193811 -0.127184 -0.972760
vn 0.216842 -0.154782 -0.963858
vn 0.181712 -0.135811 -0.973928
vn 0.284970 -0.141162 -0.948085
vn 0.314314 -0.184755 -0.931167
vn 0.370326 -0.230768 -0.899780
vn 0.363486 -0.237401 -0.900843
vn 0.333363 -0.243228 -0.910884
vn 0.246413 -0.169079 -0.954302
vn 0.250439 -0.155186 -0.955614
vn 0.220647 -0.136863 -0.965704
vn 0.213885 -0.162990 -0.963166
vn 0.248016 -0.177104 -0.952430
vn 0.372094 -0.137209 -0.917998
vn 0.322528 -0.240305 -0.915548
vn 0.219677 -0.285042 -0.933002
vn 0.206119 -0.131665 -0.969628
vn 0.213364 -0.164238 -0.963069
vn 0.198603 -0.134800 -0.970765
vn 0.244451 -0.158263 -0.956659
vn 0.268023 -0.180591 -0.946335
vn 0.325132 -0.244041 -0.913637
vn 0.319110 -0.241827 -0.916345
vn 0.349253 -0.246974 -0.903895
vn 0.263548 -0.180176 -0.947670
vn 0.177327 -0.127850 -0.975812
vn 0.237579 -0.176162 -0.955261
vn 0.216245 -0.171272 -0.961199
vn 0.273207 -0.131563 -0.952916
vn 0.306624 -0.199513 -0.930686
vn 0.279821 -0.184185 -0.942219
vn 0.279370 -0.206181 -0.937786
vn 0.326044 -0.239402 -0.914539
vn 0.222881 -0.169357 -0.960022
vn 0.228215 -0.197690 -0.953329
vn 0.107472 -0.146118 -0.983412
vn 0.157821 -0.245385 -0.956493
vn 0.266588 -0.203538 -0.942074
vn 0.244125 -0.200908 -0.948704
vn 0.294537 -0.220795 -0.929784
vn 0.341497 -0.237195 -0.909460
vn 0.333562 -0.242558 -0.910990
vn 0.328587 -0.265668 -0.906339
vn 0.301008 -0.271308 -0.914214
vn 0.230981 -0.183250 -0.955546
vn 0.242983 -0.167107 -0.955529
vn 0.213817 -0.132466 -0.967851
vn 0.222242 -0.170806 -0.959914
vn 0.249868 -0.185031 -0.950437
vn 0.329829 -0.274325 -0.903304
vn 0.321321 -0.231844 -0.918151
vn 0.214965 -0.272593 -0.937808
vn 0.181949 -0.221406 -0.958057
vn 0.213198 -0.192988 -0.957759
vn 0.197517 -0.137752 -0.970573
vn 0.239752 -0.155451 -0.958308
vn 0.261704 -0.204868 -0.943154
vn 0.270269 -0.228540 -0.935267
vn 0.248295 -0.178883 -0.952024
vn 0.255861 -0.197436 -0.946337
vn 0.294081 -0.268725 -0.917226
vn 0.271317 -0.190374 -0.943475
vn 0.246322 -0.171695 -0.953859
vn 0.153621 -0.179476 -0.971694
vn 0.173837 -0.224636 -0.958811
vn 0.211473 -0.156381 -0.964792
vn 0.174877 -0.129867 -0.975988
vn 0.207839 -0.150418 -0.966528
vn 0.230402 -0.172557 -0.957674
vn 0.219483 -0.158042 -0.962730
vn 0.198144 -0.138303 -0.970367
vn 0.077660 -0.136509 -0.987590
vn 0.137580 -0.185064 -0.973048
vn 0.241030 -0.089637 -0.966369
vn 0.329366 -0.072313 -0.941429
vn 0.220429 -0.156682 -0.962737
vn 0.288803 -0.096668 -0.952496
vn 0.254309 -0.038931 -0.966339
vn 0.213486 -0.078607 -0.973779
vn 0.293234 -0.000207 -0.956041
vn 0.282243 -0.017279 -0.959187
vn -0.000000 0.000000 -1.000000
vn -0.000000 0.000000 -1.000000
vn -0.000000 0.000000 -1.000000
vn -0.000000 0.000000 -1.000000
vn -0.000000 0.000000 -1.000000
vn -0.000000 0.000000 -1.000000
vn -0.000000 0.000000 -1.000000
vn -0.000000 0.000000 -1.000000
vn 0.107931 -0.081133 -0.990842
vn -0.000000 0.000000 -1.000000
vn 0.000000 -0.000000 -1.000000
vn 0.000000 -0.000000 -1.000000
vn 0.000000 -0.000000 -1.000000
vn 0.000000 -0.000000 -1.000000
vn 0.204671 0.098806 -0.973831
vn 0.204619 0.098501 -0.973873
vn 0.211247 0.199295 -0.956899
vn 0.212154 0.199233 -0.956712
vn 0.387968 0.000024 -0.921673
vn 0.387968 0.000024 -0.921673
vn 0.000000 -0.000000 -1.000000
vn -0.000000 0.000000 -1.000000
vn -0.000000 0.000000 -1.000000
vn 0.000000 -0.000000 -1.000000
vn 0.085838 0.539057 -0.837884
vn 0.182590 0.392993 -0.901231
vn 0.182590 0.392993 -0.901231
vn 0.078075 0.549789 -0.831647
vn 0.000000 -0.000000 -1.000000
vn 0.000000 -0.000000 -1.000000
vn 0.000000 -0.000000 -1.000000
vn 0.000000 -0.000000 -1.000000
vn 0.231154 0.302228 -0.924784
vn 0.217217 0.267072 -0.938877
vn 0.217217 0.267072 -0.938877
vn 0.250648 0.325031 -0.911883
vn 0.202993 0.199845 -0.958570
vn 0.202993 0.199845 -0.958570
vn 0.000000 -0.000000 -1.000000
vn -0.000000 0.000000 -1.000000
vn -0.000000 0.000000 -1.000000
vn -0.000000 0.000000 -1.000000
vn -0.000000 0.000000 -1.000000
vn 0.022831 0.011883 -0.999669
vn 0.029358 0.057670 -0.997904
vn 0.000000 -0.000000 -1.000000
vn -0.000000 -0.000000 -1.000000
vn -0.000000 -0.000000 -1.000000
vn -0.000000 -0.000000 -1.000000
vn -0.000000 -0.000000 -1.000000
vn 0.000000 -0.000000 -1.000000
vn 0.000000 -0.000000 -1.000000
vn -0.000000 -0.000000 -1.000000
vn -0.000000 -0.000000 -1.000000
vn 0.055821 0.075623 -0.995573
vn 0.057921 0.113775 -0.991817
vn 0.000000 -0.000000 -1.000000
vn 0.000000 -0.000000 -1.000000
vn 0.000000 -0.000000 -1.000000
vn 0.000000 -0.000000 -1.000000
vn 0.000000 -0.000000 -1.000000
vn 0.000000 -0.000000 -1.000000
vn -0.000000 0.000000 -1.000000
vn -0.000000 0.000000 -1.000000
vn -0.000000 0.000000 -1.000000
vn -0.000000 0.000000 -1.000000
vn 0.000000 -0.000000 -1.000000
vn 0.000000 -0.000000 -1.000000
vn 0.000000 -0.000000 -1.000000
vn 0.000000 -0.000000 -1.000000
vn -0.000000 0.000000 -1.000000
vn -0.000000 0.000000 -1.000000
vn -0.000000 0.000000 -1.000000
vn -0.000000 0.000000 -1.000000
vn -0.000000 0.000000 -1.000000
vn -0.000000 0.000000 -1.000000
vn -0.000000 0.000000 -1.000000
vn -0.000000 0.000000 -1.000000
vn 0.000000 0.000000 -1.000000
vn 0.000000 0.000000 -1.000000
vn -0.000000 0.000000 -1.000000
vn -0.000000 0.000000 -1.000000
vn -0.000000 0.000000 -1.000000
vn -0.000000 0.000000 -1.000000
vn -0.000000 0.000000 -1.000000
vn -0.000000 0.000000 -1.000000
vn -0.000000 0.000000 -1.000000
vn -0.000000 0.000000 -1.000000
vn 0.000000 0.000000 -1.000000
vn -0.000000 0.000000 -1.000000
vn 0.000000 0.000000 -1.000000
vn 0.000000 0.000000 -1.000000
vn -0.000000 -0.000000 -1.000000
vn -0.000000 0.000000 -1.000000
vn -0.000000 0.000000 -1.000000
vn -0.000000 -0.000000 -1.000000
vn 0.000000 -0.000000 -1.000000
vn 0.000000 -0.000000 -1.000000
vn 0.000000 -0.000000 -1.000000
vn 0.000000 -0.000000 -1.000000
vn -0.000000 0.000000 -1.000000
vn -0.000000 0.000000 -1.000000
vn -0.000000 0.000000 -1.000000
vn -0.000000 0.000000 -1.000000
vn 0.011949 -0.022395 -0.999678
vn 0.046068 -0.086340 -0.995200
vn -0.000000 0.000000 -1.000000
vn 0.000000 -0.000000 -1.000000
vn 0.000000 -0.000000 -1.000000
vn 0.000000 -0.000000 -1.000000
vn -0.000000 0.000000 -1.000000
vn 0.000000 0.000000 -1.000000
vn 0.000000 0.000000 -1.000000
vn -0.000000 0.000000 -1.000000
vn -0.000000 0.000000 -1.000000
vn -0.000000 0.000000 -1.000000
vn 0.000000 -0.000000 -1.000000
vn 0.000000 -0.000000 -1.000000
vn 0.000000 -0.000000 -1.000000
vn -0.000000 0.000000 -1.000000
vn -0.000000 0.000000 -1.000000
vn -0.000000 0.000000 -1.000000
vn -0.000000 0.000000 -1.000000
vn -0.000000 0.000000 -1.000000
vn -0.000000 0.000000 -1.000000
vn -0.000000 0.000000 -1.000000
vn -0.000000 0.000000 -1.000000
vn -0.000000 0.000000 -1.000000
vn -0.000000 0.000000 -1.000000
vn -0.000000 0.000000 -1.000000
vn 0.000000 -0.000000 -1.000000
vn -0.000000 0.000000 -1.000000
vn -0.000000 0.000000 -1.000000
vn -0.000000 0.000000 -1.000000
vn -0.000000 0.000000 -1.000000
vn -0.000000 -0.000000 -1.000000
vn -0.000000 -0.000000 -1.000000
vn -0.000000 0.000000 -1.000000
vn -0.000000 0.000000 -1.000000
vn 0.000000 0.000000 -1.000000
vn 0.000000 0.000000 -1.000000
vn -0.000000 0.000000 -1.000000
vn -0.000000 -0.000000 -1.000000
vn -0.000000 0.000000 -1.000000
vn -0.000000 0.000000 -1.000000
vn -0.000000 0.000000 -1.000000
vn -0.000000 0.000000 -1.000000
vn -0.000000 0.000000 -1.000000
vn -0.000000 0.000000 -1.000000
vn -0.000000 0.000000 -1.000000
vn 0.000000 0.000000 -1.000000
vn 0.230826 -0.157199 -0.960212
vn 0.199423 -0.135203 -0.970542
vn -0.000000 0.000000 -1.000000
vn -0.000000 0.000000 -1.000000
vn -0.000000 0.000000 -1.000000
vn -0.000000 0.000000 -1.000000
vn -0.000000 0.000000 -1.000000
vn -0.000000 0.000000 -1.000000
vn 0.212548 -0.151517 -0.965332
vn 0.201876 -0.151753 -0.967583
vn 0.205549 -0.074807 -0.975784
vn -0.000000 -0.000000 -1.000000
vn -0.000000 0.000000 -1.000000
vn 0.000000 -0.000000 -1.000000
vn 0.000000 -0.000000 -1.000000
vn 0.000000 -0.000000 -1.000000
vn 0.143660 0.319218 -0.936729
vn 0.232004 0.322800 -0.917592
vn 0.000000 -0.000000 -1.000000
vn 0.202966 0.274285 -0.939985
vn 0.186718 0.000139 -0.982414
vn 0.186718 0.000139 -0.982414
vn 0.314632 -0.071842 -0.946491
vn 0.210148 -0.154900 -0.965321
vn -0.000000 0.000000 -1.000000
vn -0.000000 0.000000 -1.000000
vn -0.000000 0.000000 -1.000000
vn 0.205740 -0.148769 -0.967233
vn 0.000000 0.000000 -1.000000
vn 0.000000 0.000000 -1.000000
vn 0.000000 0.000000 -1.000000
vn 0.225249 -0.137775 -0.964511
vn -0.000000 0.000000 -1.000000
vn -0.000000 0.000000 -1.000000
vn -0.000000 0.000000 -1.000000
vn 0.174333 -0.152703 -0.972774
vn 0.000000 -0.000000 -1.000000
vn -0.000000 0.000000 -1.000000
vn 0.000000 -0.000000 -1.000000
vn 0.225608 -0.157506 -0.961402
vn 0.000000 0.000000 -1.000000
vn 0.000000 0.000000 -1.000000
vn 0.000000 0.000000 -1.000000
vn 0.181951 -0.196222 -0.963530
vn -0.000000 0.000000 -1.000000
vn 0.000000 -0.000000 -1.000000
vn -0.000000 0.000000 -1.000000
vn -0.000000 0.000000 -1.000000
vn 0.220852 -0.140597 -0.965120
vn 0.000000 -0.000000 -1.000000
vn -0.000000 0.000000 -1.000000
vn 0.000000 -0.000000 -1.000000
vn 0.187547 -0.141311 -0.972038
vn -0.000000 0.000000 -1.000000
vn -0.000000 0.000000 -1.000000
vn 0.000000 -0.122102 -0.992518
vn 0.000000 -0.126419 -0.991977
vn 0.000000 -0.151239 -0.988497
vn 0.000000 -0.158166 -0.987413
vn 0.000000 -0.120445 -0.992720
vn 0.000000 -0.293167 -0.956061
vn 0.000000 -0.291382 -0.956607
vn 0.000000 -0.133960 -0.990987
vn 0.000000 -0.183159 -0.983083
vn 0.000000 -0.288143 -0.957587
vn 0.000000 -0.246448 -0.969156
vn 0.000000 -0.176147 -0.984364
vn -0.000000 -0.202765 -0.979227
vn -0.000000 -0.134302 -0.990940
vn -0.000000 -0.000000 -1.000000
vn -0.000000 -0.000000 -1.000000
vn 0.000000 -0.000000 -1.000000
vn 0.000000 -0.000000 -1.000000
vn 0.000000 0.650634 -0.759392
vn 0.000000 0.447955 -0.894056
vn -0.000000 0.845880 -0.533373
vn -0.000000 0.903638 -0.428296
vn -0.000000 0.065247 -0.997869
vn 0.000000 -0.008085 -0.999967
vn 0.000000 -0.076596 -0.997062
vn -0.000000 0.000000 -1.000000
vn -0.000000 0.000000 -1.000000
vn -0.000000 0.000000 -1.000000
vn 0.000000 -0.066444 -0.997790
vn 0.000000 -0.065281 -0.997867
vn 0.000000 -0.000000 -1.000000
vn -0.100239 -0.125898 -0.986966
vn -0.316665 -0.156618 -0.935518
vn -0.225788 -0.103169 -0.968698
vn -0.051142 -0.038523 -0.997948
vn -0.200511 0.055328 -0.978128
vn -0.197910 0.062247 -0.978242
vn -0.027130 0.894070 -0.447105
vn -0.023917 0.900550 -0.434095
vn 0.000000 0.447955 -0.894056
vn 0.000002 0.447956 -0.894056
vn 0.000001 0.650635 -0.759390
vn 0.000000 0.650634 -0.759392
vn -0.201747 -0.005602 -0.979422
vn -0.200881 -0.002240 -0.979613
vn -0.267610 -0.176376 -0.947247
vn -0.318276 -0.239828 -0.917160
vn -0.229718 -0.180340 -0.956403
vn -0.190259 -0.128652 -0.973268
vn -0.177088 0.029761 -0.983745
vn -0.177130 0.000000 -0.984187
vn -0.226418 0.000000 -0.974030
vn -0.224930 0.024252 -0.974073
vn -0.090148 0.768531 -0.633430
vn -0.094358 0.759297 -0.643867
vn -0.000000 0.650634 -0.759392
vn -0.000000 0.447955 -0.894056
vn -0.000000 0.447955 -0.894056
vn -0.000000 0.650634 -0.759392
vn -0.252320 -0.082059 -0.964158
vn -0.098059 -0.072423 -0.992542
vn -0.178617 -0.042079 -0.983019
vn -0.294490 -0.109625 -0.949346
vn -0.183420 0.039493 -0.982241
vn -0.187361 0.000000 -0.982291
vn -0.206130 0.000000 -0.978525
vn -0.201872 0.026388 -0.979056
vn -0.027838 0.864925 -0.501129
vn -0.032392 0.848643 -0.527973
vn -0.000000 0.650634 -0.759392
vn -0.000000 0.447955 -0.894056
vn -0.000000 0.447955 -0.894056
vn -0.000000 0.650634 -0.759392
vn -0.269773 -0.176089 -0.946686
vn -0.228316 -0.159449 -0.960442
vn -0.261742 -0.179043 -0.948385
vn -0.300933 -0.197194 -0.933035
vn -0.388105 0.017251 -0.921454
vn -0.395257 0.000000 -0.918571
vn -0.405552 0.000000 -0.914072
vn -0.401708 0.004541 -0.915757
vn -0.102479 0.566390 -0.817741
vn -0.209374 0.394653 -0.894657
vn -0.000000 0.650633 -0.759392
vn -0.000000 0.447955 -0.894056
vn 0.000200 0.447730 -0.894169
vn 0.000352 0.650750 -0.759292
vn -0.365483 -0.151372 -0.918427
vn -0.336201 -0.107678 -0.935614
vn -0.355973 -0.133212 -0.924953
vn -0.396109 -0.129711 -0.908995
vn -0.000000 0.052928 -0.998598
vn -0.000000 0.000000 -1.000000
vn -0.175200 0.000000 -0.984533
vn -0.171344 0.042080 -0.984312
vn -0.000000 0.886901 -0.461960
vn -0.024705 0.878727 -0.476686
vn -0.000000 0.650637 -0.759389
vn -0.000000 0.447955 -0.894056
vn -0.000002 0.447956 -0.894056
vn -0.000001 0.650635 -0.759390
vn -0.126662 -0.085503 -0.988254
vn -0.199863 -0.125291 -0.971780
vn -0.136066 -0.087957 -0.986787
vn -0.039907 -0.027784 -0.998817
vn -0.214369 0.025097 -0.976430
vn -0.213894 0.000000 -0.976857
vn -0.184173 0.000000 -0.982894
vn -0.185910 0.024628 -0.982258
vn -0.107099 0.808535 -0.578619
vn -0.107355 0.824295 -0.555889
vn -0.000000 0.650634 -0.759392
vn -0.000000 0.447955 -0.894056
vn -0.000000 0.447955 -0.894056
vn -0.000000 0.650634 -0.759392
vn -0.322439 -0.235524 -0.916822
vn -0.310949 -0.194547 -0.930302
vn -0.368481 -0.232305 -0.900142
vn -0.329725 -0.238312 -0.913504
vn -0.236878 0.025430 -0.971206
vn -0.237404 0.000000 -0.971411
vn -0.187352 0.000000 -0.982293
vn -0.188636 0.023489 -0.981766
vn -0.129050 0.690708 -0.711526
vn -0.134706 0.665743 -0.733921
vn -0.000000 0.650634 -0.759392
vn -0.000000 0.447956 -0.894056
vn -0.000000 0.447956 -0.894056
vn -0.000000 0.650634 -0.759392
vn -0.002153 -0.000172 -0.999998
vn -0.000000 0.000000 -1.000000
vn -0.000000 0.000000 -1.000000
vn -0.000000 0.000000 -1.000000
vn -0.356995 0.000000 -0.934106
vn -0.356993 0.000000 -0.934107
vn -0.262230 -0.000008 -0.965006
vn -0.263757 -0.000005 -0.964589
vn -0.296924 0.230881 -0.926569
vn -0.242624 0.145609 -0.959131
vn -0.217185 -0.064531 -0.973995
vn -0.223751 -0.052887 -0.973210
vn -0.185430 -0.101863 -0.977364
vn -0.283400 -0.112223 -0.952413
vn -0.407093 -0.135727 -0.903246
vn -0.335562 -0.112644 -0.935259
vn -0.369038 -0.137606 -0.919171
vn -0.410148 -0.140027 -0.901205
vn -0.216222 -0.095520 -0.971660
vn -0.411230 -0.137698 -0.901071
vn -0.356688 -0.100944 -0.928754
vn -0.121128 -0.027664 -0.992251
vn -0.062255 -0.043175 -0.997126
vn -0.041786 -0.033584 -0.998562
vn -0.061198 -0.043514 -0.997177
vn -0.195327 -0.132079 -0.971804
vn -0.219261 -0.163133 -0.961932
vn -0.195843 -0.135264 -0.971262
vn -0.241421 -0.163207 -0.956598
vn -0.182029 -0.136969 -0.973707
vn -0.379093 -0.189602 -0.905726
vn -0.220173 -0.172270 -0.960129
vn -0.269686 -0.132030 -0.953854
vn -0.384046 -0.134901 -0.913406
vn -0.143459 -0.039973 -0.988849
vn -0.361685 -0.124004 -0.924017
vn -0.219272 -0.098319 -0.970697
vn -0.044657 -0.040561 -0.998179
vn -0.101309 0.000000 -0.994855
vn -0.100826 0.000000 -0.994904
vn -0.100826 0.000000 -0.994904
vn -0.101309 0.000000 -0.994855
vn -0.330734 -0.116694 -0.936482
vn -0.218150 -0.068513 -0.973507
vn -0.262543 -0.000047 -0.964920
vn -0.356994 0.000000 -0.934107
vn -0.398352 -0.144072 -0.905847
vn -0.390527 -0.142442 -0.909505
vn -0.405553 0.000000 -0.914072
vn -0.395257 -0.000000 -0.918571
vn -0.099932 -0.082205 -0.991593
vn -0.248566 -0.102756 -0.963149
vn -0.187352 -0.000000 -0.982293
vn -0.182721 -0.055687 -0.981587
vn -0.235676 -0.170850 -0.956696
vn -0.163289 -0.136691 -0.977063
vn -0.225732 -0.095336 -0.969514
vn -0.195861 -0.084011 -0.977026
vn -0.174772 -0.138155 -0.974868
vn -0.205516 -0.141214 -0.968412
vn -0.183688 -0.066086 -0.980761
vn -0.201837 -0.077917 -0.976315
vn -0.346489 -0.042321 -0.937099
vn -0.245824 -0.113432 -0.962654
vn -0.205532 -0.085185 -0.974936
vn -0.238577 -0.045937 -0.970037
vn 0.000000 -0.000000 -1.000000
vn -0.175200 -0.000000 -0.984533
vn -0.175200 0.000000 -0.984533
vn -0.000000 0.000000 -1.000000
vn -0.101309 0.000000 -0.994855
vn -0.100826 0.000000 -0.994904
vn -0.128157 -0.021545 -0.991520
vn -0.129279 -0.054531 -0.990108
vn -0.221158 -0.124748 -0.967227
vn -0.202613 -0.147535 -0.968081
vn -0.228938 -0.088990 -0.969365
vn -0.183409 -0.100973 -0.977837
vn -0.349689 -0.108364 -0.930578
vn -0.269606 -0.097534 -0.958019
vn -0.287198 -0.111174 -0.951398
vn -0.383164 -0.134706 -0.913805
vn -0.294560 -0.138733 -0.945509
vn -0.420172 -0.132236 -0.897758
vn -0.425098 -0.137009 -0.894718
vn -0.280980 -0.130630 -0.950782
vn -0.136266 -0.092907 -0.986306
vn -0.168546 -0.131510 -0.976882
vn -0.114534 -0.094594 -0.988905
vn -0.042628 -0.033435 -0.998531
vn -0.057400 -0.048776 -0.997159
vn -0.050211 -0.029807 -0.998294
vn -0.072683 -0.047388 -0.996229
vn -0.183104 -0.137533 -0.973426
vn -0.357190 -0.106403 -0.927952
vn -0.230795 -0.085541 -0.969235
vn -0.209899 -0.163601 -0.963938
vn -0.375509 -0.137987 -0.916489
vn -0.345295 -0.135827 -0.928613
vn -0.391376 -0.159189 -0.906358
vn -0.419704 -0.133632 -0.897770
vn -0.226203 -0.115116 -0.967254
vn -0.025649 -0.050760 -0.998381
vn -0.167448 -0.052198 -0.984498
vn -0.127643 -0.061378 -0.989919
vn -0.080459 -0.049259 -0.995540
vn 0.000000 -0.000000 -1.000000
vn -0.000000 0.000000 -1.000000
vn 0.000000 -0.000000 -1.000000
vn -0.000000 0.000000 -1.000000
vn -0.000000 0.000000 -1.000000
vn -0.000000 0.000000 -1.000000
vn -0.000000 0.000000 -1.000000
vn -0.000000 0.000000 -1.000000
vn -0.000000 0.000000 -1.000000
vn 0.000000 0.000000 -1.000000
vn 0.000000 0.000000 -1.000000
vn -0.000000 0.000000 -1.000000
vn -0.000000 0.000000 -1.000000
vn -0.000000 0.000000 -1.000000
vn -0.000000 0.000000 -1.000000
vn -0.000000 0.000000 -1.000000
vn -0.000000 0.000000 -1.000000
vn 0.000000 0.000000 -1.000000
vn 0.000000 0.000000 -1.000000
vn -0.000000 0.000000 -1.000000
vn -0.133363 0.355972 -0.924932
vn -0.159414 0.220560 -0.962258
vn -0.000000 0.552541 -0.833485
vn -0.045017 0.508470 -0.859902
vn -0.041325 0.675302 -0.736383
vn -0.051673 0.596760 -0.800754
vn -0.029467 0.758635 -0.650849
vn -0.027349 0.722227 -0.691115
vn -0.034387 0.832226 -0.553370
vn -0.041869 0.796776 -0.602822
vn -0.000000 0.845880 -0.533373
vn -0.000000 0.845880 -0.533373
vn -0.000000 0.845880 -0.533374
vn -0.000000 0.845880 -0.533374
vn 0.000000 0.845880 -0.533374
vn -0.000000 0.845880 -0.533373
vn -0.100126 -0.000006 -0.994975
vn -0.100139 -0.000006 -0.994973
vn -0.215328 0.000013 -0.976542
vn -0.215451 0.000013 -0.976515
vn -0.111834 -0.128614 -0.985369
vn -0.349004 -0.123951 -0.928888
vn -0.356762 -0.228827 -0.905737
vn -0.311556 -0.224356 -0.923362
vn -0.234319 -0.068030 -0.969777
vn -0.118528 -0.085844 -0.989233
vn -0.244327 -0.149619 -0.958081
vn -0.199360 -0.131343 -0.971084
vn -0.331540 -0.128539 -0.934644
vn -0.274379 -0.110173 -0.955290
vn -0.178407 -0.121176 -0.976467
vn -0.271611 -0.165720 -0.948032
vn -0.275974 -0.191897 -0.941814
vn -0.283542 -0.170382 -0.943702
vn -0.355143 -0.198154 -0.913569
vn -0.163100 -0.178999 -0.970236
vn -0.202975 -0.146760 -0.968123
vn -0.365900 -0.136025 -0.920660
vn -0.262352 -0.194701 -0.945126
vn -0.349760 -0.226132 -0.909138
vn -0.297235 -0.201249 -0.933354
vn -0.237423 -0.183703 -0.953878
vn -0.171979 -0.125294 -0.977100
vn -0.193811 -0.127184 -0.972760
vn -0.187544 -0.131010 -0.973480
vn -0.234757 -0.182028 -0.954859
vn -0.216842 -0.154782 -0.963858
vn -0.314314 -0.184755 -0.931167
vn -0.284970 -0.141162 -0.948085
vn -0.181712 -0.135811 -0.973928
vn -0.370326 -0.230768 -0.899781
vn -0.246413 -0.169079 -0.954302
vn -0.333363 -0.243228 -0.910884
vn -0.363486 -0.237401 -0.900843
vn -0.250440 -0.155186 -0.955614
vn -0.248016 -0.177104 -0.952430
vn -0.213885 -0.162990 -0.963165
vn -0.220647 -0.136863 -0.965704
vn -0.372094 -0.137209 -0.917998
vn -0.206119 -0.131665 -0.969628
vn -0.219677 -0.285042 -0.933002
vn -0.322528 -0.240305 -0.915548
vn -0.213364 -0.164238 -0.963069
vn -0.268023 -0.180591 -0.946335
vn -0.244451 -0.158263 -0.956659
vn -0.198604 -0.134800 -0.970765
vn -0.325132 -0.244041 -0.913637
vn -0.263548 -0.180176 -0.947670
vn -0.349253 -0.246974 -0.903895
vn -0.319110 -0.241827 -0.916345
vn -0.177327 -0.127850 -0.975812
vn -0.273207 -0.131563 -0.952916
vn -0.216245 -0.171272 -0.961199
vn -0.237579 -0.176162 -0.955261
vn -0.306624 -0.199513 -0.930686
vn -0.326044 -0.239402 -0.914539
vn -0.279371 -0.206181 -0.937786
vn -0.279821 -0.184185 -0.942219
vn -0.222881 -0.169357 -0.960022
vn -0.157821 -0.245385 -0.956493
vn -0.107472 -0.146117 -0.983412
vn -0.228215 -0.197690 -0.953329
vn -0.266588 -0.203538 -0.942074
vn -0.341497 -0.237195 -0.909460
vn -0.294536 -0.220795 -0.929784
vn -0.244125 -0.200908 -0.948704
vn -0.333562 -0.242558 -0.910990
vn -0.230981 -0.183250 -0.955546
vn -0.301008 -0.271308 -0.914213
vn -0.328587 -0.265668 -0.906339
vn -0.242983 -0.167107 -0.955528
vn -0.249868 -0.185031 -0.950437
vn -0.222242 -0.170806 -0.959914
vn -0.213817 -0.132466 -0.967851
vn -0.329829 -0.274325 -0.903304
vn -0.181949 -0.221406 -0.958057
vn -0.214965 -0.272593 -0.937808
vn -0.321321 -0.231844 -0.918151
vn -0.213198 -0.192988 -0.957759
vn -0.261704 -0.204868 -0.943155
vn -0.239753 -0.155451 -0.958308
vn -0.197517 -0.137752 -0.970573
vn -0.270269 -0.228540 -0.935267
vn -0.294081 -0.268725 -0.917226
vn -0.255861 -0.197436 -0.946337
vn -0.248295 -0.178883 -0.952024
vn -0.271317 -0.190374 -0.943475
vn -0.173837 -0.224636 -0.958812
vn -0.153621 -0.179476 -0.971694
vn -0.246322 -0.171695 -0.953859
vn -0.211473 -0.156381 -0.964792
vn -0.230402 -0.172557 -0.957674
vn -0.207840 -0.150418 -0.966528
vn -0.174877 -0.129867 -0.975988
vn -0.219468 -0.158031 -0.962736
vn -0.137573 -0.185054 -0.973051
vn -0.077654 -0.136498 -0.987592
vn -0.198106 -0.138276 -0.970378
vn -0.241030 -0.089637 -0.966370
vn -0.288803 -0.096668 -0.952496
vn -0.220429 -0.156682 -0.962737
vn -0.329366 -0.072313 -0.941429
vn -0.254309 -0.038931 -0.966339
vn -0.282243 -0.017279 -0.959187
vn -0.293234 -0.000207 -0.956041
vn -0.213486 -0.078607 -0.973779
vn 0.000000 0.000000 -1.000000
vn 0.000000 0.000000 -1.000000
vn 0.000000 0.000000 -1.000000
vn 0.000000 0.000000 -1.000000
vn -0.000000 0.000000 -1.000000
vn -0.000000 0.000000 -1.000000
vn -0.000000 0.000000 -1.000000
vn -0.000000 0.000000 -1.000000
vn -0.000000 0.000000 -1.000000
vn -0.107931 -0.081133 -0.990842
vn -0.000000 0.000000 -1.000000
vn 0.000000 -0.000000 -1.000000
vn 0.000000 -0.000000 -1.000000
vn -0.000000 0.000000 -1.000000
vn -0.204671 0.098806 -0.973831
vn -0.212154 0.199233 -0.956712
vn -0.211246 0.199295 -0.956900
vn -0.204618 0.098501 -0.973873
vn -0.387968 0.000024 -0.921673
vn -0.387968 0.000024 -0.921673
vn -0.000000 -0.000000 -1.000000
vn -0.000000 -0.000000 -1.000000
vn 0.000000 -0.000000 -1.000000
vn -0.000000 0.000000 -1.000000
vn 0.000707 0.651108 -0.758984
vn 0.000707 0.651109 -0.758984
vn -0.077438 0.555361 -0.827996
vn -0.085700 0.544440 -0.834410
vn -0.000000 0.000000 -1.000000
vn 0.000000 -0.000000 -1.000000
vn -0.000000 0.000000 -1.000000
vn -0.000000 0.000000 -1.000000
vn -0.236394 0.164744 -0.957589
vn -0.261455 0.062489 -0.963191
vn -0.414715 -0.000184 -0.909951
vn -0.321717 0.133902 -0.937320
vn -0.202993 0.199845 -0.958570
vn -0.202993 0.199845 -0.958570
vn 0.000000 0.000000 -1.000000
vn 0.000000 0.000000 -1.000000
vn 0.000000 0.000000 -1.000000
vn 0.000000 0.000000 -1.000000
vn -0.000000 0.000000 -1.000000
vn -0.000000 0.000000 -1.000000
vn -0.000000 0.000000 -1.000000
vn -0.000000 0.000000 -1.000000
vn -0.000000 0.000000 -1.000000
vn -0.000000 0.000000 -1.000000
vn -0.000000 0.000000 -1.000000
vn -0.000000 0.000000 -1.000000
vn -0.000000 -0.000000 -1.000000
vn -0.000000 -0.000000 -1.000000
vn -0.000000 0.000000 -1.000000
vn -0.000000 0.000000 -1.000000
vn -0.000000 0.000000 -1.000000
vn -0.000000 0.000000 -1.000000
vn -0.000000 0.000000 -1.000000
vn -0.000000 0.000000 -1.000000
vn -0.000000 0.000000 -1.000000
vn -0.000000 0.000000 -1.000000
vn -0.000000 0.000000 -1.000000
vn -0.000000 0.000000 -1.000000
vn 0.000000 -0.000000 -1.000000
vn -0.000000 0.000000 -1.000000
vn -0.000000 0.000000 -1.000000
vn -0.000000 0.000000 -1.000000
vn -0.000000 0.000000 -1.000000
vn 0.000000 -0.000000 -1.000000
vn 0.000000 -0.000000 -1.000000
vn 0.000000 -0.000000 -1.000000
vn 0.000000 0.000000 -1.000000
vn 0.000000 -0.000000 -1.000000
vn 0.000000 -0.000000 -1.000000
vn 0.000000 -0.000000 -1.000000
vn 0.000000 0.000000 -1.000000
vn 0.000000 0.000000 -1.000000
vn 0.000000 0.000000 -1.000000
vn 0.000000 0.000000 -1.000000
vn -0.004686 -0.000709 -0.999989
vn 0.000000 -0.000000 -1.000000
vn 0.002271 -0.001535 -0.999996
vn 0.001382 -0.000934 -0.999999
vn 0.000000 0.000000 -1.000000
vn 0.000000 0.000000 -1.000000
vn 0.000000 0.000000 -1.000000
vn 0.000000 0.000000 -1.000000
vn 0.000000 0.000000 -1.000000
vn 0.000000 0.000000 -1.000000
vn 0.000000 0.000000 -1.000000
vn -0.000000 0.000000 -1.000000
vn -0.000000 0.000000 -1.000000
vn 0.000000 0.000000 -1.000000
vn 0.000000 -0.000000 -1.000000
vn 0.000000 -0.000000 -1.000000
vn -0.000000 0.000000 -1.000000
vn -0.000000 0.000000 -1.000000
vn 0.000000 -0.000000 -1.000000
vn 0.000000 -0.000000 -1.000000
vn -0.000000 0.000000 -1.000000
vn 0.000000 -0.000000 -1.000000
vn -0.000000 0.000000 -1.000000
vn -0.000000 0.000000 -1.000000
vn -0.000000 0.000000 -1.000000
vn -0.000000 0.000000 -1.000000
vn -0.000000 0.000000 -1.000000
vn -0.000000 0.000000 -1.000000
vn -0.000000 0.000000 -1.000000
vn -0.000000 0.000000 -1.000000
vn -0.000000 0.000000 -1.000000
vn -0.000000 0.000000 -1.000000
vn -0.000000 0.000000 -1.000000
vn -0.000000 0.000000 -1.000000
vn -0.000000 0.000000 -1.000000
vn 0.000000 0.000000 -1.000000
vn 0.000000 0.000000 -1.000000
vn -0.000000 0.000000 -1.000000
vn -0.000000 0.000000 -1.000000
vn 0.000000 0.000000 -1.000000
vn 0.000000 0.000000 -1.000000
vn -0.000000 0.000000 -1.000000
vn -0.000000 0.000000 -1.000000
vn -0.000000 0.000000 -1.000000
vn -0.000000 0.000000 -1.000000
vn 0.000000 -0.000000 -1.000000
vn -0.000000 0.000000 -1.000000
vn -0.000000 0.000000 -1.000000
vn 0.000000 -0.000000 -1.000000
vn -0.000000 0.000000 -1.000000
vn -0.000000 0.000000 -1.000000
vn 0.000000 -0.000000 -1.000000
vn -0.000000 0.000000 -1.000000
vn -0.000000 0.000000 -1.000000
vn -0.000000 0.000000 -1.000000
vn -0.000000 0.000000 -1.000000
vn -0.000000 0.000000 -1.000000
vn 0.000000 -0.000000 -1.000000
vn 0.000000 -0.000000 -1.000000
vn 0.000000 0.000000 -1.000000
vn 0.000000 0.000000 -1.000000
vn -0.000000 0.000000 -1.000000
vn -0.000000 0.000000 -1.000000
vn 0.000000 0.000000 -1.000000
vn -0.000000 0.000000 -1.000000
vn 0.000000 0.000000 -1.000000
vn 0.000000 0.000000 -1.000000
vn 0.000000 0.000000 -1.000000
vn 0.000000 -0.000000 -1.000000
vn 0.002998 -0.002026 -0.999994
vn 0.002998 -0.002026 -0.999993
vn -0.006581 -0.002693 -0.999975
vn -0.000000 0.000000 -1.000000
vn -0.231714 -0.156521 -0.960109
vn -0.199423 -0.135203 -0.970542
vn -0.000000 0.000000 -1.000000
vn -0.000000 0.000000 -1.000000
vn -0.000000 0.000000 -1.000000
vn -0.000000 0.000000 -1.000000
vn -0.000000 0.000000 -1.000000
vn -0.000000 0.000000 -1.000000
vn -0.212547 -0.151517 -0.965332
vn -0.201875 -0.151752 -0.967583
vn -0.205549 -0.074807 -0.975784
vn -0.000000 0.000000 -1.000000
vn -0.000000 0.000000 -1.000000
vn -0.000000 0.000000 -1.000000
vn -0.208689 0.269774 -0.940038
vn -0.216212 0.268788 -0.938619
vn -0.045012 0.187901 -0.981156
vn -0.145401 0.199712 -0.969007
vn -0.190475 0.392344 -0.899881
vn -0.190475 0.392344 -0.899881
vn -0.186718 0.000139 -0.982414
vn -0.186718 0.000139 -0.982414
vn -0.314632 -0.071842 -0.946491
vn -0.210148 -0.154900 -0.965321
vn -0.000000 0.000000 -1.000000
vn -0.000000 0.000000 -1.000000
vn -0.000000 0.000000 -1.000000
vn -0.208597 -0.146616 -0.966950
vn -0.006905 -0.000553 -0.999976
vn -0.007022 -0.001889 -0.999974
vn -0.007111 -0.002910 -0.999970
vn -0.225249 -0.137775 -0.964511
vn -0.000000 0.000000 -1.000000
vn 0.000000 0.000000 -1.000000
vn 0.000000 0.000000 -1.000000
vn -0.174333 -0.152703 -0.972774
vn -0.000000 0.000000 -1.000000
vn 0.000000 0.000000 -1.000000
vn 0.000000 0.000000 -1.000000
vn -0.225608 -0.157506 -0.961402
vn -0.000000 0.000000 -1.000000
vn -0.000000 0.000000 -1.000000
vn -0.000000 0.000000 -1.000000
vn -0.181951 -0.196222 -0.963530
vn -0.000000 0.000000 -1.000000
vn -0.000000 0.000000 -1.000000
vn -0.000000 0.000000 -1.000000
vn -0.000000 0.000000 -1.000000
vn -0.220852 -0.140597 -0.965120
vn -0.000000 0.000000 -1.000000
vn 0.000000 -0.000000 -1.000000
vn 0.000000 -0.000000 -1.000000
vn -0.187546 -0.141311 -0.972038
vn -0.000000 0.000000 -1.000000
vn -0.000000 0.000000 -1.000000
vn 0.000000 0.000000 -1.000000
vn 0.000000 -0.000000 -1.000000
vn 0.000000 -0.000000 -1.000000
vn -0.000003 -0.000004 -1.000000
vn -0.000005 -0.000007 -1.000000
vn -0.000000 -0.000000 -1.000000
vn -0.000000 0.000000 -1.000000
vn -0.000000 0.000000 -1.000000
vn -0.000000 0.000000 -1.000000
vn -0.000022 -0.000010 -1.000000
vn -0.000061 0.000042 -1.000000
vn -0.000061 0.000042 -1.000000
vn -0.000049 0.000026 -1.000000
vn -0.000000 0.000000 -1.000000
vn -0.000000 -0.000000 -1.000000
vn -0.000000 0.000000 -1.000000
vn -0.000000 0.000000 -1.000000
vn -0.000000 0.000000 -1.000000
vn -0.000000 0.000000 -1.000000
vn -0.000000 0.000000 -1.000000
vn -0.000000 0.000000 -1.000000
vn -0.000000 0.000000 -1.000000
vn -0.000000 0.000000 -1.000000
vn -0.000000 0.000000 -1.000000
vn -0.000000 0.000000 -1.000000
vn -0.000000 0.000000 -1.000000
vn -0.000000 0.000000 -1.000000
vn -0.000000 0.000000 -1.000000
vn 0.000000 1.000000 0.000000
vn 0.000000 1.000000 0.000000
vn 0.000000 1.000000 0.000000
vn 0.000000 1.000000 0.000000
vn 0.000000 1.000000 0.000000
vn 0.000000 1.000000 0.000000
vn 0.000000 1.000000 0.000000
vn 0.000000 1.000000 0.000000
vn 0.000000 1.000000 0.000000
vn 0.000000 1.000000 0.000000
vn 0.000000 1.000000 0.000000
vn 0.000000 1.000000 0.000000
vn 0.000000 1.000000 0.000000
vn 0.000000 1.000000 0.000000
vn 0.000000 1.000000 0.000000
vn 0.000000 1.000000 0.000000
vn 0.000000 1.000000 0.000000
vn -0.000036 1.000000 0.000000
vn 0.000000 1.000000 0.000000
vn 0.000000 1.000000 0.000000
vn 0.999992 -0.004050 0.000000
vn 0.999949 0.010132 0.000000
vn 1.000000 -0.000229 0.000000
vn 1.000000 -0.000229 0.000000
vn 0.107964 0.994155 0.000000
vn -0.000002 1.000000 0.000000
vn -0.000003 1.000000 0.000000
vn -0.000003 1.000000 0.000000
vn 0.839644 0.543137 0.000000
vn 0.838050 0.545594 0.000000
vn 0.838049 0.545596 0.000000
vn 0.838049 0.545596 0.000000
vn 0.495638 0.868529 0.000000
vn 0.413356 0.910570 0.000000
vn 0.458132 0.888884 0.000000
vn 0.458132 0.888884 0.000000
vn 0.315057 0.949073 0.000000
vn 0.315056 0.949073 0.000000
vn 0.315056 0.949073 0.000000
vn 0.869596 0.493765 0.000000
vn 0.898588 0.438794 0.000000
vn 0.898588 0.438794 0.000000
vn 0.840865 0.541244 0.000000
vn 0.840865 0.541244 0.000000
vn 0.939676 -0.342067 0.000000
vn 0.963230 -0.268679 0.000000
vn 0.946458 -0.322826 0.000000
vn 0.946458 -0.322826 0.000000
vn 0.990389 -0.138308 0.000000
vn 0.990389 -0.138308 0.000000
vn 0.990389 -0.138308 0.000000
vn 0.914822 -0.403857 0.000000
vn 0.905748 -0.423816 0.000000
vn 0.897560 -0.440893 0.000000
vn 0.897560 -0.440893 0.000000
vn 0.925472 -0.378815 0.000000
vn 0.925472 -0.378817 0.000000
vn 0.925472 -0.378817 0.000000
vn 0.828899 -0.559399 0.000000
vn 0.836411 -0.548102 0.000000
vn 0.828900 -0.559397 0.000000
vn 0.828900 -0.559397 0.000000
vn 0.844364 -0.535771 0.000000
vn 0.844366 -0.535767 0.000000
vn 0.844366 -0.535767 0.000000
vn 0.905645 -0.424037 0.000000
vn 0.937914 -0.346868 0.000000
vn 0.933164 -0.359451 0.000000
vn 0.933164 -0.359451 0.000000
vn 0.948984 -0.315325 0.000000
vn 0.948984 -0.315324 0.000000
vn 0.948984 -0.315324 0.000000
vn 0.849301 -0.527909 0.000000
vn 0.838811 -0.544423 0.000000
vn 0.849302 -0.527907 0.000000
vn 0.849302 -0.527907 0.000000
vn 0.841394 -0.540422 0.000000
vn 0.829562 -0.558414 0.000000
vn 0.841395 -0.540421 0.000000
vn 0.841395 -0.540421 0.000000
vn 0.794123 -0.607758 0.000000
vn 0.806796 -0.590830 0.000000
vn 0.794123 -0.607757 0.000000
vn 0.794123 -0.607757 0.000000
vn 0.799701 -0.600399 0.000000
vn 0.803204 -0.595703 0.000000
vn 0.799701 -0.600399 0.000000
vn 0.799701 -0.600399 0.000000
vn 0.817252 -0.576281 0.000000
vn 0.809805 -0.586700 0.000000
vn 0.817251 -0.576282 0.000000
vn 0.817251 -0.576282 0.000000
vn 0.838521 -0.544869 0.000000
vn 0.827522 -0.561434 0.000000
vn 0.838521 -0.544869 0.000000
vn 0.838521 -0.544869 0.000000
vn 0.808273 -0.588808 0.000000
vn 0.788100 -0.615548 0.000000
vn 0.770522 -0.637413 0.000000
vn 0.770522 -0.637413 0.000000
vn 0.826228 -0.563336 0.000000
vn 0.809229 -0.587493 0.000000
vn 0.809229 -0.587493 0.000000
vn 0.548105 0.836410 0.000000
vn 0.552957 0.833210 0.000000
vn 0.548105 0.836410 0.000000
vn 0.548105 0.836410 0.000000
vn 0.557739 0.830017 0.000000
vn 0.557739 0.830017 0.000000
vn 0.842169 -0.539214 0.000000
vn 0.840459 -0.541876 0.000000
vn 0.842168 -0.539215 0.000000
vn 0.842168 -0.539215 0.000000
vn 0.838522 -0.544869 0.000000
vn 0.838522 -0.544869 0.000000
vn 0.816507 -0.577336 0.000000
vn 0.816895 -0.576786 0.000000
vn 0.816507 -0.577336 0.000000
vn 0.816507 -0.577336 0.000000
vn 0.817252 -0.576281 0.000000
vn 0.817252 -0.576281 0.000000
vn 0.801051 -0.598596 0.000000
vn 0.800511 -0.599318 0.000000
vn 0.801050 -0.598598 0.000000
vn 0.801050 -0.598598 0.000000
vn 0.799702 -0.600398 0.000000
vn 0.799702 -0.600398 0.000000
vn 0.806184 -0.591665 0.000000
vn 0.800519 -0.599308 0.000000
vn 0.806183 -0.591666 0.000000
vn 0.806183 -0.591666 0.000000
vn 0.794121 -0.607759 0.000000
vn 0.794121 -0.607759 0.000000
vn 0.819606 -0.572928 0.000000
vn 0.829673 -0.558249 0.000000
vn 0.819606 -0.572928 0.000000
vn 0.819606 -0.572928 0.000000
vn 0.841393 -0.540423 0.000000
vn 0.841393 -0.540423 0.000000
vn 0.819014 -0.573773 0.000000
vn 0.832463 -0.554081 0.000000
vn 0.819014 -0.573773 0.000000
vn 0.819014 -0.573773 0.000000
vn 0.849300 -0.527911 0.000000
vn 0.849300 -0.527911 0.000000
vn 0.844361 -0.535774 0.000000
vn 0.844361 -0.535774 0.000000
vn 0.948984 -0.315325 0.000000
vn 0.948984 -0.315325 0.000000
vn 0.925473 -0.378813 0.000000
vn 0.925473 -0.378813 0.000000
vn 0.990389 -0.138307 0.000000
vn 0.990389 -0.138307 0.000000
vn 0.838051 0.545593 0.000000
vn 0.838050 0.545593 0.000000
vn 0.838050 0.545593 0.000000
vn 0.315058 0.949072 0.000000
vn 0.315058 0.949072 0.000000
vn 0.828897 -0.559401 0.000000
vn 0.828897 -0.559401 0.000000
vn 0.000000 1.000000 0.000000
vn 0.000000 1.000000 0.000000
vn 0.819014 -0.573774 0.000000
vn 0.819014 -0.573774 0.000000
vn 0.000000 1.000000 0.000000
vn 0.000000 1.000000 0.000000
vn 0.819606 -0.572928 0.000000
vn 0.819606 -0.572928 0.000000
vn 0.000000 1.000000 0.000000
vn 0.000000 1.000000 0.000000
vn 0.806184 -0.591665 0.000000
vn 0.806184 -0.591665 0.000000
vn 0.000000 1.000000 0.000000
vn 0.000000 1.000000 0.000000
vn 0.801054 -0.598593 0.000000
vn 0.801054 -0.598593 0.000000
vn 0.000000 1.000000 0.000000
vn 0.000000 1.000000 0.000000
vn 0.816507 -0.577335 0.000000
vn 0.816507 -0.577335 0.000000
vn -0.000066 1.000000 0.000000
vn -0.000075 1.000000 0.000000
vn -0.000075 1.000000 0.000000
vn 0.842169 -0.539214 0.000000
vn 0.842169 -0.539214 0.000000
vn 0.000000 1.000000 0.000000
vn 0.000000 1.000000 0.000000
vn 0.000000 1.000000 0.000000
vn 0.000000 1.000000 0.000000
vn 0.000000 1.000000 0.000000
vn 0.000000 1.000000 0.000000
vn 0.000000 1.000000 0.000000
vn 0.000000 1.000000 0.000000
vn 0.000000 1.000000 0.000000
vn 0.000000 1.000000 0.000000
vn 0.000000 1.000000 0.000000
vn 0.000000 1.000000 0.000000
vn 0.000000 1.000000 0.000000
vn 0.000000 1.000000 0.000000
vn 0.000000 1.000000 0.000000
vn 0.000000 1.000000 0.000000
vn 0.000036 1.000000 0.000000
vn 0.000000 1.000000 0.000000
vn 0.000000 1.000000 0.000000
vn 0.000000 1.000000 0.000000
vn -0.999949 0.010132 0.000000
vn -0.999992 -0.004050 0.000000
vn -1.000000 -0.000229 0.000000
vn -1.000000 -0.000229 0.000000
vn 0.000002 1.000000 0.000000
vn -0.107965 0.994155 0.000000
vn 0.000003 1.000000 0.000000
vn 0.000003 1.000000 0.000000
vn -0.838049 0.545596 0.000000
vn -0.839644 0.543137 0.000000
vn -0.838049 0.545596 0.000000
vn -0.838049 0.545596 0.000000
vn -0.315057 0.949073 0.000000
vn -0.413356 0.910570 0.000000
vn -0.315056 0.949073 0.000000
vn -0.315056 0.949073 0.000000
vn -0.495638 0.868529 0.000000
vn -0.458132 0.888884 0.000000
vn -0.458132 0.888884 0.000000
vn -0.869596 0.493765 0.000000
vn -0.840865 0.541244 0.000000
vn -0.840865 0.541244 0.000000
vn -0.898588 0.438794 0.000000
vn -0.898588 0.438794 0.000000
vn -0.990389 -0.138308 0.000000
vn -0.963230 -0.268679 0.000000
vn -0.990389 -0.138308 0.000000
vn -0.990389 -0.138308 0.000000
vn -0.939676 -0.342067 0.000000
vn -0.946458 -0.322826 0.000000
vn -0.946458 -0.322826 0.000000
vn -0.925472 -0.378815 0.000000
vn -0.905748 -0.423816 0.000000
vn -0.925472 -0.378817 0.000000
vn -0.925472 -0.378817 0.000000
vn -0.914822 -0.403857 0.000000
vn -0.897560 -0.440893 0.000000
vn -0.897560 -0.440893 0.000000
vn -0.844363 -0.535771 0.000000
vn -0.836411 -0.548103 0.000000
vn -0.844366 -0.535767 0.000000
vn -0.844366 -0.535767 0.000000
vn -0.828899 -0.559399 0.000000
vn -0.828900 -0.559397 0.000000
vn -0.828900 -0.559397 0.000000
vn -0.948984 -0.315325 0.000000
vn -0.937914 -0.346868 0.000000
vn -0.948984 -0.315324 0.000000
vn -0.948984 -0.315324 0.000000
vn -0.905645 -0.424037 0.000000
vn -0.933164 -0.359451 0.000000
vn -0.933164 -0.359451 0.000000
vn -0.838811 -0.544423 0.000000
vn -0.849301 -0.527908 0.000000
vn -0.849302 -0.527907 0.000000
vn -0.849302 -0.527907 0.000000
vn -0.829562 -0.558414 0.000000
vn -0.841394 -0.540422 0.000000
vn -0.841395 -0.540421 0.000000
vn -0.841395 -0.540421 0.000000
vn -0.806796 -0.590830 0.000000
vn -0.794123 -0.607758 0.000000
vn -0.794123 -0.607757 0.000000
vn -0.794123 -0.607757 0.000000
vn -0.803205 -0.595703 0.000000
vn -0.799701 -0.600399 0.000000
vn -0.799701 -0.600399 0.000000
vn -0.799701 -0.600399 0.000000
vn -0.809805 -0.586700 0.000000
vn -0.817252 -0.576281 0.000000
vn -0.817251 -0.576282 0.000000
vn -0.817251 -0.576282 0.000000
vn -0.827522 -0.561434 0.000000
vn -0.838522 -0.544869 0.000000
vn -0.838521 -0.544869 0.000000
vn -0.838521 -0.544869 0.000000
vn -0.826228 -0.563336 0.000000
vn -0.785030 -0.619458 0.000000
vn -0.809229 -0.587493 0.000000
vn -0.809229 -0.587493 0.000000
vn -0.799695 -0.600407 0.000000
vn -0.764941 -0.644100 0.000000
vn -0.764941 -0.644100 0.000000
vn -0.557739 0.830017 0.000000
vn -0.557739 0.830017 0.000000
vn -0.557739 0.830017 0.000000
vn -0.840459 -0.541876 0.000000
vn -0.838522 -0.544869 0.000000
vn -0.838522 -0.544869 0.000000
vn -0.842169 -0.539214 0.000000
vn -0.842168 -0.539215 0.000000
vn -0.842168 -0.539215 0.000000
vn -0.816895 -0.576786 0.000000
vn -0.817252 -0.576281 0.000000
vn -0.817252 -0.576281 0.000000
vn -0.816507 -0.577336 0.000000
vn -0.816507 -0.577336 0.000000
vn -0.816507 -0.577336 0.000000
vn -0.800511 -0.599318 0.000000
vn -0.799702 -0.600398 0.000000
vn -0.799702 -0.600398 0.000000
vn -0.801051 -0.598596 0.000000
vn -0.801050 -0.598598 0.000000
vn -0.801050 -0.598598 0.000000
vn -0.800519 -0.599308 0.000000
vn -0.794121 -0.607759 0.000000
vn -0.794121 -0.607759 0.000000
vn -0.806184 -0.591665 0.000000
vn -0.806183 -0.591666 0.000000
vn -0.806183 -0.591666 0.000000
vn -0.829673 -0.558249 0.000000
vn -0.841394 -0.540423 0.000000
vn -0.841394 -0.540423 0.000000
vn -0.819606 -0.572928 0.000000
vn -0.819606 -0.572928 0.000000
vn -0.819606 -0.572928 0.000000
vn -0.832463 -0.554081 0.000000
vn -0.849300 -0.527910 0.000000
vn -0.849300 -0.527910 0.000000
vn -0.819014 -0.573773 0.000000
vn -0.819014 -0.573773 0.000000
vn -0.819014 -0.573773 0.000000
vn -0.844361 -0.535774 0.000000
vn -0.844361 -0.535774 0.000000
vn -0.948984 -0.315325 0.000000
vn -0.948984 -0.315325 0.000000
vn -0.925473 -0.378813 0.000000
vn -0.925473 -0.378813 0.000000
vn -0.990389 -0.138307 0.000000
vn -0.990389 -0.138307 0.000000
vn -0.315058 0.949072 0.000000
vn -0.315058 0.949072 0.000000
vn -0.828897 -0.559401 0.000000
vn -0.828897 -0.559401 0.000000
vn 0.000000 1.000000 0.000000
vn 0.000000 1.000000 0.000000
vn -0.819014 -0.573774 0.000000
vn -0.819014 -0.573774 0.000000
vn 0.000000 1.000000 0.000000
vn 0.000000 1.000000 0.000000
vn -0.819606 -0.572928 0.000000
vn -0.819606 -0.572928 0.000000
vn 0.000000 1.000000 0.000000
vn 0.000000 1.000000 0.000000
vn -0.806184 -0.591665 0.000000
vn -0.806184 -0.591665 0.000000
vn 0.000000 1.000000 0.000000
vn 0.000000 1.000000 0.000000
vn -0.801054 -0.598593 0.000000
vn -0.801054 -0.598593 0.000000
vn 0.000000 1.000000 0.000000
vn 0.000000 1.000000 0.000000
vn -0.816507 -0.577335 0.000000
vn -0.816507 -0.577335 0.000000
vn 0.000066 1.000000 0.000000
vn 0.000075 1.000000 0.000000
vn 0.000075 1.000000 0.000000
vn -0.842169 -0.539214 0.000000
vn -0.842169 -0.539214 0.000000
vn 0.816520 -0.577317 -0.000024
vn 0.825266 -0.564744 -0.000024
vn 0.816517 -0.577322 0.000000
vn 0.816517 -0.577322 0.000000
vn 0.841177 -0.540760 -0.000018
vn 0.841184 -0.540750 0.000000
vn 0.841186 -0.540746 0.000000
vn -0.829468 -0.558554 0.000000
vn -0.842789 -0.538244 0.000000
vn -0.842789 -0.538244 0.000000
vn -0.842791 -0.538241 0.000000
vn -0.825149 -0.564915 0.000002
vn -0.815803 -0.578331 0.000003
vn -0.815802 -0.578332 0.000000
vn -0.815802 -0.578332 0.000000
vn -0.829183 -0.558977 0.000000
vn -0.837333 -0.546693 0.000000
vn -0.837333 -0.546693 0.000000
vn -0.822077 -0.569376 0.000000
vn -0.822077 -0.569376 0.000000
vn 0.819133 -0.573604 -0.000003
vn 0.826344 -0.563165 0.000000
vn 0.806675 -0.590996 0.000000
vn 0.806675 -0.590996 0.000000
vn 0.851241 -0.524776 0.000000
vn 0.851241 -0.524776 0.000000
vn -0.000031 1.000000 0.000000
vn -0.000059 1.000000 0.000000
vn -0.000059 1.000000 0.000000
vn 0.000000 1.000000 0.000000
vn 0.000000 1.000000 0.000000
vn 0.000000 1.000000 0.000000
vn 0.000000 1.000000 0.000000
vn 0.000000 1.000000 0.000000
vn 0.000000 1.000000 0.000000
vn 0.000000 1.000000 0.000000
vn 0.000000 1.000000 0.000000
vn 0.000000 1.000000 0.000000
vn 0.000031 1.000000 0.000000
vn 0.000059 1.000000 0.000000
vn 0.000059 1.000000 0.000000
vn 0.000000 1.000000 0.000000
vn 0.000000 1.000000 0.000000
vn 0.000000 1.000000 0.000000
vn 0.000000 1.000000 0.000000
vn 0.000000 1.000000 0.000000
vn 0.000000 1.000000 0.000000
vn 0.000000 1.000000 0.000000
vn 0.000000 1.000000 0.000000
vn -0.000000 0.000000 -1.000000
vn -0.000000 0.000000 -1.000000
vn -0.842788 -0.538245 0.000000
vn 0.000000 0.000000 1.000000
vn 0.000000 0.000000 1.000000
vn 0.841180 -0.540755 0.000000
vn 0.000016 -0.000012 -1.000000
vn 0.000031 -0.000024 -1.000000
vn 0.000031 -0.000024 -1.000000
vn 0.000030 -0.000006 -1.000000
vn 0.000000 -0.000000 -1.000000
vn 0.000021 0.000000 -1.000000
vn 0.000043 0.000000 -1.000000
vn 0.000043 0.000000 -1.000000
vn -0.001064 0.000493 0.999999
vn 0.000000 0.000000 1.000000
vn -0.002893 0.001341 0.999995
vn 0.000000 -0.000000 1.000000
vn 0.000000 -0.000000 1.000000
vn -1.000000 0.000001 0.000000
vn -1.000000 0.000001 0.000000
vn -1.000000 0.000001 0.000000
vn -1.000000 0.000001 0.000000
vn 0.000002 1.000000 0.000000
vn 0.000002 1.000000 0.000000
vn 0.000002 1.000000 0.000000
vn 0.000002 1.000000 0.000000
vn 0.000000 1.000000 0.000000
vn 0.000000 1.000000 0.000000
vn 0.000000 1.000000 0.000000
vn 0.000000 1.000000 0.000000
vn 0.000000 1.000000 0.000000
vn 0.000000 1.000000 0.000000
vn 0.000000 1.000000 0.000000
vn 0.000000 1.000000 0.000000
vn 0.000000 1.000000 0.000000
vn -0.000036 1.000000 0.000000
vn -1.000000 0.000000 0.000000
vn -1.000000 0.000000 0.000000
vn -1.000000 0.000000 0.000000
vn -1.000000 0.000000 0.000000
vn -1.000000 0.000000 0.000000
vn -1.000000 0.000000 0.000000
vn -1.000000 0.000000 0.000000
vn -1.000000 0.000000 0.000000
vn -1.000000 -0.000962 0.000000
vn -1.000000 -0.000961 0.000000
vn -1.000000 -0.000961 0.000000
vn -1.000000 -0.000962 0.000000
vn 0.999992 -0.004050 0.000000
vn 0.999949 0.010132 0.000000
vn 0.107965 0.994155 0.000000
vn -0.000002 1.000000 0.000000
vn 0.001847 -0.999998 0.000000
vn 0.001847 -0.999998 0.000000
vn 0.001847 -0.999998 0.000000
vn 0.001847 -0.999998 0.000000
vn -0.999999 0.001434 0.000000
vn -0.999999 0.001434 0.000000
vn -0.999999 0.001434 0.000000
vn -0.999999 0.001434 0.000000
vn -1.000000 -0.000543 0.000000
vn -0.999988 -0.004890 0.000000
vn -0.999988 -0.004890 0.000000
vn -1.000000 -0.000543 0.000000
vn -1.000000 -0.000385 0.000000
vn -1.000000 -0.000385 0.000000
vn 0.839644 0.543137 0.000000
vn 0.838050 0.545594 0.000000
vn 0.413356 0.910570 0.000000
vn 0.315057 0.949073 0.000000
vn 0.495638 0.868529 0.000000
vn 0.869596 0.493765 0.000000
vn 0.963230 -0.268679 0.000000
vn 0.990389 -0.138308 0.000000
vn 0.939675 -0.342067 0.000000
vn 0.905749 -0.423816 0.000000
vn 0.925473 -0.378815 0.000000
vn 0.914822 -0.403857 0.000000
vn 0.836411 -0.548102 0.000000
vn 0.844364 -0.535771 0.000000
vn 0.828899 -0.559398 0.000000
vn 0.937914 -0.346869 0.000000
vn 0.948984 -0.315325 0.000000
vn 0.905645 -0.424037 0.000000
vn 0.849301 -0.527909 0.000000
vn 0.838811 -0.544423 0.000000
vn 0.841394 -0.540422 0.000000
vn 0.829562 -0.558415 0.000000
vn 0.794123 -0.607757 0.000000
vn 0.806795 -0.590831 0.000000
vn 0.799701 -0.600399 0.000000
vn 0.803204 -0.595704 0.000000
vn 0.817252 -0.576281 0.000000
vn 0.809805 -0.586700 0.000000
vn 0.838522 -0.544868 0.000000
vn 0.827521 -0.561434 0.000000
vn 0.788100 -0.615548 0.000000
vn 0.826228 -0.563335 0.000000
vn 0.808273 -0.588808 0.000000
vn 0.548105 0.836410 0.000000
vn 0.553119 0.833102 0.000000
vn 0.000776 -1.000000 0.000000
vn 0.000776 -1.000000 0.000000
vn 0.000776 -1.000000 0.000000
vn 0.000776 -1.000000 0.000000
vn 0.000386 -1.000000 0.000000
vn 0.000000 -1.000000 0.000000
vn 0.000000 -1.000000 0.000000
vn 0.000386 -1.000000 0.000000
vn -0.000000 -1.000000 0.000000
vn -0.000000 -1.000000 0.000000
vn -0.000000 -1.000000 0.000000
vn -0.000000 -1.000000 0.000000
vn 0.000000 -1.000000 0.000000
vn 0.000000 -1.000000 0.000000
vn 0.000000 -1.000000 0.000000
vn 0.000000 -1.000000 0.000000
vn 0.000000 -1.000000 0.000000
vn 0.000000 -1.000000 0.000000
vn 0.000000 -1.000000 0.000000
vn 0.000000 -1.000000 0.000000
vn 0.000000 -1.000000 0.000000
vn 0.000000 -1.000000 0.000000
vn 0.000000 -1.000000 0.000000
vn 0.000000 -1.000000 0.000000
vn 0.000000 -1.000000 0.000000
vn 0.000000 -1.000000 0.000000
vn 0.000000 -1.000000 0.000000
vn 0.000000 -1.000000 0.000000
vn 0.000000 -1.000000 0.000000
vn -0.000000 -1.000000 0.000000
vn -0.000000 -1.000000 0.000000
vn 0.000000 -1.000000 0.000000
vn -1.000000 0.000000 0.000000
vn -1.000000 0.000000 0.000000
vn -1.000000 0.000000 0.000000
vn -1.000000 0.000000 0.000000
vn 0.000000 1.000000 0.000000
vn 0.000000 1.000000 0.000000
vn 0.000000 1.000000 0.000000
vn 0.000000 1.000000 0.000000
vn 0.840458 -0.541876 0.000000
vn 0.842169 -0.539214 0.000000
vn -1.000000 0.000000 0.000000
vn -1.000000 0.000000 0.000000
vn -1.000000 0.000000 0.000000
vn -1.000000 0.000000 0.000000
vn 0.000000 1.000000 0.000000
vn 0.000000 1.000000 0.000000
vn 0.000000 1.000000 0.000000
vn 0.000000 1.000000 0.000000
vn 0.816896 -0.576786 0.000000
vn 0.816507 -0.577336 0.000000
vn -1.000000 0.000000 0.000000
vn -1.000000 0.000000 0.000000
vn -1.000000 0.000000 0.000000
vn -1.000000 0.000000 0.000000
vn -0.000005 1.000000 0.000000
vn -0.000005 1.000000 0.000000
vn -0.000005 1.000000 0.000000
vn -0.000005 1.000000 0.000000
vn 0.800512 -0.599317 0.000000
vn 0.801051 -0.598596 0.000000
vn -1.000000 0.000000 0.000000
vn -1.000000 0.000000 0.000000
vn -1.000000 0.000000 0.000000
vn -1.000000 0.000000 0.000000
vn 0.000000 1.000000 0.000000
vn 0.000000 1.000000 0.000000
vn 0.000000 1.000000 0.000000
vn 0.000000 1.000000 0.000000
vn 0.800519 -0.599307 0.000000
vn 0.806184 -0.591665 0.000000
vn -1.000000 0.000000 0.000000
vn -1.000000 0.000000 0.000000
vn -1.000000 0.000000 0.000000
vn -1.000000 0.000000 0.000000
vn 0.000000 1.000000 0.000000
vn 0.000000 1.000000 0.000000
vn 0.000000 1.000000 0.000000
vn 0.000000 1.000000 0.000000
vn 0.829673 -0.558249 0.000000
vn 0.819605 -0.572929 0.000000
vn -1.000000 -0.000002 0.000000
vn -1.000000 -0.000002 0.000000
vn -1.000000 -0.000002 0.000000
vn -1.000000 -0.000002 0.000000
vn 0.000000 1.000000 0.000000
vn 0.000000 1.000000 0.000000
vn 0.000000 1.000000 0.000000
vn 0.000000 1.000000 0.000000
vn 0.832462 -0.554081 0.000000
vn 0.819014 -0.573773 0.000000
vn 0.000000 1.000000 0.000000
vn 0.000000 1.000000 0.000000
vn 0.000000 1.000000 0.000000
vn 0.000000 1.000000 0.000000
vn -1.000000 0.000000 0.000000
vn -1.000000 0.000000 0.000000
vn 0.000000 1.000000 0.000000
vn 0.000000 1.000000 0.000000
vn 0.000000 1.000000 0.000000
vn 0.000000 1.000000 0.000000
vn -1.000000 0.000000 0.000000
vn -1.000000 0.000000 0.000000
vn 0.838050 0.545593 0.000000
vn 0.000264 -1.000000 0.000000
vn 0.000264 -1.000000 0.000000
vn 0.000264 -1.000000 0.000000
vn 0.000264 -1.000000 0.000000
vn -1.000000 -0.000546 0.000000
vn -1.000000 -0.000546 0.000000
vn -1.000000 -0.000546 0.000000
vn -1.000000 -0.000546 0.000000
vn 0.002519 -0.999997 0.000000
vn 0.002519 -0.999997 0.000000
vn 0.002519 -0.999997 0.000000
vn 0.002519 -0.999997 0.000000
vn -0.999987 -0.005102 0.000000
vn -0.999987 -0.005102 0.000000
vn -0.999987 -0.005102 0.000000
vn -0.999987 -0.005102 0.000000
vn -1.000000 0.000000 0.000000
vn -1.000000 0.000000 0.000000
vn -1.000000 0.000000 0.000000
vn -1.000000 0.000000 0.000000
vn 0.000000 1.000000 0.000000
vn 0.000000 1.000000 0.000000
vn 0.000000 1.000000 0.000000
vn 0.000000 1.000000 0.000000
vn -1.000000 -0.000001 0.000000
vn -1.000000 -0.000001 0.000000
vn -1.000000 -0.000001 0.000000
vn -1.000000 -0.000001 0.000000
vn 0.000000 1.000000 0.000000
vn 0.000000 1.000000 0.000000
vn 0.000000 1.000000 0.000000
vn 0.000000 1.000000 0.000000
vn -1.000000 0.000000 0.000000
vn -1.000000 0.000000 0.000000
vn -1.000000 0.000000 0.000000
vn -1.000000 0.000000 0.000000
vn 0.000000 1.000000 0.000000
vn 0.000000 1.000000 0.000000
vn 0.000000 1.000000 0.000000
vn 0.000000 1.000000 0.000000
vn -1.000000 0.000000 0.000000
vn -1.000000 0.000000 0.000000
vn -1.000000 0.000000 0.000000
vn -1.000000 0.000000 0.000000
vn 0.000000 1.000000 0.000000
vn 0.000000 1.000000 0.000000
vn 0.000000 1.000000 0.000000
vn 0.000000 1.000000 0.000000
vn -1.000000 0.000000 0.000000
vn -1.000000 0.000000 0.000000
vn -1.000000 0.000000 0.000000
vn -1.000000 0.000000 0.000000
vn 0.000000 1.000000 0.000000
vn 0.000000 1.000000 0.000000
vn 0.000000 1.000000 0.000000
vn 0.000000 1.000000 0.000000
vn -1.000000 0.000000 0.000000
vn -1.000000 0.000000 0.000000
vn -1.000000 0.000000 0.000000
vn -1.000000 0.000000 0.000000
vn 0.000000 1.000000 0.000000
vn 0.000000 1.000000 0.000000
vn 0.000000 1.000000 0.000000
vn 0.000000 1.000000 0.000000
vn -0.000066 1.000000 0.000000
vn -1.000000 0.000000 0.000000
vn -1.000000 0.000000 0.000000
vn -1.000000 0.000000 0.000000
vn -1.000000 0.000000 0.000000
vn 0.000000 1.000000 0.000000
vn 0.000000 1.000000 0.000000
vn 0.000000 1.000000 0.000000
vn 0.000000 1.000000 0.000000
vn -1.000000 0.000000 0.000000
vn -1.000000 0.000000 0.000000
vn -1.000000 0.000000 0.000000
vn -1.000000 0.000000 0.000000
vn 0.000000 1.000000 0.000000
vn 0.000000 1.000000 0.000000
vn 0.000000 1.000000 0.000000
vn 0.000000 1.000000 0.000000
vn 0.000000 -1.000000 0.000000
vn -0.000000 -1.000000 0.000000
vn -0.000002 1.000000 0.000000
vn -0.000002 1.000000 0.000000
vn -0.000002 1.000000 0.000000
vn -0.000002 1.000000 0.000000
vn 1.000000 0.000001 0.000000
vn 1.000000 0.000001 0.000000
vn 1.000000 0.000001 0.000000
vn 1.000000 0.000001 0.000000
vn 0.000000 1.000000 0.000000
vn 0.000000 1.000000 0.000000
vn 0.000000 1.000000 0.000000
vn 0.000000 1.000000 0.000000
vn 0.000000 1.000000 0.000000
vn 0.000000 1.000000 0.000000
vn 0.000000 1.000000 0.000000
vn 0.000000 1.000000 0.000000
vn 0.000036 1.000000 0.000000
vn 0.000000 1.000000 0.000000
vn 1.000000 0.000000 0.000000
vn 1.000000 0.000000 0.000000
vn 1.000000 0.000000 0.000000
vn 1.000000 0.000000 0.000000
vn 1.000000 0.000000 0.000000
vn 1.000000 0.000000 0.000000
vn 1.000000 0.000000 0.000000
vn 1.000000 0.000000 0.000000
vn 1.000000 -0.000961 0.000000
vn 1.000000 -0.000962 0.000000
vn 1.000000 -0.000962 0.000000
vn 1.000000 -0.000961 0.000000
vn -0.999949 0.010132 0.000000
vn -0.999992 -0.004050 0.000000
vn 0.000002 1.000000 0.000000
vn -0.107965 0.994155 0.000000
vn 0.999999 0.001435 0.000000
vn 0.999999 0.001434 0.000000
vn 0.999999 0.001434 0.000000
vn 0.999999 0.001435 0.000000
vn -0.001847 -0.999998 0.000000
vn -0.001847 -0.999998 0.000000
vn -0.001847 -0.999998 0.000000
vn -0.001847 -0.999998 0.000000
vn 0.999994 -0.003601 0.000000
vn 0.999994 -0.003601 0.000000
vn 0.999994 -0.003601 0.000000
vn 0.999994 -0.003601 0.000000
vn -0.002519 -0.999997 0.000000
vn -0.002519 -0.999997 0.000000
vn -0.002519 -0.999997 0.000000
vn -0.002519 -0.999997 0.000000
vn 0.999988 -0.004890 0.000000
vn 1.000000 -0.000543 0.000000
vn 1.000000 -0.000543 0.000000
vn 0.999988 -0.004890 0.000000
vn 1.000000 -0.000385 0.000000
vn 1.000000 -0.000385 0.000000
vn -0.838049 0.545596 0.000000
vn -0.839644 0.543137 0.000000
vn -0.413356 0.910570 0.000000
vn -0.495638 0.868529 0.000000
vn -0.315057 0.949073 0.000000
vn -0.869596 0.493765 0.000000
vn -0.963230 -0.268679 0.000000
vn -0.939675 -0.342067 0.000000
vn -0.990389 -0.138308 0.000000
vn -0.905749 -0.423816 0.000000
vn -0.914822 -0.403857 0.000000
vn -0.925473 -0.378815 0.000000
vn -0.836411 -0.548103 0.000000
vn -0.828899 -0.559398 0.000000
vn -0.844363 -0.535771 0.000000
vn -0.937914 -0.346868 0.000000
vn -0.905645 -0.424036 0.000000
vn -0.948984 -0.315325 0.000000
vn -0.838811 -0.544423 0.000000
vn -0.849301 -0.527909 0.000000
vn -0.829562 -0.558415 0.000000
vn -0.841394 -0.540423 0.000000
vn -0.806795 -0.590831 0.000000
vn -0.794123 -0.607757 0.000000
vn -0.803204 -0.595704 0.000000
vn -0.799701 -0.600399 0.000000
vn -0.809805 -0.586700 0.000000
vn -0.817252 -0.576281 0.000000
vn -0.827522 -0.561434 0.000000
vn -0.838522 -0.544868 0.000000
vn -0.785030 -0.619458 0.000000
vn -0.799694 -0.600408 0.000000
vn -0.826228 -0.563335 0.000000
vn -0.557739 0.830017 0.000000
vn -0.000776 -1.000000 0.000000
vn -0.002188 -0.999998 0.000000
vn -0.002188 -0.999998 0.000000
vn -0.000776 -1.000000 0.000000
vn 0.000000 -1.000000 0.000000
vn -0.000386 -1.000000 0.000000
vn -0.000386 -1.000000 0.000000
vn 0.000000 -1.000000 0.000000
vn 0.000000 -1.000000 0.000000
vn 0.000000 -1.000000 0.000000
vn 0.000000 -1.000000 0.000000
vn 0.000000 -1.000000 0.000000
vn -0.000000 -1.000000 0.000000
vn -0.000000 -1.000000 0.000000
vn -0.000000 -1.000000 0.000000
vn -0.000000 -1.000000 0.000000
vn 0.000000 -1.000000 0.000000
vn 0.000000 -1.000000 0.000000
vn 0.000000 -1.000000 0.000000
vn 0.000000 -1.000000 0.000000
vn -0.000000 -1.000000 0.000000
vn -0.000000 -1.000000 0.000000
vn -0.000000 -1.000000 0.000000
vn -0.000000 -1.000000 0.000000
vn 0.000000 -1.000000 0.000000
vn 0.000000 -1.000000 0.000000
vn 0.000000 -1.000000 0.000000
vn 0.000000 -1.000000 0.000000
vn 0.000000 -1.000000 0.000000
vn 0.000000 -1.000000 0.000000
vn 0.000000 -1.000000 0.000000
vn 0.000000 -1.000000 0.000000
vn 0.000000 1.000000 0.000000
vn 0.000000 1.000000 0.000000
vn 0.000000 1.000000 0.000000
vn 0.000000 1.000000 0.000000
vn 1.000000 0.000000 0.000000
vn 1.000000 0.000000 0.000000
vn 1.000000 0.000000 0.000000
vn 1.000000 0.000000 0.000000
vn -0.840458 -0.541876 0.000000
vn -0.842169 -0.539214 0.000000
vn 0.000000 1.000000 0.000000
vn 0.000000 1.000000 0.000000
vn 0.000000 1.000000 0.000000
vn 0.000000 1.000000 0.000000
vn 1.000000 0.000000 0.000000
vn 1.000000 0.000000 0.000000
vn 1.000000 0.000000 0.000000
vn 1.000000 0.000000 0.000000
vn -0.816896 -0.576786 0.000000
vn -0.816507 -0.577336 0.000000
vn 0.000005 1.000000 0.000000
vn 0.000005 1.000000 0.000000
vn 0.000005 1.000000 0.000000
vn 0.000005 1.000000 0.000000
vn 1.000000 0.000000 0.000000
vn 1.000000 0.000000 0.000000
vn 1.000000 0.000000 0.000000
vn 1.000000 0.000000 0.000000
vn -0.800512 -0.599317 0.000000
vn -0.801051 -0.598596 0.000000
vn 0.000000 1.000000 0.000000
vn 0.000000 1.000000 0.000000
vn 0.000000 1.000000 0.000000
vn 0.000000 1.000000 0.000000
vn 1.000000 0.000000 0.000000
vn 1.000000 0.000000 0.000000
vn 1.000000 0.000000 0.000000
vn 1.000000 0.000000 0.000000
vn -0.800519 -0.599307 0.000000
vn -0.806184 -0.591665 0.000000
vn 0.000000 1.000000 0.000000
vn 0.000000 1.000000 0.000000
vn 0.000000 1.000000 0.000000
vn 0.000000 1.000000 0.000000
vn 1.000000 0.000000 0.000000
vn 1.000000 0.000000 0.000000
vn 1.000000 0.000000 0.000000
vn 1.000000 0.000000 0.000000
vn -0.829674 -0.558249 0.000000
vn -0.819606 -0.572928 0.000000
vn 0.000000 1.000000 0.000000
vn 0.000000 1.000000 0.000000
vn 0.000000 1.000000 0.000000
vn 0.000000 1.000000 0.000000
vn 1.000000 -0.000001 0.000000
vn 1.000000 -0.000001 0.000000
vn 1.000000 -0.000001 0.000000
vn 1.000000 -0.000001 0.000000
vn -0.832463 -0.554081 0.000000
vn -0.819014 -0.573773 0.000000
vn 1.000000 0.000000 0.000000
vn 1.000000 0.000000 0.000000
vn 0.000000 1.000000 0.000000
vn 0.000000 1.000000 0.000000
vn 0.000000 1.000000 0.000000
vn 0.000000 1.000000 0.000000
vn 1.000000 0.000000 0.000000
vn 1.000000 0.000000 0.000000
vn 0.000000 1.000000 0.000000
vn 0.000000 1.000000 0.000000
vn 0.000000 1.000000 0.000000
vn 0.000000 1.000000 0.000000
vn 0.999999 0.001437 0.000000
vn 0.999999 0.001437 0.000000
vn -0.003668 -0.999993 0.000000
vn -0.003668 -0.999993 0.000000
vn 0.000000 1.000000 0.000000
vn 0.000000 1.000000 0.000000
vn 0.000000 1.000000 0.000000
vn 0.000000 1.000000 0.000000
vn 1.000000 0.000000 0.000000
vn 1.000000 0.000000 0.000000
vn 1.000000 0.000000 0.000000
vn 1.000000 0.000000 0.000000
vn 0.000000 1.000000 0.000000
vn 0.000000 1.000000 0.000000
vn 0.000000 1.000000 0.000000
vn 0.000000 1.000000 0.000000
vn 1.000000 -0.000001 0.000000
vn 1.000000 -0.000001 0.000000
vn 1.000000 -0.000001 0.000000
vn 1.000000 -0.000001 0.000000
vn 0.000000 1.000000 0.000000
vn 0.000000 1.000000 0.000000
vn 0.000000 1.000000 0.000000
vn 0.000000 1.000000 0.000000
vn 1.000000 0.000000 0.000000
vn 1.000000 0.000000 0.000000
vn 1.000000 0.000000 0.000000
vn 1.000000 0.000000 0.000000
vn 0.000000 1.000000 0.000000
vn 0.000000 1.000000 0.000000
vn 0.000000 1.000000 0.000000
vn 0.000000 1.000000 0.000000
vn 1.000000 0.000000 0.000000
vn 1.000000 0.000000 0.000000
vn 1.000000 0.000000 0.000000
vn 1.000000 0.000000 0.000000
vn 0.000000 1.000000 0.000000
vn 0.000000 1.000000 0.000000
vn 0.000000 1.000000 0.000000
vn 0.000000 1.000000 0.000000
vn 1.000000 0.000000 0.000000
vn 1.000000 0.000000 0.000000
vn 1.000000 0.000000 0.000000
vn 1.000000 0.000000 0.000000
vn 0.000000 1.000000 0.000000
vn 0.000000 1.000000 0.000000
vn 0.000000 1.000000 0.000000
vn 0.000000 1.000000 0.000000
vn 1.000000 0.000000 0.000000
vn 1.000000 0.000000 0.000000
vn 1.000000 0.000000 0.000000
vn 1.000000 0.000000 0.000000
vn 0.000066 1.000000 0.000000
vn 0.000000 1.000000 0.000000
vn 0.000000 1.000000 0.000000
vn 0.000000 1.000000 0.000000
vn 0.000000 1.000000 0.000000
vn 1.000000 0.000000 0.000000
vn 1.000000 0.000000 0.000000
vn 1.000000 0.000000 0.000000
vn 1.000000 0.000000 0.000000
vn 0.000000 1.000000 0.000000
vn 0.000000 1.000000 0.000000
vn 0.000000 1.000000 0.000000
vn 0.000000 1.000000 0.000000
vn 1.000000 -0.000282 0.000000
vn 1.000000 -0.000282 0.000000
vn 1.000000 -0.000282 0.000000
vn 1.000000 -0.000282 0.000000
vn 0.000000 1.000000 0.000000
vn 0.000000 1.000000 0.000000
vn 0.000000 1.000000 0.000000
vn 0.000000 1.000000 0.000000
vn -1.000000 -0.000006 -0.000008
vn -1.000000 -0.000006 -0.000008
vn -1.000000 -0.000006 -0.000008
vn -1.000000 -0.000006 -0.000008
vn 0.000000 1.000000 0.000000
vn 0.000000 1.000000 0.000000
vn 0.000000 1.000000 0.000000
vn 0.000000 1.000000 0.000000
vn 1.000000 0.000000 0.000000
vn 1.000000 0.000000 0.000000
vn 1.000000 0.000000 0.000000
vn 1.000000 0.000000 0.000000
vn 0.825266 -0.564744 -0.000056
vn 0.841168 -0.540774 -0.000041
vn 0.816524 -0.577311 -0.000056
vn -0.829469 -0.558554 0.000000
vn -0.842789 -0.538244 0.000000
vn -0.829179 -0.558983 0.000000
vn 0.826344 -0.563166 0.000000
vn 0.819129 -0.573610 -0.000006
vn -0.000031 1.000000 0.000000
vn 0.000000 1.000000 0.000000
vn 0.000000 1.000000 0.000000
vn 0.000000 1.000000 0.000000
vn 0.000031 1.000000 0.000000
vn 0.000000 1.000000 0.000000
vn 0.000000 1.000000 0.000000
vn -0.825150 -0.564914 0.000004
vn -0.815804 -0.578329 0.000006
vn 0.000003 1.000000 -0.000008
vn -0.000000 1.000000 -0.000011
vn -0.000000 1.000000 -0.000011
vn 0.000003 1.000000 -0.000008
vn 0.000006 1.000000 -0.000005
vn 0.000006 1.000000 -0.000005
s 1
g pPlane1
usemtl initialShadingGroup
f 873/386/1 874/21/2 875/146/3 876/385/4
f 878/377/5 877/23/6 879/76/7 880/376/8
f 882/374/9 881/24/10 883/101/11 884/373/12
f 886/378/13 885/22/14 877/23/6 878/377/5
f 887/282/15 888/82/16 889/142/17 890/281/18
f 891/273/19 892/274/20 893/31/21 894/32/22
f 895/272/23 891/273/19 894/32/22 896/72/24
f 897/269/25 898/270/26 899/33/27 900/97/28
f 901/332/29 902/81/30 903/144/31 904/331/32
f 905/323/33 906/324/34 907/26/35 908/27/36
f 909/322/37 905/323/33 908/27/36 910/74/38
f 911/319/39 912/320/40 913/28/41 914/99/42
f 915/240/43 916/91/44 917/140/45 918/239/46
f 919/231/47 920/232/48 921/36/49 922/37/50
f 923/230/51 919/231/47 922/37/50 924/70/52
f 925/227/53 926/228/54 927/84/55 928/95/56
f 929/358/57 930/79/58 931/145/59 932/357/60
f 933/349/61 934/350/62 935/12/63 936/13/64
f 937/348/65 933/349/61 936/13/64 938/75/66
f 939/345/67 940/346/68 941/14/69 942/100/70
f 943/306/71 944/77/72 945/143/73 946/305/74
f 947/297/75 948/298/76 949/7/77 950/8/78
f 951/296/79 947/297/75 950/8/78 952/73/80
f 953/293/81 954/294/82 955/9/83 956/98/84
f 957/260/85 958/80/86 959/141/87 960/259/88
f 961/251/89 962/252/90 963/17/91 964/18/92
f 965/250/93 961/251/89 964/18/92 966/71/94
f 967/247/95 968/248/96 969/19/97 970/96/98
f 971/222/99 972/1828/100 973/139/101 974/221/102
f 975/213/103 976/214/104 977/5/105 978/3/106
f 979/212/107 975/213/103 978/3/106 980/3/108
f 982/218/109 981/5/110 983/160/111 984/217/112
f 986/236/113 985/40/114 987/161/115 988/235/116
f 990/256/117 989/41/118 991/162/119 992/255/120
f 994/278/121 993/42/122 995/163/123 996/277/124
f 998/302/125 997/43/126 999/164/127 1000/301/128
f 1002/328/129 1001/44/130 1003/165/131 1004/327/132
f 1006/354/133 1005/45/134 1007/166/135 1008/353/136
f 1010/382/137 1009/46/138 1011/167/139 1012/381/140
f 1014/216/141 1013/5/142 1015/172/143 1016/215/144
f 1018/234/145 1017/48/146 1019/173/147 1020/233/148
f 1022/254/149 1021/49/150 1023/174/151 1024/253/152
f 1026/276/153 1025/50/154 1027/175/155 1028/275/156
f 1030/300/157 1029/51/158 1031/176/159 1032/299/160
f 1034/326/161 1033/52/162 1035/177/163 1036/325/164
f 1038/352/165 1037/53/166 1039/178/167 1040/351/168
f 1042/380/169 1041/54/170 1043/179/171 1044/379/172
f 1046/220/173 1045/5/174 1047/149/175 1048/219/176
f 1050/238/177 1049/55/178 1051/150/179 1052/237/180
f 1054/258/181 1053/56/182 1055/151/183 1056/257/184
f 1058/280/185 1057/57/186 1059/152/187 1060/279/188
f 1062/304/189 1061/58/190 1063/153/191 1064/303/192
f 1066/330/193 1065/59/194 1067/154/195 1068/329/196
f 1070/356/197 1069/60/198 1071/155/199 1072/355/200
f 1074/384/201 1073/61/202 1075/156/203 1076/383/204
f 1077/1536/205 1078/226/206 1079/85/207 1080/1535/208
f 1081/1538/209 1082/246/210 1083/63/211 1084/1537/212
f 1085/1540/213 1086/268/214 1087/64/215 1088/1539/216
f 1089/1542/217 1090/292/218 1091/65/219 1092/1541/220
f 1093/1544/221 1094/318/222 1095/66/223 1096/1543/224
f 1097/211/225 979/212/107 980/3/108 1098/183/226
f 1099/229/227 923/230/51 924/70/52 1100/184/228
f 1101/249/229 965/250/93 966/71/94 1102/185/230
f 1103/271/231 895/272/23 896/72/24 1104/186/232
f 1105/295/233 951/296/79 952/73/80 1106/187/234
f 1107/321/235 909/322/37 910/74/38 1108/188/236
f 1109/347/237 937/348/65 938/75/66 1110/189/238
f 880/376/8 879/76/7 1111/190/239 1112/375/240
f 1113/197/241 1114/198/242 1115/5/243 1116/3/244
f 874/21/2 873/386/1 1117/387/245 1118/130/246
f 888/82/16 887/282/15 1119/283/247 1120/134/248
f 902/81/30 901/332/29 1121/333/249 1122/132/250
f 916/91/44 915/240/43 1123/241/251 1124/136/252
f 930/79/58 929/358/57 1125/359/253 1126/131/254
f 944/77/72 943/306/71 1127/307/255 1128/133/256
f 958/80/86 957/260/85 1129/261/257 1130/135/258
f 1132/1/259 1131/388/260 1133/389/261 1134/123/262
f 1136/77/263 1135/284/264 1137/285/265 1138/127/266
f 1140/79/267 1139/334/268 1141/335/269 1142/125/270
f 1144/21/271 1143/360/272 1145/361/273 1146/124/274
f 1148/81/275 1147/308/276 1149/309/277 1150/126/278
f 1152/82/279 1151/262/280 1153/263/281 1154/128/282
f 1156/1/283 1155/390/284 1157/391/285 1158/117/286
f 1160/77/287 1159/286/288 1161/287/289 1162/121/290
f 1164/79/291 1163/336/292 1165/337/293 1166/119/294
f 1168/21/295 1167/362/296 1169/363/297 1170/118/298
f 1172/81/299 1171/310/300 1173/311/301 1174/120/302
f 1176/1/303 1175/392/304 1177/393/305 1178/112/306
f 1180/79/307 1179/338/308 1181/339/309 1182/114/310
f 1184/21/311 1183/364/312 1185/365/313 1186/113/314
f 1188/81/315 1187/312/316 1189/313/317 1190/115/318
f 1192/1/319 1191/394/320 1193/395/321 1194/105/322
f 1196/79/323 1195/340/324 1197/341/325 1198/107/326
f 1200/21/327 1199/366/328 1201/367/329 1202/106/330
f 1204/1/331 1203/396/332 1205/397/333 1206/102/334
f 1208/21/335 1207/368/336 1209/369/337 1210/103/338
f 1212/1/339 1211/398/340 1213/110/341 1214/110/342
f 1215/201/343 1216/202/344 1217/5/345 1218/159/346
f 1219/199/347 1220/200/348 1221/5/349 1222/171/350
f 1223/203/351 1224/204/352 1225/5/353 1226/148/354
f 1218/159/346 1217/5/345 1227/5/355 1228/158/356
f 1222/171/350 1221/5/349 1229/5/357 1230/170/358
f 1230/170/358 1229/5/357 1231/5/359 1232/169/360
f 1113/197/361 1116/3/362 1233/3/363 1234/196/364
f 1116/3/244 1115/5/243 1235/5/365 1236/3/366
f 1237/3/367 1238/5/368 1239/5/369 1240/3/370
f 1241/209/371 1242/210/372 1243/84/373 1244/94/374
f 1245/1545/375 1246/208/376 1247/85/377 1248/1535/378
f 1249/195/379 1234/196/380 1233/3/363 1250/182/381
f 1233/3/363 1116/3/362 1236/3/382 1251/3/383
f 1250/182/381 1233/3/363 1251/3/383 1252/181/384
f 1253/193/385 1254/194/386 1255/84/387 1256/93/388
f 1251/3/383 1236/3/382 1237/3/389 1257/3/390
f 1236/3/366 1235/5/365 1238/5/368 1237/3/367
f 1252/181/384 1251/3/383 1257/3/391 1258/1546/392
f 1256/93/388 1255/84/387 1259/84/393 1260/92/394
f 1261/1547/395 1262/192/396 1263/85/397 1264/1535/398
f 1257/3/390 1237/3/389 1240/3/399 1266/3/400
f 1267/1831/401 1232/169/402 1231/5/403 1268/1845/404
f 1269/1833/405 1228/158/406 1227/5/407 1270/1844/408
f 1271/1837/409 1272/205/410 1273/1552/411 1274/1843/412
f 1275/1835/413 1226/148/414 1225/5/415 1276/1842/416
f 972/1828/100 971/222/99 1277/223/417 1278/1557/418
f 1280/1826/419 1279/242/420 1281/243/421 1282/1558/422
f 1284/1859/423 1283/264/424 1285/265/425 1286/1559/426
f 1288/1857/427 1287/288/428 1289/289/429 1290/1560/430
f 1292/1855/431 1291/314/432 1293/315/433 1294/1561/434
f 1296/1853/435 1295/342/436 1297/343/437 1298/1562/438
f 1300/1851/439 1299/370/440 1301/1563/441 1302/1868/442
f 1263/85/443 1256/93/388 1260/92/394 1306/85/444
f 1262/192/445 1253/193/385 1256/93/388 1263/85/443
f 1246/208/376 1241/209/371 1244/94/374 1247/85/377
f 1078/226/206 925/227/53 928/95/56 1079/85/207
f 1082/246/210 967/247/95 970/96/98 1083/63/211
f 1086/268/214 897/269/25 900/97/28 1087/64/215
f 1090/292/218 953/293/81 956/98/84 1091/65/219
f 1094/318/222 911/319/39 914/99/42 1095/66/223
f 1308/830/446 939/345/67 942/100/70 1309/67/447
f 884/373/12 883/101/11 1310/832/448 1311/831/449
f 1206/102/334 1205/397/333 1211/398/340 1212/1/339
f 1210/103/338 1209/369/337 1299/370/440 1300/1851/439
f 1298/1562/438 1297/343/437 1312/1565/450 1313/1867/451
f 1194/105/322 1193/395/321 1203/396/332 1204/1/331
f 1202/106/330 1201/367/329 1207/368/336 1208/21/335
f 1198/107/326 1197/341/325 1295/342/436 1296/1853/435
f 1294/1561/434 1293/315/433 1314/1566/452 1315/1865/453
f 1178/112/306 1177/393/305 1191/394/320 1192/1/319
f 1186/113/314 1185/365/313 1199/366/328 1200/21/327
f 1182/114/310 1181/339/309 1195/340/324 1196/79/323
f 1190/115/318 1189/313/317 1291/314/432 1292/1855/431
f 1290/1560/430 1289/289/429 1316/1567/454 1317/1863/455
f 1158/117/286 1157/391/285 1175/392/304 1176/1/303
f 1170/118/298 1169/363/297 1183/364/312 1184/21/311
f 1166/119/294 1165/337/293 1179/338/308 1180/79/307
f 1174/120/302 1173/311/301 1187/312/316 1188/81/315
f 1162/121/290 1161/287/289 1287/288/428 1288/1857/427
f 1286/1559/426 1285/265/425 1318/1568/456 1319/1861/457
f 1134/123/262 1133/389/261 1155/390/284 1156/1/283
f 1146/124/274 1145/361/273 1167/362/296 1168/21/295
f 1142/125/270 1141/335/269 1163/336/292 1164/79/291
f 1150/126/278 1149/309/277 1171/310/300 1172/81/299
f 1138/127/266 1137/285/265 1159/286/288 1160/77/287
f 1154/128/282 1153/263/281 1283/264/424 1284/1859/423
f 1282/1558/422 1281/243/421 1320/1569/458 1321/1841/459
f 1118/130/246 1117/387/245 1131/388/260 1132/1/259
f 1126/131/254 1125/359/253 1143/360/272 1144/21/271
f 1122/132/250 1121/333/249 1139/334/268 1140/79/267
f 1128/133/256 1127/307/255 1147/308/276 1148/81/275
f 1120/134/248 1119/283/247 1135/284/264 1136/77/263
f 1130/135/258 1129/261/257 1151/262/280 1152/82/279
f 1124/136/252 1123/241/251 1279/242/420 1280/1826/419
f 1278/1557/418 1277/223/417 1322/1570/460 1323/1839/461
f 1225/5/353 1224/204/352 1272/205/410 1271/1837/409
f 974/221/102 973/139/101 1045/5/174 1046/220/173
f 918/239/46 917/140/45 1049/55/178 1050/238/177
f 960/259/88 959/141/87 1053/56/182 1054/258/181
f 890/281/18 889/142/17 1057/57/186 1058/280/185
f 946/305/74 945/143/73 1061/58/190 1062/304/189
f 904/331/32 903/144/31 1065/59/194 1066/330/193
f 932/357/60 931/145/59 1069/60/198 1070/356/197
f 876/385/4 875/146/3 1073/61/202 1074/384/201
f 1227/5/355 1217/5/345 1226/148/414 1275/1835/413
f 1216/202/344 1223/203/351 1226/148/354 1217/5/345
f 1048/219/176 1047/149/175 981/5/110 982/218/109
f 1052/237/180 1051/150/179 985/40/114 986/236/113
f 1056/257/184 1055/151/183 989/41/118 990/256/117
f 1060/279/188 1059/152/187 993/42/122 994/278/121
f 1064/303/192 1063/153/191 997/43/126 998/302/125
f 1068/329/196 1067/154/195 1001/44/130 1002/328/129
f 1072/355/200 1071/155/199 1005/45/134 1006/354/133
f 1076/383/204 1075/156/203 1009/46/138 1010/382/137
f 1231/5/359 1229/5/357 1228/158/406 1269/1833/405
f 1221/5/349 1218/159/346 1228/158/356 1229/5/357
f 1220/200/348 1215/201/343 1218/159/346 1221/5/349
f 984/217/112 983/160/111 1013/5/142 1014/216/141
f 988/235/116 987/161/115 1017/48/146 1018/234/145
f 992/255/120 991/162/119 1021/49/150 1022/254/149
f 996/277/124 995/163/123 1025/50/154 1026/276/153
f 1000/301/128 999/164/127 1029/51/158 1030/300/157
f 1004/327/132 1003/165/131 1033/52/162 1034/326/161
f 1008/353/136 1007/166/135 1037/53/166 1038/352/165
f 1012/381/140 1011/167/139 1041/54/170 1042/380/169
f 1239/5/369 1238/5/368 1232/169/402 1267/1831/401
f 1235/5/462 1230/170/358 1232/169/360 1238/5/463
f 1115/5/464 1222/171/350 1230/170/358 1235/5/462
f 1114/198/465 1219/199/347 1222/171/350 1115/5/464
f 1016/215/144 1015/172/143 977/5/105 976/214/104
f 1020/233/148 1019/173/147 921/36/49 920/232/48
f 1024/253/152 1023/174/151 963/17/91 962/252/90
f 1028/275/156 1027/175/155 893/31/21 892/274/20
f 1032/299/160 1031/176/159 949/7/77 948/298/76
f 1036/325/164 1035/177/163 907/26/35 906/324/34
f 1040/351/168 1039/178/167 935/12/63 934/350/62
f 1044/379/172 1043/179/171 885/22/14 886/378/13
f 1259/84/466 1252/181/384 1258/1546/392 1265/84/467
f 1255/84/468 1250/182/381 1252/181/384 1259/84/466
f 1254/194/469 1249/195/379 1250/182/381 1255/84/468
f 1242/210/470 1097/211/225 1098/183/226 1243/84/471
f 926/228/54 1099/229/227 1100/184/228 927/84/55
f 968/248/96 1101/249/229 1102/185/230 969/19/97
f 898/270/26 1103/271/231 1104/186/232 899/33/27
f 954/294/82 1105/295/233 1106/187/234 955/9/83
f 912/320/40 1107/321/235 1108/188/236 913/28/41
f 940/346/68 1109/347/237 1110/189/238 941/14/69
f 1112/375/240 1111/190/239 881/24/10 882/374/9
f 1248/1535/378 1247/85/377 1262/192/396 1261/1547/395
f 1247/85/377 1244/94/374 1253/193/385 1262/192/445
f 1244/94/374 1243/84/373 1254/194/386 1253/193/385
f 1243/84/471 1098/183/226 1249/195/379 1254/194/469
f 1098/183/226 980/3/108 1234/196/380 1249/195/379
f 978/3/472 1113/197/361 1234/196/364 980/3/473
f 978/3/106 977/5/105 1114/198/242 1113/197/241
f 977/5/105 1015/172/143 1219/199/347 1114/198/465
f 1015/172/143 1013/5/142 1220/200/348 1219/199/347
f 1013/5/142 983/160/111 1215/201/343 1220/200/348
f 983/160/111 981/5/110 1216/202/344 1215/201/343
f 981/5/110 1047/149/175 1223/203/351 1216/202/344
f 1047/149/175 1045/5/174 1224/204/352 1223/203/351
f 1272/205/410 1224/204/352 1045/5/174 973/139/474
f 1273/1552/411 1272/205/410 973/139/474 972/1828/475
f 1080/1535/208 1079/85/207 1246/208/376 1245/1545/375
f 1079/85/207 928/95/56 1241/209/371 1246/208/376
f 928/95/56 927/84/55 1242/210/372 1241/209/371
f 927/84/55 1100/184/228 1097/211/225 1242/210/470
f 1100/184/228 924/70/52 979/212/107 1097/211/225
f 924/70/52 922/37/50 975/213/103 979/212/107
f 922/37/50 921/36/49 976/214/104 975/213/103
f 1019/173/147 1016/215/144 976/214/104 921/36/49
f 1017/48/146 1014/216/141 1016/215/144 1019/173/147
f 987/161/115 984/217/112 1014/216/141 1017/48/146
f 985/40/114 982/218/109 984/217/112 987/161/115
f 1051/150/179 1048/219/176 982/218/109 985/40/114
f 1049/55/178 1046/220/173 1048/219/176 1051/150/179
f 917/140/45 974/221/102 1046/220/173 1049/55/178
f 916/91/44 971/222/99 974/221/102 917/140/45
f 1277/223/417 971/222/99 916/91/44 1124/136/476
f 1322/1570/460 1277/223/417 1124/136/476 1280/1826/477
f 1084/1537/212 1083/63/211 1078/226/206 1077/1536/205
f 1083/63/211 970/96/98 925/227/53 1078/226/206
f 970/96/98 969/19/97 926/228/54 925/227/53
f 969/19/97 1102/185/230 1099/229/227 926/228/54
f 1102/185/230 966/71/94 923/230/51 1099/229/227
f 966/71/94 964/18/92 919/231/47 923/230/51
f 964/18/92 963/17/91 920/232/48 919/231/47
f 1023/174/151 1020/233/148 920/232/48 963/17/91
f 1021/49/150 1018/234/145 1020/233/148 1023/174/151
f 991/162/119 988/235/116 1018/234/145 1021/49/150
f 989/41/118 986/236/113 988/235/116 991/162/119
f 1055/151/183 1052/237/180 986/236/113 989/41/118
f 1053/56/182 1050/238/177 1052/237/180 1055/151/183
f 959/141/87 918/239/46 1050/238/177 1053/56/182
f 958/80/86 915/240/43 918/239/46 959/141/87
f 1123/241/251 915/240/43 958/80/86 1130/135/258
f 1279/242/420 1123/241/251 1130/135/258 1152/82/279
f 1281/243/421 1279/242/420 1152/82/279 1154/128/478
f 1320/1569/458 1281/243/421 1154/128/478 1284/1859/479
f 1088/1539/216 1087/64/215 1082/246/210 1081/1538/209
f 1087/64/215 900/97/28 967/247/95 1082/246/210
f 900/97/28 899/33/27 968/248/96 967/247/95
f 899/33/27 1104/186/232 1101/249/229 968/248/96
f 1104/186/232 896/72/24 965/250/93 1101/249/229
f 896/72/24 894/32/22 961/251/89 965/250/93
f 894/32/22 893/31/21 962/252/90 961/251/89
f 1027/175/155 1024/253/152 962/252/90 893/31/21
f 1025/50/154 1022/254/149 1024/253/152 1027/175/155
f 995/163/123 992/255/120 1022/254/149 1025/50/154
f 993/42/122 990/256/117 992/255/120 995/163/123
f 1059/152/187 1056/257/184 990/256/117 993/42/122
f 1057/57/186 1054/258/181 1056/257/184 1059/152/187
f 889/142/17 960/259/88 1054/258/181 1057/57/186
f 888/82/16 957/260/85 960/259/88 889/142/17
f 1129/261/257 957/260/85 888/82/16 1120/134/248
f 1151/262/280 1129/261/257 1120/134/248 1136/77/263
f 1153/263/281 1151/262/280 1136/77/263 1138/127/266
f 1283/264/424 1153/263/281 1138/127/266 1160/77/287
f 1285/265/425 1283/264/424 1160/77/287 1162/121/480
f 1318/1568/456 1285/265/425 1162/121/480 1288/1857/481
f 1092/1541/220 1091/65/219 1086/268/214 1085/1540/213
f 1091/65/219 956/98/84 897/269/25 1086/268/214
f 956/98/84 955/9/83 898/270/26 897/269/25
f 955/9/83 1106/187/234 1103/271/231 898/270/26
f 1106/187/234 952/73/80 895/272/23 1103/271/231
f 952/73/80 950/8/78 891/273/19 895/272/23
f 950/8/78 949/7/77 892/274/20 891/273/19
f 1031/176/159 1028/275/156 892/274/20 949/7/77
f 1029/51/158 1026/276/153 1028/275/156 1031/176/159
f 999/164/127 996/277/124 1026/276/153 1029/51/158
f 997/43/126 994/278/121 996/277/124 999/164/127
f 1063/153/191 1060/279/188 994/278/121 997/43/126
f 1061/58/190 1058/280/185 1060/279/188 1063/153/191
f 945/143/73 890/281/18 1058/280/185 1061/58/190
f 944/77/72 887/282/15 890/281/18 945/143/73
f 1119/283/247 887/282/15 944/77/72 1128/133/256
f 1135/284/264 1119/283/247 1128/133/256 1148/81/275
f 1137/285/265 1135/284/264 1148/81/275 1150/126/278
f 1159/286/288 1137/285/265 1150/126/278 1172/81/299
f 1161/287/289 1159/286/288 1172/81/299 1174/120/302
f 1287/288/428 1161/287/289 1174/120/302 1188/81/315
f 1289/289/429 1287/288/428 1188/81/315 1190/115/482
f 1316/1567/454 1289/289/429 1190/115/482 1292/1855/483
f 1096/1543/224 1095/66/223 1090/292/218 1089/1542/217
f 1095/66/223 914/99/42 953/293/81 1090/292/218
f 914/99/42 913/28/41 954/294/82 953/293/81
f 913/28/41 1108/188/236 1105/295/233 954/294/82
f 1108/188/236 910/74/38 951/296/79 1105/295/233
f 910/74/38 908/27/36 947/297/75 951/296/79
f 908/27/36 907/26/35 948/298/76 947/297/75
f 1035/177/163 1032/299/160 948/298/76 907/26/35
f 1033/52/162 1030/300/157 1032/299/160 1035/177/163
f 1003/165/131 1000/301/128 1030/300/157 1033/52/162
f 1001/44/130 998/302/125 1000/301/128 1003/165/131
f 1067/154/195 1064/303/192 998/302/125 1001/44/130
f 1065/59/194 1062/304/189 1064/303/192 1067/154/195
f 903/144/31 946/305/74 1062/304/189 1065/59/194
f 902/81/30 943/306/71 946/305/74 903/144/31
f 1127/307/255 943/306/71 902/81/30 1122/132/250
f 1147/308/276 1127/307/255 1122/132/250 1140/79/267
f 1149/309/277 1147/308/276 1140/79/267 1142/125/270
f 1171/310/300 1149/309/277 1142/125/270 1164/79/291
f 1173/311/301 1171/310/300 1164/79/291 1166/119/294
f 1187/312/316 1173/311/301 1166/119/294 1180/79/307
f 1189/313/317 1187/312/316 1180/79/307 1182/114/310
f 1291/314/432 1189/313/317 1182/114/310 1196/79/323
f 1293/315/433 1291/314/432 1196/79/323 1198/107/484
f 1314/1566/452 1293/315/433 1198/107/484 1296/1853/485
f 1324/830/486 1309/67/447 1094/318/222 1093/1544/221
f 1309/67/447 942/100/70 911/319/39 1094/318/222
f 942/100/70 941/14/69 912/320/40 911/319/39
f 941/14/69 1110/189/238 1107/321/235 912/320/40
f 1110/189/238 938/75/66 909/322/37 1107/321/235
f 938/75/66 936/13/64 905/323/33 909/322/37
f 936/13/64 935/12/63 906/324/34 905/323/33
f 1039/178/167 1036/325/164 906/324/34 935/12/63
f 1037/53/166 1034/326/161 1036/325/164 1039/178/167
f 1007/166/135 1004/327/132 1034/326/161 1037/53/166
f 1005/45/134 1002/328/129 1004/327/132 1007/166/135
f 1071/155/199 1068/329/196 1002/328/129 1005/45/134
f 1069/60/198 1066/330/193 1068/329/196 1071/155/199
f 931/145/59 904/331/32 1066/330/193 1069/60/198
f 930/79/58 901/332/29 904/331/32 931/145/59
f 1121/333/249 901/332/29 930/79/58 1126/131/254
f 1139/334/268 1121/333/249 1126/131/254 1144/21/271
f 1141/335/269 1139/334/268 1144/21/271 1146/124/274
f 1163/336/292 1141/335/269 1146/124/274 1168/21/295
f 1165/337/293 1163/336/292 1168/21/295 1170/118/298
f 1179/338/308 1165/337/293 1170/118/298 1184/21/311
f 1181/339/309 1179/338/308 1184/21/311 1186/113/314
f 1195/340/324 1181/339/309 1186/113/314 1200/21/327
f 1197/341/325 1195/340/324 1200/21/327 1202/106/330
f 1295/342/436 1197/341/325 1202/106/330 1208/21/335
f 1297/343/437 1295/342/436 1208/21/335 1210/103/487
f 1312/1565/450 1297/343/437 1210/103/487 1300/1851/488
f 1310/832/448 883/101/11 939/345/67 1308/830/446
f 883/101/11 881/24/10 940/346/68 939/345/67
f 881/24/10 1111/190/239 1109/347/237 940/346/68
f 1111/190/239 879/76/7 937/348/65 1109/347/237
f 879/76/7 877/23/6 933/349/61 937/348/65
f 877/23/6 885/22/14 934/350/62 933/349/61
f 1043/179/171 1040/351/168 934/350/62 885/22/14
f 1041/54/170 1038/352/165 1040/351/168 1043/179/171
f 1011/167/139 1008/353/136 1038/352/165 1041/54/170
f 1009/46/138 1006/354/133 1008/353/136 1011/167/139
f 1075/156/203 1072/355/200 1006/354/133 1009/46/138
f 1073/61/202 1070/356/197 1072/355/200 1075/156/203
f 875/146/3 932/357/60 1070/356/197 1073/61/202
f 874/21/2 929/358/57 932/357/60 875/146/3
f 1125/359/253 929/358/57 874/21/2 1118/130/246
f 1143/360/272 1125/359/253 1118/130/246 1132/1/259
f 1145/361/273 1143/360/272 1132/1/259 1134/123/262
f 1167/362/296 1145/361/273 1134/123/262 1156/1/283
f 1169/363/297 1167/362/296 1156/1/283 1158/117/286
f 1183/364/312 1169/363/297 1158/117/286 1176/1/303
f 1185/365/313 1183/364/312 1176/1/303 1178/112/306
f 1199/366/328 1185/365/313 1178/112/306 1192/1/319
f 1201/367/329 1199/366/328 1192/1/319 1194/105/322
f 1207/368/336 1201/367/329 1194/105/322 1204/1/331
f 1209/369/337 1207/368/336 1204/1/331 1206/102/334
f 1299/370/440 1209/369/337 1206/102/334 1212/1/339
f 1301/1563/441 1299/370/440 1212/1/339 1214/110/489
f 1117/387/245 873/386/1 1325/400/490 1326/413/491
f 1131/388/260 1117/387/245 1326/413/491 1327/401/492
f 1133/389/261 1131/388/260 1327/401/492 1328/412/493
f 1155/390/284 1133/389/261 1328/412/493 1329/402/494
f 1157/391/285 1155/390/284 1329/402/494 1330/411/495
f 1175/392/304 1157/391/285 1330/411/495 1331/403/496
f 1177/393/305 1175/392/304 1331/403/496 1332/410/497
f 1191/394/320 1177/393/305 1332/410/497 1333/404/498
f 1193/395/321 1191/394/320 1333/404/498 1334/408/499
f 1203/396/332 1193/395/321 1334/408/499 1335/405/500
f 1205/397/333 1203/396/332 1335/405/500 1336/407/501
f 1211/398/340 1205/397/333 1336/407/501 1337/406/502
f 1213/110/341 1211/398/340 1337/406/502 1338/409/503
f 1303/110/504 1213/110/341 1338/409/503 1304/756/505
f 1340/652/506 1339/415/507 884/373/12 1311/831/449
f 1339/415/507 1341/416/508 882/374/9 884/373/12
f 1341/416/508 1342/417/509 1112/375/240 882/374/9
f 1342/417/509 1343/418/510 880/376/8 1112/375/240
f 1343/418/510 1344/419/511 878/377/5 880/376/8
f 1344/419/511 1345/420/512 886/378/13 878/377/5
f 1345/420/512 1346/421/513 1044/379/172 886/378/13
f 1346/421/513 1347/422/514 1042/380/169 1044/379/172
f 1347/422/514 1348/423/515 1012/381/140 1042/380/169
f 1348/423/515 1349/424/516 1010/382/137 1012/381/140
f 1349/424/516 1350/425/517 1076/383/204 1010/382/137
f 1350/425/517 1351/426/518 1074/384/201 1076/383/204
f 1351/426/518 1352/427/519 876/385/4 1074/384/201
f 1352/427/519 1325/400/490 873/386/1 876/385/4
f 1354/428/520 1353/431/521 1355/430/522 1356/429/523
f 1358/432/524 1357/435/525 1359/434/526 1360/433/527
f 1362/436/528 1361/439/529 1363/438/530 1364/437/531
f 1365/440/532 1358/432/524 1360/433/527 1366/441/533
f 1368/442/534 1367/445/535 1369/444/536 1370/708/537
f 1372/446/538 1371/449/539 1373/448/540 1374/447/541
f 1376/450/542 1375/451/543 1371/449/539 1372/446/538
f 1378/452/544 1377/455/545 1379/454/546 1380/453/547
f 1382/456/548 1381/459/549 1383/458/550 1384/704/551
f 1386/460/552 1385/463/553 1387/462/554 1388/461/555
f 1390/464/556 1389/465/557 1385/463/553 1386/460/552
f 1392/466/558 1391/469/559 1393/468/560 1394/467/561
f 1396/470/562 1395/473/563 1397/472/564 1398/825/565
f 1400/474/566 1399/477/567 1401/476/568 1402/475/569
f 1404/478/570 1403/479/571 1399/477/567 1400/474/566
f 1406/480/572 1405/483/573 1407/782/574 1408/481/575
f 1410/484/576 1409/487/577 1411/486/578 1412/697/579
f 1414/488/580 1413/491/581 1415/490/582 1416/489/583
f 1418/492/584 1417/493/585 1413/491/581 1414/488/580
f 1420/494/586 1419/497/587 1421/496/588 1422/495/589
f 1424/498/590 1423/501/591 1425/500/592 1426/693/593
f 1428/502/594 1427/505/595 1429/504/596 1430/503/597
f 1432/506/598 1431/507/599 1427/505/595 1428/502/594
f 1434/508/600 1433/511/601 1435/510/602 1436/509/603
f 1438/512/604 1437/515/605 1439/514/606 1440/826/607
f 1442/516/608 1441/519/609 1443/518/610 1444/517/611
f 1446/520/612 1445/521/613 1441/519/609 1442/516/608
f 1448/522/614 1447/525/615 1449/524/616 1450/523/617
f 1452/526/618 1451/529/619 1453/528/620 1454/532/621
f 1456/530/622 1455/533/623 1457/532/624 1458/531/625
f 1460/534/626 1459/533/627 1455/533/623 1456/530/622
f 1462/536/628 1461/539/629 1463/538/630 1464/532/631
f 1466/540/632 1465/543/633 1467/542/634 1468/541/635
f 1470/544/636 1469/547/637 1471/546/638 1472/545/639
f 1474/548/640 1473/551/641 1475/550/642 1476/549/643
f 1478/552/644 1477/555/645 1479/554/646 1480/553/647
f 1482/556/648 1481/559/649 1483/558/650 1484/557/651
f 1486/560/652 1485/563/653 1487/562/654 1488/561/655
f 1490/564/656 1489/567/657 1491/566/658 1492/565/659
f 1494/568/660 1493/571/661 1495/570/662 1496/532/663
f 1498/572/664 1497/575/665 1499/574/666 1500/573/667
f 1502/576/668 1501/579/669 1503/578/670 1504/577/671
f 1506/580/672 1505/583/673 1507/582/674 1508/581/675
f 1510/584/676 1509/587/677 1511/586/678 1512/585/679
f 1514/588/680 1513/591/681 1515/590/682 1516/589/683
f 1518/592/684 1517/595/685 1519/594/686 1520/593/687
f 1522/596/688 1521/599/689 1523/598/690 1524/597/691
f 1526/600/692 1525/602/693 1527/601/694 1528/532/695
f 1530/603/696 1529/606/697 1531/605/698 1532/604/699
f 1534/607/700 1533/610/701 1535/609/702 1536/608/703
f 1538/611/704 1537/614/705 1539/613/706 1540/612/707
f 1542/615/708 1541/618/709 1543/617/710 1544/616/711
f 1546/619/712 1545/622/713 1547/621/714 1548/620/715
f 1550/623/716 1549/626/717 1551/625/718 1552/624/719
f 1554/627/720 1553/630/721 1555/629/722 1556/628/723
f 1557/1571/724 1558/1572/725 1559/824/726 1560/632/727
f 1561/1573/728 1562/1574/729 1563/637/730 1564/636/731
f 1565/1575/732 1566/1576/733 1567/641/734 1568/640/735
f 1569/1577/736 1570/1578/737 1571/645/738 1572/644/739
f 1573/1579/740 1574/1580/741 1575/649/742 1576/648/743
f 1578/656/744 1577/657/745 1459/533/627 1460/534/626
f 1580/658/746 1579/659/747 1403/479/571 1404/478/570
f 1582/660/748 1581/661/749 1445/521/613 1446/520/612
f 1584/662/750 1583/663/751 1375/451/543 1376/450/542
f 1586/664/752 1585/665/753 1431/507/599 1432/506/598
f 1588/666/754 1587/667/755 1389/465/557 1390/464/556
f 1590/668/756 1589/669/757 1417/493/585 1418/492/584
f 1357/435/525 1591/671/758 1592/670/759 1359/434/526
f 1593/672/760 1594/533/761 1595/532/762 1596/673/763
f 1356/429/523 1597/676/764 1598/675/765 1354/428/520
f 1370/708/537 1599/678/766 1600/677/767 1368/442/534
f 1384/704/551 1601/680/768 1602/679/769 1382/456/548
f 1398/825/565 1603/682/770 1604/681/771 1396/470/562
f 1412/697/579 1605/684/772 1606/683/773 1410/484/576
f 1426/693/593 1607/686/774 1608/685/775 1424/498/590
f 1440/826/607 1609/688/776 1610/687/777 1438/512/604
f 1611/689/778 1612/692/779 1613/691/780 1614/690/781
f 1615/693/782 1616/696/783 1617/695/784 1618/694/785
f 1619/697/786 1620/700/787 1621/699/788 1622/698/789
f 1623/429/790 1624/703/791 1625/702/792 1626/701/793
f 1627/704/794 1628/707/795 1629/706/796 1630/705/797
f 1631/708/798 1632/711/799 1633/710/800 1634/709/801
f 1635/689/802 1636/714/803 1637/713/804 1638/712/805
f 1639/693/806 1640/717/807 1641/716/808 1642/715/809
f 1643/697/810 1644/720/811 1645/719/812 1646/718/813
f 1647/429/814 1648/723/815 1649/722/816 1650/721/817
f 1651/704/818 1652/726/819 1653/725/820 1654/724/821
f 1655/689/822 1656/729/823 1657/728/824 1658/727/825
f 1659/697/826 1660/732/827 1661/731/828 1662/730/829
f 1663/429/830 1664/735/831 1665/734/832 1666/733/833
f 1667/704/834 1668/738/835 1669/737/836 1670/736/837
f 1671/689/838 1672/741/839 1673/740/840 1674/739/841
f 1675/697/842 1676/744/843 1677/743/844 1678/742/845
f 1679/429/846 1680/747/847 1681/746/848 1682/745/849
f 1683/689/850 1684/750/851 1685/749/852 1686/748/853
f 1687/429/854 1688/753/855 1689/752/856 1690/751/857
f 1691/689/858 1692/756/859 1693/755/860 1694/754/861
f 1696/757/862 1695/759/863 1697/532/864 1698/758/865
f 1700/760/866 1699/762/867 1701/532/868 1702/761/869
f 1704/763/870 1703/765/871 1705/1908/872 1706/764/873
f 1695/759/863 1707/766/874 1708/1906/875 1697/532/864
f 1699/762/867 1709/767/876 1710/532/877 1701/532/868
f 1709/767/876 1711/768/878 1712/1904/879 1710/532/877
f 1593/672/880 1713/769/881 1714/533/882 1594/533/883
f 1594/533/761 1715/533/884 1716/532/885 1595/532/762
f 1717/533/886 1718/533/887 1719/1911/888 1720/532/889
f 1722/770/890 1721/772/891 1723/782/892 1724/771/893
f 1725/1581/894 1726/1572/895 1727/824/896 1728/774/897
f 1730/775/898 1729/776/899 1714/533/882 1713/769/900
f 1714/533/882 1731/533/901 1715/533/902 1594/533/883
f 1729/776/899 1732/777/903 1731/533/901 1714/533/882
f 1734/778/904 1733/780/905 1735/782/906 1736/779/907
f 1731/533/901 1737/533/908 1717/533/909 1715/533/902
f 1715/533/884 1717/533/886 1720/532/889 1716/532/885
f 1732/777/903 1738/1582/910 1737/533/911 1731/533/901
f 1733/780/905 1739/783/912 1740/782/913 1735/782/906
f 1741/1583/914 1742/1572/915 1743/824/916 1744/785/917
f 1737/533/908 1746/533/918 1718/533/919 1717/533/909
f 1747/1584/920 1748/1913/921 1712/1904/922 1711/768/923
f 1749/1586/924 1750/1910/925 1708/1906/926 1707/766/927
f 1751/1588/928 1752/1903/929 1753/1898/930 1754/791/931
f 1755/1591/932 1756/1909/933 1705/1908/934 1703/765/935
f 1454/532/621 1757/1902/936 1758/796/937 1452/526/618
f 1759/826/938 1760/1893/939 1761/800/940 1762/799/941
f 1763/708/942 1764/1895/943 1765/803/944 1766/802/945
f 1767/693/946 1768/1896/947 1769/806/948 1770/805/949
f 1771/704/950 1772/1875/951 1773/809/952 1774/808/953
f 1775/697/954 1776/1877/955 1777/812/956 1778/811/957
f 1779/429/958 1780/1886/959 1781/1882/960 1782/815/961
f 1743/824/962 1784/824/963 1739/783/912 1733/780/905
f 1744/785/964 1743/824/962 1733/780/905 1734/778/904
f 1728/774/897 1727/824/896 1721/772/891 1722/770/890
f 1560/632/727 1559/824/726 1405/483/573 1406/480/572
f 1564/636/731 1563/637/730 1447/525/615 1448/522/614
f 1568/640/735 1567/641/734 1377/455/545 1378/452/544
f 1572/644/739 1571/645/738 1433/511/601 1434/508/600
f 1576/648/743 1575/649/742 1391/469/559 1392/466/558
f 1786/652/965 1785/652/966 1419/497/587 1420/494/586
f 1361/439/529 1787/652/967 1788/652/968 1363/438/530
f 1684/750/851 1691/689/858 1694/754/861 1685/749/852
f 1688/753/855 1779/429/958 1782/815/961 1689/752/856
f 1776/1877/955 1789/1876/969 1790/1885/970 1777/812/956
f 1672/741/839 1683/689/850 1686/748/853 1673/740/840
f 1680/747/847 1687/429/854 1690/751/857 1681/746/848
f 1676/744/843 1775/697/954 1778/811/957 1677/743/844
f 1772/1875/951 1791/1874/971 1792/1870/972 1773/809/952
f 1656/729/823 1671/689/838 1674/739/841 1657/728/824
f 1664/735/831 1679/429/846 1682/745/849 1665/734/832
f 1660/732/827 1675/697/842 1678/742/845 1661/731/828
f 1668/738/835 1771/704/950 1774/808/953 1669/737/836
f 1768/1896/947 1793/1873/973 1794/1872/974 1769/806/948
f 1636/714/803 1655/689/822 1658/727/825 1637/713/804
f 1648/723/815 1663/429/830 1666/733/833 1649/722/816
f 1644/720/811 1659/697/826 1662/730/829 1645/719/812
f 1652/726/819 1667/704/834 1670/736/837 1653/725/820
f 1640/717/807 1767/693/946 1770/805/949 1641/716/808
f 1764/1895/943 1795/1894/975 1796/1888/976 1765/803/944
f 1612/692/779 1635/689/802 1638/712/805 1613/691/780
f 1624/703/791 1647/429/814 1650/721/817 1625/702/792
f 1620/700/787 1643/697/810 1646/718/813 1621/699/788
f 1628/707/795 1651/704/818 1654/724/821 1629/706/796
f 1616/696/783 1639/693/806 1642/715/809 1617/695/784
f 1632/711/799 1763/708/942 1766/802/945 1633/710/800
f 1760/1893/939 1797/1892/977 1798/1890/978 1761/800/940
f 1597/676/764 1611/689/778 1614/690/781 1598/675/765
f 1605/684/772 1623/429/790 1626/701/793 1606/683/773
f 1601/680/768 1619/697/786 1622/698/789 1602/679/769
f 1607/686/774 1627/704/794 1630/705/797 1608/685/775
f 1599/678/766 1615/693/782 1618/694/785 1600/677/767
f 1609/688/776 1631/708/798 1634/709/801 1610/687/777
f 1603/682/770 1759/826/938 1762/799/941 1604/681/771
f 1757/1902/936 1799/1901/979 1800/1900/980 1758/796/937
f 1705/1908/872 1751/1588/928 1754/791/931 1706/764/873
f 1451/529/619 1526/600/692 1528/532/695 1453/528/620
f 1395/473/563 1530/603/696 1532/604/699 1397/472/564
f 1437/515/605 1534/607/700 1536/608/703 1439/514/606
f 1367/445/535 1538/611/704 1540/612/707 1369/444/536
f 1423/501/591 1542/615/708 1544/616/711 1425/500/592
f 1381/459/549 1546/619/712 1548/620/715 1383/458/550
f 1409/487/577 1550/623/716 1552/624/719 1411/486/578
f 1353/431/521 1554/627/720 1556/628/723 1355/430/522
f 1708/1906/875 1755/1591/932 1703/765/935 1697/532/864
f 1698/758/865 1697/532/864 1703/765/871 1704/763/870
f 1525/602/693 1462/536/628 1464/532/631 1527/601/694
f 1529/606/697 1466/540/632 1468/541/635 1531/605/698
f 1533/610/701 1470/544/636 1472/545/639 1535/609/702
f 1537/614/705 1474/548/640 1476/549/643 1539/613/706
f 1541/618/709 1478/552/644 1480/553/647 1543/617/710
f 1545/622/713 1482/556/648 1484/557/651 1547/621/714
f 1549/626/717 1486/560/652 1488/561/655 1551/625/718
f 1553/630/721 1490/564/656 1492/565/659 1555/629/722
f 1712/1904/879 1749/1586/924 1707/766/927 1710/532/877
f 1701/532/868 1710/532/877 1707/766/874 1695/759/863
f 1702/761/869 1701/532/868 1695/759/863 1696/757/862
f 1461/539/629 1494/568/660 1496/532/663 1463/538/630
f 1465/543/633 1498/572/664 1500/573/667 1467/542/634
f 1469/547/637 1502/576/668 1504/577/671 1471/546/638
f 1473/551/641 1506/580/672 1508/581/675 1475/550/642
f 1477/555/645 1510/584/676 1512/585/679 1479/554/646
f 1481/559/649 1514/588/680 1516/589/683 1483/558/650
f 1485/563/653 1518/592/684 1520/593/687 1487/562/654
f 1489/567/657 1522/596/688 1524/597/691 1491/566/658
f 1719/1911/888 1747/1584/920 1711/768/923 1720/532/889
f 1716/532/981 1720/532/982 1711/768/878 1709/767/876
f 1595/532/983 1716/532/981 1709/767/876 1699/762/867
f 1596/673/984 1595/532/983 1699/762/867 1700/760/866
f 1493/571/661 1458/531/625 1457/532/624 1495/570/662
f 1497/575/665 1402/475/569 1401/476/568 1499/574/666
f 1501/579/669 1444/517/611 1443/518/610 1503/578/670
f 1505/583/673 1374/447/541 1373/448/540 1507/582/674
f 1509/587/677 1430/503/597 1429/504/596 1511/586/678
f 1513/591/681 1388/461/555 1387/462/554 1515/590/682
f 1517/595/685 1416/489/583 1415/490/582 1519/594/686
f 1521/599/689 1365/440/532 1366/441/533 1523/598/690
f 1740/782/985 1745/782/986 1738/1582/910 1732/777/903
f 1735/782/987 1740/782/985 1732/777/903 1729/776/899
f 1736/779/988 1735/782/987 1729/776/899 1730/775/898
f 1724/771/989 1723/782/990 1577/657/745 1578/656/744
f 1408/481/575 1407/782/574 1579/659/747 1580/658/746
f 1450/523/617 1449/524/616 1581/661/749 1582/660/748
f 1380/453/547 1379/454/546 1583/663/751 1584/662/750
f 1436/509/603 1435/510/602 1585/665/753 1586/664/752
f 1394/467/561 1393/468/560 1587/667/755 1588/666/754
f 1422/495/589 1421/496/588 1589/669/757 1590/668/756
f 1591/671/758 1362/436/528 1364/437/531 1592/670/759
f 1726/1572/895 1741/1583/914 1744/785/917 1727/824/896
f 1727/824/896 1744/785/964 1734/778/904 1721/772/891
f 1721/772/891 1734/778/904 1736/779/907 1723/782/892
f 1723/782/990 1736/779/988 1730/775/898 1577/657/745
f 1577/657/745 1730/775/898 1713/769/900 1459/533/627
f 1455/533/991 1459/533/992 1713/769/881 1593/672/880
f 1455/533/623 1593/672/760 1596/673/763 1457/532/624
f 1457/532/624 1596/673/984 1700/760/866 1495/570/662
f 1495/570/662 1700/760/866 1702/761/869 1496/532/663
f 1496/532/663 1702/761/869 1696/757/862 1463/538/630
f 1463/538/630 1696/757/862 1698/758/865 1464/532/631
f 1464/532/631 1698/758/865 1704/763/870 1527/601/694
f 1527/601/694 1704/763/870 1706/764/873 1528/532/695
f 1754/791/931 1453/528/993 1528/532/695 1706/764/873
f 1753/1898/930 1454/532/994 1453/528/993 1754/791/931
f 1558/1572/725 1725/1581/894 1728/774/897 1559/824/726
f 1559/824/726 1728/774/897 1722/770/890 1405/483/573
f 1405/483/573 1722/770/890 1724/771/893 1407/782/574
f 1407/782/574 1724/771/989 1578/656/744 1579/659/747
f 1579/659/747 1578/656/744 1460/534/626 1403/479/571
f 1403/479/571 1460/534/626 1456/530/622 1399/477/567
f 1399/477/567 1456/530/622 1458/531/625 1401/476/568
f 1499/574/666 1401/476/568 1458/531/625 1493/571/661
f 1500/573/667 1499/574/666 1493/571/661 1494/568/660
f 1467/542/634 1500/573/667 1494/568/660 1461/539/629
f 1468/541/635 1467/542/634 1461/539/629 1462/536/628
f 1531/605/698 1468/541/635 1462/536/628 1525/602/693
f 1532/604/699 1531/605/698 1525/602/693 1526/600/692
f 1397/472/564 1532/604/699 1526/600/692 1451/529/619
f 1398/825/565 1397/472/564 1451/529/619 1452/526/618
f 1758/796/937 1603/682/995 1398/825/565 1452/526/618
f 1800/1900/980 1759/826/996 1603/682/995 1758/796/937
f 1562/1574/729 1557/1571/724 1560/632/727 1563/637/730
f 1563/637/730 1560/632/727 1406/480/572 1447/525/615
f 1447/525/615 1406/480/572 1408/481/575 1449/524/616
f 1449/524/616 1408/481/575 1580/658/746 1581/661/749
f 1581/661/749 1580/658/746 1404/478/570 1445/521/613
f 1445/521/613 1404/478/570 1400/474/566 1441/519/609
f 1441/519/609 1400/474/566 1402/475/569 1443/518/610
f 1503/578/670 1443/518/610 1402/475/569 1497/575/665
f 1504/577/671 1503/578/670 1497/575/665 1498/572/664
f 1471/546/638 1504/577/671 1498/572/664 1465/543/633
f 1472/545/639 1471/546/638 1465/543/633 1466/540/632
f 1535/609/702 1472/545/639 1466/540/632 1529/606/697
f 1536/608/703 1535/609/702 1529/606/697 1530/603/696
f 1439/514/606 1536/608/703 1530/603/696 1395/473/563
f 1440/826/607 1439/514/606 1395/473/563 1396/470/562
f 1604/681/771 1609/688/776 1440/826/607 1396/470/562
f 1762/799/941 1631/708/798 1609/688/776 1604/681/771
f 1761/800/940 1632/711/997 1631/708/798 1762/799/941
f 1798/1890/978 1763/708/998 1632/711/997 1761/800/940
f 1566/1576/733 1561/1573/728 1564/636/731 1567/641/734
f 1567/641/734 1564/636/731 1448/522/614 1377/455/545
f 1377/455/545 1448/522/614 1450/523/617 1379/454/546
f 1379/454/546 1450/523/617 1582/660/748 1583/663/751
f 1583/663/751 1582/660/748 1446/520/612 1375/451/543
f 1375/451/543 1446/520/612 1442/516/608 1371/449/539
f 1371/449/539 1442/516/608 1444/517/611 1373/448/540
f 1507/582/674 1373/448/540 1444/517/611 1501/579/669
f 1508/581/675 1507/582/674 1501/579/669 1502/576/668
f 1475/550/642 1508/581/675 1502/576/668 1469/547/637
f 1476/549/643 1475/550/642 1469/547/637 1470/544/636
f 1539/613/706 1476/549/643 1470/544/636 1533/610/701
f 1540/612/707 1539/613/706 1533/610/701 1534/607/700
f 1369/444/536 1540/612/707 1534/607/700 1437/515/605
f 1370/708/537 1369/444/536 1437/515/605 1438/512/604
f 1610/687/777 1599/678/766 1370/708/537 1438/512/604
f 1634/709/801 1615/693/782 1599/678/766 1610/687/777
f 1633/710/800 1616/696/783 1615/693/782 1634/709/801
f 1766/802/945 1639/693/806 1616/696/783 1633/710/800
f 1765/803/944 1640/717/999 1639/693/806 1766/802/945
f 1796/1888/976 1767/693/1000 1640/717/999 1765/803/944
f 1570/1578/737 1565/1575/732 1568/640/735 1571/645/738
f 1571/645/738 1568/640/735 1378/452/544 1433/511/601
f 1433/511/601 1378/452/544 1380/453/547 1435/510/602
f 1435/510/602 1380/453/547 1584/662/750 1585/665/753
f 1585/665/753 1584/662/750 1376/450/542 1431/507/599
f 1431/507/599 1376/450/542 1372/446/538 1427/505/595
f 1427/505/595 1372/446/538 1374/447/541 1429/504/596
f 1511/586/678 1429/504/596 1374/447/541 1505/583/673
f 1512/585/679 1511/586/678 1505/583/673 1506/580/672
f 1479/554/646 1512/585/679 1506/580/672 1473/551/641
f 1480/553/647 1479/554/646 1473/551/641 1474/548/640
f 1543/617/710 1480/553/647 1474/548/640 1537/614/705
f 1544/616/711 1543/617/710 1537/614/705 1538/611/704
f 1425/500/592 1544/616/711 1538/611/704 1367/445/535
f 1426/693/593 1425/500/592 1367/445/535 1368/442/534
f 1600/677/767 1607/686/774 1426/693/593 1368/442/534
f 1618/694/785 1627/704/794 1607/686/774 1600/677/767
f 1617/695/784 1628/707/795 1627/704/794 1618/694/785
f 1642/715/809 1651/704/818 1628/707/795 1617/695/784
f 1641/716/808 1652/726/819 1651/704/818 1642/715/809
f 1770/805/949 1667/704/834 1652/726/819 1641/716/808
f 1769/806/948 1668/738/1001 1667/704/834 1770/805/949
f 1794/1872/974 1771/704/1002 1668/738/1001 1769/806/948
f 1574/1580/741 1569/1577/736 1572/644/739 1575/649/742
f 1575/649/742 1572/644/739 1434/508/600 1391/469/559
f 1391/469/559 1434/508/600 1436/509/603 1393/468/560
f 1393/468/560 1436/509/603 1586/664/752 1587/667/755
f 1587/667/755 1586/664/752 1432/506/598 1389/465/557
f 1389/465/557 1432/506/598 1428/502/594 1385/463/553
f 1385/463/553 1428/502/594 1430/503/597 1387/462/554
f 1515/590/682 1387/462/554 1430/503/597 1509/587/677
f 1516/589/683 1515/590/682 1509/587/677 1510/584/676
f 1483/558/650 1516/589/683 1510/584/676 1477/555/645
f 1484/557/651 1483/558/650 1477/555/645 1478/552/644
f 1547/621/714 1484/557/651 1478/552/644 1541/618/709
f 1548/620/715 1547/621/714 1541/618/709 1542/615/708
f 1383/458/550 1548/620/715 1542/615/708 1423/501/591
f 1384/704/551 1383/458/550 1423/501/591 1424/498/590
f 1608/685/775 1601/680/768 1384/704/551 1424/498/590
f 1630/705/797 1619/697/786 1601/680/768 1608/685/775
f 1629/706/796 1620/700/787 1619/697/786 1630/705/797
f 1654/724/821 1643/697/810 1620/700/787 1629/706/796
f 1653/725/820 1644/720/811 1643/697/810 1654/724/821
f 1670/736/837 1659/697/826 1644/720/811 1653/725/820
f 1669/737/836 1660/732/827 1659/697/826 1670/736/837
f 1774/808/953 1675/697/842 1660/732/827 1669/737/836
f 1773/809/952 1676/744/1003 1675/697/842 1774/808/953
f 1792/1870/972 1775/697/1004 1676/744/1003 1773/809/952
f 1801/1606/1005 1573/1579/740 1576/648/743 1785/652/966
f 1785/652/966 1576/648/743 1392/466/558 1419/497/587
f 1419/497/587 1392/466/558 1394/467/561 1421/496/588
f 1421/496/588 1394/467/561 1588/666/754 1589/669/757
f 1589/669/757 1588/666/754 1390/464/556 1417/493/585
f 1417/493/585 1390/464/556 1386/460/552 1413/491/581
f 1413/491/581 1386/460/552 1388/461/555 1415/490/582
f 1519/594/686 1415/490/582 1388/461/555 1513/591/681
f 1520/593/687 1519/594/686 1513/591/681 1514/588/680
f 1487/562/654 1520/593/687 1514/588/680 1481/559/649
f 1488/561/655 1487/562/654 1481/559/649 1482/556/648
f 1551/625/718 1488/561/655 1482/556/648 1545/622/713
f 1552/624/719 1551/625/718 1545/622/713 1546/619/712
f 1411/486/578 1552/624/719 1546/619/712 1381/459/549
f 1412/697/579 1411/486/578 1381/459/549 1382/456/548
f 1602/679/769 1605/684/772 1412/697/579 1382/456/548
f 1622/698/789 1623/429/790 1605/684/772 1602/679/769
f 1621/699/788 1624/703/791 1623/429/790 1622/698/789
f 1646/718/813 1647/429/814 1624/703/791 1621/699/788
f 1645/719/812 1648/723/815 1647/429/814 1646/718/813
f 1662/730/829 1663/429/830 1648/723/815 1645/719/812
f 1661/731/828 1664/735/831 1663/429/830 1662/730/829
f 1678/742/845 1679/429/846 1664/735/831 1661/731/828
f 1677/743/844 1680/747/847 1679/429/846 1678/742/845
f 1778/811/957 1687/429/854 1680/747/847 1677/743/844
f 1777/812/956 1688/753/1006 1687/429/854 1778/811/957
f 1790/1885/970 1779/429/1007 1688/753/1006 1777/812/956
f 1788/652/968 1786/652/965 1420/494/586 1363/438/530
f 1363/438/530 1420/494/586 1422/495/589 1364/437/531
f 1364/437/531 1422/495/589 1590/668/756 1592/670/759
f 1592/670/759 1590/668/756 1418/492/584 1359/434/526
f 1359/434/526 1418/492/584 1414/488/580 1360/433/527
f 1360/433/527 1414/488/580 1416/489/583 1366/441/533
f 1523/598/690 1366/441/533 1416/489/583 1517/595/685
f 1524/597/691 1523/598/690 1517/595/685 1518/592/684
f 1491/566/658 1524/597/691 1518/592/684 1485/563/653
f 1492/565/659 1491/566/658 1485/563/653 1486/560/652
f 1555/629/722 1492/565/659 1486/560/652 1549/626/717
f 1556/628/723 1555/629/722 1549/626/717 1550/623/716
f 1355/430/522 1556/628/723 1550/623/716 1409/487/577
f 1356/429/523 1355/430/522 1409/487/577 1410/484/576
f 1606/683/773 1597/676/764 1356/429/523 1410/484/576
f 1626/701/793 1611/689/778 1597/676/764 1606/683/773
f 1625/702/792 1612/692/779 1611/689/778 1626/701/793
f 1650/721/817 1635/689/802 1612/692/779 1625/702/792
f 1649/722/816 1636/714/803 1635/689/802 1650/721/817
f 1666/733/833 1655/689/822 1636/714/803 1649/722/816
f 1665/734/832 1656/729/823 1655/689/822 1666/733/833
f 1682/745/849 1671/689/838 1656/729/823 1665/734/832
f 1681/746/848 1672/741/839 1671/689/838 1682/745/849
f 1690/751/857 1683/689/850 1672/741/839 1681/746/848
f 1689/752/856 1684/750/851 1683/689/850 1690/751/857
f 1782/815/961 1691/689/858 1684/750/851 1689/752/856
f 1781/1882/960 1692/756/1008 1691/689/858 1782/815/961
f 1598/675/765 1326/413/491 1325/400/490 1354/428/520
f 1614/690/781 1327/401/492 1326/413/491 1598/675/765
f 1613/691/780 1328/412/493 1327/401/492 1614/690/781
f 1638/712/805 1329/402/494 1328/412/493 1613/691/780
f 1637/713/804 1330/411/495 1329/402/494 1638/712/805
f 1658/727/825 1331/403/496 1330/411/495 1637/713/804
f 1657/728/824 1332/410/497 1331/403/496 1658/727/825
f 1674/739/841 1333/404/498 1332/410/497 1657/728/824
f 1673/740/840 1334/408/499 1333/404/498 1674/739/841
f 1686/748/853 1335/405/500 1334/408/499 1673/740/840
f 1685/749/852 1336/407/501 1335/405/500 1686/748/853
f 1694/754/861 1337/406/502 1336/407/501 1685/749/852
f 1693/755/860 1338/409/503 1337/406/502 1694/754/861
f 1783/756/1009 1304/756/505 1338/409/503 1693/755/860
f 1340/652/506 1787/652/967 1361/439/529 1339/415/507
f 1339/415/507 1361/439/529 1362/436/528 1341/416/508
f 1341/416/508 1362/436/528 1591/671/758 1342/417/509
f 1342/417/509 1591/671/758 1357/435/525 1343/418/510
f 1343/418/510 1357/435/525 1358/432/524 1344/419/511
f 1344/419/511 1358/432/524 1365/440/532 1345/420/512
f 1345/420/512 1365/440/532 1521/599/689 1346/421/513
f 1346/421/513 1521/599/689 1522/596/688 1347/422/514
f 1347/422/514 1522/596/688 1489/567/657 1348/423/515
f 1348/423/515 1489/567/657 1490/564/656 1349/424/516
f 1349/424/516 1490/564/656 1553/630/721 1350/425/517
f 1350/425/517 1553/630/721 1554/627/720 1351/426/518
f 1351/426/518 1554/627/720 1353/431/521 1352/427/519
f 1352/427/519 1353/431/521 1354/428/520 1325/400/490
f 1213/110/341 1303/110/504 1802/1850/1010 1214/110/1011
f 1783/756/1009 1693/755/860 1692/756/1012 1803/756/1013
f 1819/1613/1014 1820/1614/1015 1305/110/1016 1804/1847/1017
f 1783/756/1009 1803/756/1013 1816/1610/1018 1817/110/1019
f 1692/756/1008 1781/1882/960 1806/1881/1020 1803/756/1021
f 1301/1563/441 1214/110/489 1802/1850/1022 1807/1849/1023
f 1308/830/446 1309/67/447 1324/830/1024 1808/832/1025
f 1311/831/449 1310/832/448 1809/831/1026 1810/652/1027
f 1310/832/448 1308/830/446 1808/832/1025 1809/831/1026
f 1340/652/506 1311/831/449 1810/652/1027 1811/652/1028
f 1785/652/966 1786/652/965 1812/652/1029 1801/1606/1030
f 1788/652/968 1787/652/967 1813/652/1031 1814/652/1032
f 1786/652/965 1788/652/968 1814/652/1032 1812/652/1029
f 1787/652/967 1340/652/506 1811/652/1028 1813/652/1031
s 99
f 402/833/1033 401/835/1034 182/834/1035 20/78/1036
f 393/836/1037 392/839/1038 70/838/1039 22/837/1040
f 390/840/1041 389/843/1042 138/842/1043 23/841/1044
f 394/844/1045 393/836/1037 22/837/1040 21/845/1046
f 304/846/1047 303/848/1048 178/847/1049 29/30/1050
f 295/849/1051 31/852/1052 30/851/1053 296/850/1054
f 294/853/1055 66/854/1056 31/852/1052 295/849/1051
f 291/855/1057 134/858/1058 32/857/1059 292/856/1060
f 350/859/1061 349/861/1062 180/860/1063 24/25/1064
f 341/862/1065 26/865/1066 25/864/1067 342/863/1068
f 340/866/1069 68/867/1070 26/865/1066 341/862/1065
f 337/868/1071 136/871/1072 27/870/1073 338/869/1074
f 266/872/1075 265/874/1076 176/873/1077 34/35/1078
f 257/875/1079 36/878/1080 35/877/1081 258/876/1082
f 256/879/1083 64/880/1084 36/878/1080 257/875/1079
f 253/881/1085 132/883/1086 37/4/1087 254/882/1088
f 375/884/1089 374/886/1090 181/885/1091 10/11/1092
f 366/887/1093 12/890/1094 11/889/1095 367/888/1096
f 365/891/1097 69/892/1098 12/890/1094 366/887/1093
f 362/893/1099 137/896/1100 13/895/1101 363/894/1102
f 326/897/1103 325/899/1104 179/898/1105 5/6/1106
f 317/900/1107 7/903/1108 6/902/1109 318/901/1110
f 316/904/1111 67/905/1112 7/903/1108 317/900/1107
f 313/906/1113 135/909/1114 8/908/1115 314/907/1116
f 284/910/1117 283/912/1118 177/911/1119 15/16/1120
f 275/913/1121 17/916/1122 16/915/1123 276/914/1124
f 274/917/1125 65/918/1126 17/916/1122 275/913/1121
f 271/919/1127 133/922/1128 18/921/1129 272/920/1130
s 114
f 1823/1616/1131 1822/1617/1132 1824/1618/1133 1825/1631/1134
s 99
f 241/926/1135 2/69/1136 4/83/1137 242/927/1138
f 240/928/1139 63/69/1140 2/69/1136 241/926/1135
f 246/929/1141 245/931/1142 194/930/1143 39/39/1144
f 262/932/1145 261/935/1146 195/934/1147 40/933/1148
f 280/936/1149 279/939/1150 196/938/1151 41/937/1152
f 300/940/1153 299/943/1154 197/942/1155 42/941/1156
f 322/944/1157 321/947/1158 198/946/1159 43/945/1160
f 346/948/1161 345/951/1162 199/950/1163 44/949/1164
f 371/952/1165 370/955/1166 200/954/1167 45/953/1168
f 398/956/1169 397/959/1170 201/958/1171 46/957/1172
f 244/960/1173 243/962/1174 205/961/1175 47/47/1176
f 260/963/1177 259/966/1178 206/965/1179 48/964/1180
f 278/967/1181 277/970/1182 207/969/1183 49/968/1184
f 298/971/1185 297/974/1186 208/973/1187 50/972/1188
f 320/975/1189 319/978/1190 209/977/1191 51/976/1192
f 344/979/1193 343/982/1194 210/981/1195 52/980/1196
f 369/983/1197 368/986/1198 211/985/1199 53/984/1200
f 396/987/1201 395/990/1202 212/989/1203 54/988/1204
f 248/991/1205 247/993/1206 184/992/1207 55/2/1208
f 264/994/1209 263/997/1210 185/996/1211 56/995/1212
f 282/998/1213 281/1001/1214 186/1000/1215 57/999/1216
f 302/1002/1217 301/1005/1218 187/1004/1219 58/1003/1220
f 324/1006/1221 323/1009/1222 188/1008/1223 59/1007/1224
f 348/1010/1225 347/1013/1226 189/1012/1227 60/1011/1228
f 373/1014/1229 372/1017/1230 190/1016/1231 61/1015/1232
f 400/1018/1233 399/1021/1234 191/1020/1235 62/1019/1236
s 140
f 1826/1619/1237 1827/1620/1238 1828/1167/1239 1829/1022/1240
f 1830/1621/1241 1831/1622/1242 1832/1024/1243 1833/1023/1244
f 1834/1623/1245 1835/1624/1246 1836/1026/1247 1837/1025/1248
f 1838/1625/1249 1839/1626/1250 1840/1028/1251 1841/1027/1252
f 1842/1627/1253 1843/1628/1254 1844/1030/1255 1845/1029/1256
s 99
f 239/1031/1257 215/1032/1258 63/69/1140 240/928/1139
f 255/1033/1259 216/1034/1260 64/880/1084 256/879/1083
f 273/1035/1261 217/1036/1262 65/918/1126 274/917/1125
f 293/1037/1263 218/1038/1264 66/854/1056 294/853/1055
f 315/1039/1265 219/1040/1266 67/905/1112 316/904/1111
f 339/1041/1267 220/1042/1268 68/867/1070 340/866/1069
f 364/1043/1269 221/1044/1270 69/892/1098 365/891/1097
f 392/839/1038 391/1046/1271 222/1045/1272 70/838/1039
f 227/1047/1273 107/69/1274 101/83/1275 228/1048/1276
f 20/78/1036 166/1050/1277 403/1049/1278 402/833/1033
f 29/30/1050 170/1052/1279 305/1051/1280 304/846/1047
f 24/25/1064 168/1054/1281 351/1053/1282 350/859/1061
f 34/35/1078 172/1056/1283 267/1055/1284 266/872/1075
f 10/11/1092 167/1058/1285 376/1057/1286 375/884/1089
f 5/6/1106 169/1060/1287 327/1059/1288 326/897/1103
f 15/16/1120 171/1062/1289 285/1061/1290 284/910/1117
f 71/1063/1291 159/1066/1292 405/1065/1293 404/1064/1294
f 73/6/1295 163/1069/1296 307/1068/1297 306/1067/1298
f 75/11/1299 161/1072/1300 353/1071/1301 352/1070/1302
f 74/78/1303 160/1075/1304 378/1074/1305 377/1073/1306
f 72/25/1307 162/1078/1308 329/1077/1309 328/1076/1310
f 76/30/1311 164/1081/1312 287/1080/1313 286/1079/1314
f 78/1063/1315 153/1084/1316 407/1083/1317 406/1082/1318
f 80/6/1319 157/1087/1320 309/1086/1321 308/1085/1322
f 82/11/1323 155/1090/1324 355/1089/1325 354/1088/1326
f 81/78/1327 154/1093/1328 380/1092/1329 379/1091/1330
f 79/25/1331 156/1096/1332 331/1095/1333 330/1094/1334
f 84/1063/1335 148/1099/1336 409/1098/1337 408/1097/1338
f 88/11/1339 150/1102/1340 357/1101/1341 356/1100/1342
f 87/78/1343 149/1105/1344 382/1104/1345 381/1103/1346
f 85/25/1347 151/1108/1348 333/1107/1349 332/1106/1350
f 89/1063/1351 142/1111/1352 411/1110/1353 410/1109/1354
f 91/11/1355 144/1114/1356 359/1113/1357 358/1112/1358
f 90/78/1359 143/1117/1360 384/1116/1361 383/1115/1362
f 93/1063/1363 139/1120/1364 413/1119/1365 412/1118/1366
f 94/78/1367 140/1123/1368 386/1122/1369 385/1121/1370
f 96/1063/1371 146/109/1372 415/399/1373 414/1124/1374
f 231/1125/1375 193/1127/1376 99/39/1377 232/1126/1378
f 229/1128/1379 204/1130/1380 100/47/1381 230/1129/1382
s 156
f 1847/1630/1383 1846/1133/1384 1848/1631/1385 1849/1629/1386
s 157
f 1851/1632/1387 1850/1134/1388 1852/1631/1389 1853/1631/1390
s 99
f 204/1130/1380 203/1135/1391 104/47/1392 100/47/1381
s 158
f 1855/1633/1393 1854/1136/1394 1856/1631/1395 1857/1631/1396
s 159
f 227/1047/1397 226/1137/1398 108/69/1399 107/69/1400
s 99
f 107/69/1274 109/69/1401 105/83/1402 101/83/1275
s 160
f 1858/1138/1403 1859/1138/1404 1860/1631/1405 1861/83/1406
s 99
f 237/1139/1407 131/1141/1408 3/4/1409 238/1140/1410
s 140
f 1862/1634/1411 1863/1620/1412 1864/1167/1413 1865/1142/1414
s 99
f 225/1143/1415 214/1144/1416 108/69/1417 226/1137/1418
s 159
f 108/69/1399 113/69/1419 109/69/1420 107/69/1400
s 162
f 1867/1636/1421 1866/1145/1422 1868/1149/1423 1869/1635/1424
s 140
f 1871/1146/1425 1870/1148/1426 1872/1150/1427 1873/1707/1428
s 164
f 1868/1149/1429 1874/1149/1430 1858/1138/1431 1875/1637/1432
s 160
f 1875/1637/1433 1858/1138/1403 1861/83/1406 1876/1638/1434
s 162
f 1866/1145/1422 1877/1639/1435 1874/1149/1436 1868/1149/1423
s 140
f 1870/1148/1426 1878/1151/1437 1879/1150/1438 1872/1150/1427
f 1880/1640/1439 1881/1620/1440 1882/1167/1441 1883/1152/1442
s 164
f 1874/1149/1430 1885/1149/1443 1859/1138/1444 1858/1138/1431
s 160
f 1886/1641/1445 1887/1642/1446 1856/1631/1447 1854/1136/1448
s 158
f 1888/1643/1449 1889/1644/1450 1852/1631/1451 1850/1134/1452
s 156
f 1890/1645/1453 1891/1646/1454 1892/1647/1455 1893/1153/1456
s 157
f 1894/1648/1457 1895/1649/1458 1848/1631/1459 1846/1133/1460
s 114
f 1825/1631/1134 1896/1650/1461 1897/1154/1462 1823/1616/1131
s 166
f 1898/1651/1463 1899/1652/1464 1900/1156/1465 1901/1699/1466
s 167
f 1902/1653/1467 1903/1654/1468 1904/1158/1469 1905/1695/1470
s 168
f 1906/1655/1471 1907/1656/1472 1908/1160/1473 1909/1691/1474
s 169
f 1910/1657/1475 1911/1658/1476 1912/1162/1477 1913/1687/1478
s 170
f 1914/1659/1479 1915/1660/1480 1916/1164/1481 1917/1683/1482
s 171
f 1918/78/1483 1919/1661/1484 1920/1662/1485 1921/1679/1486
s 140
f 1882/1167/1487 1922/1167/1488 1878/1151/1437 1870/1148/1426
f 1883/1152/1489 1882/1167/1487 1870/1148/1426 1871/1146/1425
f 1865/1142/1414 1864/1167/1413 1924/1663/1490 1925/1664/1491
f 1829/1022/1240 1828/1167/1239 1926/1665/1492 1927/1666/1493
f 1833/1023/1244 1832/1024/1243 1928/1667/1494 1929/1668/1495
f 1837/1025/1248 1836/1026/1247 1930/1669/1496 1931/1670/1497
f 1841/1027/1252 1840/1028/1251 1932/1671/1498 1933/1672/1499
f 1845/1029/1256 1844/1030/1255 1934/1673/1500 1935/1674/1501
f 1937/1532/1502 1936/1166/1503 1938/1675/1504 1939/1676/1505
f 1941/1678/1506 1940/1533/1507 1942/1534/1508 1943/1677/1509
s 99
f 139/1120/1364 96/1063/1371 414/1124/1374 413/1119/1365
s 171
f 1944/1681/1510 1918/78/1483 1921/1679/1486 1945/1680/1511
s 170
f 1915/1660/1480 1946/1659/1512 1947/1682/1513 1916/1164/1481
s 99
f 142/1111/1352 93/1063/1363 412/1118/1366 411/1110/1353
f 143/1117/1360 94/78/1367 385/1121/1370 384/1116/1361
s 170
f 1948/1685/1514 1914/1659/1479 1917/1683/1482 1949/1684/1515
s 169
f 1911/1658/1476 1950/1657/1516 1951/1686/1517 1912/1162/1477
s 99
f 148/1099/1336 89/1063/1351 410/1109/1354 409/1098/1337
f 149/1105/1344 90/78/1359 383/1115/1362 382/1104/1345
f 150/1102/1340 91/11/1355 358/1112/1358 357/1101/1341
s 169
f 1952/1689/1518 1910/1657/1475 1913/1687/1478 1953/1688/1519
s 168
f 1907/1656/1472 1954/1655/1520 1955/1690/1521 1908/1160/1473
s 99
f 153/1084/1316 84/1063/1335 408/1097/1338 407/1083/1317
f 154/1093/1328 87/78/1343 381/1103/1346 380/1092/1329
f 155/1090/1324 88/11/1339 356/1100/1342 355/1089/1325
f 156/1096/1332 85/25/1347 332/1106/1350 331/1095/1333
s 168
f 1956/1693/1522 1906/1655/1471 1909/1691/1474 1957/1692/1523
s 167
f 1903/1654/1468 1958/1653/1524 1959/1694/1525 1904/1158/1469
s 99
f 159/1066/1292 78/1063/1315 406/1082/1318 405/1065/1293
f 160/1075/1304 81/78/1327 379/1091/1330 378/1074/1305
f 161/1072/1300 82/11/1323 354/1088/1326 353/1071/1301
f 162/1078/1308 79/25/1331 330/1094/1334 329/1077/1309
f 163/1069/1296 80/6/1319 308/1085/1322 307/1068/1297
s 167
f 1960/1697/1526 1902/1653/1467 1905/1695/1470 1961/1696/1527
s 166
f 1899/1652/1464 1962/1651/1528 1963/1698/1529 1900/1156/1465
s 99
f 166/1050/1277 71/1063/1291 404/1064/1294 403/1049/1278
f 167/1058/1285 74/78/1303 377/1073/1306 376/1057/1286
f 168/1054/1281 75/11/1299 352/1070/1302 351/1053/1282
f 169/1060/1287 72/25/1307 328/1076/1310 327/1059/1288
f 170/1052/1279 73/6/1295 306/1067/1298 305/1051/1280
f 171/1062/1289 76/30/1311 286/1079/1314 285/1061/1290
s 166
f 1964/1701/1530 1898/1651/1463 1901/1699/1466 1965/1700/1531
s 114
f 1896/1650/1461 1966/1702/1532 1967/1703/1533 1897/1154/1462
s 156
f 1848/1631/1385 1890/1645/1453 1893/1153/1456 1849/1629/1386
s 99
f 249/925/1534 248/991/1205 55/2/1208 175/924/1535
f 265/874/1076 264/994/1209 56/995/1212 176/873/1077
f 283/912/1118 282/998/1213 57/999/1216 177/911/1119
f 303/848/1048 302/1002/1217 58/1003/1220 178/847/1049
f 325/899/1104 324/1006/1221 59/1007/1224 179/898/1105
f 349/861/1062 348/1010/1225 60/1011/1228 180/860/1063
f 374/886/1090 373/1014/1229 61/1015/1232 181/885/1091
f 401/835/1034 400/1018/1233 62/1019/1236 182/834/1035
s 157
f 1852/1631/1389 1894/1648/1457 1846/1133/1460 1853/1631/1390
s 156
f 1968/1704/1536 1853/1631/1537 1846/1133/1384 1847/1630/1383
s 99
f 247/993/1206 246/929/1141 39/39/1144 184/992/1207
f 263/997/1210 262/932/1145 40/933/1148 185/996/1211
f 281/1001/1214 280/936/1149 41/937/1152 186/1000/1215
f 301/1005/1218 300/940/1153 42/941/1156 187/1004/1219
f 323/1009/1222 322/944/1157 43/945/1160 188/1008/1223
f 347/1013/1226 346/948/1161 44/949/1164 189/1012/1227
f 372/1017/1230 371/952/1165 45/953/1168 190/1016/1231
f 399/1021/1234 398/956/1169 46/957/1172 191/1020/1235
s 158
f 1856/1631/1395 1888/1643/1449 1850/1134/1452 1857/1631/1396
s 157
f 1969/1705/1538 1857/1631/1539 1850/1134/1388 1851/1632/1387
s 99
f 230/1129/1382 100/47/1381 193/1127/1376 231/1125/1375
f 245/931/1142 244/960/1173 47/47/1176 194/930/1143
f 261/935/1146 260/963/1177 48/964/1180 195/934/1147
f 279/939/1150 278/967/1181 49/968/1184 196/938/1151
f 299/943/1154 298/971/1185 50/972/1188 197/942/1155
f 321/947/1158 320/975/1189 51/976/1192 198/946/1159
f 345/951/1162 344/979/1193 52/980/1196 199/950/1163
f 370/955/1166 369/983/1197 53/984/1200 200/954/1167
f 397/959/1170 396/987/1201 54/988/1204 201/958/1171
s 160
f 1860/1631/1405 1886/1641/1445 1854/1136/1448 1861/83/1406
s 158
f 1876/1638/1540 1861/83/1541 1854/1136/1394 1855/1633/1393
s 99
f 101/83/1542 105/83/1543 203/1135/1391 204/1130/1380
f 228/1048/1544 101/83/1542 204/1130/1380 229/1128/1379
f 243/962/1174 242/927/1138 4/83/1137 205/961/1175
f 259/966/1178 258/876/1082 35/877/1081 206/965/1179
f 277/970/1182 276/914/1124 16/915/1123 207/969/1183
f 297/974/1186 296/850/1054 30/851/1053 208/973/1187
f 319/978/1190 318/901/1110 6/902/1109 209/977/1191
f 343/982/1194 342/863/1068 25/864/1067 210/981/1195
f 368/986/1198 367/888/1096 11/889/1095 211/985/1199
f 395/990/1202 394/844/1045 21/845/1046 212/989/1203
s 162
f 1879/1150/1545 1884/1150/1546 1877/1639/1435 1866/1145/1422
f 1872/1150/1547 1879/1150/1545 1866/1145/1422 1867/1636/1421
f 1873/1707/1548 1872/1150/1547 1867/1636/1421 1970/1706/1549
s 99
f 238/1140/1550 3/4/1551 215/1032/1258 239/1031/1257
f 254/882/1088 37/4/1087 216/1034/1260 255/1033/1259
f 272/920/1130 18/921/1129 217/1036/1262 273/1035/1261
f 292/856/1060 32/857/1059 218/1038/1264 293/1037/1263
f 314/907/1116 8/908/1115 219/1040/1266 315/1039/1265
f 338/869/1074 27/870/1073 220/1042/1268 339/1041/1267
f 363/894/1102 13/895/1101 221/1044/1270 364/1043/1269
f 391/1046/1271 390/840/1041 23/841/1044 222/1045/1272
s 140
f 1863/1620/1412 1880/1640/1439 1883/1152/1442 1864/1167/1413
f 1864/1167/1413 1883/1152/1489 1871/1146/1425 1924/1663/1490
f 1924/1663/1490 1871/1146/1425 1873/1707/1428 1971/1708/1552
s 99
f 3/4/1551 224/1147/1553 225/1143/1415 215/1032/1258
f 215/1032/1258 225/1143/1415 226/1137/1418 63/69/1140
s 159
f 2/69/1554 63/69/1555 226/1137/1398 227/1047/1397
s 99
f 2/69/1136 227/1047/1273 228/1048/1276 4/83/1137
f 4/83/1137 228/1048/1544 229/1128/1379 205/961/1175
f 205/961/1175 229/1128/1379 230/1129/1382 47/47/1176
f 47/47/1176 230/1129/1382 231/1125/1375 194/930/1143
f 194/930/1143 231/1125/1375 232/1126/1378 39/39/1144
f 39/39/1144 232/1126/1378 233/1131/1556 184/992/1207
f 184/992/1207 233/1131/1556 234/1132/1557 55/2/1208
s 156
f 1893/1153/1456 1824/1618/1558 1972/1709/1559 1849/1629/1386
f 1892/1647/1455 1825/1631/1560 1824/1618/1558 1893/1153/1456
s 140
f 1827/1620/1238 1862/1634/1411 1865/1142/1414 1828/1167/1239
f 1828/1167/1239 1865/1142/1414 1925/1664/1491 1926/1665/1492
s 99
f 132/883/1086 237/1139/1407 238/1140/1410 37/4/1087
f 37/4/1087 238/1140/1550 239/1031/1257 216/1034/1260
f 216/1034/1260 239/1031/1257 240/928/1139 64/880/1084
f 64/880/1084 240/928/1139 241/926/1135 36/878/1080
f 36/878/1080 241/926/1135 242/927/1138 35/877/1081
f 206/965/1179 35/877/1081 242/927/1138 243/962/1174
f 48/964/1180 206/965/1179 243/962/1174 244/960/1173
f 195/934/1147 48/964/1180 244/960/1173 245/931/1142
f 40/933/1148 195/934/1147 245/931/1142 246/929/1141
f 185/996/1211 40/933/1148 246/929/1141 247/993/1206
f 56/995/1212 185/996/1211 247/993/1206 248/991/1205
f 176/873/1077 56/995/1212 248/991/1205 249/925/1534
f 34/35/1078 176/873/1077 249/925/1534 250/923/1561
s 114
f 1897/1154/1462 1964/1701/1562 1973/1710/1563 1823/1616/1131
f 1967/1703/1533 1898/1651/1564 1964/1701/1562 1897/1154/1462
s 140
f 1831/1622/1242 1826/1619/1237 1829/1022/1240 1832/1024/1243
f 1832/1024/1243 1829/1022/1240 1927/1666/1493 1928/1667/1494
s 99
f 133/922/1128 253/881/1085 254/882/1088 18/921/1129
f 18/921/1129 254/882/1088 255/1033/1259 217/1036/1262
f 217/1036/1262 255/1033/1259 256/879/1083 65/918/1126
f 65/918/1126 256/879/1083 257/875/1079 17/916/1122
f 17/916/1122 257/875/1079 258/876/1082 16/915/1123
f 207/969/1183 16/915/1123 258/876/1082 259/966/1178
f 49/968/1184 207/969/1183 259/966/1178 260/963/1177
f 196/938/1151 49/968/1184 260/963/1177 261/935/1146
f 41/937/1152 196/938/1151 261/935/1146 262/932/1145
f 186/1000/1215 41/937/1152 262/932/1145 263/997/1210
f 57/999/1216 186/1000/1215 263/997/1210 264/994/1209
f 177/911/1119 57/999/1216 264/994/1209 265/874/1076
f 15/16/1120 177/911/1119 265/874/1076 266/872/1075
f 267/1055/1284 171/1062/1289 15/16/1120 266/872/1075
f 268/1155/1565 76/30/1311 171/1062/1289 267/1055/1284
s 166
f 1900/1156/1465 1960/1697/1566 1974/1711/1567 1901/1699/1466
f 1963/1698/1529 1902/1653/1568 1960/1697/1566 1900/1156/1465
s 140
f 1835/1624/1246 1830/1621/1241 1833/1023/1244 1836/1026/1247
f 1836/1026/1247 1833/1023/1244 1929/1668/1495 1930/1669/1496
s 99
f 134/858/1058 271/919/1127 272/920/1130 32/857/1059
f 32/857/1059 272/920/1130 273/1035/1261 218/1038/1264
f 218/1038/1264 273/1035/1261 274/917/1125 66/854/1056
f 66/854/1056 274/917/1125 275/913/1121 31/852/1052
f 31/852/1052 275/913/1121 276/914/1124 30/851/1053
f 208/973/1187 30/851/1053 276/914/1124 277/970/1182
f 50/972/1188 208/973/1187 277/970/1182 278/967/1181
f 197/942/1155 50/972/1188 278/967/1181 279/939/1150
f 42/941/1156 197/942/1155 279/939/1150 280/936/1149
f 187/1004/1219 42/941/1156 280/936/1149 281/1001/1214
f 58/1003/1220 187/1004/1219 281/1001/1214 282/998/1213
f 178/847/1049 58/1003/1220 282/998/1213 283/912/1118
f 29/30/1050 178/847/1049 283/912/1118 284/910/1117
f 285/1061/1290 170/1052/1279 29/30/1050 284/910/1117
f 286/1079/1314 73/6/1295 170/1052/1279 285/1061/1290
f 287/1080/1313 163/1069/1296 73/6/1295 286/1079/1314
f 288/1157/1569 80/6/1319 163/1069/1296 287/1080/1313
s 167
f 1904/1158/1469 1956/1693/1570 1975/1712/1571 1905/1695/1470
f 1959/1694/1525 1906/1655/1572 1956/1693/1570 1904/1158/1469
s 140
f 1839/1626/1250 1834/1623/1245 1837/1025/1248 1840/1028/1251
f 1840/1028/1251 1837/1025/1248 1931/1670/1497 1932/1671/1498
s 99
f 135/909/1114 291/855/1057 292/856/1060 8/908/1115
f 8/908/1115 292/856/1060 293/1037/1263 219/1040/1266
f 219/1040/1266 293/1037/1263 294/853/1055 67/905/1112
f 67/905/1112 294/853/1055 295/849/1051 7/903/1108
f 7/903/1108 295/849/1051 296/850/1054 6/902/1109
f 209/977/1191 6/902/1109 296/850/1054 297/974/1186
f 51/976/1192 209/977/1191 297/974/1186 298/971/1185
f 198/946/1159 51/976/1192 298/971/1185 299/943/1154
f 43/945/1160 198/946/1159 299/943/1154 300/940/1153
f 188/1008/1223 43/945/1160 300/940/1153 301/1005/1218
f 59/1007/1224 188/1008/1223 301/1005/1218 302/1002/1217
f 179/898/1105 59/1007/1224 302/1002/1217 303/848/1048
f 5/6/1106 179/898/1105 303/848/1048 304/846/1047
f 305/1051/1280 169/1060/1287 5/6/1106 304/846/1047
f 306/1067/1298 72/25/1307 169/1060/1287 305/1051/1280
f 307/1068/1297 162/1078/1308 72/25/1307 306/1067/1298
f 308/1085/1322 79/25/1331 162/1078/1308 307/1068/1297
f 309/1086/1321 156/1096/1332 79/25/1331 308/1085/1322
f 310/1159/1573 85/25/1347 156/1096/1332 309/1086/1321
s 168
f 1908/1160/1473 1952/1689/1574 1976/1713/1575 1909/1691/1474
f 1955/1690/1521 1910/1657/1576 1952/1689/1574 1908/1160/1473
s 140
f 1843/1628/1254 1838/1625/1249 1841/1027/1252 1844/1030/1255
f 1844/1030/1255 1841/1027/1252 1933/1672/1499 1934/1673/1500
s 99
f 136/871/1072 313/906/1113 314/907/1116 27/870/1073
f 27/870/1073 314/907/1116 315/1039/1265 220/1042/1268
f 220/1042/1268 315/1039/1265 316/904/1111 68/867/1070
f 68/867/1070 316/904/1111 317/900/1107 26/865/1066
f 26/865/1066 317/900/1107 318/901/1110 25/864/1067
f 210/981/1195 25/864/1067 318/901/1110 319/978/1190
f 52/980/1196 210/981/1195 319/978/1190 320/975/1189
f 199/950/1163 52/980/1196 320/975/1189 321/947/1158
f 44/949/1164 199/950/1163 321/947/1158 322/944/1157
f 189/1012/1227 44/949/1164 322/944/1157 323/1009/1222
f 60/1011/1228 189/1012/1227 323/1009/1222 324/1006/1221
f 180/860/1063 60/1011/1228 324/1006/1221 325/899/1104
f 24/25/1064 180/860/1063 325/899/1104 326/897/1103
f 327/1059/1288 168/1054/1281 24/25/1064 326/897/1103
f 328/1076/1310 75/11/1299 168/1054/1281 327/1059/1288
f 329/1077/1309 161/1072/1300 75/11/1299 328/1076/1310
f 330/1094/1334 82/11/1323 161/1072/1300 329/1077/1309
f 331/1095/1333 155/1090/1324 82/11/1323 330/1094/1334
f 332/1106/1350 88/11/1339 155/1090/1324 331/1095/1333
f 333/1107/1349 150/1102/1340 88/11/1339 332/1106/1350
f 334/1161/1577 91/11/1355 150/1102/1340 333/1107/1349
s 169
f 1912/1162/1477 1948/1685/1578 1977/1714/1579 1913/1687/1478
f 1951/1686/1517 1914/1659/1580 1948/1685/1578 1912/1162/1477
s 140
f 1978/1532/1581 1842/1627/1253 1845/1029/1256 1936/1166/1503
f 1936/1166/1503 1845/1029/1256 1935/1674/1501 1938/1675/1504
s 99
f 137/896/1100 337/868/1071 338/869/1074 13/895/1101
f 13/895/1101 338/869/1074 339/1041/1267 221/1044/1270
f 221/1044/1270 339/1041/1267 340/866/1069 69/892/1098
f 69/892/1098 340/866/1069 341/862/1065 12/890/1094
f 12/890/1094 341/862/1065 342/863/1068 11/889/1095
f 211/985/1199 11/889/1095 342/863/1068 343/982/1194
f 53/984/1200 211/985/1199 343/982/1194 344/979/1193
f 200/954/1167 53/984/1200 344/979/1193 345/951/1162
f 45/953/1168 200/954/1167 345/951/1162 346/948/1161
f 190/1016/1231 45/953/1168 346/948/1161 347/1013/1226
f 61/1015/1232 190/1016/1231 347/1013/1226 348/1010/1225
f 181/885/1091 61/1015/1232 348/1010/1225 349/861/1062
f 10/11/1092 181/885/1091 349/861/1062 350/859/1061
f 351/1053/1282 167/1058/1285 10/11/1092 350/859/1061
f 352/1070/1302 74/78/1303 167/1058/1285 351/1053/1282
f 353/1071/1301 160/1075/1304 74/78/1303 352/1070/1302
f 354/1088/1326 81/78/1327 160/1075/1304 353/1071/1301
f 355/1089/1325 154/1093/1328 81/78/1327 354/1088/1326
f 356/1100/1342 87/78/1343 154/1093/1328 355/1089/1325
f 357/1101/1341 149/1105/1344 87/78/1343 356/1100/1342
f 358/1112/1358 90/78/1359 149/1105/1344 357/1101/1341
f 359/1113/1357 143/1117/1360 90/78/1359 358/1112/1358
f 360/1163/1582 94/78/1367 143/1117/1360 359/1113/1357
s 170
f 1916/1164/1481 1944/1681/1583 1979/1715/1584 1917/1683/1482
f 1947/1682/1513 1918/78/1585 1944/1681/1583 1916/1164/1481
s 140
f 1942/1534/1508 1937/1532/1502 1939/1676/1505 1943/1677/1509
s 99
f 138/842/1043 362/893/1099 363/894/1102 23/841/1044
f 23/841/1044 363/894/1102 364/1043/1269 222/1045/1272
f 222/1045/1272 364/1043/1269 365/891/1097 70/838/1039
f 70/838/1039 365/891/1097 366/887/1093 22/837/1040
f 22/837/1040 366/887/1093 367/888/1096 21/845/1046
f 212/989/1203 21/845/1046 367/888/1096 368/986/1198
f 54/988/1204 212/989/1203 368/986/1198 369/983/1197
f 201/958/1171 54/988/1204 369/983/1197 370/955/1166
f 46/957/1172 201/958/1171 370/955/1166 371/952/1165
f 191/1020/1235 46/957/1172 371/952/1165 372/1017/1230
f 62/1019/1236 191/1020/1235 372/1017/1230 373/1014/1229
f 182/834/1035 62/1019/1236 373/1014/1229 374/886/1090
f 20/78/1036 182/834/1035 374/886/1090 375/884/1089
f 376/1057/1286 166/1050/1277 20/78/1036 375/884/1089
f 377/1073/1306 71/1063/1291 166/1050/1277 376/1057/1286
f 378/1074/1305 159/1066/1292 71/1063/1291 377/1073/1306
f 379/1091/1330 78/1063/1315 159/1066/1292 378/1074/1305
f 380/1092/1329 153/1084/1316 78/1063/1315 379/1091/1330
f 381/1103/1346 84/1063/1335 153/1084/1316 380/1092/1329
f 382/1104/1345 148/1099/1336 84/1063/1335 381/1103/1346
f 383/1115/1362 89/1063/1351 148/1099/1336 382/1104/1345
f 384/1116/1361 142/1111/1352 89/1063/1351 383/1115/1362
f 385/1121/1370 93/1063/1363 142/1111/1352 384/1116/1361
f 386/1122/1369 139/1120/1364 93/1063/1363 385/1121/1370
f 387/1165/1586 96/1063/1371 139/1120/1364 386/1122/1369
s 171
f 1920/1662/1485 1980/1531/1587 1981/1716/1588 1921/1679/1486
s 99
f 403/1049/1278 431/1169/1589 418/1168/1590 402/833/1033
f 404/1064/1294 419/1170/1591 431/1169/1589 403/1049/1278
f 405/1065/1293 430/1171/1592 419/1170/1591 404/1064/1294
f 406/1082/1318 420/1172/1593 430/1171/1592 405/1065/1293
f 407/1083/1317 429/1173/1594 420/1172/1593 406/1082/1318
f 408/1097/1338 421/1174/1595 429/1173/1594 407/1083/1317
f 409/1098/1337 428/1175/1596 421/1174/1595 408/1097/1338
f 410/1109/1354 422/1176/1597 428/1175/1596 409/1098/1337
f 411/1110/1353 426/1177/1598 422/1176/1597 410/1109/1354
f 412/1118/1366 423/1178/1599 426/1177/1598 411/1110/1353
f 413/1119/1365 425/1179/1600 423/1178/1599 412/1118/1366
f 414/1124/1374 424/1180/1601 425/1179/1600 413/1119/1365
f 415/399/1373 427/1181/1602 424/1180/1601 414/1124/1374
f 416/399/1603 98/399/1604 427/1181/1602 415/399/1373
s 140
f 1982/1528/1605 1940/1533/1507 1941/1678/1506 1983/1717/1606
s 99
f 432/1182/1607 389/843/1042 390/840/1041 433/1183/1608
f 433/1183/1608 390/840/1041 391/1046/1271 434/1184/1609
f 434/1184/1609 391/1046/1271 392/839/1038 435/1185/1610
f 435/1185/1610 392/839/1038 393/836/1037 436/1186/1611
f 436/1186/1611 393/836/1037 394/844/1045 437/1187/1612
f 437/1187/1612 394/844/1045 395/990/1202 438/1188/1613
f 438/1188/1613 395/990/1202 396/987/1201 439/1189/1614
f 439/1189/1614 396/987/1201 397/959/1170 440/1190/1615
f 440/1190/1615 397/959/1170 398/956/1169 441/1191/1616
f 441/1191/1616 398/956/1169 399/1021/1234 442/1192/1617
f 442/1192/1617 399/1021/1234 400/1018/1233 443/1193/1618
f 443/1193/1618 400/1018/1233 401/835/1034 444/1194/1619
f 444/1194/1619 401/835/1034 402/833/1033 418/1168/1590
f 845/1195/1620 464/814/1621 624/1197/1622 844/1196/1623
f 836/1198/1624 466/1201/1625 514/1200/1626 835/1199/1627
f 833/1202/1628 467/1205/1629 580/1204/1630 832/1203/1631
f 837/1206/1632 465/1207/1633 466/1201/1625 836/1198/1624
f 747/1208/1634 473/443/1635 620/1210/1636 746/1209/1637
f 738/1211/1638 739/1214/1639 474/1213/1640 475/1212/1641
f 737/1215/1642 738/1211/1638 475/1212/1641 510/1216/1643
f 734/1217/1644 735/1220/1645 476/1219/1646 576/1218/1647
f 793/1221/1648 468/457/1649 622/1223/1650 792/1222/1651
f 784/1224/1652 785/1227/1653 469/1226/1654 470/1225/1655
f 783/1228/1656 784/1224/1652 470/1225/1655 512/1229/1657
f 780/1230/1658 781/1233/1659 471/1232/1660 578/1231/1661
f 709/1234/1662 478/471/1663 618/1236/1664 708/1235/1665
f 700/1237/1666 701/1240/1667 479/1239/1668 480/1238/1669
f 699/1241/1670 700/1237/1666 480/1238/1669 508/1242/1671
f 696/1243/1672 697/1245/1673 481/482/1674 574/1244/1675
f 818/1246/1676 454/485/1677 623/1248/1678 817/1247/1679
f 809/1249/1680 810/1252/1681 455/1251/1682 456/1250/1683
f 808/1253/1684 809/1249/1680 456/1250/1683 513/1254/1685
f 805/1255/1686 806/1258/1687 457/1257/1688 579/1256/1689
f 769/1259/1690 449/499/1691 621/1261/1692 768/1260/1693
f 760/1262/1694 761/1265/1695 450/1264/1696 451/1263/1697
f 759/1266/1698 760/1262/1694 451/1263/1697 511/1267/1699
f 756/1268/1700 757/1271/1701 452/1270/1702 577/1269/1703
f 727/1272/1704 459/513/1705 619/1274/1706 726/1273/1707
f 718/1275/1708 719/1278/1709 460/1277/1710 461/1276/1711
f 717/1279/1712 718/1275/1708 461/1276/1711 509/1280/1713
f 714/1281/1714 715/1284/1715 462/1283/1716 575/1282/1717
s 189
f 1984/1720/1718 1985/1734/1719 1986/1718/1720 1987/1719/1721
s 99
f 684/1288/1722 685/1289/1723 448/674/1724 446/535/1725
f 683/1290/1726 684/1288/1722 446/535/1725 507/535/1727
f 689/1291/1728 483/537/1729 636/1293/1730 688/1292/1731
f 705/1294/1732 484/1297/1733 637/1296/1734 704/1295/1735
f 723/1298/1736 485/1301/1737 638/1300/1738 722/1299/1739
f 743/1302/1740 486/1305/1741 639/1304/1742 742/1303/1743
f 765/1306/1744 487/1309/1745 640/1308/1746 764/1307/1747
f 789/1310/1748 488/1313/1749 641/1312/1750 788/1311/1751
f 814/1314/1752 489/1317/1753 642/1316/1754 813/1315/1755
f 841/1318/1756 490/1321/1757 643/1320/1758 840/1319/1759
f 687/1322/1760 491/569/1761 647/1324/1762 686/1323/1763
f 703/1325/1764 492/1328/1765 648/1327/1766 702/1326/1767
f 721/1329/1768 493/1332/1769 649/1331/1770 720/1330/1771
f 741/1333/1772 494/1336/1773 650/1335/1774 740/1334/1775
f 763/1337/1776 495/1340/1777 651/1339/1778 762/1338/1779
f 787/1341/1780 496/1344/1781 652/1343/1782 786/1342/1783
f 812/1345/1784 497/1348/1785 653/1347/1786 811/1346/1787
f 839/1349/1788 498/1352/1789 654/1351/1790 838/1350/1791
f 691/1353/1792 499/527/1793 626/1355/1794 690/1354/1795
f 707/1356/1796 500/1359/1797 627/1358/1798 706/1357/1799
f 725/1360/1800 501/1363/1801 628/1362/1802 724/1361/1803
f 745/1364/1804 502/1367/1805 629/1366/1806 744/1365/1807
f 767/1368/1808 503/1371/1809 630/1370/1810 766/1369/1811
f 791/1372/1812 504/1375/1813 631/1374/1814 790/1373/1815
f 816/1376/1816 505/1379/1817 632/1378/1818 815/1377/1819
f 843/1380/1820 506/1383/1821 633/1382/1822 842/1381/1823
s 140
f 1988/1722/1824 1989/1384/1825 1990/1529/1826 1991/1721/1827
f 1992/1724/1828 1993/1386/1829 1994/1385/1830 1995/1723/1831
f 1996/1726/1832 1997/1388/1833 1998/1387/1834 1999/1725/1835
f 2000/1728/1836 2001/1390/1837 2002/1389/1838 2003/1727/1839
f 2004/1730/1840 2005/1392/1841 2006/1391/1842 2007/1729/1843
s 99
f 682/1393/1844 683/1290/1726 507/535/1727 657/1394/1845
f 698/1395/1846 699/1241/1670 508/1242/1671 658/1396/1847
f 716/1397/1848 717/1279/1712 509/1280/1713 659/1398/1849
f 736/1399/1850 737/1215/1642 510/1216/1643 660/1400/1851
f 758/1401/1852 759/1266/1698 511/1267/1699 661/1402/1853
f 782/1403/1854 783/1228/1656 512/1229/1657 662/1404/1855
f 807/1405/1856 808/1253/1684 513/1254/1685 663/1406/1857
f 835/1199/1627 514/1200/1626 664/1408/1858 834/1407/1859
f 670/1409/1860 671/1410/1861 544/674/1862 550/535/1863
f 464/814/1621 845/1195/1620 846/1412/1864 608/1411/1865
f 473/443/1635 747/1208/1634 748/1414/1866 612/1413/1867
f 468/457/1649 793/1221/1648 794/1416/1868 610/1415/1869
f 478/471/1663 709/1234/1662 710/1418/1870 614/1417/1871
f 454/485/1677 818/1246/1676 819/1420/1872 609/1419/1873
f 449/499/1691 769/1259/1690 770/1422/1874 611/1421/1875
f 459/513/1705 727/1272/1704 728/1424/1876 613/1423/1877
f 515/1425/1878 847/1428/1879 848/1427/1880 601/1426/1881
f 517/499/1882 749/1431/1883 750/1430/1884 605/1429/1885
f 519/485/1886 795/1434/1887 796/1433/1888 603/1432/1889
f 518/814/1890 820/1437/1891 821/1436/1892 602/1435/1893
f 516/457/1894 771/1440/1895 772/1439/1896 604/1438/1897
f 520/443/1898 729/1443/1899 730/1442/1900 606/1441/1901
f 522/1425/1902 849/1446/1903 850/1445/1904 595/1444/1905
f 524/499/1906 751/1449/1907 752/1448/1908 599/1447/1909
f 526/485/1910 797/1452/1911 798/1451/1912 597/1450/1913
f 525/814/1914 822/1455/1915 823/1454/1916 596/1453/1917
f 523/457/1918 773/1458/1919 774/1457/1920 598/1456/1921
f 528/1425/1922 851/1461/1923 852/1460/1924 590/1459/1925
f 532/485/1926 799/1464/1927 800/1463/1928 592/1462/1929
f 531/814/1930 824/1467/1931 825/1466/1932 591/1465/1933
f 529/457/1934 775/1470/1935 776/1469/1936 593/1468/1937
f 533/1425/1938 853/1473/1939 854/1472/1940 584/1471/1941
f 535/485/1942 801/1476/1943 802/1475/1944 586/1474/1945
f 534/814/1946 826/1479/1947 827/1478/1948 585/1477/1949
f 537/1425/1950 855/1482/1951 856/1481/1952 581/1480/1953
f 538/814/1954 828/1485/1955 829/1484/1956 582/1483/1957
f 540/1425/1958 857/1487/1959 858/1486/1960 588/816/1961
f 674/1488/1962 675/1490/1963 542/537/1964 635/1489/1965
f 672/1491/1966 673/1493/1967 543/569/1968 646/1492/1969
s 204
f 2008/1731/1970 2009/1732/1971 2010/1734/1972 2011/1495/1973
s 205
f 2013/1733/1974 2012/1734/1975 2014/1734/1976 2015/1497/1977
s 99
f 646/1492/1969 543/569/1968 547/569/1978 645/1498/1979
s 206
f 2017/1735/1980 2016/1734/1981 2018/1734/1982 2019/1499/1983
s 207
f 670/1409/1984 550/535/1985 551/535/1986 669/1500/1987
s 99
f 550/535/1863 544/674/1862 548/674/1988 552/535/1989
s 208
f 2020/1501/1990 2021/674/1991 2022/1734/1992 2023/1501/1993
s 99
f 680/1502/1994 681/1504/1995 447/482/1996 573/1503/1997
s 140
f 2024/1736/1998 2025/1505/1999 2026/1529/2000 2027/1721/2001
s 99
f 668/1506/2002 669/1500/2003 551/535/2004 656/1507/2005
s 207
f 551/535/1986 550/535/1985 552/535/2006 557/535/2007
s 209
f 2029/1737/2008 2028/1738/2009 2030/1512/2010 2031/1508/2011
s 140
f 2032/1739/2012 2033/1740/2013 2034/1513/2014 2035/1510/2015
s 211
f 2030/1512/2016 2036/1741/2017 2020/1501/2018 2037/1512/2019
s 208
f 2036/1741/2020 2038/1742/2021 2021/674/1991 2020/1501/1990
s 209
f 2031/1508/2011 2030/1512/2010 2037/1512/2022 2039/1743/2023
s 140
f 2035/1510/2015 2034/1513/2014 2040/1513/2024 2041/1744/2025
f 2042/1745/2026 2043/1514/2027 2044/1529/2028 2045/1721/2029
s 211
f 2037/1512/2019 2020/1501/2018 2023/1501/2030 2046/1512/2031
s 208
f 2047/1747/2032 2019/1499/2033 2018/1734/2034 2048/1746/2035
s 206
f 2049/1749/2036 2015/1497/2037 2014/1734/2038 2050/1748/2039
s 204
f 2051/1752/2040 2052/1515/2041 2053/1750/2042 2054/1751/2043
s 205
f 2055/1754/2044 2011/1495/2045 2010/1734/2046 2056/1753/2047
s 189
f 1985/1734/1719 1984/1720/1718 2057/1516/2048 2058/1755/2049
s 212
f 2060/1757/2050 2059/1805/2051 2061/1517/2052 2062/1756/2053
s 213
f 2064/1759/2054 2063/1801/2055 2065/1519/2056 2066/1758/2057
s 214
f 2068/1761/2058 2067/1797/2059 2069/1521/2060 2070/1760/2061
s 215
f 2072/1763/2062 2071/1793/2063 2073/1523/2064 2074/1762/2065
s 216
f 2076/1765/2066 2075/1789/2067 2077/1525/2068 2078/1764/2069
s 217
f 2080/814/2070 2079/1785/2071 2081/1530/2072 2082/1766/2073
s 140
f 2044/1529/2074 2035/1510/2015 2041/1744/2025 2083/1529/2075
f 2043/1514/2076 2032/1739/2012 2035/1510/2015 2044/1529/2074
f 2025/1505/1999 2084/1767/2077 2085/1768/2078 2026/1529/2000
f 1989/1384/1825 2086/1769/2079 2087/1770/2080 1990/1529/1826
f 1993/1386/1829 2088/1771/2081 2089/1772/2082 1994/1385/1830
f 1997/1388/1833 2090/1773/2083 2091/1774/2084 1998/1387/1834
f 2001/1390/1837 2092/1775/2085 2093/1776/2086 2002/1389/1838
f 2005/1392/1841 2094/1777/2087 2095/1778/2088 2006/1391/1842
f 2096/1528/2089 2097/1779/2090 2098/1780/2091 2099/1528/2092
f 2101/1781/2093 2100/1782/2094 2102/1528/2095 2103/1528/2096
s 99
f 581/1480/1953 856/1481/1952 857/1487/1959 540/1425/1958
s 217
f 2105/1783/2097 2104/1784/2098 2079/1785/2071 2080/814/2070
s 216
f 2078/1764/2069 2077/1525/2068 2106/1786/2099 2107/1765/2100
s 99
f 584/1471/1941 854/1472/1940 855/1482/1951 537/1425/1950
f 585/1477/1949 827/1478/1948 828/1485/1955 538/814/1954
s 216
f 2109/1787/2101 2108/1788/2102 2075/1789/2067 2076/1765/2066
s 215
f 2074/1762/2065 2073/1523/2064 2110/1790/2103 2111/1763/2104
s 99
f 590/1459/1925 852/1460/1924 853/1473/1939 533/1425/1938
f 591/1465/1933 825/1466/1932 826/1479/1947 534/814/1946
f 592/1462/1929 800/1463/1928 801/1476/1943 535/485/1942
s 215
f 2113/1791/2105 2112/1792/2106 2071/1793/2063 2072/1763/2062
s 214
f 2070/1760/2061 2069/1521/2060 2114/1794/2107 2115/1761/2108
s 99
f 595/1444/1905 850/1445/1904 851/1461/1923 528/1425/1922
f 596/1453/1917 823/1454/1916 824/1467/1931 531/814/1930
f 597/1450/1913 798/1451/1912 799/1464/1927 532/485/1926
f 598/1456/1921 774/1457/1920 775/1470/1935 529/457/1934
s 214
f 2117/1795/2109 2116/1796/2110 2067/1797/2059 2068/1761/2058
s 213
f 2066/1758/2057 2065/1519/2056 2118/1798/2111 2119/1759/2112
s 99
f 601/1426/1881 848/1427/1880 849/1446/1903 522/1425/1902
f 602/1435/1893 821/1436/1892 822/1455/1915 525/814/1914
f 603/1432/1889 796/1433/1888 797/1452/1911 526/485/1910
f 604/1438/1897 772/1439/1896 773/1458/1919 523/457/1918
f 605/1429/1885 750/1430/1884 751/1449/1907 524/499/1906
s 213
f 2121/1799/2113 2120/1800/2114 2063/1801/2055 2064/1759/2054
s 212
f 2062/1756/2053 2061/1517/2052 2122/1802/2115 2123/1757/2116
s 99
f 608/1411/1865 846/1412/1864 847/1428/1879 515/1425/1878
f 609/1419/1873 819/1420/1872 820/1437/1891 518/814/1890
f 610/1415/1869 794/1416/1868 795/1434/1887 519/485/1886
f 611/1421/1875 770/1422/1874 771/1440/1895 516/457/1894
f 612/1413/1867 748/1414/1866 749/1431/1883 517/499/1882
f 613/1423/1877 728/1424/1876 729/1443/1899 520/443/1898
s 212
f 2125/1803/2117 2124/1804/2118 2059/1805/2051 2060/1757/2050
s 189
f 2058/1755/2049 2057/1516/2048 2126/1806/2119 2127/1807/2120
s 204
f 2010/1734/1972 2009/1732/1971 2052/1515/2041 2051/1752/2040
s 99
f 692/1286/2121 617/1287/2122 499/527/1793 691/1353/1792
f 708/1235/1665 618/1236/1664 500/1359/1797 707/1356/1796
f 726/1273/1707 619/1274/1706 501/1363/1801 725/1360/1800
f 746/1209/1637 620/1210/1636 502/1367/1805 745/1364/1804
f 768/1260/1693 621/1261/1692 503/1371/1809 767/1368/1808
f 792/1222/1651 622/1223/1650 504/1375/1813 791/1372/1812
f 817/1247/1679 623/1248/1678 505/1379/1817 816/1376/1816
f 844/1196/1623 624/1197/1622 506/1383/1821 843/1380/1820
s 205
f 2014/1734/1976 2012/1734/1975 2011/1495/2045 2055/1754/2044
s 204
f 2128/1808/2123 2008/1731/1970 2011/1495/1973 2012/1734/2124
s 99
f 690/1354/1795 626/1355/1794 483/537/1729 689/1291/1728
f 706/1357/1799 627/1358/1798 484/1297/1733 705/1294/1732
f 724/1361/1803 628/1362/1802 485/1301/1737 723/1298/1736
f 744/1365/1807 629/1366/1806 486/1305/1741 743/1302/1740
f 766/1369/1811 630/1370/1810 487/1309/1745 765/1306/1744
f 790/1373/1815 631/1374/1814 488/1313/1749 789/1310/1748
f 815/1377/1819 632/1378/1818 489/1317/1753 814/1314/1752
f 842/1381/1823 633/1382/1822 490/1321/1757 841/1318/1756
s 206
f 2018/1734/1982 2016/1734/1981 2015/1497/2037 2049/1749/2036
s 205
f 2129/1809/2125 2013/1733/1974 2015/1497/1977 2016/1734/2126
s 99
f 673/1493/1967 674/1488/1962 635/1489/1965 543/569/1968
f 688/1292/1731 636/1293/1730 491/569/1761 687/1322/1760
f 704/1295/1735 637/1296/1734 492/1328/1765 703/1325/1764
f 722/1299/1739 638/1300/1738 493/1332/1769 721/1329/1768
f 742/1303/1743 639/1304/1742 494/1336/1773 741/1333/1772
f 764/1307/1747 640/1308/1746 495/1340/1777 763/1337/1776
f 788/1311/1751 641/1312/1750 496/1344/1781 787/1341/1780
f 813/1315/1755 642/1316/1754 497/1348/1785 812/1345/1784
f 840/1319/1759 643/1320/1758 498/1352/1789 839/1349/1788
s 208
f 2022/1734/1992 2021/674/1991 2019/1499/2033 2047/1747/2032
s 206
f 2038/1742/2127 2017/1735/1980 2019/1499/1983 2021/674/2128
s 99
f 544/674/2129 646/1492/1969 645/1498/1979 548/674/2130
f 671/1410/2131 672/1491/1966 646/1492/1969 544/674/2129
f 686/1323/1763 647/1324/1762 448/674/1724 685/1289/1723
f 702/1326/1767 648/1327/1766 479/1239/1668 701/1240/1667
f 720/1330/1771 649/1331/1770 460/1277/1710 719/1278/1709
f 740/1334/1775 650/1335/1774 474/1213/1640 739/1214/1639
f 762/1338/1779 651/1339/1778 450/1264/1696 761/1265/1695
f 786/1342/1783 652/1343/1782 469/1226/1654 785/1227/1653
f 811/1346/1787 653/1347/1786 455/1251/1682 810/1252/1681
f 838/1350/1791 654/1351/1790 465/1207/1633 837/1206/1632
s 209
f 2040/1513/2132 2031/1508/2011 2039/1743/2023 2130/1513/2133
f 2034/1513/2134 2029/1737/2008 2031/1508/2011 2040/1513/2132
s 99
f 667/1511/2135 668/1506/2002 656/1507/2005 556/482/2136
f 681/1504/2137 682/1393/1844 657/1394/1845 447/482/2138
f 697/1245/1673 698/1395/1846 658/1396/1847 481/482/1674
f 715/1284/1715 716/1397/1848 659/1398/1849 462/1283/1716
f 735/1220/1645 736/1399/1850 660/1400/1851 476/1219/1646
f 757/1271/1701 758/1401/1852 661/1402/1853 452/1270/1702
f 781/1233/1659 782/1403/1854 662/1404/1855 471/1232/1660
f 806/1258/1687 807/1405/1856 663/1406/1857 457/1257/1688
f 834/1407/1859 664/1408/1858 467/1205/1629 833/1202/1628
s 140
f 2027/1721/2001 2026/1529/2000 2043/1514/2027 2042/1745/2026
f 2026/1529/2000 2085/1768/2078 2032/1739/2012 2043/1514/2076
s 99
f 573/1503/1997 447/482/1996 667/1511/2139 666/1509/2140
f 447/482/2138 657/1394/1845 668/1506/2002 667/1511/2135
f 657/1394/1845 507/535/1727 669/1500/2003 668/1506/2002
s 207
f 446/535/2141 670/1409/1984 669/1500/1987 507/535/2142
s 99
f 446/535/1725 448/674/1724 671/1410/1861 670/1409/1860
f 448/674/1724 647/1324/1762 672/1491/1966 671/1410/2131
f 647/1324/1762 491/569/1761 673/1493/1967 672/1491/1966
f 491/569/1761 636/1293/1730 674/1488/1962 673/1493/1967
f 636/1293/1730 483/537/1729 675/1490/1963 674/1488/1962
f 483/537/1729 626/1355/1794 676/1494/2143 675/1490/1963
f 626/1355/1794 499/527/1793 677/1496/2144 676/1494/2143
s 204
f 2052/1515/2041 2009/1732/1971 2131/1810/2145 1986/1718/2146
f 2053/1750/2042 2052/1515/2041 1986/1718/2146 1985/1734/2147
s 140
f 1991/1721/1827 1990/1529/1826 2025/1505/1999 2024/1736/1998
f 1990/1529/1826 2087/1770/2080 2084/1767/2077 2025/1505/1999
s 99
f 574/1244/1675 481/482/1674 681/1504/1995 680/1502/1994
f 481/482/1674 658/1396/1847 682/1393/1844 681/1504/2137
f 658/1396/1847 508/1242/1671 683/1290/1726 682/1393/1844
f 508/1242/1671 480/1238/1669 684/1288/1722 683/1290/1726
f 480/1238/1669 479/1239/1668 685/1289/1723 684/1288/1722
f 648/1327/1766 686/1323/1763 685/1289/1723 479/1239/1668
f 492/1328/1765 687/1322/1760 686/1323/1763 648/1327/1766
f 637/1296/1734 688/1292/1731 687/1322/1760 492/1328/1765
f 484/1297/1733 689/1291/1728 688/1292/1731 637/1296/1734
f 627/1358/1798 690/1354/1795 689/1291/1728 484/1297/1733
f 500/1359/1797 691/1353/1792 690/1354/1795 627/1358/1798
f 618/1236/1664 692/1286/2121 691/1353/1792 500/1359/1797
f 478/471/1663 693/1285/2148 692/1286/2121 618/1236/1664
s 189
f 2057/1516/2048 1984/1720/1718 2132/1811/2149 2125/1803/2150
f 2126/1806/2119 2057/1516/2048 2125/1803/2150 2060/1757/2151
s 140
f 1995/1723/1831 1994/1385/1830 1989/1384/1825 1988/1722/1824
f 1994/1385/1830 2089/1772/2082 2086/1769/2079 1989/1384/1825
s 99
f 575/1282/1717 462/1283/1716 697/1245/1673 696/1243/1672
f 462/1283/1716 659/1398/1849 698/1395/1846 697/1245/1673
f 659/1398/1849 509/1280/1713 699/1241/1670 698/1395/1846
f 509/1280/1713 461/1276/1711 700/1237/1666 699/1241/1670
f 461/1276/1711 460/1277/1710 701/1240/1667 700/1237/1666
f 649/1331/1770 702/1326/1767 701/1240/1667 460/1277/1710
f 493/1332/1769 703/1325/1764 702/1326/1767 649/1331/1770
f 638/1300/1738 704/1295/1735 703/1325/1764 493/1332/1769
f 485/1301/1737 705/1294/1732 704/1295/1735 638/1300/1738
f 628/1362/1802 706/1357/1799 705/1294/1732 485/1301/1737
f 501/1363/1801 707/1356/1796 706/1357/1799 628/1362/1802
f 619/1274/1706 708/1235/1665 707/1356/1796 501/1363/1801
f 459/513/1705 709/1234/1662 708/1235/1665 619/1274/1706
f 710/1418/1870 709/1234/1662 459/513/1705 613/1423/1877
f 711/1518/2152 710/1418/1870 613/1423/1877 520/443/1898
s 212
f 2061/1517/2052 2059/1805/2051 2133/1812/2153 2121/1799/2154
f 2122/1802/2115 2061/1517/2052 2121/1799/2154 2064/1759/2155
s 140
f 1999/1725/1835 1998/1387/1834 1993/1386/1829 1992/1724/1828
f 1998/1387/1834 2091/1774/2084 2088/1771/2081 1993/1386/1829
s 99
f 576/1218/1647 476/1219/1646 715/1284/1715 714/1281/1714
f 476/1219/1646 660/1400/1851 716/1397/1848 715/1284/1715
f 660/1400/1851 510/1216/1643 717/1279/1712 716/1397/1848
f 510/1216/1643 475/1212/1641 718/1275/1708 717/1279/1712
f 475/1212/1641 474/1213/1640 719/1278/1709 718/1275/1708
f 650/1335/1774 720/1330/1771 719/1278/1709 474/1213/1640
f 494/1336/1773 721/1329/1768 720/1330/1771 650/1335/1774
f 639/1304/1742 722/1299/1739 721/1329/1768 494/1336/1773
f 486/1305/1741 723/1298/1736 722/1299/1739 639/1304/1742
f 629/1366/1806 724/1361/1803 723/1298/1736 486/1305/1741
f 502/1367/1805 725/1360/1800 724/1361/1803 629/1366/1806
f 620/1210/1636 726/1273/1707 725/1360/1800 502/1367/1805
f 473/443/1635 727/1272/1704 726/1273/1707 620/1210/1636
f 728/1424/1876 727/1272/1704 473/443/1635 612/1413/1867
f 729/1443/1899 728/1424/1876 612/1413/1867 517/499/1882
f 730/1442/1900 729/1443/1899 517/499/1882 605/1429/1885
f 731/1520/2156 730/1442/1900 605/1429/1885 524/499/1906
s 213
f 2065/1519/2056 2063/1801/2055 2134/1813/2157 2117/1795/2158
f 2118/1798/2111 2065/1519/2056 2117/1795/2158 2068/1761/2159
s 140
f 2003/1727/1839 2002/1389/1838 1997/1388/1833 1996/1726/1832
f 2002/1389/1838 2093/1776/2086 2090/1773/2083 1997/1388/1833
s 99
f 577/1269/1703 452/1270/1702 735/1220/1645 734/1217/1644
f 452/1270/1702 661/1402/1853 736/1399/1850 735/1220/1645
f 661/1402/1853 511/1267/1699 737/1215/1642 736/1399/1850
f 511/1267/1699 451/1263/1697 738/1211/1638 737/1215/1642
f 451/1263/1697 450/1264/1696 739/1214/1639 738/1211/1638
f 651/1339/1778 740/1334/1775 739/1214/1639 450/1264/1696
f 495/1340/1777 741/1333/1772 740/1334/1775 651/1339/1778
f 640/1308/1746 742/1303/1743 741/1333/1772 495/1340/1777
f 487/1309/1745 743/1302/1740 742/1303/1743 640/1308/1746
f 630/1370/1810 744/1365/1807 743/1302/1740 487/1309/1745
f 503/1371/1809 745/1364/1804 744/1365/1807 630/1370/1810
f 621/1261/1692 746/1209/1637 745/1364/1804 503/1371/1809
f 449/499/1691 747/1208/1634 746/1209/1637 621/1261/1692
f 748/1414/1866 747/1208/1634 449/499/1691 611/1421/1875
f 749/1431/1883 748/1414/1866 611/1421/1875 516/457/1894
f 750/1430/1884 749/1431/1883 516/457/1894 604/1438/1897
f 751/1449/1907 750/1430/1884 604/1438/1897 523/457/1918
f 752/1448/1908 751/1449/1907 523/457/1918 598/1456/1921
f 753/1522/2160 752/1448/1908 598/1456/1921 529/457/1934
s 214
f 2069/1521/2060 2067/1797/2059 2135/1814/2161 2113/1791/2162
f 2114/1794/2107 2069/1521/2060 2113/1791/2162 2072/1763/2163
s 140
f 2007/1729/1843 2006/1391/1842 2001/1390/1837 2000/1728/1836
f 2006/1391/1842 2095/1778/2088 2092/1775/2085 2001/1390/1837
s 99
f 578/1231/1661 471/1232/1660 757/1271/1701 756/1268/1700
f 471/1232/1660 662/1404/1855 758/1401/1852 757/1271/1701
f 662/1404/1855 512/1229/1657 759/1266/1698 758/1401/1852
f 512/1229/1657 470/1225/1655 760/1262/1694 759/1266/1698
f 470/1225/1655 469/1226/1654 761/1265/1695 760/1262/1694
f 652/1343/1782 762/1338/1779 761/1265/1695 469/1226/1654
f 496/1344/1781 763/1337/1776 762/1338/1779 652/1343/1782
f 641/1312/1750 764/1307/1747 763/1337/1776 496/1344/1781
f 488/1313/1749 765/1306/1744 764/1307/1747 641/1312/1750
f 631/1374/1814 766/1369/1811 765/1306/1744 488/1313/1749
f 504/1375/1813 767/1368/1808 766/1369/1811 631/1374/1814
f 622/1223/1650 768/1260/1693 767/1368/1808 504/1375/1813
f 468/457/1649 769/1259/1690 768/1260/1693 622/1223/1650
f 770/1422/1874 769/1259/1690 468/457/1649 610/1415/1869
f 771/1440/1895 770/1422/1874 610/1415/1869 519/485/1886
f 772/1439/1896 771/1440/1895 519/485/1886 603/1432/1889
f 773/1458/1919 772/1439/1896 603/1432/1889 526/485/1910
f 774/1457/1920 773/1458/1919 526/485/1910 597/1450/1913
f 775/1470/1935 774/1457/1920 597/1450/1913 532/485/1926
f 776/1469/1936 775/1470/1935 532/485/1926 592/1462/1929
f 777/1524/2164 776/1469/1936 592/1462/1929 535/485/1942
s 215
f 2073/1523/2064 2071/1793/2063 2136/1815/2165 2109/1787/2166
f 2110/1790/2103 2073/1523/2064 2109/1787/2166 2076/1765/2167
s 140
f 2137/1816/2168 2099/1528/2092 2005/1392/1841 2004/1730/1840
f 2099/1528/2092 2098/1780/2091 2094/1777/2087 2005/1392/1841
s 99
f 579/1256/1689 457/1257/1688 781/1233/1659 780/1230/1658
f 457/1257/1688 663/1406/1857 782/1403/1854 781/1233/1659
f 663/1406/1857 513/1254/1685 783/1228/1656 782/1403/1854
f 513/1254/1685 456/1250/1683 784/1224/1652 783/1228/1656
f 456/1250/1683 455/1251/1682 785/1227/1653 784/1224/1652
f 653/1347/1786 786/1342/1783 785/1227/1653 455/1251/1682
f 497/1348/1785 787/1341/1780 786/1342/1783 653/1347/1786
f 642/1316/1754 788/1311/1751 787/1341/1780 497/1348/1785
f 489/1317/1753 789/1310/1748 788/1311/1751 642/1316/1754
f 632/1378/1818 790/1373/1815 789/1310/1748 489/1317/1753
f 505/1379/1817 791/1372/1812 790/1373/1815 632/1378/1818
f 623/1248/1678 792/1222/1651 791/1372/1812 505/1379/1817
f 454/485/1677 793/1221/1648 792/1222/1651 623/1248/1678
f 794/1416/1868 793/1221/1648 454/485/1677 609/1419/1873
f 795/1434/1887 794/1416/1868 609/1419/1873 518/814/1890
f 796/1433/1888 795/1434/1887 518/814/1890 602/1435/1893
f 797/1452/1911 796/1433/1888 602/1435/1893 525/814/1914
f 798/1451/1912 797/1452/1911 525/814/1914 596/1453/1917
f 799/1464/1927 798/1451/1912 596/1453/1917 531/814/1930
f 800/1463/1928 799/1464/1927 531/814/1930 591/1465/1933
f 801/1476/1943 800/1463/1928 591/1465/1933 534/814/1946
f 802/1475/1944 801/1476/1943 534/814/1946 585/1477/1949
f 803/1526/2169 802/1475/1944 585/1477/1949 538/814/1954
s 216
f 2077/1525/2068 2075/1789/2067 2138/1817/2170 2105/1783/2171
f 2106/1786/2099 2077/1525/2068 2105/1783/2171 2080/814/2172
s 140
f 2102/1528/2095 2100/1782/2094 2097/1779/2090 2096/1528/2089
s 99
f 580/1204/1630 467/1205/1629 806/1258/1687 805/1255/1686
f 467/1205/1629 664/1408/1858 807/1405/1856 806/1258/1687
f 664/1408/1858 514/1200/1626 808/1253/1684 807/1405/1856
f 514/1200/1626 466/1201/1625 809/1249/1680 808/1253/1684
f 466/1201/1625 465/1207/1633 810/1252/1681 809/1249/1680
f 654/1351/1790 811/1346/1787 810/1252/1681 465/1207/1633
f 498/1352/1789 812/1345/1784 811/1346/1787 654/1351/1790
f 643/1320/1758 813/1315/1755 812/1345/1784 498/1352/1789
f 490/1321/1757 814/1314/1752 813/1315/1755 643/1320/1758
f 633/1382/1822 815/1377/1819 814/1314/1752 490/1321/1757
f 506/1383/1821 816/1376/1816 815/1377/1819 633/1382/1822
f 624/1197/1622 817/1247/1679 816/1376/1816 506/1383/1821
f 464/814/1621 818/1246/1676 817/1247/1679 624/1197/1622
f 819/1420/1872 818/1246/1676 464/814/1621 608/1411/1865
f 820/1437/1891 819/1420/1872 608/1411/1865 515/1425/1878
f 821/1436/1892 820/1437/1891 515/1425/1878 601/1426/1881
f 822/1455/1915 821/1436/1892 601/1426/1881 522/1425/1902
f 823/1454/1916 822/1455/1915 522/1425/1902 595/1444/1905
f 824/1467/1931 823/1454/1916 595/1444/1905 528/1425/1922
f 825/1466/1932 824/1467/1931 528/1425/1922 590/1459/1925
f 826/1479/1947 825/1466/1932 590/1459/1925 533/1425/1938
f 827/1478/1948 826/1479/1947 533/1425/1938 584/1471/1941
f 828/1485/1955 827/1478/1948 584/1471/1941 537/1425/1950
f 829/1484/1956 828/1485/1955 537/1425/1950 581/1480/1953
f 830/1527/2173 829/1484/1956 581/1480/1953 540/1425/1958
s 217
f 2081/1530/2072 2079/1785/2071 2139/1818/2174 2140/1530/2175
s 99
f 846/1412/1864 845/1195/1620 418/1168/1590 431/1169/1589
f 847/1428/1879 846/1412/1864 431/1169/1589 419/1170/1591
f 848/1427/1880 847/1428/1879 419/1170/1591 430/1171/1592
f 849/1446/1903 848/1427/1880 430/1171/1592 420/1172/1593
f 850/1445/1904 849/1446/1903 420/1172/1593 429/1173/1594
f 851/1461/1923 850/1445/1904 429/1173/1594 421/1174/1595
f 852/1460/1924 851/1461/1923 421/1174/1595 428/1175/1596
f 853/1473/1939 852/1460/1924 428/1175/1596 422/1176/1597
f 854/1472/1940 853/1473/1939 422/1176/1597 426/1177/1598
f 855/1482/1951 854/1472/1940 426/1177/1598 423/1178/1599
f 856/1481/1952 855/1482/1951 423/1178/1599 425/1179/1600
f 857/1487/1959 856/1481/1952 425/1179/1600 424/1180/1601
f 858/1486/1960 857/1487/1959 424/1180/1601 427/1181/1602
f 859/816/2176 858/1486/1960 427/1181/1602 98/399/1604
s 140
f 1982/1528/1605 1983/1717/1606 2101/1781/2093 2103/1528/2096
s 99
f 432/1182/1607 433/1183/1608 833/1202/1628 832/1203/1631
f 433/1183/1608 434/1184/1609 834/1407/1859 833/1202/1628
f 434/1184/1609 435/1185/1610 835/1199/1627 834/1407/1859
f 435/1185/1610 436/1186/1611 836/1198/1624 835/1199/1627
f 436/1186/1611 437/1187/1612 837/1206/1632 836/1198/1624
f 437/1187/1612 438/1188/1613 838/1350/1791 837/1206/1632
f 438/1188/1613 439/1189/1614 839/1349/1788 838/1350/1791
f 439/1189/1614 440/1190/1615 840/1319/1759 839/1349/1788
f 440/1190/1615 441/1191/1616 841/1318/1756 840/1319/1759
f 441/1191/1616 442/1192/1617 842/1381/1823 841/1318/1756
f 442/1192/1617 443/1193/1618 843/1380/1820 842/1381/1823
f 443/1193/1618 444/1194/1619 844/1196/1623 843/1380/1820
f 444/1194/1619 418/1168/1590 845/1195/1620 844/1196/1623
s 219
f 2141/1819/2177 1980/1531/2178 2142/1531/2179 2143/1820/2180
s 220
f 2144/1530/2181 2145/1530/2182 2140/1530/2183 2146/1821/2184
s 219
f 2147/1822/2185 2148/1823/2186 2149/1531/2187 2150/1611/2188
s 220
f 2144/1530/2181 2151/1608/2189 2152/1824/2190 2145/1530/2182
s 217
f 2140/1530/2175 2145/1530/2191 2153/1530/2192 2081/1530/2072
s 171
f 1920/1662/1485 2154/1662/2193 2142/1531/2194 1980/1531/1587
s 140
f 1937/1532/1502 2155/1534/2195 1978/1532/2196 1936/1166/1503
f 1940/1533/1507 2156/1528/2197 2157/1533/2198 1942/1534/1508
f 1942/1534/1508 2157/1533/2198 2155/1534/2195 1937/1532/1502
f 1982/1528/1605 2158/1528/2199 2156/1528/2197 1940/1533/1507
f 2099/1528/2092 2137/1816/2200 2159/1528/2201 2096/1528/2089
f 2102/1528/2095 2160/1528/2202 2161/1528/2203 2103/1528/2096
f 2096/1528/2089 2159/1528/2201 2160/1528/2202 2102/1528/2095
f 2103/1528/2096 2161/1528/2203 2158/1528/2199 1982/1528/1605
s 221
f 38/38/2204 252/225/2205 1077/1536/2206 1080/1535/2207
f 19/20/2208 270/245/2209 1081/1538/2210 1084/1537/2211
f 33/34/2212 290/267/2213 1085/1540/2214 1088/1539/2215
f 9/10/2216 312/291/2217 1089/1542/2218 1092/1541/2219
f 28/29/2220 336/317/2221 1093/1544/2222 1096/1543/2223
s 226
f 110/83/2224 111/69/2225 1240/3/2226 1239/1830/2227
s 221
f 112/38/2228 236/207/2229 1245/1545/2230 1248/1535/2231
s 226
f 115/69/2232 213/180/2233 1258/1546/2234 1257/3/2235
s 221
f 114/62/2236 118/38/2237 1264/1535/2238 1263/85/2239
f 118/38/2237 223/191/2240 1261/1547/2241 1264/1535/2242
s 226
f 111/69/2225 120/69/2243 1266/3/2244 1240/3/2245
f 120/69/2243 115/69/2232 1257/3/2246 1266/3/2247
f 106/83/2248 121/86/2249 1268/1548/2250 1231/1832/2251
f 121/86/2249 202/168/2252 1267/1549/2253 1268/1548/2254
f 103/47/2255 122/87/2256 1270/1550/2257 1227/1834/2258
f 122/87/2256 192/157/2259 1269/1551/2260 1270/1550/2261
f 235/206/2262 123/88/2263 1274/1553/2264 1273/1829/2265
f 123/88/2263 174/138/2266 1271/1554/2267 1274/1553/2268
f 102/39/2269 124/89/2270 1276/1555/2271 1225/1836/2272
f 124/89/2270 183/147/2273 1275/1556/2274 1276/1555/2275
f 173/137/2276 1/2/2277 972/5/2278 1278/1838/2279
f 165/129/2280 77/90/2281 1280/80/2282 1282/1840/2283
f 158/122/2284 83/30/2285 1284/82/2286 1286/1860/2287
f 152/116/2288 86/6/2289 1288/77/2290 1290/1862/2291
f 145/108/2292 92/25/2293 1292/81/2294 1294/1864/2295
f 141/104/2296 95/11/2297 1296/79/2298 1298/1866/2299
f 388/371/2300 147/111/2301 1302/1564/2302 1301/1848/2303
f 147/111/2301 97/78/2304 1300/21/2305 1302/1564/2306
s 221
f 119/62/2307 117/62/2308 1306/85/2309 1307/85/2310
f 117/62/2308 114/62/2236 1263/85/2311 1306/85/2312
s 226
f 361/344/2313 130/11/2314 1313/79/2315 1312/1852/2316
f 130/11/2314 141/104/2296 1298/1866/2317 1313/79/2318
f 335/316/2319 129/25/2320 1315/81/2321 1314/1854/2322
f 129/25/2320 145/108/2292 1294/1864/2323 1315/81/2324
f 311/290/2325 128/6/2326 1317/77/2327 1316/1856/2328
f 128/6/2326 152/116/2288 1290/1862/2329 1317/77/2330
f 289/266/2331 127/30/2332 1319/82/2333 1318/1858/2334
f 127/30/2332 158/122/2284 1286/1860/2335 1319/82/2336
f 269/244/2337 126/16/2338 1321/80/2339 1320/1825/2340
f 126/16/2338 165/129/2280 1282/1840/2341 1321/80/2342
f 251/224/2343 125/35/2344 1323/91/2345 1322/1827/2346
f 125/35/2344 173/137/2276 1278/1838/2347 1323/91/2348
f 174/138/2266 102/39/2269 1225/1836/2349 1271/1554/2350
f 183/147/2273 103/47/2255 1227/1834/2351 1275/1556/2352
f 192/157/2259 106/83/2248 1231/1832/2353 1269/1551/2354
f 202/168/2252 110/83/2224 1239/1830/2355 1267/1549/2356
f 213/180/2233 116/4/2357 1265/84/2358 1258/1546/2359
s 221
f 223/191/2240 112/38/2228 1248/1535/2360 1261/1547/2361
s 226
f 1/2/2277 235/206/2262 1273/1829/2362 972/5/2363
s 221
f 236/207/2229 38/38/2204 1080/1535/2364 1245/1545/2365
s 226
f 77/90/2281 251/224/2343 1322/1827/2366 1280/80/2367
s 221
f 252/225/2205 19/20/2208 1084/1537/2368 1077/1536/2369
s 226
f 83/30/2285 269/244/2337 1320/1825/2370 1284/82/2371
s 221
f 270/245/2209 33/34/2212 1088/1539/2372 1081/1538/2373
s 226
f 86/6/2289 289/266/2331 1318/1858/2374 1288/77/2375
s 221
f 290/267/2213 9/10/2216 1092/1541/2376 1085/1540/2377
s 226
f 92/25/2293 311/290/2325 1316/1856/2378 1292/81/2379
s 221
f 312/291/2217 28/29/2220 1096/1543/2380 1089/1542/2381
s 226
f 95/11/2297 335/316/2319 1314/1854/2382 1296/79/2383
s 221
f 336/317/2221 14/15/2384 1324/830/2385 1093/1544/2386
s 226
f 97/78/2304 361/344/2313 1312/1852/2387 1300/21/2388
s 221
f 695/631/2389 482/634/2390 1558/1572/2391 1557/1571/2392
f 713/635/2393 463/638/2394 1562/1574/2395 1561/1573/2396
f 733/639/2397 477/642/2398 1566/1576/2399 1565/1575/2400
f 755/643/2401 453/646/2402 1570/1578/2403 1569/1577/2404
f 779/647/2405 472/650/2406 1574/1580/2407 1573/1579/2408
s 287
f 554/535/2409 553/674/2410 1719/532/2411 1718/533/2412
s 221
f 679/773/2413 555/634/2414 1726/1572/2415 1725/1581/2416
s 287
f 655/781/2417 559/535/2418 1737/533/2419 1738/1582/2420
s 221
f 665/784/2421 561/634/2422 1742/1572/2423 1741/1583/2424
f 561/634/2422 558/633/2425 1743/824/2426 1742/1572/2427
s 287
f 559/535/2418 562/535/2428 1746/533/2429 1737/533/2430
f 562/535/2428 554/535/2409 1718/533/2431 1746/533/2432
f 644/786/2433 563/787/2434 1748/1585/2435 1747/1912/2436
f 563/787/2434 549/674/2437 1712/532/2438 1748/1585/2439
f 634/788/2440 564/789/2441 1750/1587/2442 1749/1905/2443
f 564/789/2441 546/569/2444 1708/532/2445 1750/1587/2446
f 616/790/2447 565/793/2448 1752/1589/2449 1751/1899/2450
f 565/793/2448 678/792/2451 1753/1590/2452 1752/1589/2453
f 625/794/2454 566/795/2455 1756/1592/2456 1755/1907/2457
f 566/795/2455 545/537/2458 1705/532/2459 1756/1592/2460
f 445/527/2461 615/797/2462 1757/1593/2463 1454/1897/2464
f 521/798/2465 607/801/2466 1760/1594/2467 1759/1891/2468
f 527/443/2469 600/804/2470 1764/1595/2471 1763/1889/2472
f 530/499/2473 594/807/2474 1768/1596/2475 1767/1887/2476
f 536/457/2477 587/810/2478 1772/1597/2479 1771/1871/2480
f 539/485/2481 583/813/2482 1776/1598/2483 1775/1869/2484
f 541/814/2485 589/817/2486 1780/1599/2487 1779/1884/2488
f 589/817/2486 831/816/2489 1781/756/2490 1780/1599/2491
s 221
f 558/633/2425 560/633/2492 1784/824/2493 1743/824/2494
s 287
f 583/813/2482 572/485/2495 1789/697/2496 1776/1598/2497
f 572/485/2495 804/818/2498 1790/1600/2499 1789/697/2500
f 587/810/2478 571/457/2501 1791/704/2502 1772/1597/2503
f 571/457/2501 778/819/2504 1792/1601/2505 1791/704/2506
f 594/807/2474 570/499/2507 1793/693/2508 1768/1596/2509
f 570/499/2507 754/820/2510 1794/1602/2511 1793/693/2512
f 600/804/2470 569/443/2513 1795/708/2514 1764/1595/2515
f 569/443/2513 732/821/2516 1796/1603/2517 1795/708/2518
f 607/801/2466 568/513/2519 1797/826/2520 1760/1594/2521
f 568/513/2519 712/822/2522 1798/1604/2523 1797/826/2524
f 615/797/2462 567/471/2525 1799/825/2526 1757/1593/2527
f 567/471/2525 694/823/2528 1800/1605/2529 1799/825/2530
f 545/537/2458 616/790/2447 1751/1899/2531 1705/532/2532
f 546/569/2444 625/794/2454 1755/1907/2533 1708/532/2534
f 549/674/2437 634/788/2440 1749/1905/2535 1712/532/2536
f 553/674/2410 644/786/2433 1747/1912/2537 1719/532/2538
s 221
f 555/634/2414 665/784/2421 1741/1583/2539 1726/1572/2540
s 287
f 678/792/2451 445/527/2461 1454/1897/2541 1753/1590/2542
s 221
f 482/634/2390 679/773/2413 1725/1581/2543 1558/1572/2544
s 287
f 694/823/2528 521/798/2465 1759/1891/2545 1800/1605/2546
s 221
f 463/638/2394 695/631/2389 1557/1571/2547 1562/1574/2548
s 287
f 712/822/2522 527/443/2469 1763/1889/2549 1798/1604/2550
s 221
f 477/642/2398 713/635/2393 1561/1573/2551 1566/1576/2552
s 287
f 732/821/2516 530/499/2473 1767/1887/2553 1796/1603/2554
s 221
f 453/646/2402 733/639/2397 1565/1575/2555 1570/1578/2556
s 287
f 754/820/2510 536/457/2477 1771/1871/2557 1794/1602/2558
s 221
f 472/650/2406 755/643/2401 1569/1577/2559 1574/1580/2560
s 287
f 778/819/2504 539/485/2481 1775/1869/2561 1792/1601/2562
s 221
f 458/653/2563 779/647/2405 1573/1579/2564 1801/1606/2565
s 287
f 804/818/2498 541/814/2485 1779/1884/2566 1790/1600/2567
s 226
f 417/399/2568 862/829/2569 1804/1607/2570 1305/1883/2571
f 862/829/2569 1818/1612/2572 1819/1846/2573 1804/1607/2574
s 287
f 861/816/2575 1815/1609/2576 1816/1878/2577 1803/1880/2578
f 863/828/2579 417/399/2580 1305/1883/2581 1805/1879/2582
f 831/816/2489 864/816/2583 1806/756/2584 1781/756/2585
f 864/816/2583 861/816/2575 1803/1880/2586 1806/756/2587
s 226
f 860/109/2588 865/371/2589 1807/1563/2590 1802/110/2591
f 865/371/2589 388/371/2300 1301/1848/2592 1807/1563/2593
s 221
f 14/15/2384 866/68/2594 1808/832/2595 1324/830/2596
f 867/372/2597 868/414/2598 1810/652/2599 1809/831/2600
f 866/68/2594 867/372/2597 1809/831/2601 1808/832/2602
f 868/414/2598 869/827/2603 1811/652/2604 1810/652/2605
f 870/651/2606 458/653/2563 1801/1606/2607 1812/652/2608
f 872/654/2609 871/655/2610 1814/652/2611 1813/652/2612
f 871/655/2610 870/651/2606 1812/652/2613 1814/652/2614
f 869/827/2603 872/654/2609 1813/652/2615 1811/652/2616
s 220
f 2151/1608/2189 2149/1531/2617 2162/1530/2618 2152/1824/2190
s 287
f 1816/1878/2577 1815/1609/2576 863/828/2579 1805/1879/2619
s 1
f 1817/110/1019 1816/1610/1018 1805/756/2620 1305/110/2621
s 219
f 2142/1531/2179 2147/1822/2185 2150/1611/2188 2143/1820/2180
s 226
f 1819/1846/2573 1818/1612/2572 860/109/2588 1802/110/2622
s 1
f 1802/1850/1010 1303/110/504 1820/1614/1015 1819/1613/1014
s 357
f 2163/1531/2623 2143/1820/2624 2150/1611/2625 2164/1615/2626
f 2144/1530/2627 2163/1531/2623 2164/1615/2626 2151/1608/2628
f 2151/1608/2628 2164/1615/2626 2150/1611/2629 2149/1531/2630
s 1
f 1303/110/504 1304/756/505 1821/1614/2631 1820/1614/2632
f 1304/756/505 1783/756/1009 1817/110/2633 1821/1614/2631
f 1821/1614/2631 1817/110/2633 1305/110/2634 1820/1614/2635
s off
f 250/923/2636 249/925/2637 1822/1617/2638 1823/1616/2639
f 249/925/2640 175/924/2641 1824/1618/2642 1822/1617/2643
s 221
f 252/225/2205 38/38/2204 1827/1620/2644 1826/1619/2645
f 270/245/2209 19/20/2208 1831/1622/2646 1830/1621/2647
f 290/267/2213 33/34/2212 1835/1624/2648 1834/1623/2649
f 312/291/2217 9/10/2216 1839/1626/2650 1838/1625/2651
f 336/317/2221 28/29/2220 1843/1628/2652 1842/1627/2653
s 358
f 234/1132/2654 233/1131/2655 1847/1630/2656 1849/1629/2657
s 359
f 99/39/2658 193/1127/2659 1851/1632/2660 1853/1631/2661
s 360
f 104/47/2662 203/1135/2663 1855/1633/2664 1857/1631/2665
s 226
f 111/69/2225 110/83/2224 1860/1631/2666 1859/1138/2667
s 221
f 236/207/2229 112/38/2228 1863/1620/2668 1862/1634/2669
s off
f 113/69/2670 108/69/2671 1869/1635/2672 1868/1149/2673
f 108/69/2674 214/1144/2675 1867/1636/2676 1869/1635/2677
s 360
f 109/69/2678 113/69/2679 1868/1149/2680 1875/1637/2681
f 105/83/2682 109/69/2678 1875/1637/2681 1876/1638/2683
s 226
f 213/180/2233 115/69/2232 1874/1149/2684 1877/1639/2685
s 221
f 223/191/2240 118/38/2237 1881/1620/2686 1880/1640/2687
f 118/38/2237 114/62/2236 1882/1167/2688 1881/1620/2686
s 226
f 115/69/2232 120/69/2243 1885/1149/2689 1874/1149/2684
f 120/69/2243 111/69/2225 1859/1138/2667 1885/1149/2689
f 202/168/2252 121/86/2249 1887/1642/2690 1886/1641/2691
f 121/86/2249 106/83/2248 1856/1631/2692 1887/1642/2690
f 192/157/2259 122/87/2256 1889/1644/2693 1888/1643/2694
f 122/87/2256 103/47/2255 1852/1631/2695 1889/1644/2693
f 174/138/2266 123/88/2263 1891/1646/2696 1890/1645/2697
f 123/88/2263 235/206/2262 1892/1647/2698 1891/1646/2696
f 183/147/2273 124/89/2270 1895/1649/2699 1894/1648/2700
f 124/89/2270 102/39/2269 1848/1631/2701 1895/1649/2699
f 1/2/2277 173/137/2276 1896/1650/2702 1825/1631/2703
f 77/90/2281 165/129/2280 1899/1652/2704 1898/1651/2705
f 83/30/2285 158/122/2284 1903/1654/2706 1902/1653/2707
f 86/6/2289 152/116/2288 1907/1656/2708 1906/1655/2709
f 92/25/2293 145/108/2292 1911/1658/2710 1910/1657/2711
f 95/11/2297 141/104/2296 1915/1660/2712 1914/1659/2713
f 97/78/2304 147/111/2301 1919/1661/2714 1918/78/2715
f 147/111/2301 388/371/2300 1920/1662/2716 1919/1661/2714
s 221
f 117/62/2308 119/62/2307 1923/1167/2717 1922/1167/2718
f 114/62/2236 117/62/2308 1922/1167/2718 1882/1167/2688
s 362
f 131/1141/2719 237/1139/2720 1925/1664/2721 1924/1663/2722
f 132/883/2723 253/881/2724 1927/1666/2725 1926/1665/2726
f 133/922/2727 271/919/2728 1929/1668/2729 1928/1667/2730
f 134/858/2731 291/855/2732 1931/1670/2733 1930/1669/2734
f 135/909/2735 313/906/2736 1933/1672/2737 1932/1671/2738
f 136/871/2739 337/868/2740 1935/1674/2741 1934/1673/2742
f 137/896/2743 362/893/2744 1939/1676/2745 1938/1675/2746
f 138/842/2747 389/843/2748 1941/1678/2749 1943/1677/2750
s off
f 387/1165/2751 386/1122/2752 1945/1680/2753 1921/1679/2754
f 386/1122/2755 140/1123/2756 1944/1681/2757 1945/1680/2758
s 226
f 141/104/2296 130/11/2314 1946/1659/2759 1915/1660/2712
f 130/11/2314 361/344/2313 1947/1682/2760 1946/1659/2759
s off
f 360/1163/2761 359/1113/2762 1949/1684/2763 1917/1683/2764
f 359/1113/2765 144/1114/2766 1948/1685/2767 1949/1684/2768
s 226
f 145/108/2292 129/25/2320 1950/1657/2769 1911/1658/2710
f 129/25/2320 335/316/2319 1951/1686/2770 1950/1657/2769
s off
f 334/1161/2771 333/1107/2772 1953/1688/2773 1913/1687/2774
f 333/1107/2775 151/1108/2776 1952/1689/2777 1953/1688/2778
s 226
f 152/116/2288 128/6/2326 1954/1655/2779 1907/1656/2708
f 128/6/2326 311/290/2325 1955/1690/2780 1954/1655/2779
s off
f 310/1159/2781 309/1086/2782 1957/1692/2783 1909/1691/2784
f 309/1086/2785 157/1087/2786 1956/1693/2787 1957/1692/2788
s 226
f 158/122/2284 127/30/2332 1958/1653/2789 1903/1654/2706
f 127/30/2332 289/266/2331 1959/1694/2790 1958/1653/2789
s off
f 288/1157/2791 287/1080/2792 1961/1696/2793 1905/1695/2794
f 287/1080/2795 164/1081/2796 1960/1697/2797 1961/1696/2798
s 226
f 165/129/2280 126/16/2338 1962/1651/2799 1899/1652/2704
f 126/16/2338 269/244/2337 1963/1698/2800 1962/1651/2799
s off
f 268/1155/2801 267/1055/2802 1965/1700/2803 1901/1699/2804
f 267/1055/2805 172/1056/2806 1964/1701/2807 1965/1700/2808
s 226
f 173/137/2276 125/35/2344 1966/1702/2809 1896/1650/2702
f 125/35/2344 251/224/2343 1967/1703/2810 1966/1702/2809
f 102/39/2269 174/138/2266 1890/1645/2697 1848/1631/2701
f 103/47/2255 183/147/2273 1894/1648/2700 1852/1631/2695
s off
f 232/1126/2811 99/39/2812 1853/1631/2813 1968/1704/2814
s 358
f 233/1131/2655 232/1126/2815 1968/1704/2816 1847/1630/2656
s 226
f 106/83/2248 192/157/2259 1888/1643/2694 1856/1631/2692
s off
f 100/47/2817 104/47/2818 1857/1631/2819 1969/1705/2820
s 359
f 193/1127/2659 100/47/2821 1969/1705/2822 1851/1632/2660
s 226
f 110/83/2224 202/168/2252 1886/1641/2691 1860/1631/2666
s 360
f 203/1135/2663 105/83/2682 1876/1638/2683 1855/1633/2664
s 226
f 116/4/2357 213/180/2233 1877/1639/2685 1884/1150/2823
s off
f 214/1144/2824 225/1143/2825 1970/1706/2826 1867/1636/2827
f 225/1143/2828 224/1147/2829 1873/1707/2830 1970/1706/2831
s 221
f 112/38/2228 223/191/2240 1880/1640/2687 1863/1620/2668
s off
f 224/1147/2832 3/4/2833 1971/1708/2834 1873/1707/2835
f 3/4/2836 131/1141/2837 1924/1663/2838 1971/1708/2839
f 175/924/2840 55/2/2841 1972/1709/2842 1824/1618/2843
f 55/2/2844 234/1132/2845 1849/1629/2846 1972/1709/2847
s 226
f 235/206/2262 1/2/2277 1825/1631/2703 1892/1647/2698
s 221
f 38/38/2204 236/207/2229 1862/1634/2669 1827/1620/2644
s 362
f 237/1139/2720 132/883/2723 1926/1665/2726 1925/1664/2721
s off
f 172/1056/2848 34/35/2849 1973/1710/2850 1964/1701/2851
f 34/35/2852 250/923/2853 1823/1616/2854 1973/1710/2855
s 226
f 251/224/2343 77/90/2281 1898/1651/2705 1967/1703/2810
s 221
f 19/20/2208 252/225/2205 1826/1619/2645 1831/1622/2646
s 362
f 253/881/2724 133/922/2727 1928/1667/2730 1927/1666/2725
s off
f 164/1081/2856 76/30/2857 1974/1711/2858 1960/1697/2859
f 76/30/2860 268/1155/2861 1901/1699/2862 1974/1711/2863
s 226
f 269/244/2337 83/30/2285 1902/1653/2707 1963/1698/2800
s 221
f 33/34/2212 270/245/2209 1830/1621/2647 1835/1624/2648
s 362
f 271/919/2728 134/858/2731 1930/1669/2734 1929/1668/2729
s off
f 157/1087/2864 80/6/2865 1975/1712/2866 1956/1693/2867
f 80/6/2868 288/1157/2869 1905/1695/2870 1975/1712/2871
s 226
f 289/266/2331 86/6/2289 1906/1655/2709 1959/1694/2790
s 221
f 9/10/2216 290/267/2213 1834/1623/2649 1839/1626/2650
s 362
f 291/855/2732 135/909/2735 1932/1671/2738 1931/1670/2733
s off
f 151/1108/2872 85/25/2873 1976/1713/2874 1952/1689/2875
f 85/25/2876 310/1159/2877 1909/1691/2878 1976/1713/2879
s 226
f 311/290/2325 92/25/2293 1910/1657/2711 1955/1690/2780
s 221
f 28/29/2220 312/291/2217 1838/1625/2651 1843/1628/2652
s 362
f 313/906/2736 136/871/2739 1934/1673/2742 1933/1672/2737
s off
f 144/1114/2880 91/11/2881 1977/1714/2882 1948/1685/2883
f 91/11/2884 334/1161/2885 1913/1687/2886 1977/1714/2887
s 226
f 335/316/2319 95/11/2297 1914/1659/2713 1951/1686/2770
s 221
f 14/15/2384 336/317/2221 1842/1627/2653 1978/1532/2888
s 362
f 337/868/2740 137/896/2743 1938/1675/2746 1935/1674/2741
s off
f 140/1123/2889 94/78/2890 1979/1715/2891 1944/1681/2892
f 94/78/2893 360/1163/2894 1917/1683/2895 1979/1715/2896
s 226
f 361/344/2313 97/78/2304 1918/78/2715 1947/1682/2760
s 362
f 362/893/2744 138/842/2747 1943/1677/2750 1939/1676/2745
s off
f 146/109/2897 96/1063/2898 1981/1716/2899 1980/1531/2900
f 96/1063/2901 387/1165/2902 1921/1679/2903 1981/1716/2904
s 362
f 389/843/2748 432/1182/2905 1983/1717/2906 1941/1678/2749
s off
f 617/1287/2907 692/1286/2908 1987/1719/2909 1986/1718/2910
f 692/1286/2911 693/1285/2912 1984/1720/2913 1987/1719/2914
s 221
f 482/634/2390 695/631/2389 1988/1722/2915 1991/1721/2916
f 463/638/2394 713/635/2393 1992/1724/2917 1995/1723/2918
f 477/642/2398 733/639/2397 1996/1726/2919 1999/1725/2920
f 453/646/2402 755/643/2401 2000/1728/2921 2003/1727/2922
f 472/650/2406 779/647/2405 2004/1730/2923 2007/1729/2924
s 370
f 676/1494/2925 677/1496/2926 2009/1732/2927 2008/1731/2928
s 371
f 635/1489/2929 542/537/2930 2012/1734/2931 2013/1733/2932
s 372
f 645/1498/2933 547/569/2934 2016/1734/2935 2017/1735/2936
s 287
f 553/674/2410 554/535/2409 2023/1501/2937 2022/1734/2938
s 221
f 555/634/2414 679/773/2413 2024/1736/2939 2027/1721/2940
s 373
f 656/1507/2941 551/535/2942 2028/1738/2943 2029/1737/2944
s off
f 551/535/2945 557/535/2946 2030/1512/2947 2028/1738/2948
f 666/1509/2949 667/1511/2950 2033/1740/2951 2032/1739/2952
f 667/1511/2953 556/482/2954 2034/1513/2955 2033/1740/2956
s 372
f 557/535/2957 552/535/2958 2036/1741/2959 2030/1512/2960
f 552/535/2958 548/674/2961 2038/1742/2962 2036/1741/2959
s 287
f 559/535/2418 655/781/2417 2039/1743/2963 2037/1512/2964
s 221
f 558/633/2425 561/634/2422 2045/1721/2965 2044/1529/2966
f 561/634/2422 665/784/2421 2042/1745/2967 2045/1721/2965
s 287
f 554/535/2409 562/535/2428 2046/1512/2968 2023/1501/2937
f 562/535/2428 559/535/2418 2037/1512/2964 2046/1512/2968
f 549/674/2437 563/787/2434 2048/1746/2969 2018/1734/2970
f 563/787/2434 644/786/2433 2047/1747/2971 2048/1746/2969
f 546/569/2444 564/789/2441 2050/1748/2972 2014/1734/2973
f 564/789/2441 634/788/2440 2049/1749/2974 2050/1748/2972
f 678/792/2451 565/793/2448 2054/1751/2975 2053/1750/2976
f 565/793/2448 616/790/2447 2051/1752/2977 2054/1751/2975
f 545/537/2458 566/795/2455 2056/1753/2978 2010/1734/2979
f 566/795/2455 625/794/2454 2055/1754/2980 2056/1753/2978
f 615/797/2462 445/527/2461 1985/1734/2981 2058/1755/2982
f 607/801/2466 521/798/2465 2060/1757/2983 2062/1756/2984
f 600/804/2470 527/443/2469 2064/1759/2985 2066/1758/2986
f 594/807/2474 530/499/2473 2068/1761/2987 2070/1760/2988
f 587/810/2478 536/457/2477 2072/1763/2989 2074/1762/2990
f 583/813/2482 539/485/2481 2076/1765/2991 2078/1764/2992
f 831/816/2489 589/817/2486 2082/1766/2993 2081/1530/2994
f 589/817/2486 541/814/2485 2080/814/2995 2082/1766/2993
s 221
f 560/633/2492 558/633/2425 2044/1529/2966 2083/1529/2996
s 362
f 680/1502/2997 573/1503/2998 2085/1768/2999 2084/1767/3000
f 696/1243/3001 574/1244/3002 2087/1770/3003 2086/1769/3004
f 714/1281/3005 575/1282/3006 2089/1772/3007 2088/1771/3008
f 734/1217/3009 576/1218/3010 2091/1774/3011 2090/1773/3012
f 756/1268/3013 577/1269/3014 2093/1776/3015 2092/1775/3016
f 780/1230/3017 578/1231/3018 2095/1778/3019 2094/1777/3020
f 805/1255/3021 579/1256/3022 2098/1780/3023 2097/1779/3024
f 832/1203/3025 580/1204/3026 2100/1782/3027 2101/1781/3028
s off
f 582/1483/3029 829/1484/3030 2104/1784/3031 2105/1783/3032
f 829/1484/3033 830/1527/3034 2079/1785/3035 2104/1784/3036
s 287
f 804/818/2498 572/485/2495 2107/1765/3037 2106/1786/3038
f 572/485/2495 583/813/2482 2078/1764/2992 2107/1765/3037
s off
f 586/1474/3039 802/1475/3040 2108/1788/3041 2109/1787/3042
f 802/1475/3043 803/1526/3044 2075/1789/3045 2108/1788/3046
s 287
f 778/819/2504 571/457/2501 2111/1763/3047 2110/1790/3048
f 571/457/2501 587/810/2478 2074/1762/2990 2111/1763/3047
s off
f 593/1468/3049 776/1469/3050 2112/1792/3051 2113/1791/3052
f 776/1469/3053 777/1524/3054 2071/1793/3055 2112/1792/3056
s 287
f 754/820/2510 570/499/2507 2115/1761/3057 2114/1794/3058
f 570/499/2507 594/807/2474 2070/1760/2988 2115/1761/3057
s off
f 599/1447/3059 752/1448/3060 2116/1796/3061 2117/1795/3062
f 752/1448/3063 753/1522/3064 2067/1797/3065 2116/1796/3066
s 287
f 732/821/2516 569/443/2513 2119/1759/3067 2118/1798/3068
f 569/443/2513 600/804/2470 2066/1758/2986 2119/1759/3067
s off
f 606/1441/3069 730/1442/3070 2120/1800/3071 2121/1799/3072
f 730/1442/3073 731/1520/3074 2063/1801/3075 2120/1800/3076
s 287
f 712/822/2522 568/513/2519 2123/1757/3077 2122/1802/3078
f 568/513/2519 607/801/2466 2062/1756/2984 2123/1757/3077
s off
f 614/1417/3079 710/1418/3080 2124/1804/3081 2125/1803/3082
f 710/1418/3083 711/1518/3084 2059/1805/3085 2124/1804/3086
s 287
f 694/823/2528 567/471/2525 2127/1807/3087 2126/1806/3088
f 567/471/2525 615/797/2462 2058/1755/2982 2127/1807/3087
f 616/790/2447 545/537/2458 2010/1734/2979 2051/1752/2977
f 625/794/2454 546/569/2444 2014/1734/2973 2055/1754/2980
s 370
f 675/1490/3089 676/1494/2925 2008/1731/2928 2128/1808/3090
s off
f 542/537/3091 675/1490/3092 2128/1808/3093 2012/1734/3094
s 287
f 634/788/2440 549/674/2437 2018/1734/2970 2049/1749/2974
s 371
f 543/569/3095 635/1489/2929 2013/1733/2932 2129/1809/3096
s off
f 547/569/3097 543/569/3098 2129/1809/3099 2016/1734/3100
s 287
f 644/786/2433 553/674/2410 2022/1734/2938 2047/1747/2971
s 372
f 548/674/2961 645/1498/2933 2017/1735/2936 2038/1742/2962
s 373
f 556/482/3101 656/1507/2941 2029/1737/2944 2034/1513/3102
s 221
f 665/784/2421 555/634/2414 2027/1721/2940 2042/1745/2967
s 362
f 573/1503/2998 666/1509/3103 2032/1739/3104 2085/1768/2999
s off
f 677/1496/3105 499/527/3106 2131/1810/3107 2009/1732/3108
f 499/527/3109 617/1287/3110 1986/1718/3111 2131/1810/3112
s 287
f 445/527/2461 678/792/2451 2053/1750/2976 1985/1734/2981
s 221
f 679/773/2413 482/634/2390 1991/1721/2916 2024/1736/2939
s 362
f 574/1244/3002 680/1502/2997 2084/1767/3000 2087/1770/3003
s off
f 693/1285/3113 478/471/3114 2132/1811/3115 1984/1720/3116
f 478/471/3117 614/1417/3118 2125/1803/3119 2132/1811/3120
s 287
f 521/798/2465 694/823/2528 2126/1806/3088 2060/1757/2983
s 221
f 695/631/2389 463/638/2394 1995/1723/2918 1988/1722/2915
s 362
f 575/1282/3006 696/1243/3001 2086/1769/3004 2089/1772/3007
s off
f 711/1518/3121 520/443/3122 2133/1812/3123 2059/1805/3124
f 520/443/3125 606/1441/3126 2121/1799/3127 2133/1812/3128
s 287
f 527/443/2469 712/822/2522 2122/1802/3078 2064/1759/2985
s 221
f 713/635/2393 477/642/2398 1999/1725/2920 1992/1724/2917
s 362
f 576/1218/3010 714/1281/3005 2088/1771/3008 2091/1774/3011
s off
f 731/1520/3129 524/499/3130 2134/1813/3131 2063/1801/3132
f 524/499/3133 599/1447/3134 2117/1795/3135 2134/1813/3136
s 287
f 530/499/2473 732/821/2516 2118/1798/3068 2068/1761/2987
s 221
f 733/639/2397 453/646/2402 2003/1727/2922 1996/1726/2919
s 362
f 577/1269/3014 734/1217/3009 2090/1773/3012 2093/1776/3015
s off
f 753/1522/3137 529/457/3138 2135/1814/3139 2067/1797/3140
f 529/457/3141 593/1468/3142 2113/1791/3143 2135/1814/3144
s 287
f 536/457/2477 754/820/2510 2114/1794/3058 2072/1763/2989
s 221
f 755/643/2401 472/650/2406 2007/1729/2924 2000/1728/2921
s 362
f 578/1231/3018 756/1268/3013 2092/1775/3016 2095/1778/3019
s off
f 777/1524/3145 535/485/3146 2136/1815/3147 2071/1793/3148
f 535/485/3149 586/1474/3150 2109/1787/3151 2136/1815/3152
s 287
f 539/485/2481 778/819/2504 2110/1790/3048 2076/1765/2991
s 221
f 779/647/2405 458/653/2563 2137/1816/3153 2004/1730/2923
s 362
f 579/1256/3022 780/1230/3017 2094/1777/3020 2098/1780/3023
s off
f 803/1526/3154 538/814/3155 2138/1817/3156 2075/1789/3157
f 538/814/3158 582/1483/3159 2105/1783/3160 2138/1817/3161
s 287
f 541/814/2485 804/818/2498 2106/1786/3038 2080/814/2995
s 362
f 580/1204/3026 805/1255/3021 2097/1779/3024 2100/1782/3027
s off
f 830/1527/3162 540/1425/3163 2139/1818/3164 2079/1785/3165
f 540/1425/3166 588/816/3167 2140/1530/3168 2139/1818/3169
s 362
f 432/1182/2905 832/1203/3025 2101/1781/3028 1983/1717/2906
s off
f 415/399/3170 146/109/3171 1980/1531/3172 2141/1819/3173
f 416/399/3174 415/399/3175 2141/1819/3176 2143/1820/3177
f 588/816/3178 858/1486/3179 2146/1821/3180 2140/1530/3181
f 858/1486/3182 859/816/3183 2144/1530/3184 2146/1821/3185
s 226
f 1818/1612/2572 862/829/2569 2148/1823/3186 2147/1822/3187
f 862/829/2569 417/399/2568 2149/1531/3188 2148/1823/3186
s 287
f 1815/1609/2576 861/816/2575 2145/1530/3189 2152/1824/3190
f 861/816/2575 864/816/2583 2153/1530/3191 2145/1530/3189
f 864/816/2583 831/816/2489 2081/1530/2994 2153/1530/3191
s 226
f 388/371/2300 865/371/2589 2154/1662/3192 1920/1662/2716
f 865/371/2589 860/109/2588 2142/1531/3193 2154/1662/3192
s 221
f 866/68/2594 14/15/2384 1978/1532/2888 2155/1534/3194
f 868/414/2598 867/372/2597 2157/1533/3195 2156/1528/3196
f 867/372/2597 866/68/2594 2155/1534/3194 2157/1533/3195
f 869/827/2603 868/414/2598 2156/1528/3196 2158/1528/3197
f 458/653/2563 870/651/2606 2159/1528/3198 2137/1816/3153
f 871/655/2610 872/654/2609 2161/1528/3199 2160/1528/3200
f 870/651/2606 871/655/2610 2160/1528/3200 2159/1528/3198
f 872/654/2609 869/827/2603 2158/1528/3197 2161/1528/3199
s 287
f 417/399/2580 863/828/2579 2162/1530/3201 2149/1531/3202
f 863/828/2579 1815/1609/2576 2152/1824/3190 2162/1530/3201
s 226
f 860/109/2588 1818/1612/2572 2147/1822/3187 2142/1531/3193
s 376
f 98/399/3203 416/399/3204 2143/1820/3205 2163/1531/3206
f 859/816/3207 98/399/3203 2163/1531/3206 2144/1530/3208
